timestamp,home_team_name,away_team_name,stats_real,l_gf,l_gc,l_ppg,l_pos,l_xg,l_yc,l_sot,v_gf,v_gc,v_ppg,v_pos,v_xg,v_yc,v_sot,is_cup,home_team_lsi,away_team_lsi,target_1x2,home_team_goal_count,away_team_goal_count,home_team_corner_count,away_team_corner_count,home_team_yellow_cards,away_team_yellow_cards
1716057000,Independ. Rivadavia,Godoy Cruz,0.0,1.6428571428571428,1.2142857142857142,1.7857142857142858,52.642857142857146,1.7357142857142858,2.4785714285714286,4.5,1.2142857142857142,1.6428571428571428,1.1428571428571428,47.357142857142854,1.307142857142857,2.8857142857142866,3.8,0,1.0,1.0,1,0.0,0.0,4.8,4.2,2.3,2.6
1716066000,River Plate,Belgrano Cordoba,0.0,2.022222222222222,0.7555555555555556,2.155555555555556,53.900000000000006,2.035555555555556,2.4111111111111114,4.5,1.1333333333333333,1.5333333333333334,1.1333333333333333,47.4,1.2466666666666664,2.8666666666666676,3.8,0,1.0,1.0,0,3.0,0.0,6.6,4.2,2.3,3.1
1716073200,Defensa Y Justicia,Gimnasia L.P.,0.0,1.625,1.0625,1.8125,52.84375,1.725,2.45625,4.5,1.0625,1.625,1.0625,47.15625,1.1937499999999996,2.881250000000001,3.8,0,1.0,1.0,1,1.0,1.0,5.4,4.8,2.3,2.6
1716075000,Instituto Cordoba,Union Santa Fe,0.0,1.588235294117647,1.0588235294117647,1.7647058823529411,52.794117647058826,1.6941176470588235,2.4470588235294115,4.5,1.0588235294117647,1.588235294117647,1.0588235294117647,47.205882352941174,1.1882352941176468,2.864705882352942,3.8,0,1.0,1.0,1,1.0,1.0,5.4,4.8,2.3,2.6
1716141600,Barracas Central,Sarmiento Junin,0.0,1.5555555555555556,1.0555555555555556,1.7222222222222223,52.75,1.6666666666666667,2.438888888888888,4.5,1.0555555555555556,1.5555555555555556,1.0555555555555556,47.25,1.1833333333333331,2.850000000000001,3.8,0,1.0,1.0,1,1.0,1.0,5.4,4.8,2.3,2.6
1716143400,Platense,Independiente,0.0,1.5263157894736843,1.0526315789473684,1.6842105263157894,52.71052631578947,1.6421052631578947,2.4315789473684206,4.5,1.0526315789473684,1.5263157894736843,1.0526315789473684,47.28947368421053,1.1789473684210525,2.836842105263159,3.8,0,1.0,1.0,1,0.0,0.0,4.8,4.2,2.3,2.6
1716151500,Talleres Cordoba,Atletico Tucuman,0.0,1.45,1.0,1.65,52.675,1.585,2.4249999999999994,4.5,1.0,1.45,1.05,47.325,1.14,2.825000000000001,3.8,0,1.0,1.0,0,2.0,0.0,6.0,4.2,2.3,3.1
1716151500,Banfield,Huracan,0.0,1.4761904761904763,0.9523809523809523,1.7142857142857142,52.785714285714285,1.6047619047619048,2.4190476190476184,4.5,0.9523809523809523,1.4761904761904763,1.0,47.214285714285715,1.1047619047619046,2.838095238095239,3.8,0,1.0,1.0,1,1.0,1.0,5.4,4.8,2.3,2.6
1716159600,Central Cordoba de Santiago,Boca Juniors,0.0,1.4545454545454546,0.9545454545454546,1.6818181818181819,52.75,1.5863636363636366,2.4136363636363627,4.5,0.6363636363636365,1.3030303030303032,0.6666666666666667,47.0,0.8696969696969697,2.918181818181819,3.8,0,1.0,1.0,2,2.0,4.0,6.0,6.6,2.8,2.6
1716242400,Estudiantes L.P.,Deportivo Riestra,0.0,1.4782608695652173,1.0869565217391304,1.608695652173913,52.58695652173913,1.6043478260869568,2.4304347826086947,4.5,1.0869565217391304,1.4782608695652173,1.0869565217391304,47.41304347826087,1.208695652173913,2.817391304347827,3.8,0,1.0,1.0,0,2.0,0.0,6.0,4.2,2.3,3.1
1716242400,San Lorenzo,Lanus,0.0,1.5,1.0416666666666667,1.6666666666666667,52.6875,1.6208333333333336,2.424999999999999,4.5,1.0416666666666667,1.5,1.0416666666666667,47.3125,1.1749999999999998,2.8291666666666675,3.8,0,1.0,1.0,1,1.0,1.0,5.4,4.8,2.3,2.6
1716250500,Rosario Central,Tigre,0.0,1.48,1.04,1.64,52.66,1.6040000000000003,2.419999999999999,4.5,1.04,1.48,1.04,47.34,1.172,2.8200000000000007,3.8,0,1.0,1.0,1,1.0,1.0,5.4,4.8,2.3,2.6
1716250500,Racing Club,Argentinos JRS,0.0,1.4615384615384615,1.0384615384615385,1.6153846153846154,52.63461538461539,1.5884615384615388,2.4153846153846144,4.5,1.0384615384615385,1.4615384615384615,1.0384615384615385,47.36538461538461,1.169230769230769,2.8115384615384618,3.8,0,1.0,1.0,0,3.0,0.0,6.6,4.2,2.3,3.1
1716332400,Velez Sarsfield,Newells Old Boys,0.0,1.5185185185185186,1.0,1.6666666666666667,52.77777777777778,1.6333333333333337,2.4111111111111097,4.5,1.0,1.5185185185185186,1.0,47.22222222222222,1.1407407407407406,2.8222222222222224,3.8,0,1.0,1.0,0,1.0,0.0,5.4,4.2,2.3,3.1
1716575400,Deportivo Riestra,Rosario Central,0.0,1.3333333333333333,0.6428571428571429,2.1428571428571432,53.03571428571429,1.478571428571429,2.3714285714285706,4.5,1.3095238095238095,2.0,0.6428571428571429,46.964285714285715,1.3761904761904762,2.9214285714285713,3.8,0,1.0,1.0,2,0.0,2.0,4.8,5.4,2.8,2.6
1716588000,Tigre,Racing Club,0.0,0.9655172413793105,1.0,1.1034482758620692,51.94827586206897,1.219540229885058,2.5471264367816087,4.5,2.0,2.2988505747126435,1.0229885057471266,47.55172413793104,1.9275862068965515,2.749425287356322,3.8,0,1.0,1.0,2,0.0,4.0,4.8,6.6,2.8,2.6
1716596100,Belgrano Cordoba,Central Cordoba de Santiago,0.0,2.2666666666666666,2.066666666666667,1.4000000000000001,52.30000000000001,2.228888888888889,2.388888888888888,4.5,0.7333333333333335,1.9333333333333333,0.7333333333333335,46.2,0.9466666666666665,2.9111111111111105,3.8,0,1.0,1.0,0,2.0,1.0,6.0,4.8,2.3,3.1
1716596100,Lanus,Estudiantes L.P.,0.0,0.9462365591397851,1.3978494623655915,1.0967741935483872,51.322580645161295,1.205376344086022,2.55268817204301,4.5,1.064516129032258,0.9462365591397851,1.7096774193548387,48.17741935483871,1.1774193548387097,2.750537634408602,3.8,0,1.0,1.0,0,2.0,1.0,6.0,4.8,2.3,3.1
1716660000,Argentinos JRS,River Plate,0.0,1.9583333333333335,1.3958333333333335,2.125,52.84375,1.9812500000000004,2.3833333333333324,4.5,1.09375,1.4375,1.03125,47.484375,1.2125,2.834374999999999,3.8,0,1.0,1.0,0,1.0,0.0,5.4,4.2,2.3,3.1
1716669000,Newells Old Boys,Defensa Y Justicia,0.0,1.6161616161616164,0.7070707070707071,2.1515151515151514,53.363636363636374,1.7070707070707076,2.38080808080808,4.5,1.0404040404040404,1.9494949494949496,0.6666666666666667,46.63636363636364,1.1585858585858586,2.9282828282828275,3.8,0,1.0,1.0,0,1.0,0.0,5.4,4.2,2.3,3.1
1716678000,Boca Juniors,Talleres Cordoba,0.0,1.411764705882353,1.0294117647058822,1.7647058823529411,52.5735294117647,1.5500000000000005,2.417647058823528,4.5,1.6862745098039216,1.2745098039215688,1.6470588235294117,48.617647058823536,1.6764705882352942,2.766666666666666,3.8,0,1.0,1.0,1,0.0,0.0,4.8,4.2,2.3,2.6
1716748200,Huracan,Instituto Cordoba,0.0,1.9142857142857144,1.0,2.161904761904762,53.37142857142858,1.9466666666666672,2.3761904761904753,4.5,1.3333333333333335,1.2476190476190476,1.6476190476190475,48.12857142857143,1.3952380952380952,2.7619047619047614,3.8,0,1.0,1.0,0,1.0,0.0,5.4,4.2,2.3,3.1
1716755400,Sarmiento Junin,Independ. Rivadavia,0.0,1.240740740740741,1.3148148148148149,1.1851851851851853,51.8888888888889,1.4074074074074079,2.54074074074074,4.5,1.3148148148148149,0.9074074074074076,1.6296296296296298,48.611111111111114,1.3814814814814813,2.766666666666666,3.8,0,1.0,1.0,2,0.0,1.0,4.8,4.8,2.8,2.6
1716756300,Gimnasia L.P.,Banfield,0.0,1.882882882882883,0.9819819819819822,2.1531531531531534,53.351351351351354,1.922522522522523,2.38108108108108,4.5,0.6486486486486488,1.2162162162162162,0.6666666666666667,47.14864864864865,0.8810810810810811,2.928828828828828,3.8,0,1.0,1.0,0,3.0,0.0,6.6,4.2,2.3,3.1
1716764400,Independiente,Velez Sarsfield,0.0,1.2456140350877194,1.6315789473684212,1.1754385964912282,51.421052631578945,1.4122807017543866,2.545614035087718,4.5,0.9649122807017545,1.9122807017543861,0.649122807017544,46.578947368421055,1.1017543859649122,2.9333333333333322,3.8,0,1.0,1.0,1,1.0,1.0,5.4,4.8,2.3,2.6
1716847200,Union Santa Fe,Barracas Central,0.0,1.2393162393162394,0.6324786324786326,2.1623931623931627,52.91025641025641,1.4068376068376072,2.3769230769230756,4.5,0.9658119658119659,0.9059829059829061,1.6495726495726495,48.08974358974359,1.1017094017094018,2.7623931623931615,3.8,0,1.0,1.0,0,2.0,0.0,6.0,4.2,2.3,3.1
1716854400,Atletico Tucuman,Platense,0.0,1.25,0.6166666666666668,2.1833333333333336,52.95,1.4150000000000005,2.374999999999999,4.5,0.6166666666666668,1.5833333333333335,0.6333333333333334,46.550000000000004,0.8566666666666666,2.9333333333333322,3.8,0,1.0,1.0,1,1.0,1.0,5.4,4.8,2.3,2.6
1717275600,Racing Club,Deportivo Riestra,0.0,1.910569105691057,0.6178861788617888,2.1707317073170733,53.9390243902439,1.9430894308943094,2.373170731707316,4.5,0.6178861788617888,1.5772357723577237,0.6341463414634146,46.5609756097561,0.856910569105691,2.9292682926829254,3.8,0,1.0,1.0,0,1.0,0.0,5.4,4.2,2.3,3.1
1717283700,Belgrano Cordoba,Argentinos JRS,0.0,2.178571428571429,1.7023809523809523,1.8928571428571428,52.714285714285715,2.153571428571429,2.3535714285714278,4.5,0.6031746031746033,1.9047619047619049,0.6190476190476192,46.04761904761905,0.8460317460317459,2.933333333333332,3.8,0,1.0,1.0,0,1.0,0.0,5.4,4.2,2.3,3.1
1717283700,Velez Sarsfield,Atletico Tucuman,0.0,1.2325581395348837,0.5891472868217055,2.2093023255813957,52.965116279069775,1.4000000000000008,2.369767441860464,4.5,0.5891472868217055,1.5658914728682172,0.6046511627906977,46.53488372093024,0.835658914728682,2.93720930232558,3.8,0,1.0,1.0,1,1.0,1.0,5.4,4.8,2.3,2.6
1717349400,Platense,Boca Juniors,0.0,0.893939393939394,0.5909090909090909,1.5303030303030303,52.45454545454545,1.1621212121212128,2.3681818181818173,4.5,1.4431818181818181,1.4204545454545454,1.2045454545454546,48.03409090909091,1.5022727272727272,2.8499999999999988,3.8,0,1.0,1.0,0,1.0,0.0,5.4,4.2,2.3,3.1
1717362000,Central Cordoba de Santiago,Talleres Cordoba,0.0,1.5555555555555556,1.911111111111111,1.214814814814815,51.46666666666667,1.6577777777777785,2.5333333333333323,4.5,1.1833333333333333,0.9166666666666666,1.4444444444444444,48.4,1.295,2.727777777777777,3.8,0,1.0,1.0,2,2.0,4.0,6.0,6.6,2.8,2.6
1717362000,Rosario Central,Lanus,0.0,1.2318840579710146,0.9565217391304348,1.5217391304347827,52.413043478260875,1.3985507246376818,2.372463768115941,4.5,0.9565217391304348,1.2318840579710146,0.9565217391304348,47.58695652173913,1.0956521739130434,2.7666666666666657,3.8,0,1.0,1.0,1,1.0,1.0,5.4,4.8,2.3,2.6
1717370100,River Plate,Tigre,0.0,2.170212765957447,0.46808510638297873,2.382978723404255,54.5531914893617,2.1457446808510645,2.353191489361701,4.5,0.9574468085106385,1.2269503546099292,0.9574468085106385,47.59574468085107,1.0957446808510638,2.7631205673758856,3.8,0,1.0,1.0,0,3.0,1.0,6.6,4.8,2.3,3.1
1717370100,Instituto Cordoba,Gimnasia L.P.,0.0,1.25,0.9583333333333335,1.527777777777778,52.4375,1.4125000000000005,2.369444444444443,4.5,0.9583333333333335,1.25,0.9444444444444444,47.5625,1.0958333333333332,2.7666666666666657,3.8,0,1.0,1.0,0,2.0,1.0,6.0,4.8,2.3,3.1
1717452000,San Lorenzo,Sarmiento Junin,0.0,1.2585034013605443,0.9591836734693879,1.54421768707483,52.448979591836746,1.4190476190476198,2.3680272108843523,4.5,0.9591836734693879,1.2585034013605443,0.9319727891156464,47.55102040816327,1.0959183673469388,2.770068027210883,3.8,0,1.0,1.0,2,0.0,1.0,4.8,4.8,2.8,2.6
1717460100,Estudiantes L.P.,Godoy Cruz,0.0,1.5733333333333335,0.6266666666666667,2.1866666666666665,53.42,1.6720000000000006,2.373333333333332,4.5,0.6266666666666667,0.9066666666666668,0.96,47.58,0.8626666666666666,2.7666666666666657,3.8,0,1.0,1.0,1,1.0,1.0,5.4,4.8,2.3,2.6
1717460100,Defensa Y Justicia,Independiente,0.0,1.2352941176470589,0.9607843137254903,1.5098039215686274,52.41176470588236,1.4013071895424845,2.3718954248366,4.5,0.627450980392157,0.9019607843137256,0.9607843137254903,47.58823529411765,0.8627450980392156,2.763398692810456,3.8,0,1.0,1.0,1,0.0,0.0,4.8,4.2,2.3,2.6
1717524000,Barracas Central,Huracan,0.0,1.217948717948718,0.9487179487179489,1.5,52.40384615384616,1.388461538461539,2.370512820512819,4.5,0.9487179487179489,1.217948717948718,0.9615384615384617,47.59615384615385,1.0871794871794873,2.760256410256409,3.8,0,1.0,1.0,2,0.0,2.0,4.8,5.4,2.8,2.6
1717542000,Banfield,Newells Old Boys,0.0,1.20125786163522,0.9622641509433962,1.477987421383648,52.358490566037744,1.3761006289308182,2.3754716981132065,4.5,0.628930817610063,1.20125786163522,0.6540880503144655,47.14150943396227,0.8641509433962263,2.9238993710691807,3.8,0,1.0,1.0,0,2.0,0.0,6.0,4.2,2.3,3.1
1717542000,Independ. Rivadavia,Union Santa Fe,0.0,0.8765432098765433,0.617283950617284,1.4938271604938271,52.3888888888889,1.1493827160493832,2.374074074074073,4.5,0.9506172839506173,1.2098765432098766,0.9753086419753088,47.611111111111114,1.088888888888889,2.7604938271604924,3.8,0,1.0,1.0,2,0.0,1.0,4.8,4.8,2.8,2.6
1718222400,Godoy Cruz,Rosario Central,0.0,0.8606060606060608,0.9515151515151516,1.1393939393939394,51.863636363636374,1.1375757575757581,2.5454545454545445,4.5,1.4636363636363636,1.3954545454545455,1.25,48.10227272727273,1.4918181818181817,2.843181818181817,3.8,0,1.0,1.0,1,1.0,1.0,5.4,4.8,2.3,2.6
1718229600,Argentinos JRS,Central Cordoba de Santiago,0.0,1.6428571428571428,0.9642857142857143,2.3482142857142856,53.01785714285714,1.7258928571428576,2.3580357142857133,4.5,0.7142857142857143,1.8928571428571428,0.5,46.23214285714286,0.9169642857142857,2.9660714285714276,3.8,0,1.0,1.0,0,2.0,1.0,6.0,4.8,2.3,3.1
1718237700,Gimnasia L.P.,Barracas Central,0.0,2.1491228070175437,0.7149122807017544,2.3596491228070176,54.151315789473685,2.1307017543859654,2.357017543859649,4.5,0.7149122807017544,1.1491228070175439,1.2412280701754386,47.348684210526315,0.9171052631578948,2.8434210526315775,3.8,0,1.0,1.0,0,2.0,1.0,6.0,4.8,2.3,3.1
1718237700,Independiente,Banfield,0.0,1.1551724137931034,1.4655172413793103,1.1206896551724137,51.53448275862069,1.3353448275862072,2.48103448275862,4.5,0.46551724137931033,1.6551724137931034,0.4827586206896552,46.21551724137931,0.7422413793103448,2.9706896551724125,3.8,0,1.0,1.0,0,2.0,1.0,6.0,4.8,2.3,3.1
1718301600,Deportivo Riestra,River Plate,0.0,0.9110169491525424,0.9661016949152542,1.6313559322033897,51.91737288135593,1.1648305084745767,2.4800847457627118,4.5,0.6214689265536724,1.2146892655367232,0.632768361581921,47.110169491525426,0.856497175141243,2.9305084745762695,3.8,0,1.0,1.0,0,2.0,0.0,6.0,4.2,2.3,3.1
1718316000,Tigre,Belgrano Cordoba,0.0,0.6666666666666666,1.7083333333333333,0.8916666666666667,50.4375,0.994166666666667,2.604166666666666,4.5,0.6111111111111112,1.8888888888888888,0.6222222222222223,46.083333333333336,0.848888888888889,2.9333333333333313,3.8,0,1.0,1.0,1,1.0,1.0,5.4,4.8,2.3,2.6
1718316000,Sarmiento Junin,Estudiantes L.P.,0.0,0.9139344262295082,1.209016393442623,0.8852459016393442,51.55737704918033,1.166803278688525,2.6032786885245898,4.5,0.959016393442623,1.1639344262295082,1.2172131147540983,47.69262295081967,1.0868852459016394,2.8479508196721297,3.8,0,1.0,1.0,0,2.0,0.0,6.0,4.2,2.3,3.1
1718324100,Lanus,Racing Club,0.0,1.1693548387096775,1.2016129032258065,1.6451612903225805,51.95161290322581,1.3709677419354842,2.47741935483871,4.5,2.4516129032258065,1.6693548387096775,1.4596774193548387,49.17338709677419,2.2814516129032256,2.7249999999999988,3.8,0,1.0,1.0,0,2.0,0.0,6.0,4.2,2.3,3.1
1718324100,Newells Old Boys,Instituto Cordoba,0.0,1.4246031746031746,0.4444444444444444,2.4047619047619047,53.470238095238095,1.5500000000000003,2.3515873015873012,4.5,0.9444444444444444,1.1746031746031746,1.2023809523809523,47.654761904761905,1.1011904761904763,2.8519841269841253,3.8,0,1.0,1.0,2,0.0,2.0,4.8,5.4,2.8,2.6
1718402400,Boca Juniors,Velez Sarsfield,0.0,0.8854166666666667,0.6041666666666667,1.5208333333333335,52.421875,1.1562500000000007,2.372916666666667,4.5,0.953125,1.6640625,0.71875,46.93359375,1.0828125000000002,2.8499999999999988,3.8,0,1.0,1.0,0,1.0,0.0,5.4,4.2,2.3,3.1
1718402400,Talleres Cordoba,Platense,0.0,1.5487179487179488,0.594871794871795,2.2,53.43076923076923,1.6533333333333338,2.3717948717948723,4.5,0.6961538461538461,1.4115384615384614,0.7115384615384616,46.926923076923075,0.9026923076923079,2.8519230769230752,3.8,0,1.0,1.0,0,2.0,1.0,6.0,4.8,2.3,3.1
1718478000,Union Santa Fe,San Lorenzo,0.0,1.4166666666666665,0.44696969696969696,2.409090909090909,53.45454545454545,1.5439393939393944,2.3530303030303035,4.5,0.595959595959596,1.2222222222222223,0.6060606060606061,47.06060606060606,0.8373737373737377,2.938383838383836,3.8,0,1.0,1.0,0,2.0,1.0,6.0,4.8,2.3,3.1
1718485200,Huracan,Independ. Rivadavia,0.0,1.671641791044776,0.6977611940298507,2.417910447761194,53.46082089552239,1.747761194029851,2.3522388059701496,4.5,1.1977611940298507,0.6716417910447762,1.9477611940298507,48.78917910447761,1.2783582089552241,2.7305970149253715,3.8,0,1.0,1.0,0,1.0,0.0,5.4,4.2,2.3,3.1
1718494200,Atletico Tucuman,Defensa Y Justicia,0.0,1.1691176470588234,0.6911764705882353,1.9264705882352942,52.716911764705884,1.3455882352941182,2.351470588235294,4.5,0.6911764705882353,1.6691176470588234,0.4411764705882353,46.533088235294116,0.898529411764706,2.982352941176469,3.8,0,1.0,1.0,1,1.0,1.0,5.4,4.8,2.3,2.6
1721339100,Argentinos JRS,Tigre,0.0,1.7333333333333334,0.9536231884057971,2.5362318840579707,53.16956521739131,1.7947826086956524,2.3405797101449277,4.5,0.9420289855072463,1.6666666666666665,0.6920289855072463,46.913043478260875,1.073913043478261,2.855434782608694,3.8,0,1.0,1.0,2,0.0,2.0,4.8,5.4,2.8,2.6
1721340000,Independ. Rivadavia,Gimnasia L.P.,0.0,0.6571428571428571,0.7,1.157142857142857,51.93571428571428,0.9864285714285718,2.478571428571429,4.5,0.95,1.407142857142857,0.7071428571428571,47.31428571428572,1.08,2.853571428571427,3.8,0,1.0,1.0,0,1.0,0.0,5.4,4.2,2.3,3.1
1721347200,Instituto Cordoba,Independiente,0.0,1.4049295774647887,0.943661971830986,1.915492957746479,52.691901408450704,1.5345070422535216,2.3528169014084512,4.5,0.44366197183098594,0.6549295774647887,0.9507042253521127,47.683098591549296,0.7253521126760565,2.7302816901408438,3.8,0,1.0,1.0,0,3.0,1.0,6.6,4.8,2.3,3.1
1721412000,Barracas Central,Newells Old Boys,0.0,0.9166666666666666,1.1944444444444444,1.1736111111111112,51.58333333333333,1.1687500000000004,2.4770833333333337,4.5,0.4444444444444444,1.4166666666666665,0.4444444444444444,46.54166666666667,0.7256944444444446,2.9819444444444425,3.8,0,1.0,1.0,2,0.0,1.0,4.8,4.8,2.8,2.6
1721426400,Belgrano Cordoba,Deportivo Riestra,0.0,1.926027397260274,1.356164383561644,2.1287671232876715,52.85479452054794,1.9495890410958907,2.3438356164383567,4.5,0.4452054794520548,1.4075342465753424,0.4589041095890411,46.55650684931507,0.726027397260274,2.9801369863013685,3.8,0,1.0,1.0,0,2.0,1.0,6.0,4.8,2.3,3.1
1721433600,Rosario Central,Sarmiento Junin,0.0,1.1621621621621623,0.9459459459459459,1.4189189189189189,52.32432432432432,1.340540540540541,2.354054054054055,4.5,0.9459459459459459,0.9121621621621622,1.4527027027027026,48.05067567567568,1.0763513513513514,2.731756756756755,3.8,0,1.0,1.0,0,4.0,2.0,7.199999999999999,5.4,2.3,3.1
1721498400,San Lorenzo,Huracan,0.0,0.93,0.9533333333333334,1.1766666666666667,51.965,1.1796666666666669,2.4783333333333344,4.5,1.2033333333333334,0.93,1.4466666666666668,48.41,1.282,2.7333333333333316,3.8,0,1.0,1.0,1,1.0,1.0,5.4,4.8,2.3,2.6
1721505600,Racing Club,Godoy Cruz,0.0,1.6776315789473686,0.45394736842105265,2.4210526315789473,53.83552631578947,1.7526315789473688,2.3526315789473693,4.5,0.7039473684210527,0.9276315789473685,0.9473684210526316,47.66447368421053,0.9072368421052632,2.731578947368419,3.8,0,1.0,1.0,0,3.0,0.0,6.6,4.2,2.3,3.1
1721514600,Banfield,Atletico Tucuman,0.0,1.4383116883116882,0.698051948051948,1.9285714285714286,53.11038961038961,1.5610389610389612,2.351948051948053,4.5,0.698051948051948,1.4383116883116882,0.6915584415584415,46.88961038961039,0.902922077922078,2.8581168831168817,3.8,0,1.0,1.0,1,1.0,1.0,5.4,4.8,2.3,2.6
1721584800,River Plate,Lanus,0.0,2.3487179487179484,0.558974358974359,2.5384615384615383,54.684615384615384,2.2871794871794875,2.3410256410256416,4.5,0.9487179487179487,1.185897435897436,0.9423076923076923,47.644230769230774,1.0782051282051284,2.7314102564102547,3.8,0,1.0,1.0,1,2.0,2.0,6.0,5.4,2.3,2.6
1721592900,Estudiantes L.P.,Union Santa Fe,0.0,1.439873417721519,0.7056962025316456,1.9177215189873418,53.10126582278481,1.5620253164556965,2.350632911392406,4.5,0.9556962025316456,0.939873417721519,1.4430379746835442,48.02373417721519,1.0835443037974684,2.729746835443036,3.8,0,1.0,1.0,1,0.0,0.0,4.8,4.2,2.3,2.6
1721592900,Central Cordoba de Santiago,Platense,0.0,1.68125,2.45,0.9125,50.846875,1.7556250000000002,2.6000000000000014,4.5,0.76,1.545,0.5549999999999999,46.8225,0.9435000000000002,2.902499999999999,3.8,0,1.0,1.0,2,0.0,2.0,4.8,5.4,2.8,2.6
1721602800,Velez Sarsfield,Talleres Cordoba,0.0,1.1728395061728394,0.7067901234567902,1.9012345679012346,52.699074074074076,1.3493827160493832,2.3524691358024703,4.5,1.7654320987654322,1.1382716049382715,1.7654320987654322,48.94074074074074,1.7476543209876543,2.701234567901233,3.8,0,1.0,1.0,0,3.0,0.0,6.6,4.2,2.3,3.1
1721602800,Defensa Y Justicia,Boca Juniors,0.0,0.9329268292682927,0.7012195121951219,1.4085365853658538,52.34756097560975,1.182317073170732,2.3518292682926845,4.5,1.1609756097560975,1.346341463414634,0.9609756097560975,47.72195121951219,1.2843902439024393,2.9024390243902425,3.8,0,1.0,1.0,1,2.0,2.0,6.0,5.4,2.3,2.6
1721757600,Deportivo Riestra,Argentinos JRS,0.0,1.1493975903614457,0.7662650602409637,1.9228915662650603,52.57469879518072,1.3481927710843375,2.4409638554216877,4.5,0.4578313253012048,1.6867469879518073,0.45180722891566266,46.1566265060241,0.735542168674699,2.976506024096384,3.8,0,1.0,1.0,0,2.0,0.0,6.0,4.2,2.3,3.1
1721771100,Gimnasia L.P.,San Lorenzo,0.0,2.1523809523809523,0.7619047619047619,2.5285714285714285,54.08571428571429,2.130476190476191,2.3404761904761915,4.5,0.7023809523809523,1.4404761904761905,0.44642857142857145,46.89285714285714,0.9065476190476193,2.9779761904761886,3.8,0,1.0,1.0,2,0.0,1.0,4.8,4.8,2.8,2.6
1721771100,Newells Old Boys,Independ. Rivadavia,0.0,1.1458823529411766,0.7623529411764706,1.92,52.57529411764706,1.3456470588235296,2.4423529411764715,4.5,0.9623529411764706,0.7458823529411764,1.5670588235294116,48.324705882352944,1.1054117647058825,2.801176470588234,3.8,0,1.0,1.0,1,0.0,0.0,4.8,4.2,2.3,2.6
1721779200,Independiente,Barracas Central,0.0,1.3395348837209302,1.3581395348837209,1.516279069767442,51.972093023255816,1.4809302325581397,2.44186046511628,4.5,0.758139534883721,1.3395348837209302,0.9674418604651163,47.127906976744185,0.942325581395349,2.8999999999999986,3.8,0,1.0,1.0,1,0.0,0.0,4.8,4.2,2.3,2.6
1721851200,Talleres Cordoba,Defensa Y Justicia,0.0,1.6666666666666665,0.6925287356321839,2.390804597701149,53.46120689655172,1.7454022988505749,2.3517241379310363,4.5,0.7540229885057471,1.5333333333333332,0.5678160919540229,46.831034482758625,0.9393103448275865,2.8988505747126423,3.8,0,1.0,1.0,1,1.0,1.0,5.4,4.8,2.3,2.6
1721852100,Sarmiento Junin,Racing Club,0.0,1.1318181818181818,0.9545454545454546,1.309090909090909,52.26590909090909,1.3350000000000002,2.540909090909092,4.5,1.9545454545454544,1.731818181818182,1.168181818181818,48.334090909090904,1.8995454545454546,2.7977272727272715,3.8,0,1.0,1.0,0,1.0,0.0,5.4,4.2,2.3,3.1
1721860200,Godoy Cruz,River Plate,0.0,0.9129213483146067,0.9382022471910112,1.143258426966292,51.96207865168539,1.1671348314606744,2.4755617977528104,4.5,0.43820224719101125,1.4129213483146068,0.4550561797752809,46.53792134831461,0.7207865168539329,2.9735955056179755,3.8,0,1.0,1.0,0,2.0,1.0,6.0,4.8,2.3,3.1
1721860200,Huracan,Estudiantes L.P.,0.0,1.5333333333333332,0.5511111111111111,2.52,53.47333333333333,1.6360000000000001,2.340000000000001,4.5,0.7511111111111111,1.3333333333333333,0.96,47.126666666666665,0.9368888888888891,2.8999999999999986,3.8,0,1.0,1.0,1,0.0,0.0,4.8,4.2,2.3,2.6
1721943900,Lanus,Belgrano Cordoba,0.0,1.3274725274725274,0.9472527472527472,1.9164835164835166,52.57032967032967,1.4916483516483519,2.4395604395604407,4.5,0.6840659340659341,1.6593406593406592,0.7005494505494505,46.53708791208791,0.8925824175824179,2.848626373626372,3.8,0,1.0,1.0,0,3.0,2.0,6.6,5.4,2.3,3.1
1721943900,Platense,Velez Sarsfield,0.0,0.9184782608695652,0.44021739130434784,1.9021739130434783,52.71739130434783,1.1717391304347828,2.3489130434782624,4.5,0.7521739130434782,1.5347826086956522,0.5565217391304348,46.826086956521735,0.937826086956522,2.8999999999999986,3.8,0,1.0,1.0,2,0.0,2.0,4.8,5.4,2.8,2.6
1721952000,Tigre,Central Cordoba de Santiago,0.0,0.7290322580645161,1.5569892473118279,0.9139784946236559,50.75806451612904,1.0331182795698926,2.540860215053765,4.5,0.7569892473118279,1.9290322580645163,0.3655913978494624,46.24193548387097,0.9415053763440864,2.9989247311827945,3.8,0,1.0,1.0,1,1.0,1.0,5.4,4.8,2.3,2.6
1721952000,Atletico Tucuman,Instituto Cordoba,0.0,1.127659574468085,0.7574468085106383,1.7106382978723405,52.55531914893617,1.3119148936170215,2.340425531914895,4.5,1.1574468085106382,0.9276595744680851,1.5659574468085107,48.34468085106383,1.2617021276595746,2.7978723404255312,3.8,0,1.0,1.0,0,1.0,0.0,5.4,4.2,2.3,3.1
1722103200,Independ. Rivadavia,Independiente,0.0,0.7263157894736842,0.5536842105263158,1.5157894736842104,52.258947368421055,1.0307368421052632,2.4400000000000013,4.5,0.5536842105263158,1.1263157894736842,0.7621052631578947,47.141052631578944,0.798947368421053,2.798947368421052,3.8,0,1.0,1.0,0,1.0,0.0,5.4,4.2,2.3,3.1
1722110400,San Lorenzo,Newells Old Boys,0.0,0.925,0.95,1.1208333333333333,51.9625,1.1695833333333334,2.439583333333335,4.5,0.55,1.125,0.9583333333333334,47.1375,0.7962500000000003,2.8999999999999995,3.8,0,1.0,1.0,1,1.0,1.0,5.4,4.8,2.3,2.6
1722117600,Rosario Central,Huracan,0.0,1.7237113402061857,1.1505154639175257,1.7175257731958764,52.85979381443299,1.7884536082474227,2.3391752577319602,4.5,1.1505154639175257,0.9237113402061856,1.3587628865979382,48.34020618556701,1.2364948453608249,2.6989690721649477,3.8,0,1.0,1.0,2,0.0,1.0,4.8,4.8,2.8,2.6
1722189600,Banfield,Talleres Cordoba,0.0,1.3183673469387753,0.7510204081632652,1.7102040816326531,52.851020408163265,1.4644897959183674,2.340816326530614,4.5,1.4591836734693877,1.4319727891156462,1.4727891156462585,48.04081632653062,1.5139455782312927,2.7649659863945573,3.8,0,1.0,1.0,1,1.0,1.0,5.4,4.8,2.3,2.6
1722189600,Estudiantes L.P.,Gimnasia L.P.,0.0,1.1171717171717173,0.5515151515151515,1.7070707070707072,52.848484848484844,1.3234343434343434,2.340404040404042,4.5,0.7515151515151515,1.3171717171717172,0.5676767676767677,47.15151515151515,0.9369696969696972,2.8969696969696965,3.8,0,1.0,1.0,0,4.0,1.0,7.199999999999999,4.8,2.3,3.1
1722197700,Racing Club,Union Santa Fe,0.0,1.9280000000000002,0.35200000000000004,2.512,54.364,1.952,2.3400000000000016,4.5,0.752,0.728,1.364,48.036,0.9372000000000003,2.6979999999999995,3.8,0,1.0,1.0,0,2.0,1.0,6.0,4.8,2.3,3.1
1722202200,River Plate,Sarmiento Junin,0.0,2.2755775577557755,0.7937293729372938,2.264026402640264,54.22277227722772,2.2283828382838284,2.3330033003300343,4.5,1.1524752475247524,1.5306930693069307,1.1603960396039603,47.432673267326734,1.2374257425742574,2.799009900990099,3.8,0,1.0,1.0,0,1.0,0.0,5.4,4.2,2.3,3.1
1722209400,Instituto Cordoba,Boca Juniors,0.0,1.7294117647058824,0.9490196078431372,2.121568627450981,53.17058823529412,1.792941176470588,2.3392156862745113,4.5,1.2908496732026145,1.4411764705882353,0.9640522875816994,47.77450980392157,1.3790849673202614,2.8499999999999996,3.8,0,1.0,1.0,1,0.0,0.0,4.8,4.2,2.3,2.6
1722276000,Barracas Central,Atletico Tucuman,0.0,0.7242718446601942,1.145631067961165,0.9184466019417477,51.36796116504854,1.029126213592233,2.5388349514563124,4.5,0.7456310679611651,1.3242718446601942,0.7572815533980582,47.13203883495146,0.9324271844660197,2.7990291262135925,3.8,0,1.0,1.0,2,0.0,2.0,4.8,5.4,2.8,2.6
1722281400,Defensa Y Justicia,Platense,0.0,1.1192307692307693,0.95,1.3115384615384615,52.253846153846155,1.3253846153846154,2.3403846153846173,4.5,0.9583333333333333,1.266025641025641,0.9711538461538461,47.53846153846154,1.0964743589743593,2.8483974358974358,3.8,0,1.0,1.0,2,1.0,3.0,5.4,6.0,2.8,2.6
1722289500,Tigre,Deportivo Riestra,0.0,0.7650793650793651,1.465079365079365,0.9206349206349207,50.95,1.0536507936507935,2.501587301587303,4.5,0.5580952380952381,1.5180952380952382,0.37333333333333335,46.56,0.8020952380952384,2.9971428571428573,3.8,0,1.0,1.0,0,2.0,1.0,6.0,4.8,2.3,3.1
1722289500,Central Cordoba de Santiago,Velez Sarsfield,0.0,1.320754716981132,2.358490566037736,0.709433962264151,50.443396226415096,1.4864150943396224,2.6415094339622653,4.5,0.9654088050314465,1.2672955974842766,0.9748427672955975,47.54716981132076,1.1018867924528304,2.848427672955975,3.8,0,1.0,1.0,2,0.0,2.0,4.8,5.4,2.8,2.6
1722297600,Belgrano Cordoba,Godoy Cruz,0.0,1.9299065420560748,1.3021806853582554,2.2523364485981308,52.94158878504673,1.952336448598131,2.335825545171341,4.5,0.5626168224299065,1.3158878504672895,0.7775700934579439,46.87009345794392,0.8054205607476637,2.7971962616822434,3.8,0,1.0,1.0,0,1.0,0.0,5.4,4.2,2.3,3.1
1722297600,Argentinos JRS,Lanus,0.0,1.4290123456790123,1.132716049382716,2.0895061728395063,52.44444444444444,1.5682098765432095,2.4188271604938287,4.5,1.1592592592592592,1.3148148148148149,0.9740740740740741,47.766666666666666,1.242962962962963,2.6981481481481486,3.8,0,1.0,1.0,0,2.0,0.0,6.0,4.2,2.3,3.1
1722461400,Union Santa Fe,Rosario Central,0.0,1.5174311926605504,0.5559633027522936,2.511926605504587,53.44220183486239,1.6238532110091741,2.342201834862387,4.5,1.3559633027522935,1.3174311926605504,1.1706422018348623,48.05779816513761,1.4005504587155966,2.79908256880734,3.8,0,1.0,1.0,0,1.0,0.0,5.4,4.2,2.3,3.1
1722468600,Boca Juniors,Banfield,0.0,0.8954545454545455,0.4409090909090909,1.8954545454545455,52.68181818181819,1.1536363636363633,2.3522727272727293,4.5,0.5527272727272727,1.7163636363636363,0.3672727272727273,46.25454545454545,0.7981818181818185,3.0,3.8,0,1.0,1.0,0,3.0,0.0,6.6,4.2,2.3,3.1
1722639600,Newells Old Boys,Estudiantes L.P.,0.0,0.9354354354354355,0.6246246246246246,1.7672672672672673,52.46621621621621,1.1897897897897896,2.4178678678678693,4.5,0.6246246246246246,1.1021021021021022,0.96996996996997,47.28378378378379,0.8465465465465468,2.850750750750751,3.8,0,1.0,1.0,2,1.0,4.0,5.4,6.6,2.8,2.6
1722708000,Velez Sarsfield,Defensa Y Justicia,0.0,1.5214285714285714,0.5607142857142857,2.1142857142857148,53.441071428571426,1.626785714285714,2.3428571428571447,4.5,0.8005952380952381,1.4345238095238095,0.6428571428571429,47.049107142857146,0.9705357142857146,2.8500000000000005,3.8,0,1.0,1.0,0,3.0,0.0,6.6,4.2,2.3,3.1
1722708000,Godoy Cruz,Argentinos JRS,0.0,1.1274336283185842,0.9575221238938053,1.51858407079646,52.25486725663717,1.3315044247787609,2.4424778761061967,4.5,0.35752212389380533,1.727433628318584,0.368141592920354,45.945132743362834,0.6623008849557526,3.0008849557522126,3.8,0,1.0,1.0,0,1.0,0.0,5.4,4.2,2.3,3.1
1722716100,Talleres Cordoba,Instituto Cordoba,0.0,1.5263157894736843,0.7543859649122806,2.1228070175438596,53.15789473684211,1.6305263157894734,2.3421052631578965,4.5,0.9619883040935673,0.9385964912280702,1.304093567251462,48.03508771929825,1.116666666666667,2.851461988304094,3.8,0,1.0,1.0,1,1.0,1.0,5.4,4.8,2.3,2.6
1722723300,Independiente,San Lorenzo,0.0,1.1043478260869566,1.1289855072463768,1.4333333333333333,51.96304347826087,1.3079710144927534,2.418115942028987,4.5,0.7547826086956522,1.1252173913043477,0.9652173913043478,47.444347826086954,0.9401739130434785,2.900869565217392,3.8,0,1.0,1.0,1,0.0,0.0,4.8,4.2,2.3,2.6
1722727800,Huracan,Racing Club,0.0,1.2672413793103448,0.45977011494252873,2.264367816091954,53.21120689655173,1.4385057471264364,2.334482758620691,4.5,1.6264367816091954,1.600574712643678,0.9712643678160919,48.03879310344828,1.648275862068966,2.8500000000000005,3.8,0,1.0,1.0,1,0.0,0.0,4.8,4.2,2.3,2.6
1722794400,Union Santa Fe,River Plate,0.0,1.4301994301994303,0.4572649572649573,2.5954415954415957,53.45940170940171,1.552421652421652,2.3341880341880357,4.5,0.5487179487179488,1.5162393162393162,0.36581196581196584,46.54871794871795,0.7957264957264961,2.9991452991453,3.8,0,1.0,1.0,1,0.0,0.0,4.8,4.2,2.3,2.6
1722794400,Sarmiento Junin,Belgrano Cordoba,0.0,1.0932203389830508,0.7881355932203391,1.593220338983051,52.45762711864407,1.2997175141242936,2.5005649717514142,4.5,0.9457627118644067,1.911864406779661,0.5661016949152542,46.550847457627114,1.0935593220338986,2.898305084745764,3.8,0,1.0,1.0,1,0.0,0.0,4.8,4.2,2.3,2.6
1722803400,Boca Juniors,Barracas Central,0.0,1.3075630252100838,0.34285714285714286,2.1092436974789917,53.44705882352941,1.4764705882352938,2.3403361344537834,4.5,0.6190476190476191,1.0896358543417368,0.9719887955182073,47.294117647058826,0.8428571428571432,2.8478991596638665,3.8,0,1.0,1.0,1,1.0,1.0,5.4,4.8,2.3,2.6
1722812400,Lanus,Tigre,0.0,1.5888888888888888,1.1194444444444445,2.088888888888889,52.704166666666666,1.6963888888888887,2.4166666666666683,4.5,1.1433333333333333,1.3066666666666666,1.1666666666666665,47.754999999999995,1.231666666666667,2.7966666666666677,3.8,0,1.0,1.0,0,3.0,2.0,6.6,5.4,2.3,3.1
1722812400,Atletico Tucuman,Independ. Rivadavia,0.0,1.09366391184573,0.6225895316804408,1.9256198347107438,52.70661157024793,1.2834710743801652,2.333057851239671,4.5,0.7892561983471075,0.5936639118457301,1.4696969696969695,48.29338842975207,0.9787878787878791,2.7646005509641887,3.8,0,1.0,1.0,0,2.0,1.0,6.0,4.8,2.3,3.1
1722879000,Deportivo Riestra,Central Cordoba de Santiago,0.0,1.262295081967213,0.6229508196721312,2.0956284153005464,52.959016393442624,1.4349726775956282,2.4161202185792368,4.5,0.7896174863387979,1.762295081967213,0.46721311475409844,46.540983606557376,0.9622950819672135,2.9319672131147554,3.8,0,1.0,1.0,0,1.0,0.0,5.4,4.2,2.3,3.1
1722888000,Gimnasia L.P.,Rosario Central,0.0,1.7615176151761518,0.7872628726287263,2.0989159891598916,53.46138211382114,1.834281842818428,2.415853658536587,4.5,1.1205962059620596,1.2615176151761518,0.9647696476964769,47.78861788617886,1.227235772357724,2.8493224932249333,3.8,0,1.0,1.0,2,0.0,1.0,4.8,4.8,2.8,2.6
1722898800,Platense,Banfield,0.0,0.7096774193548386,0.7451612903225806,1.5129032258064514,51.946774193548386,1.018064516129032,2.440322580645163,4.5,0.45430107526881724,1.924731182795699,0.30376344086021506,45.79435483870968,0.72741935483871,3.0153225806451625,3.8,0,1.0,1.0,2,0.0,1.0,4.8,4.8,2.8,2.6
1723140000,Argentinos JRS,Sarmiento Junin,0.0,1.504,0.9611428571428571,2.2194285714285713,52.81428571428572,1.625028571428571,2.4011428571428586,4.5,0.9546666666666667,1.4213333333333333,0.976,47.3,1.094266666666667,2.848000000000001,3.8,0,1.0,1.0,1,0.0,0.0,4.8,4.2,2.3,2.6
1723226400,Deportivo Riestra,Lanus,0.0,1.2154195011337867,0.5306122448979592,2.2176870748299318,53.02721088435374,1.394331065759637,2.40090702947846,4.5,0.9523809523809523,1.4179894179894181,0.8095238095238095,47.301587301587304,1.092592592592593,2.764021164021165,3.8,0,1.0,1.0,0,3.0,1.0,6.6,4.8,2.3,3.1
1723231800,Barracas Central,Talleres Cordoba,0.0,0.589238845144357,1.2860892388451444,0.7572178477690289,50.954724409448815,0.9303149606299211,2.5841207349081383,4.5,1.3880764904386953,1.3622047244094488,1.40607424071991,48.03880764904387,1.4509561304836895,2.7411698537682803,3.8,0,1.0,1.0,1,1.0,1.0,5.4,4.8,2.3,2.6
1723240800,Belgrano Cordoba,Union Santa Fe,0.0,1.7901785714285714,1.1026785714285714,2.361607142857143,53.03125,1.8397321428571427,2.329017857142859,4.5,0.7864583333333334,0.921875,1.140625,47.796875,0.959635416666667,2.7640625000000014,3.8,0,1.0,1.0,1,1.0,1.0,5.4,4.8,2.3,2.6
1723248000,Racing Club,Gimnasia L.P.,0.0,1.9211886304909562,0.4534883720930233,2.58656330749354,54.201550387596896,1.945736434108527,2.333591731266152,4.5,0.7868217054263567,1.7545219638242893,0.47416020671834624,46.548449612403104,0.9598191214470287,2.930103359173128,3.8,0,1.0,1.0,2,0.0,1.0,4.8,4.8,2.8,2.6
1723311000,San Lorenzo,Atletico Tucuman,0.0,0.917948717948718,0.9538461538461538,1.0820512820512822,51.94615384615385,1.1599999999999997,2.4179487179487196,4.5,0.9538461538461538,1.0846153846153848,1.146153846153846,47.80384615384615,1.0933333333333337,2.7628205128205146,3.8,0,1.0,1.0,2,0.0,1.0,4.8,4.8,2.8,2.6
1723318200,Rosario Central,Newells Old Boys,0.0,1.4147582697201018,1.1208651399491094,1.410941475826972,52.44083969465649,1.5576335877862593,2.4189567430025463,4.5,0.6208651399491094,1.0814249363867685,0.9847328244274809,47.30916030534351,0.8435114503816796,2.84554707379135,3.8,0,1.0,1.0,0,1.0,0.0,5.4,4.2,2.3,3.1
1723326300,Independ. Rivadavia,Boca Juniors,0.0,0.7474747474747475,0.4520202020202021,1.7474747474747474,52.44318181818181,1.0404040404040402,2.4186868686868706,4.5,1.1017316017316017,1.212121212121212,0.9848484848484849,47.83441558441558,1.235930735930736,2.811038961038962,3.8,0,1.0,1.0,1,1.0,1.0,5.4,4.8,2.3,2.6
1723332600,River Plate,Huracan,0.0,2.0687432867883997,0.673469387755102,2.3533834586466167,54.09291084854995,2.0627282491944148,2.3300751879699266,4.5,1.119047619047619,0.7468671679197996,1.6491228070175439,48.558270676691734,1.2087719298245614,2.6789473684210545,3.8,0,1.0,1.0,1,1.0,1.0,5.4,4.8,2.3,2.6
1723399200,Central Cordoba de Santiago,Defensa Y Justicia,0.0,1.0796019900497513,2.2860696517412937,0.5771144278606966,50.190298507462686,1.305970149253731,2.6681592039801014,4.5,0.673773987206823,1.6396588486140726,0.5565031982942431,46.55117270788912,0.8791044776119405,2.8814498933901933,3.8,0,1.0,1.0,0,2.0,0.0,6.0,4.2,2.3,3.1
1723399200,Instituto Cordoba,Platense,0.0,1.414814814814815,0.7839506172839507,1.9135802469135803,52.946296296296296,1.557407407407407,2.33456790123457,4.5,1.2433862433862433,1.2126984126984126,1.2687830687830688,48.046031746031744,1.3206349206349206,2.810582010582012,3.8,0,1.0,1.0,0,2.0,0.0,6.0,4.2,2.3,3.1
1723408200,Banfield,Velez Sarsfield,0.0,1.25,0.7818627450980393,1.5833333333333335,52.70220588235294,1.4088235294117644,2.334313725490198,4.5,1.0987394957983192,1.0714285714285714,1.2668067226890756,48.04096638655462,1.2050420168067228,2.811134453781514,3.8,0,1.0,1.0,1,2.0,2.0,6.0,5.4,2.3,2.6
1723417200,Estudiantes L.P.,Independiente,0.0,1.5851581508515813,0.6180048661800487,1.9148418491484185,53.4507299270073,1.6935523114355229,2.334063260340635,4.5,0.45133819951338205,1.0851581508515815,0.6447688564476886,47.0492700729927,0.7246958637469589,2.8457420924574226,3.8,0,1.0,1.0,2,0.0,2.0,4.8,5.4,2.8,2.6
1723500000,Tigre,Godoy Cruz,0.0,0.9275362318840581,1.389233954451346,1.2091097308488612,51.307453416149066,1.178260869565217,2.472877846790892,4.5,0.45410628019323673,1.248792270531401,0.6497584541062802,46.80797101449275,0.7268115942028988,2.8451690821256057,3.8,0,1.0,1.0,2,0.0,2.0,4.8,5.4,2.8,2.6
1723845600,Platense,Barracas Central,0.0,0.5791366906474821,0.790167865707434,1.2398081534772183,51.68345323741008,0.9224220623501196,2.502637889688251,4.5,0.6772867420349434,1.0678314491264131,0.9897225077081192,47.41418293936279,0.8819116135662901,2.8096608427543694,3.8,0,1.0,1.0,1,0.0,0.0,4.8,4.2,2.3,2.6
1723852800,Newells Old Boys,Racing Club,0.0,0.9224489795918368,1.1040816326530611,1.4897959183673468,51.727551020408164,1.174489795918367,2.4734693877551037,4.5,1.3897959183673472,1.3510204081632653,0.9897959183673469,48.05816326530612,1.4663265306122453,2.809183673469389,3.8,0,1.0,1.0,2,0.0,1.0,4.8,4.8,2.8,2.6
1723917600,Lanus,Central Cordoba de Santiago,0.0,1.7771023302938196,1.2472137791286728,2.200607902735562,52.79483282674772,1.8440729483282676,2.402836879432626,4.5,0.6757852077001013,1.6342451874366768,0.42249240121580545,46.56231003039514,0.8807497467071937,2.9515704154002043,3.8,0,1.0,1.0,1,1.0,1.0,5.4,4.8,2.3,2.6
1723919400,Independiente,Rosario Central,0.0,0.9195171026156942,0.9617706237424547,1.3420523138832996,51.936619718309856,1.1722334004024142,2.4026156941649917,4.5,1.1046277665995976,1.0623742454728369,1.2796780684104627,48.063380281690144,1.2094567404426562,2.808249496981893,3.8,0,1.0,1.0,0,1.0,0.0,5.4,4.2,2.3,3.1
1723926600,Gimnasia L.P.,River Plate,0.0,1.4905094905094907,0.8171828171828173,1.7732267732267732,53.009990009990005,1.6289710289710286,2.4738261738261755,4.5,0.4533799533799534,1.2389277389277389,0.49067599067599066,46.82167832167832,0.7262237762237765,2.926923076923079,3.8,0,1.0,1.0,1,1.0,1.0,5.4,4.8,2.3,2.6
1723935600,Talleres Cordoba,Independ. Rivadavia,0.0,1.4050925925925926,0.7870370370370371,1.9004629629629628,52.92708333333333,1.533333333333333,2.335879629629632,4.5,0.8174603174603176,0.7757936507936507,1.2777777777777777,48.0625,0.9940476190476193,2.808333333333335,3.8,0,1.0,1.0,0,2.0,1.0,6.0,4.8,2.3,3.1
1723935600,Velez Sarsfield,Instituto Cordoba,0.0,1.7402298850574711,0.4540229885057472,2.2367816091954023,53.929310344827584,1.8013793103448275,2.3356321839080483,4.5,0.9605911330049262,0.9201970443349754,1.2758620689655173,48.06059113300493,1.1084729064039411,2.8088669950738936,3.8,0,1.0,1.0,0,1.0,0.0,5.4,4.2,2.3,3.1
1724002200,Boca Juniors,San Lorenzo,0.0,1.2397260273972601,0.452054794520548,1.906392694063927,53.18150684931507,1.4175799086757985,2.335388127853883,4.5,0.6187214611872146,0.906392694063927,0.9863013698630136,47.56849315068493,0.8417808219178085,2.8442922374429243,3.8,0,1.0,1.0,0,3.0,2.0,6.6,5.4,2.3,3.1
1724011200,Atletico Tucuman,Estudiantes L.P.,0.0,1.2089407191448007,0.6754130223517978,2.06511175898931,52.8002915451895,1.3749271137026235,2.330126336248787,4.5,1.1039844509232264,1.066083576287658,1.2721088435374148,48.05685131195335,1.2232264334305154,2.8099125364431505,3.8,0,1.0,1.0,0,2.0,0.0,6.0,4.2,2.3,3.1
1724011200,Sarmiento Junin,Tigre,0.0,0.9247104247104247,0.6737451737451737,1.4961389961389961,52.37644787644787,1.1760617760617758,2.4727799227799245,4.5,1.2860360360360361,1.5788288288288288,0.9819819819819819,47.560810810810814,1.3423423423423426,2.8454954954954976,3.8,0,1.0,1.0,1,0.0,0.0,4.8,4.2,2.3,2.6
1724023800,Huracan,Belgrano Cordoba,0.0,1.065196548418025,0.38638542665388304,2.0661553211888783,53.01821668264621,1.288590604026845,2.329721955896454,4.5,0.7841163310961969,1.576062639821029,0.6487695749440716,46.81208053691275,0.9742729306487699,2.844966442953022,3.8,0,1.0,1.0,0,1.0,0.0,5.4,4.2,2.3,3.1
1724103900,Union Santa Fe,Argentinos JRS,0.0,1.2076190476190476,0.38476190476190475,2.354285714285714,53.23428571428572,1.3881904761904758,2.3295238095238116,4.5,0.28222222222222226,1.5755555555555554,0.31333333333333335,46.06,0.6062222222222226,3.012222222222224,3.8,0,1.0,1.0,0,3.0,0.0,6.6,4.2,2.3,3.1
1724103900,Godoy Cruz,Deportivo Riestra,0.0,1.0794701986754967,0.7803532008830023,1.749448123620309,52.448675496688736,1.2892935982339953,2.4175496688741744,4.5,0.6136865342163356,1.5794701986754967,0.3112582781456954,46.551324503311264,0.838189845474614,3.0128035320088324,3.8,0,1.0,1.0,0,4.0,1.0,7.199999999999999,4.8,2.3,3.1
1724112000,Defensa Y Justicia,Banfield,0.0,1.0855263157894737,1.280701754385965,1.085526315789474,51.70723684210526,1.2940789473684207,2.417324561403511,4.5,0.5263157894736843,1.6447368421052633,0.6936090225563909,46.32236842105263,0.7757518796992484,2.954323308270679,3.8,0,1.0,1.0,0,1.0,0.0,5.4,4.2,2.3,3.1
1724446800,Independ. Rivadavia,Platense,0.0,0.7871148459383752,0.5247432306255836,1.647058823529412,52.39355742296918,1.0659197012138186,2.4003734827264256,4.5,1.2591503267973854,1.2137254901960783,1.280392156862745,48.068137254901956,1.332777777777778,2.810457516339871,3.8,0,1.0,1.0,2,0.0,2.0,4.8,5.4,2.8,2.6
1724520600,Deportivo Riestra,Sarmiento Junin,0.0,1.511688311688312,0.661038961038961,2.238311688311688,53.27597402597402,1.6311688311688308,2.4009740259740275,4.5,0.8126159554730984,1.2133580705009277,0.9814471243042672,47.398886827458256,0.9905380333951765,2.811502782931356,3.8,0,1.0,1.0,0,2.0,1.0,6.0,4.8,2.3,3.1
1724522400,Argentinos JRS,Huracan,0.0,1.0629032258064517,0.6612903225806451,1.9403225806451614,52.602419354838716,1.287096774193548,2.4008064516129046,4.5,1.0986175115207373,0.7861751152073733,1.551152073732719,48.468663594470044,1.1906912442396314,2.6691244239631358,3.8,0,1.0,1.0,1,0.0,0.0,4.8,4.2,2.3,2.6
1724529600,Instituto Cordoba,Defensa Y Justicia,0.0,1.4981684981684984,0.6684981684981685,2.0732600732600734,53.244505494505496,1.6206959706959703,2.3293040293040312,4.5,0.5099358974358975,1.510897435897436,0.532371794871795,46.4985576923077,0.7633653846153848,2.8850961538461553,3.8,0,1.0,1.0,0,4.0,1.0,7.199999999999999,4.8,2.3,3.1
1724538600,Tigre,Union Santa Fe,0.0,0.9152866242038218,1.5601910828025478,1.1910828025477707,51.03264331210191,1.1690764331210188,2.475477707006371,4.5,0.8116469517743403,0.9317561419472248,1.1210191082802548,47.819836214740675,0.9754322111010012,2.7405823475887194,3.8,0,1.0,1.0,0,5.0,1.0,7.8,4.8,2.3,3.1
1724607000,San Lorenzo,Talleres Cordoba,0.0,0.7956600361663653,0.9547920433996384,0.934900542495479,51.76130198915009,1.0728752260397827,2.471790235081376,4.5,1.1104430379746835,1.3712025316455694,1.1294303797468355,47.60886075949368,1.2286392405063293,2.7359177215189896,3.8,0,1.0,1.0,0,2.0,0.0,6.0,4.2,2.3,3.1
1724607000,Lanus,Godoy Cruz,0.0,1.9723270440251572,1.109119496855346,2.39496855345912,53.29481132075472,1.9846226415094337,2.325157232704404,4.5,0.6675651392632524,1.082659478885894,0.9748427672955975,47.37735849056604,0.8887690925426774,2.812938005390838,3.8,0,1.0,1.0,1,1.0,1.0,5.4,4.8,2.3,2.6
1724616000,Racing Club,Independiente,0.0,1.6535714285714287,0.525,2.2214285714285715,53.69285714285714,1.7448214285714283,2.4000000000000017,4.5,0.6678571428571428,0.9392857142857144,0.975,47.59285714285715,0.8889285714285717,2.812500000000002,3.8,0,1.0,1.0,1,0.0,0.0,4.8,4.2,2.3,2.6
1724628600,River Plate,Newells Old Boys,0.0,1.8198757763975155,0.8080745341614908,2.0925465838509316,53.517701863354034,1.862732919254658,2.324844720496896,4.5,0.5235137533274179,1.0798580301685892,0.8322981366459627,47.16548358473824,0.773558118899734,2.883496007098494,3.8,0,1.0,1.0,1,0.0,0.0,4.8,4.2,2.3,2.6
1724698800,Barracas Central,Velez Sarsfield,0.0,0.6490299823633157,1.236331569664903,0.7901234567901234,51.11904761904761,0.970017636684303,2.542504409171078,4.5,1.25679012345679,0.9179012345679014,1.4283950617283951,48.50833333333333,1.3309259259259263,2.7351851851851876,3.8,0,1.0,1.0,2,0.0,5.0,4.8,7.2,2.8,2.6
1724698800,Central Cordoba de Santiago,Banfield,0.0,1.2182296231375984,1.957931638913234,0.9298860648553899,50.89044697633655,1.4112182296231373,2.6146362839614397,4.5,0.5131901840490798,1.6659509202453988,0.6815950920245398,46.270858895705516,0.7659815950920248,2.9598159509202473,3.8,0,1.0,1.0,1,0.0,0.0,4.8,4.2,2.3,2.6
1724707800,Belgrano Cordoba,Gimnasia L.P.,0.0,1.3640243902439022,0.661890243902439,2.3875,53.053201219512204,1.498384146341463,2.325152439024392,4.5,0.8135888501742161,1.5017421602787457,0.8362369337979094,46.967770034843205,0.9771777003484324,2.882229965156797,3.8,0,1.0,1.0,2,0.0,1.0,4.8,4.8,2.8,2.6
1724707800,Rosario Central,Atletico Tucuman,0.0,1.3567099567099568,0.9567099567099567,1.6398268398268399,52.60000000000001,1.5079653679653677,2.4008658008658026,4.5,0.9567099567099567,0.9281385281385282,1.4112554112554114,48.042857142857144,1.0916017316017317,2.7389610389610413,3.8,0,1.0,1.0,0,1.0,0.0,5.4,4.2,2.3,3.1
1724716800,Estudiantes L.P.,Boca Juniors,0.0,1.3562822719449226,0.8123924268502583,1.6419965576592084,52.815834767641995,1.5218588640275383,2.4006884681583496,4.5,1.2608433734939757,1.2117469879518072,1.133433734939759,48.07364457831325,1.34921686746988,2.7344879518072314,3.8,0,1.0,1.0,1,1.0,1.0,5.4,4.8,2.3,2.6
1725055200,Sarmiento Junin,Lanus,0.0,0.761377245508982,0.36107784431137724,1.6356287425149703,52.600449101796414,1.0612874251497004,2.4004491017964087,4.5,0.9555175363558597,1.6415739948674082,0.6954662104362703,46.97091531223268,1.090675791274594,2.810436270316512,3.8,0,1.0,1.0,1,0.0,0.0,4.8,4.2,2.3,2.6
1725062400,Union Santa Fe,Deportivo Riestra,0.0,1.5095238095238097,0.3598214285714286,2.3845238095238095,53.72455357142857,1.6299107142857139,2.3252976190476207,4.5,0.6683673469387754,1.925170068027211,0.2670068027210884,46.11479591836735,0.875340136054422,3.024319727891159,3.8,0,1.0,1.0,1,0.0,0.0,4.8,4.2,2.3,2.6
1725127200,Defensa Y Justicia,Barracas Central,0.0,1.065934065934066,1.095519864750634,1.3524936601859678,51.955621301775146,1.275486052409129,2.4001690617075253,4.5,0.5085798816568048,1.0576923076923077,0.6837278106508875,47.17633136094675,0.7625147928994085,2.8084319526627235,3.8,0,1.0,1.0,0,1.0,0.0,5.4,4.2,2.3,3.1
1725127200,Newells Old Boys,Belgrano Cordoba,0.0,0.6073529411764707,1.2573529411764703,1.035294117647059,51.025,0.9382352941176466,2.550000000000002,4.5,0.6655462184873949,1.4941176470588238,0.5512605042016807,46.75714285714285,0.8875630252100843,2.8815126050420194,3.8,0,1.0,1.0,1,0.0,0.0,4.8,4.2,2.3,2.6
1725138000,Velez Sarsfield,Independ. Rivadavia,0.0,1.634920634920635,0.3784461152882206,2.3533834586466167,53.88471177944862,1.7164578111946533,2.32840434419382,4.5,0.6561403508771929,1.0555555555555556,0.8324561403508772,47.40087719298245,0.865730994152047,2.8834795321637445,3.8,0,1.0,1.0,0,4.0,0.0,7.199999999999999,4.2,2.3,3.1
1725138000,Talleres Cordoba,Estudiantes L.P.,0.0,1.4966777408637875,0.8056478405315615,2.0697674418604652,53.03654485049834,1.6058139534883717,2.328239202657809,4.5,0.9549418604651163,1.3595930232558138,0.8311046511627908,47.39302325581395,1.1198546511627911,2.8838662790697693,3.8,0,1.0,1.0,0,1.0,0.0,5.4,4.2,2.3,3.1
1725148800,Boca Juniors,Rosario Central,0.0,1.4962840627580514,0.6614368290668868,2.0718414533443434,53.252270850536746,1.6197357555739054,2.3280759702725042,4.5,0.8037572254335261,0.7592485549132948,1.2797687861271674,48.066763005780345,0.9839884393063587,2.809248554913297,3.8,0,1.0,1.0,0,2.0,1.0,6.0,4.8,2.3,3.1
1725211800,Platense,San Lorenzo,0.0,0.49753694581280794,0.6617405582922824,1.2167487684729064,51.75369458128079,0.8635467980295563,2.470771756978656,4.5,0.8045977011494254,1.2118226600985222,0.832512315270936,47.38916256157635,0.9847290640394092,2.8824302134646986,3.8,0,1.0,1.0,2,1.0,2.0,5.4,5.4,2.8,2.6
1725211800,Huracan,Tigre,0.0,0.76,0.2057142857142857,2.087142857142857,52.83142857142857,1.0452857142857142,2.3250000000000015,4.5,1.0922448979591837,1.3542857142857143,0.9787755102040816,47.60693877551021,1.2004897959183678,2.810612244897962,3.8,0,1.0,1.0,2,0.0,2.0,4.8,5.4,2.8,2.6
1725220800,Independiente,River Plate,0.0,0.9082386363636364,0.5073863636363637,1.784659090909091,52.60127840909091,1.1639772727272724,2.3255681818181833,4.5,0.5227272727272727,1.2094155844155843,0.5535714285714286,46.969967532467535,0.7733766233766237,2.881655844155847,3.8,0,1.0,1.0,1,0.0,0.0,4.8,4.2,2.3,2.6
1725228000,Atletico Tucuman,Racing Club,0.0,1.3564971751412427,0.6562146892655367,2.0836158192090397,53.05042372881356,1.4926836158192087,2.325423728813561,4.5,0.9562146892655368,0.7564971751412428,1.2844632768361581,48.299576271186446,1.120847457627119,2.8086158192090416,3.8,0,1.0,1.0,0,1.0,0.0,5.4,4.2,2.3,3.1
1725235200,Banfield,Instituto Cordoba,0.0,1.3499197431781702,0.9486356340288924,1.4975922953451044,52.60192616372392,1.4884430176565004,2.32889245585875,4.5,0.6550561797752809,0.906179775280899,0.8331460674157304,47.62331460674158,0.8800000000000003,2.883988764044946,3.8,0,1.0,1.0,2,1.0,2.0,5.4,5.4,2.8,2.6
1725307200,Gimnasia L.P.,Argentinos JRS,0.0,1.2058659217877095,0.8067039106145253,1.4829608938547485,52.598743016759784,1.4020949720670388,2.4758379888268176,4.5,0.23623304070231443,1.7781324820430966,0.2697525937749401,45.687150837988824,0.5728651237031129,3.024181963288111,3.8,0,1.0,1.0,0,1.0,0.0,5.4,4.2,2.3,3.1
1725314400,Godoy Cruz,Central Cordoba de Santiago,0.0,1.4920634920634923,0.8063492063492064,1.9253968253968254,53.028571428571425,1.6163492063492058,2.400793650793653,4.5,0.8055555555555556,1.3555555555555554,0.5347222222222223,47.175000000000004,0.9704166666666671,2.88402777777778,3.8,0,1.0,1.0,1,1.0,1.0,5.4,4.8,2.3,2.6
1726250400,Deportivo Riestra,Huracan,0.0,1.8268876611418048,0.4940454266421117,2.7188459177409454,53.99926335174954,1.868017188459177,2.322713321055864,4.5,0.9558011049723757,0.6052486187845305,1.5848066298342542,48.52582872928176,1.0905524861878455,2.658701657458566,3.8,0,1.0,1.0,0,1.0,0.0,5.4,4.2,2.3,3.1
1726263000,Central Cordoba de Santiago,Instituto Cordoba,0.0,0.9049450549450551,1.4046703296703298,1.0354395604395605,51.25041208791208,1.1762362637362633,2.5504120879120897,4.5,0.9597069597069597,0.8932844932844933,1.2964590964590963,48.0996336996337,1.1086446886446888,2.80805860805861,3.8,0,1.0,1.0,0,2.0,1.0,6.0,4.8,2.3,3.1
1726263000,Lanus,Union Santa Fe,0.0,1.827565270188221,1.1154826958105646,2.099696417729205,53.068123861566484,1.8684881602914387,2.32246508803886,4.5,0.8049180327868853,1.5060109289617487,0.98224043715847,46.9483606557377,0.9698633879781425,2.809426229508199,3.8,0,1.0,1.0,1,1.0,1.0,5.4,4.8,2.3,2.6
1726272000,River Plate,Atletico Tucuman,0.0,1.3606280193236713,0.8045893719806763,1.78768115942029,52.834057971014495,1.5104589371980675,2.3223429951690835,4.5,0.9551630434782609,0.7557065217391303,1.4323369565217394,48.2991847826087,1.09,2.734103260869568,3.8,0,1.0,1.0,0,4.0,1.0,7.199999999999999,4.8,2.3,3.1
1726336800,San Lorenzo,Velez Sarsfield,0.0,0.9094594594594596,0.8054054054054055,1.1878378378378378,52.15608108108108,1.1647297297297294,2.475000000000002,4.5,1.893693693693694,0.7417417417417418,1.7609609609609609,49.72792792792793,1.84012012012012,2.7306306306306327,3.8,0,1.0,1.0,2,0.0,1.0,4.8,4.8,2.8,2.6
1726345800,Racing Club,Boca Juniors,0.0,1.2077956989247312,0.5056451612903227,1.935483870967742,53.05322580645162,1.4034946236559134,2.400537634408604,4.5,0.8050179211469535,1.0513739545997611,0.8301075268817204,47.63046594982079,0.9846833930704901,2.730346475507768,3.8,0,1.0,1.0,0,2.0,1.0,6.0,4.8,2.3,3.1
1726354800,Belgrano Cordoba,Independiente,0.0,1.0522875816993464,0.6496732026143791,1.944147355912062,52.60392156862745,1.2638027332144977,2.400356506238861,4.5,0.6558823529411764,0.9088235294117648,0.982620320855615,47.62058823529412,0.880401069518717,2.809491978609628,3.8,0,1.0,1.0,1,1.0,1.0,5.4,4.8,2.3,2.6
1726354800,Tigre,Gimnasia L.P.,0.0,1.6742316784869977,1.116548463356974,1.6321513002364068,52.83652482269504,1.7613238770685578,2.400236406619387,4.5,0.8061170212765958,1.3585106382978722,1.1327127659574467,47.171409574468086,0.9705319148936175,2.884175531914896,3.8,0,1.0,1.0,1,1.0,1.0,5.4,4.8,2.3,2.6
1726423200,Godoy Cruz,Sarmiento Junin,0.0,1.6582010582010582,0.8063492063492064,2.0851851851851855,53.27777777777778,1.733703703703703,2.325132275132277,4.5,0.8063492063492064,1.358201058201058,0.8328042328042329,47.172222222222224,0.9856613756613759,2.8838624338624363,3.8,0,1.0,1.0,1,1.0,1.0,5.4,4.8,2.3,2.6
1726423200,Estudiantes L.P.,Platense,0.0,1.2078947368421051,0.9565789473684211,1.3342105263157893,52.37697368421052,1.4034210526315785,2.4000000000000017,4.5,1.4280701754385965,1.0514619883040937,1.6070175438596492,48.56491228070175,1.4673684210526319,2.8076023391812885,3.8,0,1.0,1.0,1,1.0,1.0,5.4,4.8,2.3,2.6
1726432200,Rosario Central,Talleres Cordoba,0.0,1.3575916230366492,0.8068062827225132,1.9332460732984293,52.8261780104712,1.5081413612565444,2.3998691099476455,4.5,1.1171611401977894,1.6734147760325773,0.9848749272833043,47.16561954624782,1.234147760325771,2.807329842931939,3.8,0,1.0,1.0,1,2.0,2.0,6.0,5.4,2.3,2.6
1726441200,Argentinos JRS,Newells Old Boys,0.0,0.8965277777777778,0.6518518518518519,1.6287037037037038,52.36701388888889,1.1701388888888886,2.3997685185185205,4.5,0.5083333333333334,0.9085937500000001,0.9830729166666666,47.399609375,0.7620833333333336,2.8079427083333357,3.8,0,1.0,1.0,0,3.0,0.0,6.6,4.2,2.3,3.1
1726509600,Barracas Central,Banfield,0.0,0.46088082901554406,1.857253886010363,0.5839378238341969,49.90544041450777,0.8356994818652845,2.624611398963733,4.5,0.49533678756476685,1.2096718480138169,0.8283246977547496,46.928497409326425,0.7522625215889466,2.885146804835926,3.8,0,1.0,1.0,2,0.0,1.0,4.8,4.8,2.8,2.6
1726531200,Independ. Rivadavia,Defensa Y Justicia,0.0,0.7592783505154639,0.8074742268041238,1.481701030927835,51.92770618556702,1.0445103092783503,2.475128865979383,4.5,0.6510882016036655,1.9860252004581902,0.5195876288659793,45.99759450171821,0.8612600229095076,2.884879725085913,3.8,0,1.0,1.0,0,1.0,0.0,5.4,4.2,2.3,3.1
1726864200,Gimnasia L.P.,Deportivo Riestra,0.0,0.8968660968660969,0.8056980056980056,1.4740740740740739,52.136752136752136,1.1548717948717946,2.4777777777777796,4.5,0.6564102564102563,1.658974358974359,0.38333333333333336,46.49615384615385,0.8656410256410259,2.9583333333333357,3.8,0,1.0,1.0,1,0.0,0.0,4.8,4.2,2.3,2.6
1726873200,Union Santa Fe,Godoy Cruz,0.0,1.206575963718821,0.3380952380952381,2.09546485260771,53.302721088435376,1.4027210884353736,2.3221088435374164,4.5,0.8053571428571429,1.2073979591836734,0.9834183673469388,47.3969387755102,0.9848724489795921,2.8080357142857166,3.8,0,1.0,1.0,0,3.0,1.0,6.6,4.8,2.3,3.1
1726945200,Boca Juniors,River Plate,0.0,1.8096446700507614,0.8055837563451778,2.3840101522842643,53.506091370558366,1.8548223350253803,2.324746192893403,4.5,0.5055837563451777,1.0596446700507614,0.682233502538071,47.16890862944163,0.7600000000000002,2.808375634517769,3.8,0,1.0,1.0,2,0.0,1.0,4.8,4.8,2.8,2.6
1726956000,Instituto Cordoba,Barracas Central,0.0,1.9580808080808083,0.6558080808080807,2.381818181818182,53.95340909090909,1.988661616161616,2.325252525252527,4.5,0.49405162738496067,0.8960718294051627,0.6754208754208755,47.3969696969697,0.751223344556678,2.807182940516276,3.8,0,1.0,1.0,2,0.0,1.0,4.8,4.8,2.8,2.6
1726956000,Newells Old Boys,Tigre,0.0,0.4280290340591848,1.2720268006700166,0.6930206588498045,50.73400335008375,0.8111222780569511,2.556225572305976,4.5,1.2560301507537686,1.2065326633165827,1.287437185929648,48.07424623115577,1.3302512562814073,2.8077889447236206,3.8,0,1.0,1.0,0,1.0,0.0,5.4,4.2,2.3,3.1
1726964100,Defensa Y Justicia,San Lorenzo,0.0,1.05625,0.955,1.63125,52.151875000000004,1.2672499999999998,2.4006250000000016,4.5,1.105,1.2062499999999998,1.28625,47.848124999999996,1.2095000000000002,2.808125000000002,3.8,0,1.0,1.0,1,0.0,0.0,4.8,4.2,2.3,2.6
1727026200,Independiente,Argentinos JRS,0.0,0.737534549474848,0.3368711995577667,1.7825317855168603,52.60099502487562,1.0432172470978438,2.322664455500278,4.5,0.20398009950248755,1.5047263681592042,0.236318407960199,46.04888059701493,0.5487562189054729,3.0328358208955253,3.8,0,1.0,1.0,1,0.0,0.0,4.8,4.2,2.3,2.6
1727026200,Huracan,Lanus,0.0,0.5806380638063806,0.49152915291529153,1.6261826182618262,52.133663366336634,0.9177777777777774,2.400330033003302,4.5,0.802970297029703,1.5032178217821783,0.6863861386138613,46.94962871287128,0.9830198019801983,2.8075495049504973,3.8,0,1.0,1.0,0,3.0,0.0,6.6,4.2,2.3,3.1
1727035200,Talleres Cordoba,Racing Club,0.0,1.3554187192118226,0.8019704433497538,2.081034482758621,52.8301724137931,1.4917241379310342,2.325246305418721,4.5,0.3350848385331144,0.8937055281882869,0.8313081554460865,47.16206896551724,0.6398139025725235,2.8847837985769043,3.8,0,1.0,1.0,0,2.0,0.0,6.0,4.2,2.3,3.1
1727044200,Atletico Tucuman,Belgrano Cordoba,0.0,1.3612200435729847,0.48976034858387796,2.4067538126361656,53.30718954248366,1.4955119825708059,2.3223311546840977,4.5,0.6509803921568627,1.0563725490196079,0.6840686274509804,47.39191176470588,0.8765686274509807,2.808210784313728,3.8,0,1.0,1.0,2,2.0,4.0,6.0,6.6,2.8,2.6
1727044200,Platense,Rosario Central,0.0,0.6073170731707318,0.9548780487804878,1.0304878048780488,51.47865853658537,0.9381707317073167,2.550609756097563,4.5,0.6487804878048781,1.0509485094850948,0.832520325203252,47.396747967479676,0.8596747967479677,2.8848238482384847,3.8,0,1.0,1.0,0,1.0,0.0,5.4,4.2,2.3,3.1
1727127900,Sarmiento Junin,Central Cordoba de Santiago,0.0,0.7395900755124056,0.18122977346278316,1.7840345199568501,52.83754045307443,1.044811218985976,2.3226537216828493,4.5,0.8034519956850054,1.2062567421790722,0.6759439050701187,47.3957928802589,0.9679180151024814,2.8073354908306385,3.8,0,1.0,1.0,2,1.0,3.0,5.4,6.0,2.8,2.6
1727136000,Banfield,Independ. Rivadavia,0.0,1.3567632850241544,1.1065217391304347,1.329951690821256,52.37536231884057,1.4926570048309176,2.400966183574881,4.5,0.49468599033816424,1.6726784755770265,0.36704240472356414,46.23301127214171,0.7519699409554483,2.9626409017713393,3.8,0,1.0,1.0,0,2.0,0.0,6.0,4.2,2.3,3.1
1727136000,Velez Sarsfield,Estudiantes L.P.,0.0,2.1076923076923073,0.35552884615384617,2.3814903846153848,54.62824519230769,2.093365384615384,2.325841346153848,4.5,0.8049145299145299,1.206837606837607,0.8326923076923076,47.39711538461538,1.015769230769231,2.885149572649575,3.8,0,1.0,1.0,0,2.0,0.0,6.0,4.2,2.3,3.1
1727460000,Deportivo Riestra,Newells Old Boys,0.0,1.6868899521531102,0.48363636363636364,2.746411483253589,53.80488038277512,1.755253588516746,2.320574162679427,4.5,0.49292929292929294,1.0520999468367889,0.9872408293460925,47.161244019138756,0.7506858054226477,2.807655502392347,3.8,0,1.0,1.0,1,3.0,3.0,6.6,6.0,2.3,2.6
1727481600,Independ. Rivadavia,Instituto Cordoba,0.0,0.8984126984126984,0.6507936507936508,1.9396825396825397,52.37142857142857,1.1406349206349202,2.400529100529102,4.5,0.8057142857142858,1.2085714285714284,0.8285714285714286,47.395714285714284,0.9852380952380955,2.8866666666666685,3.8,0,1.0,1.0,1,1.0,1.0,5.4,4.8,2.3,2.6
1727546400,San Lorenzo,Banfield,0.0,0.898156924697209,0.8065297525013164,1.161137440758294,52.137440758293835,1.1559557661927327,2.478199052132703,4.5,0.48587677725118483,0.8883412322274882,1.3086255924170613,47.39630331753554,0.7453270142180095,2.8064454976303335,3.8,0,1.0,1.0,0,2.0,1.0,6.0,4.8,2.3,3.1
1727555400,Godoy Cruz,Huracan,0.0,1.6767295597484277,0.8067085953878407,2.0958071278826,53.30503144654088,1.7476729559748423,2.322536687631029,4.5,0.6511530398322851,0.7433962264150944,1.1419287211740041,47.86163522012579,0.8615723270440254,2.7296645702306104,3.8,0,1.0,1.0,1,1.0,1.0,5.4,4.8,2.3,2.6
1727555400,Estudiantes L.P.,Defensa Y Justicia,0.0,1.2098069900886803,0.9624413145539906,1.3172665623369848,52.37104851330203,1.405216484089723,2.4002086593635905,4.5,0.4861971830985916,2.0088262910798123,0.3477934272300469,45.71605633802817,0.7455023474178404,2.9664788732394394,3.8,0,1.0,1.0,0,1.0,0.0,5.4,4.2,2.3,3.1
1727564400,Belgrano Cordoba,Boca Juniors,0.0,1.0485981308411214,0.8054205607476637,1.626728971962617,52.36476635514019,1.260485981308411,2.4000934579439264,4.5,0.9654205607476636,1.2085981308411213,0.8269158878504674,47.63523364485982,1.0969345794392524,2.7267289719626193,3.8,0,1.0,1.0,0,2.0,0.0,6.0,4.2,2.3,3.1
1727631000,Central Cordoba de Santiago,Barracas Central,0.0,0.8992248062015504,0.9607235142118863,1.4754521963824287,51.9077519379845,1.1722480620155036,2.4777777777777796,4.5,0.4846511627906977,0.5693023255813954,1.1460465116279068,47.873023255813955,0.7443720930232558,2.726976744186049,3.8,0,1.0,1.0,0,2.0,1.0,6.0,4.8,2.3,3.1
1727644500,River Plate,Talleres Cordoba,0.0,1.5300000000000002,0.8048148148148149,1.7890740740740743,53.087777777777774,1.6455555555555552,2.3199074074074084,4.5,0.8048148148148149,1.6900000000000002,0.6651851851851851,46.672222222222224,0.9844629629629632,2.807222222222224,3.8,0,1.0,1.0,2,0.0,1.0,4.8,4.8,2.8,2.6
1727649000,Sarmiento Junin,Union Santa Fe,0.0,0.5688479262672811,0.6449769585253455,1.3074654377880184,51.88580645161291,0.9087004608294929,2.4002764976958537,4.5,0.8055299539170506,1.6764976958525346,0.6745519713261648,46.69354838709677,0.9695033282130059,2.807782898105481,3.8,0,1.0,1.0,0,1.0,0.0,5.4,4.2,2.3,3.1
1727733600,Argentinos JRS,Atletico Tucuman,0.0,1.048623853211009,0.4842201834862385,1.6286238532110093,52.84660550458715,1.2924954128440365,2.400183486238533,4.5,0.9602446483180428,1.2095820591233435,1.295820591233435,47.62599388379205,1.0933333333333335,2.8080530071355785,3.8,0,1.0,1.0,1,0.0,0.0,4.8,4.2,2.3,2.6
1727740800,Racing Club,Platense,0.0,1.3638762049720952,0.6483003551496702,1.9421613394216135,53.073363774733636,1.528503297818366,2.4001014713343496,4.5,1.4434703196347034,0.8874885844748859,1.7863013698630137,48.83397260273973,1.479452054794521,2.727031963470322,3.8,0,1.0,1.0,1,1.0,1.0,5.4,4.8,2.3,2.6
1727741700,Lanus,Gimnasia L.P.,0.0,1.6872727272727275,1.2836363636363635,1.7872727272727273,52.60545454545455,1.755454545454545,2.320000000000001,4.5,0.8040404040404041,1.208080808080808,1.2959595959595958,47.39393939393939,0.9683838383838387,2.80757575757576,3.8,0,1.0,1.0,1,0.0,0.0,4.8,4.2,2.3,2.6
1727818200,Tigre,Independiente,0.0,1.6861538461538463,1.1228959276018098,1.626606334841629,52.84488687782805,1.77062443438914,2.3999095022624446,4.5,0.8032176973353444,1.0512820512820513,0.9849170437405732,47.62790346907994,0.98333836098542,2.807340372046257,3.8,0,1.0,1.0,1,1.0,1.0,5.4,4.8,2.3,2.6
1727825400,Rosario Central,Velez Sarsfield,0.0,1.5177177177177177,0.958958958958959,1.93993993993994,52.838138138138135,1.6360360360360355,2.3997997997998013,4.5,2.083063063063063,0.5659459459459459,2.2664864864864867,50.27567567567568,1.975099099099099,2.6463963963963986,3.8,0,1.0,1.0,0,3.0,0.0,6.6,4.2,2.3,3.1
1728079200,Union Santa Fe,Central Cordoba de Santiago,0.0,1.3675336322869953,0.32233183856502245,2.1070852017937223,53.56780269058296,1.5316771300448428,2.319730941704037,4.5,1.1223318385650223,1.0475336322869955,1.1456502242152466,48.11219730941704,1.2225650224215248,2.7266367713004507,3.8,0,1.0,1.0,2,0.0,2.0,4.8,5.4,2.8,2.6
1728086400,Huracan,Sarmiento Junin,0.0,0.8864285714285716,0.4833928571428572,1.6255357142857145,52.604553571428575,1.1628571428571426,2.4000892857142864,4.5,0.8037698412698413,1.5182539682539682,0.5194444444444444,46.92827380952381,0.9837500000000003,2.8849206349206375,3.8,0,1.0,1.0,0,3.0,1.0,6.6,4.8,2.3,3.1
1728151200,Velez Sarsfield,Racing Club,0.0,2.2977777777777777,0.1817283950617284,2.718518518518519,55.17407407407407,2.244543209876543,2.3222222222222233,4.5,0.3235555555555556,0.8880000000000001,0.8266666666666668,47.15333333333333,0.6314666666666668,2.886666666666669,3.8,0,1.0,1.0,0,1.0,0.0,5.4,4.2,2.3,3.1
1728160200,Newells Old Boys,Lanus,0.0,0.567787610619469,0.9628318584070796,1.1477876106194689,51.407433628318586,0.9078938053097343,2.4799115044247797,4.5,0.647590953785644,1.8308751229105211,0.5176007866273353,46.22507374631269,0.8743756145526059,2.8854473942969543,3.8,0,1.0,1.0,0,2.0,1.0,6.0,4.8,2.3,3.1
1728160200,Gimnasia L.P.,Godoy Cruz,0.0,0.5684581497797357,0.6429955947136563,1.1488986784140969,51.88819383259912,0.9084052863436121,2.4798237885462564,4.5,0.8033284385707293,1.5205090553108174,0.8278022515907979,46.924229074889865,0.9833675966715617,2.8857072931962824,3.8,0,1.0,1.0,2,0.0,1.0,4.8,4.8,2.8,2.6
1728169200,Instituto Cordoba,San Lorenzo,0.0,1.6748538011695908,0.647953216374269,1.9415204678362574,53.54035087719298,1.7773294346978554,2.40019493177388,4.5,0.9590643274853801,0.8970760233918129,1.452046783625731,48.09298245614035,1.1079142300194935,2.729922027290451,3.8,0,1.0,1.0,0,2.0,0.0,6.0,4.2,2.3,3.1
1728237600,Independiente,Deportivo Riestra,0.0,0.4080349344978166,0.16244541484716155,1.4684716157205238,52.36838427947598,0.7961048034934495,2.320087336244542,4.5,0.6471615720524018,1.520038816108685,0.5178068898592916,46.690684133915575,0.8584473556525961,2.885735080058227,3.8,0,1.0,1.0,0,3.0,1.0,6.6,4.8,2.3,3.1
1728243000,Talleres Cordoba,Belgrano Cordoba,0.0,1.3661835748792268,0.6473429951690821,2.0995169082125607,53.07826086956522,1.4992270531400962,2.322222222222223,4.5,1.1140096618357487,1.2106280193236714,0.9835748792270531,47.85507246376812,1.2474396135265702,2.808212560386476,3.8,0,1.0,1.0,1,0.0,0.0,4.8,4.2,2.3,2.6
1728252000,Platense,River Plate,0.0,0.5872053872053872,0.9576719576719577,1.0099086099086099,51.44430014430014,0.9227801827801825,2.555459355459356,4.5,0.6465608465608466,0.7427609427609427,1.1392015392015393,47.855699855699854,0.8579797979797981,2.730206830206833,3.8,0,1.0,1.0,1,0.0,0.0,4.8,4.2,2.3,2.6
1728259200,Boca Juniors,Argentinos JRS,0.0,1.674904214559387,0.9568965517241379,1.9425287356321839,53.07701149425287,1.7618965517241376,2.399808429118775,4.5,0.17911877394636014,1.3637931034482758,0.3614942528735632,46.222988505747125,0.5307471264367818,2.9633141762452135,3.8,0,1.0,1.0,0,1.0,0.0,5.4,4.2,2.3,3.1
1728324000,Barracas Central,Independ. Rivadavia,0.0,0.4302336671435384,1.7339055793991416,0.543729136862184,50.04449213161659,0.8127992370052453,2.63304721030043,4.5,0.48051502145922753,1.8472103004291847,0.34454935622317595,45.949957081545065,0.741167381974249,2.9672103004291874,3.8,0,1.0,1.0,1,1.0,1.0,5.4,4.8,2.3,2.6
1728334800,Banfield,Estudiantes L.P.,0.0,1.3633428300094965,1.1118708452041786,1.3207977207977208,52.37720797720797,1.4970370370370367,2.399620132953467,4.5,0.8006837606837608,1.207008547008547,0.8246153846153847,47.39051282051282,1.0132649572649575,2.8870085470085494,3.8,0,1.0,1.0,2,1.0,2.0,5.4,5.4,2.8,2.6
1728337500,Defensa Y Justicia,Rosario Central,0.0,1.0520094562647755,0.9574468085106382,1.630260047281324,52.141843971631204,1.2634988179669029,2.400000000000001,4.5,0.4817021276595745,1.0468085106382978,0.6663829787234042,47.15234042553191,0.7420425531914894,2.966808510638301,3.8,0,1.0,1.0,0,2.0,1.0,6.0,4.8,2.3,3.1
1728345600,Atletico Tucuman,Tigre,0.0,1.5274576271186442,0.961864406779661,2.2683050847457626,52.848389830508474,1.6276440677966102,2.3999152542372886,4.5,1.1131826741996234,0.8971751412429378,1.2951035781544256,48.32401129943503,1.2312617702448212,2.807815442561208,3.8,0,1.0,1.0,2,1.0,2.0,5.4,5.4,2.8,2.6
1728757800,Godoy Cruz,San Lorenzo,0.0,1.5272573839662449,0.8028691983122364,1.7868354430379747,53.08658227848101,1.6274599156118144,2.3202531645569624,4.5,0.8028691983122364,1.2072573839662446,0.9873417721518988,47.393417721518986,0.998902953586498,2.806835443037977,3.8,0,1.0,1.0,1,1.0,1.0,5.4,4.8,2.3,2.6
1729274400,Deportivo Riestra,Atletico Tucuman,0.0,1.86096256684492,0.9663865546218487,2.4420168067226893,53.341864018334604,1.8938884644766993,2.318334606569901,4.5,0.8030252100840337,1.0470588235294118,1.3073949579831932,47.633949579831935,0.9829915966386558,2.806638655462187,3.8,0,1.0,1.0,0,2.0,0.0,6.0,4.2,2.3,3.1
1729281600,Sarmiento Junin,Gimnasia L.P.,0.0,0.5524534043362495,0.6384937238493723,1.2975275770254848,51.87093952073032,0.8961506276150625,2.4000760745530623,4.5,0.8023430962343097,1.0476987447698745,1.466610878661088,47.63196652719665,0.9664937238493727,2.726861924686195,3.8,0,1.0,1.0,1,1.0,1.0,5.4,4.8,2.3,2.6
1729287900,Central Cordoba de Santiago,Independ. Rivadavia,0.0,1.2075,0.8025000000000001,1.9466666666666668,52.6075,1.4035833333333327,2.4000000000000004,4.5,0.6386363636363636,2.0250000000000004,0.3333333333333333,45.92045454545455,0.851439393939394,2.969696969696972,3.8,0,1.0,1.0,0,2.0,0.0,6.0,4.2,2.3,3.1
1729289700,Lanus,Independiente,0.0,1.2073934364390795,0.965296114673708,1.4615616748396831,52.36314598264805,1.387333081855903,2.318106374952848,4.5,0.8018257261410789,0.7281327800829875,1.1458921161825726,48.11053941908713,0.9820912863070542,2.726887966804982,3.8,0,1.0,1.0,2,0.0,2.0,4.8,5.4,2.8,2.6
1729296000,River Plate,Velez Sarsfield,0.0,1.2064613072877535,0.6389181066867017,1.6238918106686704,52.85131480090158,1.403005259203606,2.4002253944402705,4.5,1.7843726521412473,1.04282494365139,1.8069120961682945,49.112321562734785,1.7516754320060108,2.7242674680691237,3.8,0,1.0,1.0,1,1.0,1.0,5.4,4.8,2.3,2.6
1729368000,Belgrano Cordoba,Platense,0.0,1.042648709315376,0.639057239057239,1.6233445566778901,52.6053872053872,1.2555705200149643,2.400149644594089,4.5,1.2936026936026936,1.042648709315376,1.4796857463524131,48.376430976430974,1.3590273101384214,2.7240927796483376,3.8,0,1.0,1.0,2,0.0,1.0,4.8,4.8,2.8,2.6
1729368000,Racing Club,Defensa Y Justicia,0.0,1.0459016393442622,0.8031147540983608,1.6242622950819674,52.36418032786885,1.2743770491803275,2.4004918032786886,4.5,0.3119225037257824,2.0235469448584205,0.17213114754098355,45.432563338301044,0.6227421758569301,3.051192250372581,3.8,0,1.0,1.0,0,4.0,3.0,7.199999999999999,6.0,2.3,3.1
1729376100,Tigre,Boca Juniors,0.0,1.6983302411873842,1.1317254174397031,1.6230055658627087,52.849907235621515,1.7801484230055655,2.4003710575139148,4.5,0.6408163265306122,1.207421150278293,0.6623376623376622,47.15009276437848,0.8530983302411875,2.8059369202226367,3.8,0,1.0,1.0,0,3.0,0.0,6.6,4.2,2.3,3.1
1729383300,Union Santa Fe,Huracan,0.0,1.2087213599408722,0.6402069475240206,1.6239467849223947,52.852771618625276,1.4211677753141165,2.4002956393200297,4.5,0.6442276422764227,0.7295934959349593,1.1478048780487804,47.8719512195122,0.855918699186992,2.7267479674796773,3.8,0,1.0,1.0,2,0.0,1.0,4.8,4.8,2.8,2.6
1729447200,Argentinos JRS,Talleres Cordoba,0.0,1.0441663599558337,0.14942951785057043,1.7863084284136916,53.34210526315789,1.2895767390504231,2.3187707029812294,4.5,0.9676113360323887,1.2078027235921973,1.154066985645933,47.63971291866029,1.0981818181818181,2.724144276775858,3.8,0,1.0,1.0,0,3.0,0.0,6.6,4.2,2.3,3.1
1729455300,Rosario Central,Banfield,0.0,1.3699999999999999,0.6437096774193548,1.945967741935484,53.08943548387097,1.5176451612903223,2.400564516129032,4.5,0.6397360703812316,0.7181818181818181,1.3170087976539588,47.88233137829912,0.8522873900293256,2.806158357771263,3.8,0,1.0,1.0,1,1.0,1.0,5.4,4.8,2.3,2.6
1729455300,Estudiantes L.P.,Instituto Cordoba,0.0,1.3697991967871483,0.963855421686747,1.6253815261044178,52.6089156626506,1.517461847389558,2.4004819277108433,4.5,0.9671412924424972,1.2089083607155895,0.9897772909821103,47.63734939759036,1.0978167214311794,2.8059875867104807,3.8,0,1.0,1.0,0,3.0,2.0,6.6,5.4,2.3,3.1
1729463400,Godoy Cruz,Newells Old Boys,0.0,1.5374545454545456,0.968,1.4603636363636363,52.854181818181814,1.6350545454545455,2.3185454545454545,4.5,0.8048000000000001,1.5312000000000001,0.6679999999999999,46.910399999999996,1.00032,2.806800000000002,3.8,0,1.0,1.0,0,2.0,0.0,6.0,4.2,2.3,3.1
1729463400,San Lorenzo,Barracas Central,0.0,1.051792828685259,0.8041434262948208,1.4674103585657368,52.371474103585655,1.2790119521912346,2.4803187250996013,4.5,0.640130387540746,0.8834480260775082,0.9884099963781239,47.63502354219486,0.8525823976819994,2.806374501992034,3.8,0,1.0,1.0,0,1.0,0.0,5.4,4.2,2.3,3.1
1729879200,Barracas Central,Estudiantes L.P.,0.0,0.5715873015873016,1.7634920634920634,0.6684126984126983,50.212142857142865,0.9108253968253965,2.560238095238095,4.5,1.1304473304473304,1.3741702741702742,1.1513708513708514,47.634415584415585,1.2612409812409813,2.8883838383838407,3.8,0,1.0,1.0,1,1.0,1.0,5.4,4.8,2.3,2.6
1729900800,Defensa Y Justicia,River Plate,0.0,1.051383399209486,0.8036363636363637,1.9478260869565218,52.37162055335968,1.2626403162055335,2.400158102766798,4.5,0.48363636363636364,0.41138339920948613,1.3065612648221343,48.10837944664031,0.7434466403162056,2.6470355731225323,3.8,0,1.0,1.0,1,0.0,0.0,4.8,4.2,2.3,2.6
1729973700,Newells Old Boys,Sarmiento Junin,0.0,0.8821760916249106,1.1299928418038654,1.4611309949892628,51.62827487473157,1.1435504652827486,2.4818897637795274,4.5,0.6429921259842519,1.3703937007874014,0.5066141732283465,46.90889763779527,0.854976377952756,2.8868503937007897,3.8,0,1.0,1.0,1,1.0,1.0,5.4,4.8,2.3,2.6
1729973700,Instituto Cordoba,Rosario Central,0.0,1.5301960784313726,0.4831372549019608,1.9466666666666668,53.57058823529412,1.661725490196078,2.3999999999999995,4.5,0.6392156862745098,1.2092691622103386,0.6606060606060605,47.14491978609625,0.8518716577540107,2.969696969696972,3.8,0,1.0,1.0,1,0.0,0.0,4.8,4.2,2.3,2.6
1729985400,Independiente,Godoy Cruz,0.0,0.8811079545454545,0.31136363636363634,1.7873579545454545,52.85461647727273,1.1590909090909087,2.3181107954545452,4.5,0.9625,1.04921875,1.30671875,47.869921875,1.09459375,2.8064843750000024,3.8,0,1.0,1.0,1,1.0,1.0,5.4,4.8,2.3,2.6
1729990800,Velez Sarsfield,Belgrano Cordoba,0.0,2.009027237354086,0.1626459143968871,2.7455252918287942,54.7695719844358,2.012824902723735,2.319844357976653,4.5,0.8026459143968873,0.7290272373540856,1.1467704280155642,48.1104280155642,1.0146770428015566,2.726303501945528,3.8,0,1.0,1.0,1,1.0,1.0,5.4,4.8,2.3,2.6
1729993500,Independ. Rivadavia,San Lorenzo,0.0,0.8888372093023257,0.8027906976744187,1.6249612403100777,52.12906976744186,1.1326511627906974,2.3997674418604644,4.5,0.9661733615221988,1.3716701902748414,0.9880197322057787,47.39175475687103,1.113417899929528,2.8055673009161404,3.8,0,1.0,1.0,0,1.0,0.0,5.4,4.2,2.3,3.1
1730052000,Platense,Argentinos JRS,0.0,0.5686486486486486,0.6421621621621622,1.145945945945946,51.88972972972974,0.9084787644787642,2.479691119691119,4.5,0.16216216216216214,1.2086486486486485,0.34610038610038607,46.43027027027027,0.5183011583011585,2.9663320463320493,3.8,0,1.0,1.0,0,2.0,1.0,6.0,4.8,2.3,3.1
1730060100,Banfield,Racing Club,0.0,1.369230769230769,1.2823076923076921,1.146923076923077,52.130384615384614,1.5009230769230766,2.479615384615384,4.5,0.31118881118881114,0.8811188811188811,0.8230769230769232,47.14510489510489,0.6221678321678322,2.8877622377622405,3.8,0,1.0,1.0,0,2.0,1.0,6.0,4.8,2.3,3.1
1730066400,Boca Juniors,Deportivo Riestra,0.0,1.3698084291187738,0.9624521072796934,1.9478927203065135,52.611034482758626,1.5173639846743292,2.3995402298850568,4.5,0.6424521072796934,1.689808429118774,0.5046743295019157,46.42896551724138,0.8544674329501918,2.8867432950191594,3.8,0,1.0,1.0,1,1.0,1.0,5.4,4.8,2.3,2.6
1730074500,Talleres Cordoba,Tigre,0.0,1.209618320610687,0.48259541984732823,2.107328244274809,53.09053435114504,1.3891908396946562,2.319465648854961,4.5,1.1225954198473282,1.049618320610687,1.3047328244274807,48.10946564885496,1.2385496183206108,2.8065648854961855,3.8,0,1.0,1.0,1,1.0,1.0,5.4,4.8,2.3,2.6
1730074500,Atletico Tucuman,Lanus,0.0,1.5358451434497065,1.2933978568959557,1.78797096439682,52.36367092983062,1.6336536467334946,2.4812651227099893,4.5,0.48273764258555135,1.8494296577946767,0.3447908745247148,45.94996197718631,0.7426311787072244,2.9663878326996227,3.8,0,1.0,1.0,0,1.0,0.0,5.4,4.2,2.3,3.1
1730152800,Gimnasia L.P.,Union Santa Fe,0.0,0.5538567493112947,0.6382920110192837,1.134297520661157,51.87334710743802,0.897134986225895,2.4811983471074375,4.5,0.8021212121212122,1.8492424242424241,0.5040909090909091,46.42931818181818,0.9661818181818186,2.8865909090909114,3.8,0,1.0,1.0,2,2.0,3.0,6.0,6.0,2.8,2.6
1730160000,Huracan,Central Cordoba de Santiago,0.0,1.3725557461406517,0.6397941680960548,1.951286449399657,53.0991423670669,1.5357118353344767,2.3996569468267577,4.5,1.2943396226415094,0.8816466552315609,1.4778730703259007,48.61903945111492,1.3595197255574618,2.7240137221269323,3.8,0,1.0,1.0,1,0.0,0.0,4.8,4.2,2.3,2.6
1730412000,Sarmiento Junin,Independiente,0.0,0.7073934837092731,0.8026315789473685,1.288220551378446,51.85714285714286,1.0038220551378445,2.3996240601503755,4.5,1.1301435406698563,0.5535201640464797,1.6415584415584417,48.86493506493507,1.2282023239917979,2.6420369104579655,3.8,0,1.0,1.0,1,0.0,0.0,4.8,4.2,2.3,2.6
1730412000,Estudiantes L.P.,Independ. Rivadavia,0.0,1.2072182499148791,1.1295880149812734,1.623016683690841,52.116445352400405,1.3871773918964927,2.399523323118828,4.5,0.468789013732834,2.0399500624219726,0.32147315855181025,45.64325842696629,0.7321473158551811,2.9717228464419496,3.8,0,1.0,1.0,1,1.0,1.0,5.4,4.8,2.3,2.6
1730420100,Godoy Cruz,Atletico Tucuman,0.0,1.2064676616915422,0.8022388059701493,1.4539800995024876,52.60634328358209,1.369776119402985,2.316169154228855,4.5,0.4751696065128901,1.3706919945725915,0.8234735413839892,46.656716417910445,0.7369606512890097,2.8871777476255116,3.8,0,1.0,1.0,1,1.0,1.0,5.4,4.8,2.3,2.6
1730420100,Rosario Central,Barracas Central,0.0,1.5341669482933424,0.6389320716458262,2.1129435620141943,53.342852314971275,1.632335248394728,2.3175735045623513,4.5,0.46902106567534074,0.8729863692688972,0.8215613382899629,47.394052044609666,0.732280049566295,2.888104089219333,3.8,0,1.0,1.0,2,0.0,1.0,4.8,4.8,2.8,2.6
1730498400,Central Cordoba de Santiago,San Lorenzo,0.0,1.5333333333333334,0.4754208754208754,2.439057239057239,53.586868686868684,1.6480808080808076,2.317845117845117,4.5,0.6358024691358024,1.038888888888889,0.9895061728395061,47.395370370370365,0.8656790123456792,2.804629629629632,3.8,0,1.0,1.0,2,0.0,1.0,4.8,4.8,2.8,2.6
1730501100,Huracan,Gimnasia L.P.,0.0,1.3714637146371464,0.6359163591635916,1.9514145141451413,53.103321033210335,1.5351783517835176,2.399938499384993,4.5,0.8028178463602819,0.5506876886950688,1.6444817175444482,48.37819523649782,0.9662663535726269,2.6412613217041288,3.8,0,1.0,1.0,1,0.0,0.0,4.8,4.2,2.3,2.6
1730506500,Union Santa Fe,Newells Old Boys,0.0,1.2040441176470589,0.8020833333333334,1.4509803921568627,52.60294117647059,1.4179534313725488,2.4832107843137248,4.5,0.6386363636363636,1.6953208556149733,0.4990641711229946,46.41497326203209,0.8840508021390376,2.8865641711229975,3.8,0,1.0,1.0,0,2.0,0.0,6.0,4.2,2.3,3.1
1730509200,Argentinos JRS,Velez Sarsfield,0.0,1.2045177045177045,0.13492063492063489,1.785103785103785,53.604395604395606,1.4183150183150184,2.316483516483516,4.5,1.6349206349206349,1.2045177045177045,1.4902319902319903,48.645604395604394,1.6316849816849817,2.721184371184374,3.8,0,1.0,1.0,1,1.0,1.0,5.4,4.8,2.3,2.6
1730570400,Deportivo Riestra,Talleres Cordoba,0.0,2.037712895377129,0.9683698296836983,2.451338199513382,53.60401459854015,2.03485401459854,2.316423357664233,4.5,0.8017031630170317,1.537712895377129,0.9902676399026764,46.89598540145985,0.9817518248175184,2.804379562043798,3.8,0,1.0,1.0,1,0.0,0.0,4.8,4.2,2.3,2.6
1730581200,River Plate,Banfield,0.0,1.2036363636363636,0.8012121212121213,1.2842424242424242,52.60363636363637,1.4009696969696968,2.399696969696969,4.5,0.6345454545454545,0.8703030303030304,0.9903030303030302,47.64636363636364,0.8480606060606062,2.8042424242424264,3.8,0,1.0,1.0,0,3.0,1.0,6.6,4.8,2.3,3.1
1730588400,Belgrano Cordoba,Defensa Y Justicia,0.0,0.8713768115942029,0.801328502415459,1.1183574879227054,52.10507246376812,1.1351449275362315,2.482971014492753,4.5,0.801328502415459,2.204710144927536,0.15640096618357482,45.89492753623188,0.9981280193236717,3.054408212560389,3.8,0,1.0,1.0,2,1.0,2.0,5.4,5.4,2.8,2.6
1730664000,Tigre,Platense,0.0,1.8712394705174489,0.9687123947051746,1.6173285198555958,53.35379061371842,1.9183513838748496,2.3998796630565575,4.5,0.9687123947051746,0.8712394705174489,1.4909747292418774,48.14620938628158,1.098676293622142,2.7209386281588475,3.8,0,1.0,1.0,1,0.0,0.0,4.8,4.2,2.3,2.6
1730665800,Racing Club,Instituto Cordoba,0.0,1.3678221059516023,1.128973185088293,1.6184434270765207,52.35827338129496,1.5321517331589272,2.399803793328972,4.5,1.1348920863309353,1.537170263788969,0.8243405275779376,47.39658273381295,1.2316546762589928,2.8874700239808173,3.8,0,1.0,1.0,0,2.0,0.0,6.0,4.2,2.3,3.1
1730673000,Lanus,Boca Juniors,0.0,0.7043010752688171,0.967741935483871,0.951015531660693,51.60483870967742,1.0014934289127835,2.399761051373954,4.5,0.6344086021505376,1.7043010752688172,0.490442054958184,46.395161290322584,0.8479689366786143,2.887634408602153,3.8,0,1.0,1.0,0,1.0,0.0,5.4,4.2,2.3,3.1
1730757600,Atletico Tucuman,Sarmiento Junin,0.0,1.3708333333333333,1.1339285714285714,1.7851190476190475,52.355357142857144,1.5013690476190473,2.4830357142857133,4.5,0.8006493506493507,1.3681818181818182,0.6616883116883117,47.1487012987013,0.9646753246753249,2.8048701298701326,3.8,0,1.0,1.0,0,1.0,0.0,5.4,4.2,2.3,3.1
1730764800,Independ. Rivadavia,Rosario Central,0.0,0.8771271433193142,0.8001294079585896,1.6209640892914916,52.11549660304109,1.1231769653833708,2.3996117761242304,4.5,0.466785290628707,1.2040332147093713,0.3226571767497034,46.894128113879,0.7306049822064057,2.971293001186242,3.8,0,1.0,1.0,1,1.0,1.0,5.4,4.8,2.3,2.6
1730843100,San Lorenzo,Estudiantes L.P.,0.0,1.0406189555125724,0.6366215344938748,1.784139264990329,52.605996131528045,1.270315925209542,2.4813668600902634,4.5,0.6335697399527187,1.3705673758865249,0.822695035460993,46.89450354609929,0.8640070921985816,2.8878250591016568,3.8,0,1.0,1.0,1,1.0,1.0,5.4,4.8,2.3,2.6
1730843100,Gimnasia L.P.,Central Cordoba de Santiago,0.0,0.8704358068315665,0.967020023557126,1.1183745583038869,51.85512367491166,1.1343345111896346,2.48286219081272,4.5,1.3003533568904595,0.7037691401648998,1.6560659599528857,48.89487632508835,1.3640753828032983,2.6376914016490014,3.8,0,1.0,1.0,1,0.0,0.0,4.8,4.2,2.3,2.6
1730851200,Newells Old Boys,Huracan,0.0,0.869718309859155,0.6332159624413145,1.6179577464788735,52.35475352112676,1.1338028169014083,2.3994718309859144,4.5,0.636235595390525,0.7124199743918053,1.152112676056338,47.88572343149808,0.8495262483994879,2.7227912932138314,3.8,0,1.0,1.0,2,2.0,4.0,6.0,6.6,2.8,2.6
1730851200,Independiente,Union Santa Fe,0.0,1.0368421052631578,0.46842105263157896,1.7836257309941521,52.85263157894737,1.2674853801169588,2.3163742690058466,4.5,1.1291866028708133,1.858373205741627,0.989792663476874,46.906220095693776,1.2274960127591708,2.8044657097288703,3.8,0,1.0,1.0,0,3.0,0.0,6.6,4.2,2.3,3.1
1730919600,Barracas Central,Racing Club,0.0,0.7140495867768595,1.6195804195804198,0.8011443102352191,50.64170375079466,1.0090527654164014,2.4814367450731076,4.5,0.46794871794871795,1.2045454545454546,0.6567599067599067,46.89510489510489,0.7315268065268066,2.9709207459207483,3.8,0,1.0,1.0,2,0.0,2.0,4.8,5.4,2.8,2.6
1730923200,Banfield,Belgrano Cordoba,0.0,1.531453911941717,1.293063034526449,1.454608805828318,52.3575863161229,1.6302945834653149,2.4816914792524534,4.5,0.965790307253722,0.8769084573962623,1.154133671206842,48.13332277478619,1.1295153626860945,2.722679759265128,3.8,0,1.0,1.0,1,1.0,1.0,5.4,4.8,2.3,2.6
1730932200,Boca Juniors,Godoy Cruz,0.0,1.3676767676767676,0.9659090909090909,1.9450757575757576,52.602651515151514,1.5156186868686867,2.399810606060605,4.5,1.1295454545454544,1.0404040404040404,1.4814393939393942,48.13371212121211,1.2114015151515152,2.7225378787878816,3.8,0,1.0,1.0,0,4.0,1.0,7.199999999999999,4.8,2.3,3.1
1730939400,Instituto Cordoba,River Plate,0.0,1.5330607109153824,0.47511796162315195,1.9458949355143127,53.58691412393834,1.6642717835797416,2.3997483485372744,4.5,0.47511796162315195,0.3876061654608367,1.3172066687637622,48.13126769424347,0.7369235608681977,2.6408933626926734,3.8,0,1.0,1.0,2,2.0,3.0,6.0,6.0,2.8,2.6
1731015900,Talleres Cordoba,Lanus,0.0,1.206269592476489,0.4764890282131662,2.1084639498432605,53.09467084639498,1.3864576802507833,2.318181818181817,4.5,0.4764890282131662,1.69717868338558,0.3366771159874608,46.168965517241375,0.7379937304075236,2.9680250783699087,3.8,0,1.0,1.0,2,1.0,2.0,5.4,5.4,2.8,2.6
1731016800,Defensa Y Justicia,Argentinos JRS,0.0,0.8788503592627305,0.31358950328022495,2.107403936269916,52.84789128397375,1.140868478600437,2.3184317400812233,4.5,0.31358950328022495,1.3697594501718213,0.3379568884723524,46.41574507966261,0.6240112464854733,2.9678850359262756,3.8,0,1.0,1.0,0,2.0,1.0,6.0,4.8,2.3,3.1
1731024000,Platense,Deportivo Riestra,0.0,0.8793275217932752,0.6409713574097136,1.617310087173101,52.35753424657534,1.1412328767123285,2.4001867995018666,4.5,0.6409713574097136,1.53387297633873,0.6646326276463262,46.660647571606475,0.8531631382316315,2.804420921544212,3.8,0,1.0,1.0,1,0.0,0.0,4.8,4.2,2.3,2.6
1731024900,Velez Sarsfield,Tigre,0.0,1.6967421656841453,0.31318647223084084,2.4350605026372945,54.075333540179955,1.762482159478746,2.3183059261557544,4.5,0.9677319267762954,0.7149239838659633,1.482842072603165,48.3792119143655,1.1146075085324232,2.7224635432826587,3.8,0,1.0,1.0,0,1.0,0.0,5.4,4.2,2.3,3.1
1731181500,Union Santa Fe,Atletico Tucuman,0.0,1.0355834641548927,0.8030350601779174,1.4457352171637887,52.34882260596546,1.2835269492412347,2.4846677132391406,4.5,0.4699546485260771,1.5385487528344672,0.4920634920634921,46.39710884353742,0.7330498866213152,2.887414965986397,3.8,0,1.0,1.0,0,1.0,0.0,5.4,4.2,2.3,3.1
1731182400,Gimnasia L.P.,Newells Old Boys,0.0,0.6970013037809648,0.8026075619295958,1.1079530638852673,51.841590612777054,1.0126466753585395,2.484615384615384,4.5,0.6361581920903955,1.8717514124293786,0.4915254237288136,46.146610169491524,0.8827118644067797,2.887570621468929,3.8,0,1.0,1.0,0,1.0,0.0,5.4,4.2,2.3,3.1
1731189600,Rosario Central,San Lorenzo,0.0,1.3716216216216217,0.8023648648648649,1.6176801801801803,52.85388513513514,1.5185810810810807,2.399943693693692,4.5,0.46372141372141373,0.8661122661122662,0.9916839916839917,47.396413721413715,0.7283471933471934,2.804054054054056,3.8,0,1.0,1.0,2,0.0,1.0,4.8,4.8,2.8,2.6
1731196800,Huracan,Independiente,0.0,1.203936803936804,0.6330484330484331,1.6154364154364156,52.85633255633255,1.418218078218078,2.400155400155399,4.5,0.8024691358024691,0.5375982042648709,1.3254769921436589,48.397306397306394,0.9824354657687993,2.6375982042648736,3.8,0,1.0,1.0,0,1.0,0.0,5.4,4.2,2.3,3.1
1731265200,Central Cordoba de Santiago,Estudiantes L.P.,0.0,1.20413870246085,0.6353467561521253,1.9507829977628637,52.85318791946309,1.4012863534675613,2.4001118568232647,4.5,0.8018585441404233,1.2038203407330923,0.9922560660815695,47.39705730511099,0.98194114610222,2.804078471863709,3.8,0,1.0,1.0,1,1.0,1.0,5.4,4.8,2.3,2.6
1731269700,River Plate,Barracas Central,0.0,1.5421661950090044,0.8019552354000515,1.6157447903267301,53.11031643941343,1.6718497555955745,2.400051453563158,4.5,0.6327244661692822,0.8652431180859275,1.1615127347568819,47.65122202212504,0.8466117828659634,2.8885773089786486,3.8,0,1.0,1.0,0,3.0,0.0,6.6,4.2,2.3,3.1
1731276900,Godoy Cruz,Talleres Cordoba,0.0,1.2046153846153846,0.8015384615384615,1.4471794871794872,52.604615384615386,1.3679487179487175,2.315384615384614,4.5,0.6323076923076922,1.373846153846154,0.9917948717948718,46.887692307692305,0.8632307692307694,2.8041025641025663,3.8,0,1.0,1.0,2,0.0,1.0,4.8,4.8,2.8,2.6
1731277800,Racing Club,Independ. Rivadavia,0.0,1.7043189368770764,0.9684385382059801,2.1168327796234774,53.10382059800665,1.7847729789590252,2.3168881506090795,4.5,0.4631740352670585,1.880909787886532,0.48515205724508054,45.87339637107079,0.7279018655762842,2.888602095578842,3.8,0,1.0,1.0,0,2.0,1.0,6.0,4.8,2.3,3.1
1731285000,Sarmiento Junin,Boca Juniors,0.0,0.6966887417218542,0.8017320427916454,1.2777381558838512,51.842435048395316,0.9954763117677022,2.400152827305144,4.5,0.463270504330107,1.7120733571064697,0.3154355578196638,46.12679572083545,0.7279572083545593,2.9733571064696913,3.8,0,1.0,1.0,2,0.0,2.0,4.8,5.4,2.8,2.6
1731351600,Deportivo Riestra,Velez Sarsfield,0.0,1.5422188372683423,0.8023356181772023,2.123026148768723,53.10982482863672,1.6550139629347547,2.315740035542014,4.5,1.4792586951002793,1.0345265295760346,1.5010916476263012,48.667098248286365,1.506879918761107,2.719395785732422,3.8,0,1.0,1.0,1,1.0,1.0,5.4,4.8,2.3,2.6
1731361500,Tigre,Defensa Y Justicia,0.0,1.8805668016194332,0.6331983805668016,1.7842105263157895,53.87105263157895,1.925678137651822,2.31568825910931,4.5,1.1408906882591092,2.0497975708502025,0.6549595141700405,46.63663967611336,1.253087044534413,2.9731275303643745,3.8,0,1.0,1.0,2,0.0,4.0,4.8,6.6,2.8,2.6
1731361500,Lanus,Platense,0.0,0.6953341740226986,0.8040353089533419,1.2756620428751577,51.83694829760404,0.9944514501891548,2.400504413619166,4.5,0.9732660781841109,0.5261034047919294,1.671374527112232,48.67074401008827,1.1020428751576292,2.634552332912991,3.8,0,1.0,1.0,1,0.0,0.0,4.8,4.2,2.3,2.6
1731369600,Argentinos JRS,Banfield,0.0,1.3716440422322775,0.29592760180995475,1.7830065359477123,53.61357466063348,1.5355354449472094,2.3158371040723966,4.5,0.8036199095022625,1.2024132730015082,0.9944695827048768,47.40180995475113,0.9663549522373054,2.8036701860231297,3.8,0,1.0,1.0,0,1.0,0.0,5.4,4.2,2.3,3.1
1731369600,Belgrano Cordoba,Instituto Cordoba,0.0,0.8638436482084692,0.9724379854673014,0.937509396141318,51.83710849411175,1.1292808819844646,2.5696316712603346,4.5,1.1416687546980706,1.709997494362315,0.824755700325733,47.147506890503635,1.2368228514156854,2.8884239538962686,3.8,0,1.0,1.0,0,3.0,1.0,6.6,4.8,2.3,3.1
1731875400,San Lorenzo,Racing Club,0.0,1.2034632034632033,0.6369047619047619,1.9496753246753247,52.84983766233766,1.3841450216450213,2.4003787878787866,4.5,0.634065934065934,1.2031968031968032,0.6550449550449551,47.1463036963037,0.8645654345654347,2.9731768231768254,3.8,0,1.0,1.0,2,1.0,2.0,5.4,5.4,2.8,2.6
1731960000,Banfield,Tigre,0.0,1.3700107874865157,1.1375404530744335,1.4487594390507013,52.34870550161813,1.5007011866235165,2.4839266450916924,4.5,0.970873786407767,0.8700107874865157,1.3274002157497304,48.15129449838187,1.1170981661272923,2.8041531823085246,3.8,0,1.0,1.0,2,0.0,1.0,4.8,4.8,2.8,2.6
1731968100,Platense,Godoy Cruz,0.0,0.8693548387096774,0.6376344086021505,1.6145161290322583,52.34758064516129,1.133548387096774,2.4008064516129015,4.5,0.9709677419354839,1.7026881720430107,0.9951612903225806,46.902419354838706,1.0838172043010754,2.8040322580645185,3.8,0,1.0,1.0,0,1.0,0.0,5.4,4.2,2.3,3.1
1731968100,Defensa Y Justicia,Deportivo Riestra,0.0,1.0359056806002145,0.47052518756698825,2.115219721329046,52.84807073954984,1.2667738478027863,2.317416934619505,4.5,0.47052518756698825,0.8692390139335477,0.8279742765273312,47.40192926045016,0.7334941050375133,2.7208467309753512,3.8,0,1.0,1.0,1,1.0,1.0,5.4,4.8,2.3,2.6
1731976200,Instituto Cordoba,Argentinos JRS,0.0,1.5357905982905984,0.9706196581196581,1.4481837606837606,52.84775641025641,1.6666666666666663,2.484027777777776,4.5,0.4706196581196581,1.202457264957265,0.32799145299145294,46.90224358974359,0.7335470085470086,2.970726495726498,3.8,0,1.0,1.0,0,1.0,0.0,5.4,4.2,2.3,3.1
1731976200,Atletico Tucuman,Huracan,0.0,1.2021626935364953,1.1417055787662815,1.7835831899729664,52.090685672155324,1.366055541902187,2.4852052101253364,4.5,1.1368477103301384,0.8690095846645367,1.4941427050053249,48.4017571884984,1.2498935037273697,2.7208732694355726,3.8,0,1.0,1.0,0,4.0,2.0,7.199999999999999,5.4,2.3,3.1
1732132800,Newells Old Boys,Central Cordoba de Santiago,0.0,1.2035276825085741,1.1422831945124938,1.6149926506614405,52.09186673199412,1.38405683488486,2.400538951494364,4.5,1.1422831945124938,0.5266046055854974,1.6710436060754532,48.923517883390495,1.2541891229789321,2.6347868691817764,3.8,0,1.0,1.0,2,2.0,3.0,6.0,6.0,2.8,2.6
1732140900,Estudiantes L.P.,Rosario Central,0.0,1.370899470899471,0.9719576719576719,1.782010582010582,52.5984126984127,1.501375661375661,2.3174603174603154,4.5,0.6356532356532356,1.2039072039072038,0.48742368742368747,47.14761904761905,0.8488644688644689,2.8885225885225907,3.8,0,1.0,1.0,1,1.0,1.0,5.4,4.8,2.3,2.6
1732140900,Velez Sarsfield,Lanus,0.0,1.7041139240506329,0.305379746835443,2.4483122362869203,54.098101265822784,1.7679324894514763,2.3174050632911376,4.5,0.6387130801687764,1.3707805907172996,0.8280590717299579,46.901898734177216,0.8679852320675107,2.8874472573839687,3.8,0,1.0,1.0,1,0.0,0.0,4.8,4.2,2.3,2.6
1732149000,Boca Juniors,Union Santa Fe,0.0,1.5368033648790749,0.8049421661409044,1.94794952681388,53.09779179810725,1.6507886435331227,2.400683491062038,4.5,0.9716088328075709,2.2034700315457414,0.8280757097791799,46.15220820189274,1.117665615141956,2.887329127234492,3.8,0,1.0,1.0,0,1.0,0.0,5.4,4.2,2.3,3.1
1732219200,Barracas Central,Belgrano Cordoba,0.0,0.5366876310272537,1.8045073375262055,0.6153039832285115,50.098270440251575,0.8840146750524105,2.5672955974842755,4.5,1.1378406708595388,0.870020964360587,1.3275681341719079,48.401729559748425,1.2506813417190776,2.637473794549269,3.8,0,1.0,1.0,1,1.0,1.0,5.4,4.8,2.3,2.6
1732227300,Talleres Cordoba,Sarmiento Junin,0.0,1.0365726227795193,0.6379310344827586,1.6149425287356323,52.59796238244514,1.250574712643678,2.4005747126436763,4.5,0.8045977011494253,1.5365726227795196,0.4942528735632184,46.90203761755486,0.9673981191222571,2.8873563218390825,3.8,0,1.0,1.0,0,2.0,0.0,6.0,4.2,2.3,3.1
1732227300,Independiente,Gimnasia L.P.,0.0,1.372596153846154,0.4653846153846154,1.783653846153846,53.3608173076923,1.5362019230769228,2.3158653846153827,4.5,0.6375,0.5369791666666667,1.3270833333333334,48.15078125,0.8504166666666667,2.637500000000003,3.8,0,1.0,1.0,0,1.0,0.0,5.4,4.2,2.3,3.1
1732235400,Independ. Rivadavia,River Plate,0.0,0.8701973001038421,0.8037383177570094,1.6163032191069575,52.099688473520246,1.1174454828660432,2.400467289719624,4.5,0.8037383177570094,0.5368639667705088,1.6599169262720663,48.40031152647975,1.0001038421599169,2.6376427829698885,3.8,0,1.0,1.0,0,2.0,1.0,6.0,4.8,2.3,3.1
1732401000,Tigre,Instituto Cordoba,0.0,1.0319432120674357,1.1461401952085182,1.2716947648624668,51.82870452528838,1.2637888198757763,2.4003549245785254,4.5,0.9747116237799468,2.060514640638864,0.3080745341614907,46.37129547471163,1.1029902395740905,2.9752440106477396,3.8,0,1.0,1.0,1,0.0,0.0,4.8,4.2,2.3,2.6
1732409100,Huracan,Boca Juniors,0.0,1.3742591773551527,0.28863334807607255,2.1285272003538256,53.628438743918615,1.537673595754091,2.314595311808932,4.5,0.6314904909332154,1.5456877487837242,0.6509509066784609,46.62870411322424,0.8627244582043343,2.9751437417072113,3.8,0,1.0,1.0,1,0.0,0.0,4.8,4.2,2.3,2.6
1732478400,Gimnasia L.P.,Atletico Tucuman,0.0,0.6880070546737214,0.8025573192239859,1.099647266313933,51.82817460317461,1.0058465608465605,2.4859788359788344,4.5,0.46429249762583097,1.5409306742640076,0.48566001899335237,46.38504273504274,0.7288034188034187,2.8885090218423572,3.8,0,1.0,1.0,0,1.0,0.0,5.4,4.2,2.3,3.1
1732478400,Deportivo Riestra,Banfield,0.0,1.3736263736263736,0.8021978021978022,1.785934065934066,52.85714285714286,1.5200439560439558,2.3145054945054926,4.5,0.8021978021978022,1.3736263736263736,0.821978021978022,47.142857142857146,0.9650549450549452,2.8894505494505514,3.8,0,1.0,1.0,1,1.0,1.0,5.4,4.8,2.3,2.6
1732486500,Godoy Cruz,Velez Sarsfield,0.0,1.030674846625767,0.8022787028921998,1.2713409290096407,52.34259421560034,1.2456704645048202,2.40017528483786,4.5,0.8022787028921998,1.2021034180543382,1.1648553900087641,47.40026292725679,0.9651007887817705,2.7179228746713435,3.8,0,1.0,1.0,1,0.0,0.0,4.8,4.2,2.3,2.6
1732494600,Lanus,Defensa Y Justicia,0.0,0.5158584534731324,0.6304936653560507,1.2710353866317168,51.828047182175624,0.8681345565749233,2.40013106159895,4.5,1.6590650939274791,1.3730013106159895,1.164875491480996,48.429095674967236,1.6676976845784184,2.8892529488859786,3.8,0,1.0,1.0,1,0.0,0.0,4.8,4.2,2.3,2.6
1732572000,Central Cordoba de Santiago,Rosario Central,0.0,1.370356472795497,0.801688555347092,1.9530956848030019,52.853001876172605,1.5175703564727951,2.400093808630392,4.5,0.6301393728222997,1.029616724738676,0.650609756097561,47.40078397212544,0.844581881533101,2.803440766550525,3.8,0,1.0,1.0,2,0.0,1.0,4.8,4.8,2.8,2.6
1732580100,Argentinos JRS,Barracas Central,0.0,1.5433782023447677,0.2873643074250978,2.1271385149804605,53.8840208423795,1.6559270516717322,2.314546244029525,4.5,0.6302214502822405,1.2005210594876248,1.1657837603126358,47.144550586191926,0.8446287451150674,2.8890577507598802,3.8,0,1.0,1.0,2,0.0,1.0,4.8,4.8,2.8,2.6
1732580100,Belgrano Cordoba,Independ. Rivadavia,0.0,1.3714285714285714,0.9731601731601731,1.4406926406926408,52.59740259740259,1.5183982683982682,2.4861471861471847,4.5,0.6303030303030303,1.542857142857143,0.480952380952381,46.63116883116883,0.8446753246753246,2.8889610389610407,3.8,0,1.0,1.0,2,0.0,2.0,4.8,5.4,2.8,2.6
1732658400,Newells Old Boys,Independiente,0.0,1.5423392317652138,1.6593871385412169,1.4399654725938715,51.824428139836,1.6380146741476045,2.486318515321535,4.5,0.8024169184290031,0.6917499419009993,1.1650476411805717,48.166000464792006,0.9823797350685569,2.718777597025334,3.8,0,1.0,1.0,0,2.0,1.0,6.0,4.8,2.3,3.1
1732666500,Union Santa Fe,Talleres Cordoba,0.0,1.199827882960413,0.8023235800344235,1.7833907056798624,52.596256454388985,1.3982788296041306,2.4862736660929414,4.5,0.8023235800344235,1.0283993115318417,1.5099827882960413,47.660886402753874,0.9822547332185887,2.717555938037868,3.8,0,1.0,1.0,2,2.0,3.0,6.0,6.0,2.8,2.6
1732666500,Sarmiento Junin,Platense,0.0,0.6858858858858858,1.1461175461175461,1.096954096954097,51.30965250965251,0.987112827112827,2.4864435864435848,4.5,0.6318318318318318,0.5144573144573146,1.3394251394251395,48.17606177606178,0.8458429858429859,2.6317460317460344,3.8,0,1.0,1.0,0,1.0,0.0,5.4,4.2,2.3,3.1
1732917600,San Lorenzo,Belgrano Cordoba,0.0,1.0308613542146476,0.9723629663749425,1.4434822662367572,52.08774758175956,1.246034085674804,2.485352372178718,4.5,1.3108245048364808,1.0308613542146476,1.3343159834177798,48.41994472593275,1.372169507139567,2.6343159834177823,3.8,0,1.0,1.0,2,0.0,2.0,4.8,5.4,2.8,2.6
1732924800,Estudiantes L.P.,River Plate,0.0,1.3687715269804823,0.9729047072330654,1.781171067738232,52.593800229621124,1.4994718714121698,2.3163030998851877,4.5,0.9729047072330654,0.8610792192881745,1.5044776119402985,48.16773823191733,1.1187370838117106,2.7188289322617707,3.8,0,1.0,1.0,2,1.0,2.0,5.4,5.4,2.8,2.6
1733005800,Rosario Central,Racing Club,0.0,1.1994505494505494,0.9734432234432234,1.1034798534798536,52.33901098901099,1.397847985347985,2.485714285714284,4.5,0.9753401360544217,1.1994897959183672,1.1693027210884352,47.66377551020408,1.1206377551020406,2.8888180272108865,3.8,0,1.0,1.0,2,0.0,2.0,4.8,5.4,2.8,2.6
1733005800,Banfield,Lanus,0.0,1.1989043597352202,0.9739785437114814,1.4411778132846382,52.337388724035605,1.3805204291257702,2.485893631590959,4.5,0.6355170052499429,1.3681351289659895,0.8293996804382562,46.90107281442592,0.8657110248801644,2.887856653732027,3.8,0,1.0,1.0,2,0.0,1.0,4.8,4.8,2.8,2.6
1733013900,Defensa Y Justicia,Godoy Cruz,0.0,1.0291306326809286,0.6355939918070095,1.7788802913063266,52.59030496131088,1.2616568047337275,2.3168411470186596,4.5,0.8048247610377788,1.7060537096040054,0.8303140646335914,46.64815657715066,0.967291761492945,2.8877560309512993,3.8,0,1.0,1.0,0,2.0,1.0,6.0,4.8,2.3,3.1
1733013900,Instituto Cordoba,Deportivo Riestra,0.0,1.0294985250737463,0.8049012933968687,1.441025641025641,52.33689584751531,1.2619378261856133,2.486022237349669,4.5,0.6356705241660994,1.0294985250737463,0.8298615838438848,47.40925799863852,0.8488722486952575,2.7186521443158638,3.8,0,1.0,1.0,0,2.0,1.0,6.0,4.8,2.3,3.1
1733083200,Independiente,Central Cordoba de Santiago,0.0,1.5420168067226891,0.46176470588235297,2.1243697478991597,53.620378151260496,1.6549159663865542,2.315546218487393,4.5,1.4903361344537815,0.6848739495798319,2.027310924369748,49.208193277310926,1.5325630252100844,2.631722689075633,3.8,0,1.0,1.0,0,2.0,0.0,6.0,4.2,2.3,3.1
1733091300,Velez Sarsfield,Sarmiento Junin,0.0,1.0302278366794495,0.2969095420708324,2.1191518159260094,53.09997744191293,1.2455718475073312,2.316692984434918,4.5,0.6353710805323709,1.5379201443717574,0.49050304534175504,46.64617640424092,0.8486397473494247,2.8881344461989644,3.8,0,1.0,1.0,0,1.0,0.0,5.4,4.2,2.3,3.1
1733100300,Boca Juniors,Gimnasia L.P.,0.0,1.3686009896536213,0.6349977507872244,1.9505173189383715,53.1004048582996,1.51625730994152,2.401259559154294,4.5,0.46576698155645524,0.6916779127305444,0.8285200179937022,47.66113360323887,0.7299055330634276,2.7190283400809743,3.8,0,1.0,1.0,0,1.0,0.0,5.4,4.2,2.3,3.1
1733169600,Barracas Central,Tigre,0.0,0.6915900426104508,1.1423189055842116,0.7664947297600359,51.32390670553936,0.9915586454361962,2.485826418479478,4.5,0.8038573671226733,0.8608208118412201,1.3357703520968827,47.91455483292218,0.9834806010316215,2.8037676609105207,3.8,0,1.0,1.0,1,0.0,0.0,4.8,4.2,2.3,2.6
1733177700,Platense,Union Santa Fe,0.0,0.8602862254025045,0.2957960644007156,2.120035778175313,52.84673524150268,1.1265474060822895,2.3165474060822877,4.5,0.8034883720930233,1.5372093023255815,0.8280858676207514,46.89941860465116,1.000134168157424,2.888282647584975,3.8,0,1.0,1.0,0,1.0,0.0,5.4,4.2,2.3,3.1
1733179500,Talleres Cordoba,Huracan,0.0,1.1986622073578594,0.6338907469342252,1.6129319955406913,52.84715719063544,1.3803121516164993,2.4011148272017815,4.5,1.4800445930880715,1.537123745819398,1.3353400222965441,47.91438127090301,1.5075585284280937,2.8037904124860673,3.8,0,1.0,1.0,0,1.0,0.0,5.4,4.2,2.3,3.1
1733185800,Independ. Rivadavia,Argentinos JRS,0.0,1.1985771453979546,0.6335260115606937,2.1212094264117387,52.84757670075589,1.363308136949755,2.3164517563361473,4.5,0.4642952423299245,1.1985771453979546,0.3195197865718097,46.89857714539795,0.7288305913739438,2.9731436193863963,3.8,0,1.0,1.0,0,2.0,1.0,6.0,4.8,2.3,3.1
1733187600,Atletico Tucuman,Newells Old Boys,0.0,1.7132976533552902,1.4883491148620833,1.78452037875669,52.337422807739806,1.7747550432276658,2.4866611774392737,4.5,0.6336067390822434,2.0450897805364665,0.3190866770117491,45.882775437818665,0.8811837729993348,2.9732653513633363,3.8,0,1.0,1.0,1,0.0,0.0,4.8,4.2,2.3,2.6
1733349600,Racing Club,Estudiantes L.P.,0.0,2.0445623342175065,1.1409372236958444,2.4599469496021222,53.35543766578249,2.0401149425287355,2.316357206012376,4.5,0.9737274220032841,1.1985221674876847,1.1677339901477832,47.6628078817734,1.1022824302134646,2.717939244663385,3.8,0,1.0,1.0,2,4.0,5.0,7.199999999999999,7.2,2.8,2.6
1733356800,River Plate,San Lorenzo,0.0,2.056815390912812,0.8040114613180516,1.954973393368809,53.879205894392136,2.066729431027425,2.401064265247644,4.5,0.6325828898894801,0.8568153909128122,1.3399918133442488,47.663651248465,0.8464920180106426,2.803561195251742,3.8,0,1.0,1.0,1,1.0,1.0,5.4,4.8,2.3,2.6
1733515200,Deportivo Riestra,Barracas Central,0.0,1.372952380952381,0.9771428571428572,1.4377142857142857,52.593714285714285,1.519542857142857,2.3142857142857123,4.5,0.6304761904761905,1.1996190476190476,1.1706666666666667,47.14628571428571,0.8447619047619046,2.8899047619047638,3.8,0,1.0,1.0,1,0.0,0.0,4.8,4.2,2.3,2.6
1733526000,Sarmiento Junin,Defensa Y Justicia,0.0,0.6791642924976258,0.6301614434947769,1.6107882241215574,52.07350427350428,0.981872744539411,2.4009116809116793,4.5,1.670161443494777,1.1991642924976258,1.3440075973409307,48.70649572649573,1.6765318138651473,2.803152896486232,3.8,0,1.0,1.0,1,1.0,1.0,5.4,4.8,2.3,2.6
1733601600,Lanus,Instituto Cordoba,0.0,0.3324242424242424,0.4568939393939394,1.2638636363636364,51.81329545454546,0.7391363636363634,2.4008712121212104,4.5,0.8035606060606061,1.7190909090909092,0.4773484848484848,46.62670454545455,0.9832348484848485,2.88973484848485,3.8,0,1.0,1.0,0,2.0,0.0,6.0,4.2,2.3,3.1
1733608800,Union Santa Fe,Velez Sarsfield,0.0,1.0260623229461756,1.149915014164306,1.2643626062322946,51.81422096317281,1.2593692162417371,2.5741643059490067,4.5,0.629915014164306,1.199395656279509,0.8236449480642115,47.14577903682719,0.8443399433427762,2.7165061378659137,3.8,0,1.0,1.0,0,1.0,0.0,5.4,4.2,2.3,3.1
1733616900,Central Cordoba de Santiago,Racing Club,0.0,1.0278450363196125,0.8031476997578693,1.4409200968523002,52.33704600484261,1.2606779661016945,2.4865617433414027,4.5,1.3229378531073446,0.8526553672316384,1.6899435028248588,48.70542372881356,1.3814463276836157,2.803276836158194,3.8,0,1.0,1.0,0,3.0,1.0,6.6,4.8,2.3,3.1
1733688000,Gimnasia L.P.,Talleres Cordoba,0.0,0.8533333333333333,0.8030046948356807,1.4386854460093896,52.075492957746484,1.121164319248826,2.4874178403755853,4.5,0.976338028169014,1.0266666666666666,1.8629107981220658,47.92450704225352,1.1214835680751174,2.7167136150234765,3.8,0,1.0,1.0,2,0.0,1.0,4.8,4.8,2.8,2.6
1733688000,Godoy Cruz,Banfield,0.0,0.8528838951310861,0.6297378277153558,1.2647191011235954,52.334719101123596,1.120831460674157,2.4008988764044927,4.5,0.8030711610486891,1.5462172284644196,0.47700374531835205,46.8852808988764,0.9655205992509364,2.8899625468164816,3.8,0,1.0,1.0,0,4.0,0.0,7.199999999999999,4.2,2.3,3.1
1733696100,River Plate,Rosario Central,0.0,1.5472642390289448,0.8027637721755368,1.61187675070028,53.116750700280114,1.6589915966386553,2.400859010270773,4.5,0.8027637721755368,0.8539309056956116,1.1699719887955182,47.923249299719885,0.965295985060691,2.7167320261437933,3.8,0,1.0,1.0,0,4.0,0.0,7.199999999999999,4.2,2.3,3.1
1733702400,Newells Old Boys,Boca Juniors,0.0,1.7216387337057728,1.8424581005586593,1.4390316573556796,51.81877094972067,1.7811471135940407,2.487486033519551,4.5,0.45579143389199256,1.2016387337057728,0.8229422718808194,46.88122905027933,0.7397392923649906,2.890167597765365,3.8,0,1.0,1.0,2,0.0,1.0,4.8,4.8,2.8,2.6
1733774400,Tigre,Independ. Rivadavia,0.0,0.8545218198700093,0.9758588672237697,1.2650696378830084,51.817994428969364,1.139480037140204,2.4009656453110475,4.5,0.9758588672237697,1.201188486536676,0.9970287836583102,47.66200557103064,1.103777158774373,2.8034168987929453,3.8,0,1.0,1.0,2,0.0,2.0,4.8,5.4,2.8,2.6
1733782500,Belgrano Cordoba,Estudiantes L.P.,0.0,1.2007407407407407,1.1496296296296296,1.2644444444444445,52.07666666666667,1.3991481481481478,2.5744444444444428,4.5,1.842962962962963,1.5474074074074073,1.6911111111111112,48.443333333333335,1.780111111111111,2.630000000000002,3.8,0,1.0,1.0,1,2.0,2.0,6.0,5.4,2.3,2.6
1733782500,Argentinos JRS,San Lorenzo,0.0,1.0277008310249307,0.45673130193905814,1.6108587257617728,52.85645429362881,1.2607054478301012,2.401071098799629,4.5,0.8033979686057249,0.681034164358264,1.5177839335180057,48.18354570637119,0.9657765466297323,2.716583564173594,3.8,0,1.0,1.0,0,1.0,0.0,5.4,4.2,2.3,3.1
1733790600,Huracan,Platense,0.0,0.8542909760589319,0.28309392265193367,1.7846777163904235,52.85679558011049,1.1393001841620625,2.314364640883976,4.5,0.456427255985267,0.5076243093922652,1.170755064456722,47.9232044198895,0.7228876611418046,2.7166850828729308,3.8,0,1.0,1.0,0,1.0,0.0,5.4,4.2,2.3,3.1
1733790600,Independiente,Atletico Tucuman,0.0,1.894214876033058,0.4561248852157943,2.478494031221304,54.1571349862259,1.9192286501377407,2.3143250688705215,4.5,0.28870523415977967,1.0295159386068478,0.48256591892955536,46.88878394332939,0.6057142857142856,2.889413616686346,3.8,0,1.0,1.0,0,2.0,1.0,6.0,4.8,2.3,3.1
1734127200,Estudiantes L.P.,Argentinos JRS,0.0,1.372684458398744,1.1459183673469386,1.6131868131868132,52.34014913657771,1.502268445839874,2.401020408163263,4.5,0.6316326530612245,1.5441130298273156,0.13932496075353223,46.63127943485086,0.8457535321821035,3.0609497645211956,3.8,0,1.0,1.0,1,2.0,2.0,6.0,5.4,2.3,2.6
1734127200,Barracas Central,Lanus,0.0,0.687279843444227,0.9749510763209394,0.92720156555773,51.56849315068494,0.9882191780821916,2.400978473581211,4.5,0.803522504892368,0.8587084148727985,1.339334637964775,47.91722113502935,0.9832485322896282,2.8037181996086127,3.8,0,1.0,1.0,1,3.0,3.0,6.6,6.0,2.3,2.6
1734135300,Banfield,Sarmiento Junin,0.0,0.8594067135050742,1.1472287275565964,0.9269320843091335,51.56826697892272,1.125909445745511,2.5723653395784525,4.5,0.4615144418423107,1.54512099921936,0.31077283372365344,46.37459016393443,0.7267681498829038,2.9750585480093696,3.8,0,1.0,1.0,1,1.0,1.0,5.4,4.8,2.3,2.6
1734135300,San Lorenzo,Tigre,0.0,1.03075126508369,1.1472946671856752,1.440949785908914,51.82518489684703,1.2458310626702995,2.486609575710391,4.5,0.8044375243285325,0.6878941222265473,1.5107824056052939,48.17481510315298,0.9839470611132737,2.717827948618142,3.8,0,1.0,1.0,2,0.0,1.0,4.8,4.8,2.8,2.6
1734206400,Rosario Central,Belgrano Cordoba,0.0,0.8588509316770188,0.9759316770186335,0.9260093167701864,51.824378881987585,1.1426242236024842,2.5724767080745323,4.5,0.9759316770186335,0.6874223602484473,1.340139751552795,48.43276397515528,1.1039829192546582,2.6320263975155305,3.8,0,1.0,1.0,0,2.0,1.0,6.0,4.8,2.3,3.1
1734206400,Instituto Cordoba,Godoy Cruz,0.0,1.3734417344173442,0.8045683313975998,1.9550909794812235,52.85331010452962,1.5199999999999998,2.401006581494384,4.5,0.8045683313975998,1.5448703058459157,0.8254742547425475,46.88954703832752,0.9668757259001162,2.8892760356175007,3.8,0,1.0,1.0,2,1.0,3.0,5.4,6.0,2.8,2.6
1734214500,Boca Juniors,Independiente,0.0,1.544787644787645,0.4625482625482626,2.468725868725869,53.62335907335907,1.6399227799227796,2.315444015444013,4.5,0.8054054054054054,0.8590733590733591,0.9976833976833976,47.91949806949807,0.9846718146718147,2.8034749034749056,3.8,0,1.0,1.0,1,0.0,0.0,4.8,4.2,2.3,2.6
1734221700,Racing Club,River Plate,0.0,2.4014632268001543,1.8336542164035425,1.954177897574124,52.851713515594916,2.325290720061609,2.401116673084326,4.5,1.1479399306892568,1.0300346553715827,1.511975356180208,48.176857912976516,1.2587216018482865,2.717674239507126,3.8,0,1.0,1.0,0,1.0,0.0,5.4,4.2,2.3,3.1
1734292800,Defensa Y Justicia,Union Santa Fe,0.0,1.372811059907834,0.8047619047619048,2.1261136712749615,52.85207373271889,1.519500768049155,2.315360983102916,4.5,0.6333333333333333,1.5442396313364055,0.6544546850998464,46.63364055299539,0.8813440860215053,2.974923195084487,3.8,0,1.0,1.0,1,0.0,0.0,4.8,4.2,2.3,2.6
1734292800,Platense,Gimnasia L.P.,0.0,0.8580620451934126,0.29015702795863657,2.125852163921869,52.85185752585217,1.124871696667943,2.3153198008425866,4.5,0.29015702795863657,0.6866334737648411,0.654461891995404,47.40528533129069,0.6068249712753733,2.803408655687478,3.8,0,1.0,1.0,0,1.0,0.0,5.4,4.2,2.3,3.1
1734301800,Velez Sarsfield,Huracan,0.0,0.857983193277311,0.28983957219251344,2.1263559969442323,52.8522154316272,1.1076546982429334,2.315278838808248,4.5,1.4898395721925135,1.5436974789915967,1.3398013750954927,47.91921313980137,1.5151642475171887,2.8035141329258995,3.8,0,1.0,1.0,0,2.0,0.0,6.0,4.2,2.3,3.1
1734301800,Talleres Cordoba,Newells Old Boys,0.0,1.0297142857142858,0.6323809523809524,1.6125714285714285,52.596,1.2450285714285714,2.4009523809523787,4.5,0.6323809523809524,1.544,0.4822857142857143,46.632571428571424,0.8806476190476189,2.889333333333335,3.8,0,1.0,1.0,2,1.0,3.0,5.4,6.0,2.8,2.6
1734393600,Atletico Tucuman,Central Cordoba de Santiago,0.0,1.3743262411347517,0.8043262411347518,1.9578014184397163,52.855,1.5206241134751772,2.401028368794324,4.5,0.9776595744680852,0.8543262411347518,1.517517730496454,48.184999999999995,1.1398723404255318,2.7166312056737607,3.8,0,1.0,1.0,0,2.0,0.0,6.0,4.2,2.3,3.1
1734393600,Independ. Rivadavia,Deportivo Riestra,0.0,1.3727927245168625,0.8043198181129216,2.126714664645699,52.85270935960591,1.5023266388783627,2.3153467222432713,4.5,0.8043198181129216,1.3727927245168625,0.6541114058355437,47.14729064039409,0.9667752936718454,2.803637741568778,3.8,0,1.0,1.0,1,0.0,0.0,4.8,4.2,2.3,2.6
1737669600,Godoy Cruz,Rosario Central,0.0,1.3757936507936506,0.453505291005291,1.6106481481481483,53.38343253968254,1.5392394179894178,2.400892857142855,4.5,0.6285052910052911,1.2007936507936507,1.1723544973544975,47.14156746031746,0.8432275132275131,2.7156084656084674,3.8,0,1.0,1.0,2,0.0,3.0,4.8,6.0,2.8,2.6
1737669600,Tigre,Velez Sarsfield,0.0,0.6753957783641161,1.154221635883905,1.0850923482849604,51.281761213720316,1.0139445910290237,2.4885224274406315,4.5,0.629221635883905,0.8503957783641162,0.8230211081794196,47.66823878627969,0.8437862796833772,2.7155343007915587,3.8,0,1.0,1.0,0,3.0,0.0,6.6,4.2,2.3,3.1
1737678600,Defensa Y Justicia,Banfield,0.0,1.027719298245614,0.6308771929824561,1.784561403508772,52.595263157894735,1.2607017543859647,2.3143859649122787,4.5,0.6289473684210527,1.9009868421052631,0.4726973684210527,46.09194078947368,0.8435855263157893,2.8906250000000013,3.8,0,1.0,1.0,2,0.0,1.0,4.8,4.8,2.8,2.6
1737678600,Newells Old Boys,Independ. Rivadavia,0.0,1.3755905511811022,1.854002624671916,0.90997375328084,51.282381889763776,1.5216141732283464,2.5761154855643023,4.5,1.1540026246719162,1.0255905511811023,1.3483595800524932,48.19261811023622,1.2461154855643044,2.8030511811023633,3.8,0,1.0,1.0,2,0.0,1.0,4.8,4.8,2.8,2.6
1737678600,Lanus,Deportivo Riestra,0.0,0.675196335078534,0.4540575916230367,1.6094240837696336,52.33170811518324,0.9963219895287956,2.4012434554973803,4.5,0.6309947643979058,0.853542757417103,0.8256195462478185,47.66617801047121,0.8452216404886561,2.716509598603841,3.8,0,1.0,1.0,2,0.0,2.0,4.8,5.4,2.8,2.6
1737748800,Barracas Central,Racing Club,0.0,1.0264577893820714,1.3247345517841602,0.9161357702349869,51.55258485639686,1.2597667536988686,2.401462140992165,4.5,1.5044386422976503,1.199804177545692,1.6996736292428198,48.456951697127934,1.5089360313315927,2.8029046997389044,3.8,0,1.0,1.0,2,1.0,3.0,5.4,6.0,2.8,2.6
1737756900,Independiente,Sarmiento Junin,0.0,1.7247395833333332,0.4551432291666667,2.4833333333333334,53.90439453125,1.783470052083333,2.313997395833331,4.5,0.45881944444444445,1.1997222222222224,0.4803472222222222,46.888645833333335,0.724784722222222,2.8896875000000013,3.8,0,1.0,1.0,0,2.0,1.0,6.0,4.8,2.3,3.1
1737763200,Belgrano Cordoba,Huracan,0.0,1.2,1.5051948051948054,0.9087662337662339,51.54220779220779,1.398668831168831,2.5764610389610367,4.5,1.3255411255411256,1.72,1.1733333333333333,47.408311688311684,1.400813852813853,2.8897835497835507,3.8,0,1.0,1.0,1,1.0,1.0,5.4,4.8,2.3,2.6
1737835200,San Lorenzo,Talleres Cordoba,0.0,0.6795176571920758,1.1523169681309215,0.9152110249784668,51.290801033591734,0.9822084409991385,2.574987080103357,4.5,0.9802971576227391,1.024547803617571,1.8756459948320414,47.93362403100775,1.1245671834625321,2.7152777777777795,3.8,0,1.0,1.0,0,1.0,0.0,5.4,4.2,2.3,3.1
1737843300,Estudiantes L.P.,Union Santa Fe,0.0,1.5461168384879724,1.4986941580756015,1.26233676975945,52.07113402061856,1.6408109965635738,2.401615120274912,4.5,0.6320274914089347,1.372783505154639,0.8270103092783505,46.88886597938144,0.8806597938144328,2.889725085910654,3.8,0,1.0,1.0,0,3.0,1.0,6.6,4.8,2.3,3.1
1737843300,Instituto Cordoba,Gimnasia L.P.,0.0,1.2000685518423309,1.3254155955441302,1.436126820908312,51.8119794344473,1.3812956298200514,2.4882433590402724,4.5,0.2854155955441302,0.8534018851756641,0.48,47.1480205655527,0.6033556126820907,2.8898200514138828,3.8,0,1.0,1.0,0,3.0,0.0,6.6,4.2,2.3,3.1
1737851400,Platense,River Plate,0.0,1.0273504273504273,0.28512820512820514,2.4765811965811966,53.11333333333334,1.243111111111111,2.3148717948717925,4.5,1.1517948717948718,1.2006837606837606,1.3463247863247862,47.92666666666667,1.2618119658119658,2.8032478632478646,3.8,0,1.0,1.0,1,1.0,1.0,5.4,4.8,2.3,2.6
1737928800,Boca Juniors,Argentinos JRS,0.0,1.3739471440750213,0.4585166240409207,2.129684569479966,53.373145780051146,1.5203785166240409,2.3148337595907904,4.5,0.9785166240409208,1.720613810741688,0.3063256606990622,46.88685421994885,1.1058414322250636,2.9765046888320557,3.8,0,1.0,1.0,1,0.0,0.0,4.8,4.2,2.3,2.6
1738018800,Banfield,Newells Old Boys,0.0,0.8534690415606446,0.9779474130619169,1.0899067005937235,51.8132824427481,1.1213435114503816,2.4880916030534332,4.5,0.6312807463952502,1.2001357082273114,0.8259881255301103,47.146717557251904,0.880091603053435,2.8898558100084824,3.8,0,1.0,1.0,0,3.0,0.0,6.6,4.2,2.3,3.1
1738094400,Deportivo Riestra,San Martin S.J.,0.0,0.8506979695431472,0.45406091370558377,1.434708121827411,52.594955583756345,1.1192068527918781,2.3138007614213176,4.5,0.8324873096446701,1.2055837563451777,0.9923857868020305,47.44035532994924,1.0091370558375623,2.8246192893401094,3.8,0,1.0,1.0,1,0.0,0.0,4.8,4.2,2.3,2.6
1738102500,Sarmiento Junin,Godoy Cruz,0.0,0.6753164556962026,0.8037974683544304,1.259493670886076,51.80727848101266,0.9789240506329113,2.4012658227848083,4.5,1.150717299578059,1.7203375527426161,0.8256540084388185,47.14556962025316,1.2436793248945148,2.8898734177215197,3.8,0,1.0,1.0,1,0.0,0.0,4.8,4.2,2.3,2.6
1738102500,Rosario Central,Lanus,0.0,0.6799326599326598,1.1504377104377104,0.9165656565656566,51.29424242424243,0.9998855218855217,2.5746464646464626,4.5,1.1504377104377104,1.0265993265993265,1.518989898989899,48.18575757575758,1.2608080808080806,2.716464646464648,3.8,0,1.0,1.0,0,2.0,1.0,6.0,4.8,2.3,3.1
1738110600,Independ. Rivadavia,Barracas Central,0.0,1.2002015113350126,0.6304953820319059,2.1303442485306467,52.85455919395466,1.381424013434089,2.3146095717884108,4.5,0.45358942065491187,0.8501889168765744,1.3487405541561712,47.405100755667505,0.7207871536523928,2.8030226700251895,3.8,0,1.0,1.0,1,0.0,0.0,4.8,4.2,2.3,2.6
1738110600,Velez Sarsfield,Platense,0.0,1.026465661641541,0.2835510887772194,2.1301172529313237,53.11437185929648,1.2424589614740367,2.3145728643216055,4.5,0.2783291457286432,0.49981155778894476,0.9987437185929648,47.667776381909555,0.5980967336683415,2.802952261306533,3.8,0,1.0,1.0,2,0.0,1.0,4.8,4.8,2.8,2.6
1738180800,Talleres Cordoba,Independiente,0.0,1.1993984962406015,1.1502756892230577,1.4362238930659983,52.07368421052632,1.3634954051796155,2.4880367585630725,4.5,0.6302756892230577,0.6793984962406014,0.9993316624895572,47.92631578947368,0.862001670843776,2.8030743525480375,3.8,0,1.0,1.0,2,2.0,3.0,6.0,6.0,2.8,2.6
1738180800,Gimnasia L.P.,San Lorenzo,0.0,0.8496875,0.8040625000000001,1.4334375,52.0684375,1.11846875,2.4889062499999977,4.5,0.6290625000000001,0.6746875,1.3499999999999999,47.9315625,0.8436562499999999,2.8028125000000004,3.8,0,1.0,1.0,2,0.0,2.0,4.8,5.4,2.8,2.6
1738188900,Huracan,Estudiantes L.P.,0.0,0.49931421446384044,0.10442643391521197,1.7829177057356609,52.592331670822944,0.8556920199501246,2.3140274314214437,4.5,1.854426433915212,1.7243142144638404,1.3506234413965086,48.19516832917705,1.7889339152119699,2.627743142144639,3.8,0,1.0,1.0,1,0.0,0.0,4.8,4.2,2.3,2.6
1738188900,Union Santa Fe,Boca Juniors,0.0,1.1989427860696518,0.8041666666666667,1.7827114427860695,52.59216417910448,1.3804166666666666,2.4889925373134307,4.5,0.6291666666666667,0.8489427860696518,1.3506218905472636,47.670335820895524,0.8612437810945273,2.8026741293532345,3.8,0,1.0,1.0,1,1.0,1.0,5.4,4.8,2.3,2.6
1738197000,River Plate,Instituto Cordoba,0.0,2.2488833746898265,0.6292183622828784,2.1325062034739455,54.429497518610425,2.202859801488833,2.313957816377169,4.5,0.6292183622828784,1.8988833746898264,0.30062034739454097,46.09550248138958,0.8612717121588089,2.977605459057073,3.8,0,1.0,1.0,0,1.0,0.0,5.4,4.2,2.3,3.1
1738267200,Aldosivi,Defensa Y Justicia,0.0,1.1905940594059405,0.8316831683168316,1.6633663366336633,52.538366336633665,1.3824257425742563,2.411386138613844,4.5,1.853960396039604,1.1988242574257426,1.5253094059405943,48.9827042079208,1.806082920792079,2.7151918316831694,3.8,0,1.0,1.0,2,0.0,5.0,4.8,7.2,2.8,2.6
1738275300,Racing Club,Belgrano Cordoba,0.0,2.411687242798354,1.6722633744855968,2.3012345679012345,53.10913580246914,2.3333662551440324,2.4016460905349772,4.5,1.1522633744855968,1.0250205761316873,1.174320987654321,48.190864197530864,1.2275720164609054,2.7161316872427994,3.8,0,1.0,1.0,0,4.0,0.0,7.199999999999999,4.2,2.3,3.1
1738283400,Argentinos JRS,Tigre,0.0,1.1993226600985223,0.4549876847290641,1.957820197044335,53.11650246305419,1.3807142857142856,2.401508620689653,4.5,0.6319868637110017,0.5059441707717569,1.520656814449918,48.18906403940886,0.8460361247947452,2.716223316912973,3.8,0,1.0,1.0,0,1.0,0.0,5.4,4.2,2.3,3.1
1738283400,Central Cordoba de Santiago,Atletico Tucuman,0.0,1.0242628992628993,0.8047297297297298,1.4332309582309581,52.329299754299754,1.258157248157248,2.4889742014741993,4.5,0.6297297297297297,1.0242628992628993,0.8253071253071254,47.40820024570024,0.8442199017199015,2.8902948402948407,3.8,0,1.0,1.0,0,2.0,0.0,6.0,4.2,2.3,3.1
1738440000,Barracas Central,Banfield,0.0,1.0245098039215685,1.6794730392156862,0.7336397058823529,51.01755514705882,1.258345588235294,2.48893995098039,4.5,0.6277393310265282,1.728950403690888,0.823529411764706,46.34818339100346,0.8426182237600921,2.8909457900807385,3.8,0,1.0,1.0,0,1.0,0.0,5.4,4.2,2.3,3.1
1738447200,San Martin S.J.,Rosario Central,0.0,0.7970660146699268,0.8891605541972292,1.114914425427873,51.86185819070906,1.0908720456397714,2.540831295843509,4.5,1.156910686034805,1.1994822378829282,1.5291241190852871,47.93614267222782,1.2483244642600315,2.714554868402129,3.8,0,1.0,1.0,1,0.0,0.0,4.8,4.2,2.3,2.6
1738454400,Lanus,Sarmiento Junin,0.0,0.6697274031563846,0.4507890961262554,1.6083213773314204,52.328407460545186,0.9922525107604017,2.4012912482065976,4.5,0.45396341463414636,1.3740853658536585,0.2996951219512195,46.61981707317073,0.7211585365853658,2.977896341463415,3.8,0,1.0,1.0,0,2.0,0.0,6.0,4.2,2.3,3.1
1738526400,San Lorenzo,River Plate,0.0,0.674330900243309,1.1537104622871046,0.9092457420924575,51.2809306569343,0.978205596107056,2.57633819951338,4.5,1.3287104622871044,1.3743309002433088,1.3493917274939171,47.931569343065696,1.3859732360097323,2.8029805352798056,3.8,0,1.0,1.0,1,0.0,0.0,4.8,4.2,2.3,2.6
1738534500,Boca Juniors,Huracan,0.0,1.198968446601942,0.2784587378640777,2.1340412621359226,53.380764563106794,1.3979368932038834,2.313804611650483,4.5,1.3284587378640775,1.8989684466019416,0.8243932038834952,47.144235436893204,1.4032888349514563,2.890412621359224,3.8,0,1.0,1.0,0,2.0,1.0,6.0,4.8,2.3,3.1
1738534500,Newells Old Boys,Aldosivi,0.0,1.1992593647628542,1.8621279020082608,0.7265346816692779,51.00569719413189,1.398233869819114,2.665902293120636,4.5,0.5520581113801454,1.129136400322841,0.6618240516545603,47.134382566585955,0.8043583535108948,2.9159806295399537,3.8,0,1.0,1.0,0,1.0,0.0,5.4,4.2,2.3,3.1
1738542600,Independiente,Gimnasia L.P.,0.0,1.9050866723500994,0.4501278772378517,2.8445581131003124,54.18243819266837,1.927593066211992,2.312929809604999,4.5,0.10326086956521739,1.1991545893719806,0.298792270531401,46.356159420289856,0.4756340579710143,2.978079710144928,3.8,0,1.0,1.0,0,2.0,0.0,6.0,4.2,2.3,3.1
1738542600,Instituto Cordoba,Velez Sarsfield,0.0,1.7243975903614457,1.3280120481927709,1.7852409638554216,52.59457831325301,1.783253012048193,2.488704819277106,4.5,0.4498936924167258,1.1994330262225372,0.6456413890857549,46.87569099929128,0.7180722891566264,2.8029766123316797,3.8,0,1.0,1.0,0,2.0,0.0,6.0,4.2,2.3,3.1
1738612800,Defensa Y Justicia,Central Cordoba de Santiago,0.0,1.0246394230769231,0.8027644230769231,1.6106370192307693,52.332812499999996,1.2584374999999999,2.401171874999998,4.5,0.627764423076923,1.1996394230769232,0.9981971153846154,47.1421875,0.8777704326923075,2.8032451923076924,3.8,0,1.0,1.0,0,2.0,1.0,6.0,4.8,2.3,3.1
1738620900,Tigre,Union Santa Fe,0.0,0.6704753843983637,1.1555931725208068,1.0809705177034843,51.27232331781634,1.010466920581182,2.489307377627308,4.5,0.27781774580335733,1.5498800959232615,0.29790167865707434,46.09190647482015,0.5977997601918463,2.9783273381294966,3.8,0,1.0,1.0,0,1.0,0.0,5.4,4.2,2.3,3.1
1738620900,Estudiantes L.P.,Racing Club,0.0,1.5498205741626796,1.3275717703349281,1.2614234449760766,52.33337320574162,1.6435645933014356,2.4011064593301414,4.5,1.861244019138756,1.023360540388404,2.2330424992963693,49.25682521812553,1.7942302279763576,2.714973262032086,3.8,0,1.0,1.0,0,2.0,0.0,6.0,4.2,2.3,3.1
1738629000,Belgrano Cordoba,Independ. Rivadavia,0.0,1.3765267443492908,1.508072441387056,1.081707145865506,51.80268145444335,1.5223501333707707,2.4892461041695895,4.5,1.3316018531517617,0.6706443914081146,1.8798259160466095,48.991436192615474,1.3705320791801205,2.7150498385511725,3.8,0,1.0,1.0,2,0.0,3.0,4.8,6.0,2.8,2.6
1738629000,Argentinos JRS,Platense,0.0,0.8467787114845939,0.4498599439775911,1.9635854341736694,52.595378151260505,1.0985714285714285,2.4011204481792694,4.5,0.27338935574229695,0.4938375350140056,0.9980392156862745,47.66932773109244,0.5945378151260503,2.803221288515406,3.8,0,1.0,1.0,0,1.0,0.0,5.4,4.2,2.3,3.1
1738713600,Atletico Tucuman,Deportivo Riestra,0.0,1.549643705463183,0.45273159144893116,2.4866983372921614,53.645368171021374,1.6609263657957245,2.313657957244653,4.5,0.8027315914489311,0.6746437054631829,1.172624703087886,48.19213182897862,0.9827672209026126,2.7160035629453687,3.8,0,1.0,1.0,2,0.0,3.0,4.8,6.0,2.8,2.6
1738872000,Aldosivi,Barracas Central,0.0,0.7962085308056872,2.2180094786729856,1.1263823064770933,49.867298578199055,1.090205371248025,2.5401263823064646,4.5,0.4502369668246446,0.6699191524951214,1.5277390577083916,47.67047672149428,0.7183718985224419,2.7149986060775024,3.8,0,1.0,1.0,2,1.0,3.0,5.4,6.0,2.8,2.6
1738882800,Sarmiento Junin,San Martin S.J.,0.0,0.493394520928939,0.6273119176748714,1.2571269642608818,51.7991239048811,0.8511611736893339,2.4013071895424813,4.5,0.5547675334909378,0.7959022852639875,0.9936958234830575,47.63829787234043,0.806776989755712,2.75130023640662,3.8,0,1.0,1.0,1,1.0,1.0,5.4,4.8,2.3,2.6
1738961100,Banfield,Belgrano Cordoba,0.0,1.0241745283018868,0.8040683962264151,1.085495283018868,52.3301591981132,1.258054245283019,2.4888561320754694,4.5,0.9790683962264151,1.549174528301887,0.9988207547169812,47.144840801886794,1.1062971698113204,2.8033018867924526,3.8,0,1.0,1.0,1,1.0,1.0,5.4,4.8,2.3,2.6
1738969200,Central Cordoba de Santiago,Newells Old Boys,0.0,1.3756401384083043,0.6274048442906575,1.962629757785467,53.12235294117647,1.5216470588235296,2.4012456747404824,4.5,0.6291176470588236,1.3741176470588234,0.8238235294117647,46.88249999999999,0.8788235294117646,2.8907352941176474,3.8,0,1.0,1.0,0,2.0,0.0,6.0,4.2,2.3,3.1
1738969200,Huracan,Tigre,0.0,0.49351008008837344,0.09776304888152447,1.7865230599281965,52.59362054681028,0.8512289422811379,2.312979839823251,4.5,0.4538732394366197,0.4993544600938967,1.3485328638497651,47.93177816901409,0.7211443661971828,2.8033157276995304,3.8,0,1.0,1.0,0,2.0,0.0,6.0,4.2,2.3,3.1
1738977300,Independ. Rivadavia,Estudiantes L.P.,0.0,1.0245901639344261,0.6286299765807963,1.7860655737704918,52.59394028103044,1.258360655737705,2.3137587822014023,4.5,1.6857693897231023,1.552555448408872,1.351288056206089,48.199820911971344,1.6714974514395924,2.626725444276071,3.8,0,1.0,1.0,1,2.0,2.0,6.0,5.4,2.3,2.6
1738977300,Union Santa Fe,Argentinos JRS,0.0,1.3763056624518966,0.8037383177570094,1.9631665750412315,52.858851017042326,1.5045079714128642,2.4011544804837803,4.5,0.8039719626168225,1.37482476635514,0.4732476635514019,47.14372079439252,0.9837266355140185,2.8908294392523364,3.8,0,1.0,1.0,2,0.0,1.0,4.8,4.8,2.8,2.6
1739048400,Velez Sarsfield,San Lorenzo,0.0,0.8494755244755245,0.27902097902097905,1.9603729603729603,52.85568181818182,1.118280885780886,2.401340326340324,4.5,0.9802550390785685,0.4936240230357878,1.8812559989030577,48.72994652406417,1.1070615658850949,2.7148361442479088,3.8,0,1.0,1.0,1,0.0,0.0,4.8,4.2,2.3,2.6
1739053800,Rosario Central,Atletico Tucuman,0.0,0.8491279069767442,1.153779069767442,1.2601744186046513,51.54302325581396,1.1355232558139536,2.5763081395348815,4.5,0.45061559507523946,1.1991792065663476,0.6459644322845417,46.87715458276333,0.7186593707250339,2.9794801641586868,3.8,0,1.0,1.0,0,3.0,1.0,6.6,4.8,2.3,3.1
1739056500,River Plate,Independiente,0.0,2.258495973795551,0.4506619353077659,2.492288794868295,54.71175105773168,2.21029070560939,2.312965743141802,4.5,0.8038283062645012,1.0246519721577727,0.9985498839907192,47.6687645011601,1.0011020881670532,2.8032772621809743,3.8,0,1.0,1.0,0,2.0,0.0,6.0,4.2,2.3,3.1
1739063700,Racing Club,Boca Juniors,0.0,2.424884259259259,1.153587962962963,2.3109375,53.90694444444444,2.343611111111111,2.4012442129629608,4.5,0.8033769063180829,0.49400871459694995,1.527777777777778,48.4640522875817,0.9832244008714596,2.7149237472766883,3.8,0,1.0,1.0,0,2.0,0.0,6.0,4.2,2.3,3.1
1739131200,Platense,Instituto Cordoba,0.0,0.8501154734411086,0.2783487297921478,2.136316397228638,52.85765011547344,1.1012875288683603,2.313712471131637,4.5,0.273739980980845,1.5530498573563376,0.29221573155821223,46.08103518543676,0.5948240728161932,2.979703844586333,3.8,0,1.0,1.0,0,1.0,0.0,5.4,4.2,2.3,3.1
1739131200,Deportivo Riestra,Defensa Y Justicia,0.0,0.49417186229330445,0.44998644619137984,1.081593927893738,52.06627812415289,0.8517484413120087,2.312876118189209,4.5,2.214692328544321,0.49417186229330445,2.0566549200325293,50.580780699376525,2.094659799403632,2.62683654106804,3.8,0,1.0,1.0,1,1.0,1.0,5.4,4.8,2.3,2.6
1739139300,Gimnasia L.P.,Godoy Cruz,0.0,0.49411764705882355,0.6265043948613929,1.4343475321162946,51.801419878296144,0.8516970926301555,2.4893171061528037,4.5,0.9781609195402299,1.55,0.8227011494252874,47.14224137931034,1.123103448275862,2.890948275862069,3.8,0,1.0,1.0,0,3.0,0.0,6.6,4.2,2.3,3.1
1739147400,Talleres Cordoba,Lanus,0.0,1.3755160550458714,1.5029243119266056,1.261869266055046,51.8088876146789,1.5040825688073396,2.5761181192660527,4.5,1.3279243119266053,1.2005160550458716,1.5224197247706424,48.1911123853211,1.3854300458715594,2.716026376146789,3.8,0,1.0,1.0,2,0.0,1.0,4.8,4.8,2.8,2.6
1739306700,Barracas Central,Central Cordoba de Santiago,0.0,1.2001615291425496,1.3322116031767397,1.2577735899851932,51.80192488894872,1.3812491587023827,2.401157625521602,4.5,0.8027998384708576,1.553102705613138,0.8216449051016288,46.87454569928658,1.0004307443801317,2.8914927984923944,3.8,0,1.0,1.0,1,3.0,3.0,6.6,6.0,2.3,2.6
1739314800,Boca Juniors,Independ. Rivadavia,0.0,0.8477034649476229,0.27397260273972607,2.1399409078699976,52.86059629331184,1.116921837228042,2.31289282836422,4.5,1.6920852359208522,0.48949771689497723,2.2426686960933537,49.80388127853881,1.6586149162861488,2.7141298833079652,3.8,0,1.0,1.0,0,2.0,0.0,6.0,4.2,2.3,3.1
1739314800,Estudiantes L.P.,Banfield,0.0,1.730269328688195,1.1561034436553665,1.6108803430255931,52.86124882754924,1.7876725177542545,2.401098753852336,4.5,0.44743103011895724,1.3785876993166286,0.820197418375095,46.60326499620349,0.7162389268539607,2.891976714755758,3.8,0,1.0,1.0,0,1.0,0.0,5.4,4.2,2.3,3.1
1739322900,Tigre,Racing Club,0.0,0.8452020202020203,1.1583333333333334,1.4328282828282828,51.530303030303024,1.1327525252525255,2.489898989898988,4.5,1.513888888888889,1.3785353535353533,1.7088383838383838,48.2030303030303,1.5338636363636362,2.803156565656565,3.8,0,1.0,1.0,0,1.0,0.0,5.4,4.2,2.3,3.1
1739322900,Belgrano Cordoba,Aldosivi,0.0,1.200705467372134,1.69145880574452,1.0776014109347443,51.26386999244143,1.3993701184177376,2.4898715041572164,4.5,0.41156462585034015,1.1031746031746033,0.4886621315192744,46.96258503401361,0.7017006802721077,2.9645124716553273,3.8,0,1.0,1.0,0,2.0,0.0,6.0,4.2,2.3,3.1
1739390400,Deportivo Riestra,Rosario Central,0.0,0.6675716440422323,0.6245852187028658,1.077928607340372,52.064479638009054,0.9728557063851182,2.3120663650075395,4.5,0.9801407742584213,1.0231271995977878,1.5305681246857719,47.93552036199095,1.1246706887883358,2.7144042232277523,3.8,0,1.0,1.0,1,0.0,0.0,4.8,4.2,2.3,2.6
1739393100,Newells Old Boys,Defensa Y Justicia,0.0,1.0228241785803862,1.1577125658389766,1.2555304740406321,51.797667419112116,1.2570754953599197,2.578705793829945,4.5,2.046601454727866,0.489490845247053,1.7083521444695258,50.335665914221224,1.9600752445447702,2.6254577376473534,3.8,0,1.0,1.0,2,0.0,1.0,4.8,4.8,2.8,2.6
1739401200,Argentinos JRS,Huracan,0.0,0.8447447447447448,0.2688688688688689,2.321771771771772,52.86381381381381,1.096851851851852,2.401026026026024,4.5,0.8023317435082141,1.9062003179650238,0.2917329093799682,46.34419713831479,0.9824589295177528,2.979835718071012,3.8,0,1.0,1.0,1,1.0,1.0,5.4,4.8,2.3,2.6
1739401200,Independiente,Velez Sarsfield,0.0,1.7335830212234706,0.44669163545568047,2.854931335830212,53.93033707865169,1.7901373283395754,2.312109862671658,4.5,0.26891385767790266,1.378027465667915,0.4644194756554308,46.33632958801499,0.5912359550561795,2.892009987515605,3.8,0,1.0,1.0,0,3.0,0.0,6.6,4.2,2.3,3.1
1739409300,Godoy Cruz,River Plate,0.0,1.0242680031653917,0.9786336059087312,1.0820364020047482,52.068451595884994,1.2758111316275391,2.489264046425743,4.5,0.8021630176734371,1.0242680031653917,0.9973621735689792,47.666842521762064,0.9823265629121603,2.8033764178317058,3.8,0,1.0,1.0,1,0.0,0.0,4.8,4.2,2.3,2.6
1739479500,Lanus,Gimnasia L.P.,0.0,0.8448421575938355,0.4462838677603779,1.6106388267462095,52.59783743475019,1.1324881928908777,2.4009445687298014,4.5,0.09606527174628243,1.55336228451112,0.11501513357020664,45.81405448085275,0.47040400052638487,3.0680221081721277,3.8,0,1.0,1.0,1,0.0,0.0,4.8,4.2,2.3,2.6
1739487600,San Martin S.J.,Talleres Cordoba,0.0,0.6004464285714286,0.6573660714285714,1.0970982142857144,51.914620535714285,0.9452008928571428,2.4791294642857045,4.5,0.978203781512605,0.6706932773109244,1.8797268907563025,48.461265756302524,1.1231880252100839,2.715021008403361,3.8,0,1.0,1.0,2,0.0,1.0,4.8,4.8,2.8,2.6
1739487600,San Lorenzo,Platense,0.0,0.49390803091838076,0.978252325429058,0.9047556661862964,51.273483558233984,0.8515786715577099,2.577544870955061,4.5,0.2683494184607771,0.6664686958673596,0.8202425142291513,47.40282108389013,0.5908141549121503,2.8919079435783215,3.8,0,1.0,1.0,0,2.0,1.0,6.0,4.8,2.3,3.1
1739495700,Atletico Tucuman,Sarmiento Junin,0.0,1.376470588235294,0.9783006535947713,1.963921568627451,52.59725490196079,1.5399738562091503,2.4010457516339847,4.5,0.44888888888888895,1.5529411764705883,0.291764705882353,46.34392156862745,0.7173594771241828,2.979738562091503,3.8,0,1.0,1.0,0,5.0,0.0,7.8,4.2,2.3,3.1
1739495700,Union Santa Fe,Instituto Cordoba,0.0,1.023158413402316,0.9793052475979305,1.4329145109632913,52.06577974870658,1.2396058142399606,2.489849716678983,4.5,0.26819413648681945,1.3787139689578713,0.28642522788864255,46.33422025129343,0.5906922887410689,2.9809312638580927,3.8,0,1.0,1.0,1,0.0,0.0,4.8,4.2,2.3,2.6
1739574000,Banfield,Boca Juniors,0.0,1.0242061426340447,0.8014055179593962,1.08172826652785,52.33420093701197,1.258172826652785,2.489224362311294,4.5,0.8013274336283187,0.6673058013765979,1.5308751229105213,48.20103244837758,0.9816568338249753,2.714208456243854,3.8,0,1.0,1.0,2,0.0,1.0,4.8,4.8,2.8,2.6
1739649600,Aldosivi,Estudiantes L.P.,0.0,0.8515452538631346,2.4061810154525385,0.8454746136865342,49.66804635761589,1.1212472406181015,2.604635761589394,4.5,1.8680402256561197,1.7336767230806964,1.3535933284277655,48.20154525386313,1.8172381653176357,2.625263674270296,3.8,0,1.0,1.0,1,2.0,2.0,6.0,5.4,2.3,2.6
1739649600,Defensa Y Justicia,Barracas Central,0.0,1.0240995076444674,0.801762114537445,1.6105208603265095,52.33350608966053,1.2580979528375227,2.4010624514122805,4.5,0.8016642192853647,0.844982868330886,1.531375428291728,47.93502202643172,0.9996818404307388,2.714096916299559,3.8,0,1.0,1.0,1,1.0,1.0,5.4,4.8,2.3,2.6
1739657700,Central Cordoba de Santiago,Belgrano Cordoba,0.0,1.556043956043956,0.44615384615384623,2.320879120879121,53.66483516483516,1.665934065934066,2.4009768009767987,4.5,0.9782805429864253,1.553458306399483,0.9979314802844215,47.13723335488042,1.1055720749838394,2.8031027795733667,3.8,0,1.0,1.0,0,4.0,0.0,7.199999999999999,4.2,2.3,3.1
1739657700,Independ. Rivadavia,Tigre,0.0,1.2012383900928794,0.8015995872033025,1.7871517027863777,52.59945820433437,1.3997936016511867,2.3127708978328148,4.5,0.4486584107327142,0.6718266253869969,1.3506191950464395,47.665247678018574,0.7171826625386994,2.803173374613002,3.8,0,1.0,1.0,2,1.0,4.0,5.4,6.6,2.8,2.6
1739665800,Racing Club,Argentinos JRS,0.0,2.4364783112369675,1.1553610503282277,2.316128201827777,53.92167589136311,2.3526837430814775,2.401106963573173,4.5,0.8024198738576394,1.0247136053546144,0.998197966276226,47.66655940275454,0.9825331445488478,2.803114944008237,3.8,0,1.0,1.0,2,2.0,3.0,6.0,6.0,2.8,2.6
1739736000,Newells Old Boys,Rosario Central,0.0,0.6643989887382211,0.8026660537807401,1.2508848540565387,51.792599402436224,0.9883291197425879,2.5800275798666954,4.5,0.8026660537807401,0.8433463571592738,1.5356929441507698,47.938979544932195,1.0005515973339463,2.7132613192369566,3.8,0,1.0,1.0,2,1.0,2.0,5.4,5.4,2.8,2.6
1739744100,River Plate,Lanus,0.0,2.090147664003873,0.26976519002662797,2.497748729121278,54.73057371096587,2.0754103122730574,2.3123456790123433,4.5,1.1562219659105473,1.0248622324746892,1.528642829680892,48.197039600153786,1.247904652056901,2.714763552479815,3.8,0,1.0,1.0,0,1.0,0.0,5.4,4.2,2.3,3.1
1739752200,Huracan,Union Santa Fe,0.0,0.8456521739130436,0.09178743961352662,2.142512077294686,53.13079710144928,1.1153623188405797,2.312318840579708,4.5,0.2736572890025576,1.2012787723785165,0.29309462915601026,46.60856777493606,0.5948081841432222,2.979539641943733,3.8,0,1.0,1.0,0,1.0,0.0,5.4,4.2,2.3,3.1
1739752200,Talleres Cordoba,Atletico Tucuman,0.0,1.2012249585300498,1.3322700012759983,1.2571136914635703,51.80343243588108,1.3820977414827105,2.5777210667347172,4.5,0.6249216678717764,1.556712460833936,0.6432393347794649,46.60231381055676,0.8405061460592911,2.9807423475536265,3.8,0,1.0,1.0,1,1.0,1.0,5.4,4.8,2.3,2.6
1739822400,Gimnasia L.P.,San Martin S.J.,0.0,1.0233285233285234,0.6249639249639249,1.787109187109187,52.5975468975469,1.2574891774891779,2.490043290043288,4.5,0.6623376623376623,0.854978354978355,0.9945887445887446,47.711038961038966,0.8773809523809513,2.7130952380952347,3.8,0,1.0,1.0,0,1.0,0.0,5.4,4.2,2.3,3.1
1739822400,Sarmiento Junin,Deportivo Riestra,0.0,0.6677225821934246,0.8025437964962804,1.2540916726661868,51.79776817854572,0.9729973602111833,2.4011279097672165,4.5,1.332105196290179,0.6717062634989202,1.5278871807902428,48.990598399186894,1.388641849828484,2.714915512641341,3.8,0,1.0,1.0,0,2.0,1.0,6.0,4.8,2.3,3.1
1739830500,Platense,Independiente,0.0,1.0248478701825559,0.2733265720081136,2.4929006085192698,53.127281947261665,1.223326572008114,2.312931034482756,4.5,0.802738336713996,1.377789046653144,0.8217545638945234,47.137423935091284,1.0004310344827583,2.891455375253549,3.8,0,1.0,1.0,1,1.0,1.0,5.4,4.8,2.3,2.6
1739838600,Instituto Cordoba,San Lorenzo,0.0,1.7306767868437696,0.8027830487033524,2.3162555344718534,53.391840607210625,1.78798228969007,2.401138519924096,4.5,0.8026284348864995,0.490083632019116,1.5316606929510157,48.468817204301075,0.9826523297491038,2.7140979689366778,3.8,0,1.0,1.0,2,0.0,1.0,4.8,4.8,2.8,2.6
1739838600,Velez Sarsfield,Godoy Cruz,0.0,0.6715475889926786,0.2734158040898763,1.6099469830850797,52.59719767735421,0.9936379702095433,2.401237061348142,4.5,0.8028275687957587,1.377429941933855,0.8222671042665994,47.13809644029286,1.0004796768492805,2.891340570562988,3.8,0,1.0,1.0,2,0.0,2.0,4.8,5.4,2.8,2.6
1740168000,Deportivo Riestra,Talleres Cordoba,0.0,0.484796573875803,0.44490025921334386,1.071678124647808,52.05984447199369,0.844632029753184,2.311720951200268,4.5,1.1585058291696408,0.6672852724244588,2.243730668570069,48.73683083511777,1.2495550797049724,2.713990007137758,3.8,0,1.0,1.0,1,0.0,0.0,4.8,4.2,2.3,2.6
1740176100,Godoy Cruz,Platense,0.0,0.8447768281101615,0.8027540360873695,1.0754985754985755,52.06303418803419,1.150232668566002,2.4901234567901214,4.5,0.44471434997750786,1.0213675213675213,0.6414304993252362,47.135020242914976,0.7141790373369319,2.981623931623931,3.8,0,1.0,1.0,1,1.0,1.0,5.4,4.8,2.3,2.6
1740176100,Estudiantes L.P.,Central Cordoba de Santiago,0.0,1.7336176261549396,0.980573323856906,1.9642264866145462,53.129566453447055,1.790187159440891,2.401208244491824,4.5,1.3361288794124613,2.0891731817104953,0.8215114901682067,46.870433546552945,1.409433783463634,2.891660743899549,3.8,0,1.0,1.0,0,3.0,2.0,6.6,5.4,2.3,3.1
1740184200,Lanus,Velez Sarsfield,0.0,0.8427771556550951,0.44501679731243005,1.6085106382978724,52.596640537514006,1.1310190369540876,2.401119820828665,4.5,0.08712206047032475,1.7375139977603584,0.28331466965285557,45.52441209406494,0.463874580067189,2.9816349384098535,3.8,0,1.0,1.0,1,0.0,0.0,4.8,4.2,2.3,2.6
1740258000,Independiente,Instituto Cordoba,0.0,2.0951391216895745,0.44483182478489214,2.860990054754721,54.47546094535703,2.079240138562968,2.311621410213429,4.5,0.0869370879427869,0.8425075427422059,0.4622639401050397,46.86664431780087,0.46373896524751346,2.8921108503743422,3.8,0,1.0,1.0,0,2.0,0.0,6.0,4.2,2.3,3.1
1740263400,Boca Juniors,Aldosivi,0.0,1.0228342749529191,0.2693502824858758,2.142467043314501,53.13022598870057,1.2571186440677968,2.3122410546139336,4.5,0.32966101694915256,1.2822033898305083,0.3957627118644068,46.57118644067796,0.6416949152542364,2.990254237288132,3.8,0,1.0,1.0,0,2.0,1.0,6.0,4.8,2.3,3.1
1740270600,San Martin S.J.,River Plate,0.0,0.4828752642706131,0.7298097251585624,0.8739957716701903,51.62959830866808,0.8581395348837213,2.543974630021133,4.5,0.6249471458773784,0.6674653511862815,1.1763683345078695,47.936222692036644,0.8582710829222455,2.7140239605355876,3.8,0,1.0,1.0,2,0.0,2.0,4.8,5.4,2.8,2.6
1740271500,Rosario Central,Sarmiento Junin,0.0,1.3770166294365846,1.1561181434599157,1.7860511293124843,52.331347728965,1.5404070488955077,2.489501116902455,4.5,0.44744491326769814,2.0894045944678856,0.2879512423816222,45.53706047819971,0.7162587904360054,2.9806375996249406,3.8,0,1.0,1.0,0,1.0,0.0,5.4,4.2,2.3,3.1
1740344400,Huracan,San Lorenzo,0.0,0.8425484764542936,0.08686980609418282,2.1457063711911357,53.13351800554017,1.1129529085872578,2.3116343490304687,4.5,0.8026592797783934,0.4846537396121884,1.5357340720221606,48.47700831024931,0.9826371191135732,2.713296398891966,3.8,0,1.0,1.0,0,2.0,0.0,6.0,4.2,2.3,3.1
1740355200,Belgrano Cordoba,Defensa Y Justicia,0.0,1.021671826625387,1.518266253869969,1.072313135780628,51.25510835913313,1.2562450243255199,2.4905572755417933,4.5,1.518266253869969,0.4848297213622291,1.7144626271561256,49.550154798761604,1.5372401592215832,2.6238832375055274,3.8,0,1.0,1.0,0,2.0,0.0,6.0,4.2,2.3,3.1
1740355200,Atletico Tucuman,Gimnasia L.P.,0.0,2.0897274633123692,0.9802003261122758,1.9655252737013744,53.664290705800134,2.110621942697415,2.4011180992313044,4.5,0.09131143722338694,1.3786163522012578,0.2872583275098999,46.06904262753319,0.4669461914744931,2.980829256929885,3.8,0,1.0,1.0,2,0.0,1.0,4.8,4.8,2.8,2.6
1740427200,Barracas Central,Newells Old Boys,0.0,1.5561134356113437,1.6913528591352858,1.2540213854021387,51.79714086471409,1.6659693165969318,2.4012087401208717,4.5,0.6261383214373616,1.377061284764952,0.8222987939945854,46.87361555500861,0.8767905488555252,2.891410287964557,3.8,0,1.0,1.0,0,2.0,0.0,6.0,4.2,2.3,3.1
1740434400,Argentinos JRS,Independ. Rivadavia,0.0,0.8428084825843314,0.444258872651357,1.9672563454565433,52.59782441489946,1.0952620591143831,2.401120755960881,4.5,1.5179430831776728,0.4849137457422261,2.2513130425227996,49.54954400615316,1.5369959345126907,2.713427095923524,3.8,0,1.0,1.0,1,0.0,0.0,4.8,4.2,2.3,2.6
1740441600,Tigre,Banfield,0.0,1.0214912280701753,0.444078947368421,1.9671052631578947,52.86611842105263,1.2561184210526317,2.401096491228068,4.5,0.444078947368421,1.3793859649122806,0.8197368421052632,46.59703947368421,0.7137061403508769,2.8923245614035076,3.8,0,1.0,1.0,0,1.0,0.0,5.4,4.2,2.3,3.1
1740783600,Boca Juniors,Rosario Central,0.0,1.2003939161833899,0.4438997702155597,2.146339862129336,53.134741218951746,1.3992340518656308,2.311598643177588,4.5,0.9817047817047817,1.0203742203742203,1.5385446985446987,47.94199584199585,1.1438960498960498,2.712765072765072,3.8,0,1.0,1.0,0,1.0,0.0,5.4,4.2,2.3,3.1
1740791700,San Martin S.J.,Belgrano Cordoba,0.0,0.40110650069156295,0.9384508990318119,0.7309820193637622,51.19398340248962,0.7974412171507611,2.5866528354080147,4.5,0.8017058552328262,2.0892577224527433,0.8203780544029508,46.06867219917012,0.9819686491470723,2.892023974181649,3.8,0,1.0,1.0,0,3.0,1.0,6.6,4.8,2.3,3.1
1740791700,Central Cordoba de Santiago,Deportivo Riestra,0.0,2.2744251934183284,0.2648142094366351,2.862700228832952,55.01441647597254,2.22265664160401,2.3115506156696064,4.5,1.335081665516448,0.8452265930526801,1.3534851621808142,48.73478260869565,1.390881067402806,2.803197607545432,3.8,0,1.0,1.0,1,0.0,0.0,4.8,4.2,2.3,2.6
1740859200,Aldosivi,Sarmiento Junin,0.0,1.0818181818181818,2.3256198347107437,0.8776859504132231,50.13429752066116,1.2973553719008268,2.543801652892553,4.5,0.4435841670291431,2.0952153110047846,0.28225315354501956,45.52255328403653,0.7133362331448452,2.98192692474989,3.8,0,1.0,1.0,1,2.0,2.0,6.0,5.4,2.3,2.6
1740867300,River Plate,Estudiantes L.P.,0.0,1.7374932175800326,0.26489419424850785,2.5045035268583833,54.20889853499729,1.7931199131850244,2.3115029842647834,4.5,2.0543678784590345,1.9164405860010851,1.355941399891481,48.206890938686925,1.9661638632664133,2.6239826370048824,3.8,0,1.0,1.0,2,0.0,2.0,4.8,5.4,2.8,2.6
1740875400,Union Santa Fe,Gimnasia L.P.,0.0,0.8424951267056531,0.9809400043318172,1.072557938055014,51.79233268356076,1.1129261425167858,2.490534979423866,4.5,0.2651505306476067,1.2003898635477583,0.8195364955598874,46.59714100064978,0.5884643708035519,2.892354342646739,3.8,0,1.0,1.0,0,1.0,0.0,5.4,4.2,2.3,3.1
1740875400,Talleres Cordoba,Tigre,0.0,1.0225872689938398,1.5130276066621038,0.8991101984941822,51.26433949349761,1.2391558293406346,2.578872918092628,4.5,0.9796942733287702,0.8448094912160622,1.3537303216974674,48.20232717316906,1.1421309605293175,2.803102897558748,3.8,0,1.0,1.0,2,1.0,2.0,5.4,5.4,2.8,2.6
1740945600,Independ. Rivadavia,Lanus,0.0,1.0225409836065573,1.3355191256830599,1.254280510018215,51.530532786885246,1.2568897996357014,2.4011839708560996,4.5,1.1577413479052823,1.2003187613843351,1.354189435336976,47.93613387978142,1.249002732240437,2.8030510018214922,3.8,0,1.0,1.0,1,1.0,1.0,5.4,4.8,2.3,2.6
1740945600,Argentinos JRS,Instituto Cordoba,0.0,0.8402453987730062,0.2620040899795501,2.148711656441718,52.867361963190184,1.0931615541922293,2.3110429447852736,4.5,0.08200408997955008,1.2002453987730062,0.2787730061349693,46.32263803680982,0.46012269938650285,2.982699386503066,3.8,0,1.0,1.0,0,2.0,0.0,6.0,4.2,2.3,3.1
1740953700,Velez Sarsfield,Huracan,0.0,0.6671201814058958,0.6242630385487529,1.4321995464852606,52.06428571428572,0.9903174603174606,2.490022675736959,4.5,0.6242630385487529,1.3782312925170066,0.46507936507936515,46.86904761904761,0.8399999999999996,2.8919501133786834,3.8,0,1.0,1.0,2,0.0,2.0,4.8,5.4,2.8,2.6
1741032000,Barracas Central,Godoy Cruz,0.0,1.9159609818844463,1.69692357165827,1.6090899346124987,52.32855611533926,1.935898810161861,2.4011576803515893,4.5,1.1578637700837293,1.2001810364335823,1.3544240778456662,47.936524100475225,1.2668703326544464,2.8030097307083035,3.8,0,1.0,1.0,2,1.0,2.0,5.4,5.4,2.8,2.6
1741039200,San Lorenzo,Racing Club,0.0,0.6668021680216802,0.8025745257452576,1.4314363143631434,51.796341463414635,0.9900722673893408,2.4901987353206843,4.5,1.1603337612323492,1.379075738125802,1.1783055198973043,47.671887034659825,1.268806161745828,2.892276422764226,3.8,0,1.0,1.0,0,3.0,2.0,6.6,5.4,2.3,3.1
1741046400,Atletico Tucuman,Newells Old Boys,0.0,1.3794598057008647,0.8026902957190135,1.43006298708231,52.86515426497277,1.5603693818725315,2.490690722750078,4.5,0.6250619788145143,1.5560964615731352,0.8213207121929232,46.603448275862064,0.8761640748253321,2.8919089474870394,3.8,0,1.0,1.0,2,1.0,2.0,5.4,5.4,2.8,2.6
1741127400,Banfield,Independiente,0.0,1.0227170490328386,0.8031039136302295,1.0757984705353127,52.329419703103916,1.2570130454340982,2.490260908681959,4.5,0.9808816914080072,1.378272604588394,0.9995501574448943,47.403913630229425,1.1252541610436346,2.802968960863696,3.8,0,1.0,1.0,1,0.0,0.0,4.8,4.2,2.3,2.6
1741129200,Platense,Defensa Y Justicia,0.0,1.0224466891133557,0.44736251402918076,2.142312008978676,52.862626262626264,1.2212570145903483,2.31245791245791,4.5,1.5226262626262628,0.8402020202020203,1.5395959595959599,49.02363636363636,1.5406060606060605,2.7126262626262614,3.8,0,1.0,1.0,2,0.0,1.0,4.8,4.8,2.8,2.6
1741384800,Banfield,Argentinos JRS,0.0,1.0210101867572157,0.6238539898132428,1.2502546689303906,52.595734295415966,1.2557385398981327,2.4013582342954134,4.5,1.336290322580645,1.1999551971326166,1.5333333333333334,48.20450268817204,1.391805555555555,2.7139784946236545,3.8,0,1.0,1.0,2,1.0,2.0,5.4,5.4,2.8,2.6
1741384800,Velez Sarsfield,San Martin S.J.,0.0,0.4841258074764376,0.981997246637721,0.8920046595361644,51.25319284125808,0.8620141904055916,2.5803875886900327,4.5,0.53158953722334,0.8796780684104628,0.8016096579476861,47.47786720321932,0.7832193158953711,2.7901408450704177,3.8,0,1.0,1.0,0,1.0,0.0,5.4,4.2,2.3,3.1
1741392900,Central Cordoba de Santiago,Boca Juniors,0.0,1.7398795180722892,0.0827309236947791,2.507670682730924,54.48572289156627,1.8128755020080325,2.311345381526102,4.5,0.6239272880997675,0.6630310716550412,1.5370534770661595,47.941344324667085,0.8396660325512573,2.7132530120481917,3.8,0,1.0,1.0,2,0.0,3.0,4.8,6.0,2.8,2.6
1741464000,San Lorenzo,Independiente,0.0,1.1996202932180149,0.8033329817529796,1.965615441409134,52.59443096719756,1.3986288366206097,2.401497732306716,4.5,0.8033329817529796,1.0206729247969624,1.1795802130576942,47.67399008543403,1.0010758358822907,2.713205358084589,3.8,0,1.0,1.0,2,1.0,2.0,5.4,5.4,2.8,2.6
1741472100,Racing Club,Huracan,0.0,2.444,1.514888888888889,1.7855555555555556,53.39366666666666,2.3585111111111114,2.490555555555553,4.5,0.9825263157894737,1.199578947368421,1.0010526315789474,47.67442105263158,1.108631578947368,2.802631578947367,3.8,0,1.0,1.0,2,0.0,1.0,4.8,4.8,2.8,2.6
1741480200,Platense,Lanus,0.0,0.8414329236264313,0.6246664565605631,1.6070175438596492,52.3251497005988,1.0941926672969853,2.401659838218298,4.5,1.1615085618237209,1.378275028889589,1.0014707427250762,47.6748502994012,1.2518079630213257,2.8025843050740606,3.8,0,1.0,1.0,1,0.0,0.0,4.8,4.2,2.3,2.6
1741480200,Sarmiento Junin,Barracas Central,0.0,1.020130006290627,0.6244915076535962,1.7858251205703504,52.59345774795555,1.2371650241140704,2.312161878800585,4.5,0.9823862444957014,0.4832879010274691,1.7172572866429021,48.74864751520234,1.126416439505137,2.623589851121827,3.8,0,1.0,1.0,1,1.0,1.0,5.4,4.8,2.3,2.6
1741550400,Aldosivi,Tigre,0.0,1.230284956925116,2.27766732935719,0.8880053015241882,50.42892644135189,1.4109012591119952,2.5051027170311384,4.5,1.3403159987443758,1.0200899863974051,1.717254368525688,48.48033901852046,1.4127508632416028,2.80249032123051,3.8,0,1.0,1.0,2,0.0,2.0,4.8,5.4,2.8,2.6
1741550400,Defensa Y Justicia,Estudiantes L.P.,0.0,1.0209435626102292,0.8039241622574956,1.6067460317460318,52.3255291005291,1.255661375661376,2.4017857142857117,4.5,1.5235317460317461,1.1988492063492064,1.3617857142857144,48.48702380952381,1.5412896825396825,2.6223214285714276,3.8,0,1.0,1.0,0,1.0,0.0,5.4,4.2,2.3,3.1
1741558500,River Plate,Atletico Tucuman,0.0,1.5588118811881189,0.44336633663366337,2.3263366336633666,53.673168316831685,1.6680594059405942,2.4015841584158393,4.5,0.8035435122459614,1.5566440854611776,0.8227201667535174,46.870349140177176,0.9654403335070347,2.8919749869723796,3.8,0,1.0,1.0,0,1.0,0.0,5.4,4.2,2.3,3.1
1741566600,Instituto Cordoba,Godoy Cruz,0.0,1.5541941150636804,0.9813350900307422,1.7851119894598155,52.8592885375494,1.6644707949055777,2.490623627580147,4.5,1.3402121905554398,1.0197628458498023,1.8961930517994592,48.48067401705846,1.4126815061368836,2.713085084252131,3.8,0,1.0,1.0,1,1.0,1.0,5.4,4.8,2.3,2.6
1741566600,Newells Old Boys,Belgrano Cordoba,0.0,0.47873767258382643,0.9832347140039448,0.7064694280078896,51.24325443786982,0.8399881656804736,2.6715384615384594,4.5,0.624457593688363,2.6302501816671855,0.28566386380151565,44.991311118031774,0.8400685144814696,2.981459566074949,3.8,0,1.0,1.0,1,0.0,0.0,4.8,4.2,2.3,2.6
1741644000,Gimnasia L.P.,Deportivo Riestra,0.0,1.019477828429341,0.624285122254455,1.7856195607128058,52.59278905926233,1.25454206382097,2.491069208454204,4.5,1.161127227517613,0.48263572316618314,1.5382925818483215,49.01773725652715,1.2694156651471196,2.7129921259842504,3.8,0,1.0,1.0,1,1.0,1.0,5.4,4.8,2.3,2.6
1741652100,Independ. Rivadavia,Union Santa Fe,0.0,0.8404921931547926,1.3401096060386721,0.8907455278668184,51.25057388067418,1.1113473270602836,2.401571709233789,4.5,0.270115695263043,1.1982973149967258,0.29041693953285314,46.607727570399476,0.5921807465618858,2.9803318052826877,3.8,0,1.0,1.0,0,2.0,0.0,6.0,4.2,2.3,3.1
1741652100,Talleres Cordoba,Rosario Central,0.0,1.0196078431372548,1.876780185758514,0.3541795665634675,50.71424148606811,1.2367389060887517,2.669969040247676,4.5,0.9837535014005603,0.47488328664799256,1.5439775910364149,48.76330532212885,1.145564892623716,2.7117647058823517,3.8,0,1.0,1.0,1,0.0,0.0,4.8,4.2,2.3,2.6
1741989600,Argentinos JRS,Aldosivi,0.0,1.0175193365017239,0.2597893952101389,2.148895722672631,53.13659491193738,1.2349808964681768,2.310902991333517,4.5,0.4425962165688193,1.3946510110893673,0.33724722765818665,46.57191780821918,0.7190802348336586,3.0076973255055397,3.8,0,1.0,1.0,2,0.0,2.0,4.8,5.4,2.8,2.6
1741996800,Godoy Cruz,San Lorenzo,0.0,1.0191200657894737,0.8031661184210527,1.2484375,52.32393092105263,1.2721669407894738,2.40160361842105,4.5,0.6230078125,0.6581640625,1.3615625,47.947265625,0.8568984374999998,2.8022656249999986,3.8,0,1.0,1.0,1,0.0,0.0,4.8,4.2,2.3,2.6
1742065200,Deportivo Riestra,River Plate,0.0,0.2979337231968811,0.2628460038986355,1.06588693957115,52.05263157894737,0.7133879142300197,2.311500974658867,4.5,0.6240484251564584,0.4820354981019801,1.1805888991484559,48.21301939058172,0.8576628706268591,2.712865497076022,3.8,0,1.0,1.0,1,0.0,0.0,4.8,4.2,2.3,2.6
1742074200,Estudiantes L.P.,Newells Old Boys,0.0,2.092320294900676,0.981773499897604,2.50079868933033,53.665820192504604,2.077071472455458,2.3120827360229343,4.5,0.981773499897604,1.7344255580585706,1.1805857055089084,46.87102191275855,1.1438541879991804,2.891767356133523,3.8,0,1.0,1.0,1,1.0,1.0,5.4,4.8,2.3,2.6
1742074200,Rosario Central,Gimnasia L.P.,0.0,1.5529665587918016,0.9807982740021575,2.3173678532901834,52.85825242718447,1.6635382955771307,2.401618122977344,4.5,0.26271844660194177,1.1976699029126214,0.8215533980582524,46.59757281553398,0.5866796116504851,2.8921359223300955,3.8,0,1.0,1.0,0,2.0,1.0,6.0,4.8,2.3,3.1
1742083200,Sarmiento Junin,Talleres Cordoba,0.0,1.0178294573643412,0.8027519379844962,1.425891472868217,52.32261627906976,1.2353062015503882,2.3114341085271293,4.5,0.981844145246838,0.6608731130150959,1.8961648306813546,48.481456548347616,1.1259975520195835,2.7128314973480196,3.8,0,1.0,1.0,1,0.0,0.0,4.8,4.2,2.3,2.6
1742083200,Huracan,Independ. Rivadavia,0.0,1.1976015473887816,0.08259187620889746,2.505764023210832,53.67251450676983,1.3791373307543524,2.3114119922630536,4.5,1.1625918762088976,0.47760154738878147,1.9013539651837523,49.027485493230174,1.2705802707930367,2.7121470019342344,3.8,0,1.0,1.0,0,2.0,0.0,6.0,4.2,2.3,3.1
1742151600,Independiente,Racing Club,0.0,2.097760617760618,0.44243243243243247,2.866023166023166,54.48299227799228,2.081258687258688,2.311389961389959,4.5,1.1624324324324324,1.9177606177606177,0.6411583011583012,46.86700772200772,1.2704633204633202,2.9822007722007706,3.8,0,1.0,1.0,1,1.0,1.0,5.4,4.8,2.3,2.6
1742159700,Boca Juniors,Defensa Y Justicia,0.0,1.3777263969171483,0.442466281310212,2.505895953757226,53.4028901734104,1.5232254335260118,2.3113680154142555,4.5,1.526158363152583,0.6549775208734746,1.9058629232039637,49.30677126341866,1.543315900541334,2.711579043948985,3.8,0,1.0,1.0,0,4.0,0.0,7.199999999999999,4.2,2.3,3.1
1742169600,Belgrano Cordoba,Barracas Central,0.0,1.3782692307692308,1.1623076923076923,1.6061538461538463,52.323942307692306,1.5236538461538465,2.4013461538461516,4.5,0.9823076923076923,0.6582692307692308,1.3609615384615386,48.486057692307696,1.1263653846153843,2.622211538461537,3.8,0,1.0,1.0,1,1.0,1.0,5.4,4.8,2.3,2.6
1742169600,Lanus,Instituto Cordoba,0.0,0.8382341650671785,0.44234165067178505,1.6060268714011516,52.59383877159309,1.1276199616122844,2.401324376199614,4.5,0.0784206196874143,1.1983182524449318,0.27710446942692624,46.32015355086373,0.45750845443743693,2.983018005666757,3.8,0,1.0,1.0,0,4.0,1.0,7.199999999999999,4.8,2.3,3.1
1742248800,Union Santa Fe,Banfield,0.0,0.6587739463601533,0.4423754789272031,1.6062835249042147,52.32459770114942,0.9660459770114946,2.401302681992335,4.5,0.26237547892720303,1.3787739463601532,0.6407662835249043,46.32540229885058,0.5864022988505744,2.9822222222222208,3.8,0,1.0,1.0,0,3.0,1.0,6.6,4.8,2.3,3.1
1742248800,Tigre,Central Cordoba de Santiago,0.0,1.1991204588910134,0.44240917782026773,2.3265391969407268,53.13506692160612,1.3803173996175913,2.4012810707456955,4.5,1.1604307134950187,2.272758377780014,0.28481433028076886,46.33150850357251,1.2688638422058969,2.9813424574821354,3.8,0,1.0,1.0,2,1.0,2.0,5.4,5.4,2.8,2.6
1742256900,Atletico Tucuman,Velez Sarsfield,0.0,1.559083969465649,1.1626335877862597,1.2462213740458015,52.59467557251909,1.686282442748092,2.581354961832059,4.5,0.08263358778625952,1.739083969465649,0.28095419847328246,45.51532442748091,0.46059160305343483,2.9822328244274794,3.8,0,1.0,1.0,2,1.0,2.0,5.4,5.4,2.8,2.6
1742256900,San Martin S.J.,Platense,0.0,0.7687074829931972,0.9510204081632654,1.0454421768707483,51.7265306122449,1.0807074829931982,2.5469387755101973,4.5,0.6228571428571429,1.019047619047619,0.8213333333333334,47.40571428571428,0.8387619047619044,2.8921904761904744,3.8,0,1.0,1.0,2,0.0,2.0,4.8,5.4,2.8,2.6
1742515200,Union Santa Fe,Racing Club,0.0,1.017925040738729,0.6219808075321382,1.60532319391635,52.59391634980989,1.2534093789607104,2.4014303820387446,4.5,1.1648379503892812,1.560782183595872,0.8206771682056854,47.40608365019011,1.2723157704146295,2.89252217997465,3.8,0,1.0,1.0,2,0.0,1.0,4.8,4.8,2.8,2.6
1742673600,Godoy Cruz,Talleres Cordoba,0.0,1.018595825426945,0.8031119544592031,1.2452751423149906,52.32322580645161,1.2719127134724861,2.4015749525616674,4.5,0.44311195445920304,0.29859582542694496,1.5420872865275144,48.21677419354839,0.7129487666034152,2.712106261859581,3.8,0,1.0,1.0,1,0.0,0.0,4.8,4.2,2.3,2.6
1743100200,Aldosivi,Union Santa Fe,0.0,1.0524891774891776,2.237012987012987,0.7575757575757576,50.223214285714285,1.2792748917748924,2.5472943722943655,4.5,0.26626794258373204,1.3772328548644337,0.2864035087719298,46.33355263157895,0.5892982456140348,2.981120414673044,3.8,0,1.0,1.0,0,2.0,1.0,6.0,4.8,2.3,3.1
1743109200,Barracas Central,Estudiantes L.P.,0.0,1.5585255198487715,1.5229867674858224,1.425406427221172,52.05330812854443,1.6498638941398873,2.4915311909262736,4.5,1.1647493023674498,1.017643352236925,1.182752723017373,48.220658925195785,1.2722387253578178,2.7115401926365994,3.8,0,1.0,1.0,0,2.0,1.0,6.0,4.8,2.3,3.1
1743120000,Independ. Rivadavia,Racing Club,0.0,1.1986792452830188,1.3430188679245283,1.2456603773584907,51.783490566037734,1.3799811320754722,2.401509433962262,4.5,0.8027444253859348,1.3806174957118353,0.8197255574614066,47.13319039451115,0.9826072041166379,2.89288164665523,3.8,0,1.0,1.0,0,2.0,1.0,6.0,4.8,2.3,3.1
1743192000,Defensa Y Justicia,Tigre,0.0,0.8408762018039448,0.624264049955397,1.6062246010506491,52.32491822777282,1.1116820299335912,2.401566062047772,4.5,1.5230508474576272,1.0188323917137476,1.7215065913371,48.756327683615815,1.5588851224105458,2.8022222222222206,3.8,0,1.0,1.0,2,1.0,2.0,5.4,5.4,2.8,2.6
1743200100,Banfield,Huracan,0.0,1.018796992481203,0.8032706766917294,1.0656015037593984,52.32328947368421,1.2540639097744364,2.4915601503759373,4.5,1.1632706766917293,0.8387969924812031,1.5418796992481205,48.48671052631579,1.2350526315789474,2.712180451127818,3.8,0,1.0,1.0,1,0.0,0.0,4.8,4.2,2.3,2.6
1743200100,San Lorenzo,Lanus,0.0,1.3785741088180112,0.9831144465290806,1.9654784240150094,52.5931894934334,1.5238986866791748,2.4015384615384594,4.5,0.6231144465290807,0.8385741088180113,1.00187617260788,47.67681050656661,0.8389380863039397,2.8021388367729814,3.8,0,1.0,1.0,1,1.0,1.0,5.4,4.8,2.3,2.6
1743208200,Platense,Atletico Tucuman,0.0,0.6585393258426966,0.6231460674157303,1.2453558052434457,52.05308988764045,0.9658651685393262,2.401516853932582,4.5,0.6231460674157303,1.3785393258426966,0.82187265917603,46.86691011235955,0.8389550561797751,2.8920973782771515,3.8,0,1.0,1.0,0,2.0,1.0,6.0,4.8,2.3,3.1
1743208200,Velez Sarsfield,Deportivo Riestra,0.0,0.29869158878504676,0.983177570093458,0.8856074766355141,50.97327102803738,0.7139813084112152,2.5814953271028016,4.5,1.3431775700934578,0.6586915887850467,1.5416822429906543,49.02672897196262,1.3969719626168222,2.7121495327102787,3.8,0,1.0,1.0,2,0.0,1.0,4.8,4.8,2.8,2.6
1743276600,Instituto Cordoba,San Martin S.J.,0.0,1.377336999214454,0.9823252160251374,1.4266300078554595,52.59251767478398,1.522965435978005,2.4911233307148444,4.5,0.44402985074626866,0.8949004975124378,0.6735074626865671,47.32369402985075,0.7199626865671632,2.840360696517407,3.8,0,1.0,1.0,0,1.0,0.0,5.4,4.2,2.3,3.1
1743283800,Central Cordoba de Santiago,Argentinos JRS,0.0,1.5604150039904232,0.6219561940232331,1.9671898554580118,53.40768821495079,1.687413319145163,2.4014720227010704,4.5,1.5190042144467313,1.0194060570420465,2.075644418308341,48.74939723610702,1.5377634029207092,2.6233264726060943,3.8,0,1.0,1.0,1,1.0,1.0,5.4,4.8,2.3,2.6
1743284700,Independiente,Godoy Cruz,0.0,1.922287130465569,0.4410338112940344,2.5099309612320764,54.2218799787573,1.9407151708266952,2.3109753938750197,4.5,0.9830855018587361,1.0184014869888476,1.5418587360594798,47.94702602230483,1.1268921933085498,2.712118959107805,3.8,0,1.0,1.0,0,4.0,0.0,7.199999999999999,4.2,2.3,3.1
1743292800,River Plate,Rosario Central,0.0,1.0180227935329975,0.4408870041523103,2.329216361869423,52.86570368407103,1.2353935860058314,2.4014312218393825,4.5,0.43902850396356896,0.47174903019058867,1.1833361443751054,47.95091921065947,0.7279811097992914,2.7110642604149082,3.8,0,1.0,1.0,1,2.0,2.0,6.0,5.4,2.3,2.6
1743357600,Belgrano Cordoba,Talleres Cordoba,0.0,1.1991181657848324,0.9839506172839506,1.6052910052910054,52.32275132275132,1.3802645502645505,2.4014109347442654,4.5,0.2601410934744268,0.29435626102292767,1.1825396825396823,47.94867724867725,0.5847089947089943,2.7115520282186933,3.8,0,1.0,1.0,1,1.0,1.0,5.4,4.8,2.3,2.6
1743361200,Gimnasia L.P.,Sarmiento Junin,0.0,1.0190388170055453,0.8031792975970425,1.42543438077634,52.32378927911275,1.254243992606285,2.4914602587800343,4.5,0.6231792975970425,2.2790388170055453,0.28166358595194085,45.516210720887244,0.8569611829944543,2.9820887245841017,3.8,0,1.0,1.0,1,0.0,0.0,4.8,4.2,2.3,2.6
1743373800,Newells Old Boys,Boca Juniors,0.0,0.47506589351607803,0.8028817431031454,0.881251098225268,51.5082762256194,0.8372201722017223,2.5823229660868012,4.5,1.1630258302583025,0.6588191881918819,1.901660516605166,48.756309963099625,1.2528487084870847,2.712047970479703,3.8,0,1.0,1.0,0,2.0,0.0,6.0,4.2,2.3,3.1
1743804000,Estudiantes L.P.,Belgrano Cordoba,0.0,1.9189686924493554,0.8028729281767957,2.5055616942909764,53.67414364640884,1.9381952117863723,2.3114180478821336,4.5,0.4428729281767956,2.2789686924493555,0.46147329650092084,45.24585635359116,0.7127366482504601,2.89209944751381,3.8,0,1.0,1.0,2,0.0,1.0,4.8,4.8,2.8,2.6
1743814800,San Martin S.J.,San Lorenzo,0.0,0.746875,1.1072610294117646,1.0131433823529412,51.45942095588236,1.065082720588236,2.553722426470582,4.5,0.6218137254901961,0.47500000000000003,1.5446078431372552,48.22022058823529,0.8559558823529411,2.7114845938375334,3.8,0,1.0,1.0,2,0.0,1.0,4.8,4.8,2.8,2.6
1743877800,Godoy Cruz,Independ. Rivadavia,0.0,0.2938401048492792,0.8027959807776323,0.8809086937527305,51.236566186107474,0.7103538663171693,2.4014853647881145,4.5,0.8027959807776323,0.8366972477064221,1.364001747487986,47.949148099606816,1.0007339449541284,2.80192223678462,3.8,0,1.0,1.0,1,1.0,1.0,5.4,4.8,2.3,2.6
1743877800,Rosario Central,Velez Sarsfield,0.0,1.9142085984191248,0.8031231925968768,2.857721226142279,53.66662810873337,1.9345671871987664,2.3121457489878514,4.5,0.44092098377812666,1.7414268271411129,0.8211407639979069,46.04924123495552,0.7293214721786148,2.8923600209314477,3.8,0,1.0,1.0,0,2.0,1.0,6.0,4.8,2.3,3.1
1743886800,Talleres Cordoba,Gimnasia L.P.,0.0,0.8386471663619744,1.342998171846435,0.5250822669104205,51.24347349177331,1.109952468007313,2.5815173674588645,4.5,0.4409506398537478,1.0177592060590233,0.8209628275441805,47.134787150692084,0.7112422738748148,2.892408809959082,3.8,0,1.0,1.0,0,2.0,0.0,6.0,4.2,2.3,3.1
1743886800,Huracan,Aldosivi,0.0,1.3798053527980534,0.0789016336461592,2.509836635384081,53.95135557872784,1.5248244699339593,2.3109489051094863,4.5,0.6652763295099061,1.1965589155370178,0.7194994786235662,47.20307612095934,0.8876955161626687,2.948800834202288,3.8,0,1.0,1.0,1,3.0,3.0,6.6,6.0,2.3,2.6
1743895800,Sarmiento Junin,River Plate,0.0,0.8372625552953423,0.6221354844305663,1.4240090207303322,52.32269060629716,1.1088802151097237,2.310928961748631,4.5,0.6232422586520947,0.2991256830601093,1.3618214936247723,48.48617486338798,0.8570018214936246,2.6220400728597433,3.8,0,1.0,1.0,1,1.0,1.0,5.4,4.8,2.3,2.6
1743964200,Union Santa Fe,Central Cordoba de Santiago,0.0,0.8355371900826447,0.6211570247933884,1.4228099173553719,52.32157024793388,1.125719008264463,2.4922314049586753,4.5,1.5232727272727273,2.099090909090909,0.8218181818181819,47.136272727272726,1.5410181818181816,2.8919999999999977,3.8,0,1.0,1.0,0,1.0,0.0,5.4,4.2,2.3,3.1
1743964200,Lanus,Independiente,0.0,1.1991012012790596,0.6220205686630369,1.6050816696914703,52.86562094892403,1.4164359173796564,2.4013654826721953,4.5,1.1631215970961888,1.1990562613430127,1.5416333938294011,47.946098003629764,1.270907441016334,2.712050816696913,3.8,0,1.0,1.0,1,1.0,1.0,5.4,4.8,2.3,2.6
1743973200,Boca Juniors,Barracas Central,0.0,2.1038302277432717,0.4410973084886129,2.8716356107660457,54.49409937888199,2.0859282263630092,2.3108695652173887,4.5,1.1649068322981366,0.8371635610766046,1.3634575569358178,48.491614906832304,1.254213250517598,2.620962732919253,3.8,0,1.0,1.0,0,1.0,0.0,5.4,4.2,2.3,3.1
1743981300,Argentinos JRS,Defensa Y Justicia,0.0,0.8354430379746836,0.6209107348347854,1.6049646555975672,52.32179845470984,1.1074469833963507,2.401265822784808,4.5,0.6209107348347854,1.380897583429229,1.3649515041920106,46.86001972710833,0.8371034029261876,2.8018740752917948,3.8,0,1.0,1.0,0,4.0,1.0,7.199999999999999,4.8,2.3,3.1
1743981300,Racing Club,Banfield,0.0,1.7363100893026793,0.8031920957628729,1.7849515485464564,53.399676990309715,1.8100969029070877,2.4909177275318233,4.5,0.4409833247378374,1.1995186522262333,0.6392986075296544,46.8621970087674,0.7112669761045209,2.9829637270070464,3.8,0,1.0,1.0,0,4.0,1.0,7.199999999999999,4.8,2.3,3.1
1744050600,Deportivo Riestra,Platense,0.0,0.29523809523809524,0.2600600600600601,1.0628056628056628,52.05276705276705,0.7114199914199917,2.3108108108108083,4.5,0.9838695838695839,0.8380952380952382,1.3629343629343629,48.21866151866151,1.109377949377949,2.8020592020592,3.8,0,1.0,1.0,0,1.0,0.0,5.4,4.2,2.3,3.1
1744070400,Atletico Tucuman,Instituto Cordoba,0.0,1.3809181226447413,1.5265844467283318,0.7011305241521069,51.78150051387462,1.5437684138403567,2.6726961288112348,4.5,0.25719424460431656,1.7454218443427076,0.27354480052321783,45.767658600392416,0.5824885546108566,2.983829300196205,3.8,0,1.0,1.0,0,3.0,2.0,6.6,5.4,2.3,3.1
1744070400,Tigre,Newells Old Boys,0.0,1.3812259553731725,0.4410703599213474,2.3299307514747367,53.41023339317774,1.507819098914252,2.4012481832948596,4.5,0.6231238779174147,1.7402872531418314,0.8207181328545782,46.32425493716338,0.8568976660682225,2.8922621184919186,3.8,0,1.0,1.0,2,0.0,2.0,4.8,5.4,2.8,2.6
1744408800,Banfield,Independ. Rivadavia,0.0,0.4762587472264892,0.8031746031746032,0.7010752688172043,51.509626216077834,0.8381430278204475,2.4917904079194377,4.5,0.8030303030303031,1.0182469859889214,1.0009775171065494,47.677174975562075,1.0009612251547733,2.8020202020202003,3.8,0,1.0,1.0,1,1.0,1.0,5.4,4.8,2.3,2.6
1744416000,Newells Old Boys,Argentinos JRS,0.0,0.8363961619775574,0.6212392258903887,1.42364612132054,52.322735404130746,1.108196454708083,2.492145064238085,4.5,1.3433631484794275,0.8400357781753132,2.081073345259392,48.754991055456166,1.3970733452593915,2.6221824686940947,3.8,0,1.0,1.0,1,0.0,0.0,4.8,4.2,2.3,2.6
1744482600,San Lorenzo,Atletico Tucuman,0.0,1.38078231292517,1.1649659863945578,1.6056122448979593,52.323724489795914,1.5255782312925175,2.401275510204079,4.5,0.6221088435374149,1.742687074829932,0.2772108843537415,46.31913265306123,0.8380612244897956,2.9829931972789097,3.8,0,1.0,1.0,0,1.0,0.0,5.4,4.2,2.3,3.1
1744491600,Barracas Central,Tigre,0.0,1.742653425006366,1.1648247177658941,1.9677446736270265,52.866743060860706,1.7969747899159665,2.401256260079787,4.5,1.888634241575418,1.0188439011968424,2.2675154910449025,49.304685510567865,1.8331958237840589,2.7116119174942686,3.8,0,1.0,1.0,0,1.0,0.0,5.4,4.2,2.3,3.1
1744500600,Belgrano Cordoba,Boca Juniors,0.0,1.1997735360724684,0.9844710449692656,1.605791006146878,52.3229537366548,1.380718214170172,2.4011808476221264,4.5,0.983731570920183,1.0188103711235383,1.362582613116421,47.947381799694966,1.1273784104389086,2.802135231316724,3.8,0,1.0,1.0,2,1.0,3.0,5.4,6.0,2.8,2.6
1744569000,Gimnasia L.P.,Estudiantes L.P.,0.0,1.0187769601623953,0.6221940285883447,1.605785333671657,52.59487439736108,1.2540539626152418,2.4013025458851365,4.5,1.3484579363797837,1.3815598256095591,1.000968835782335,47.95034716615533,1.4009526885192958,2.8020022606168236,3.8,0,1.0,1.0,1,1.0,1.0,5.4,4.8,2.3,2.6
1744569000,Instituto Cordoba,Deportivo Riestra,0.0,1.3796808510638299,0.44333333333333336,1.9659574468085106,53.404521276595744,1.5247234042553197,2.401347517730494,4.5,1.165079365079365,0.656838905775076,1.5438703140830803,48.762360688956434,1.2543465045592703,2.71158392434988,3.8,0,1.0,1.0,0,3.0,0.0,6.6,4.2,2.3,3.1
1744578000,Independiente,San Martin S.J.,0.0,2.290909090909091,0.2574416733708769,2.514722445695897,55.050201126307314,2.235430410297667,2.310297666934833,4.5,0.38053097345132747,0.9142857142857144,0.5739570164348926,47.19936788874843,0.6741592920353974,2.877749683944368,3.8,0,1.0,1.0,0,2.0,0.0,6.0,4.2,2.3,3.1
1744586100,River Plate,Talleres Cordoba,0.0,1.2001284934147125,0.8027626084163187,1.9694828140057823,52.5960488274976,1.380982974622551,2.4011885640860884,4.5,0.43912624477995504,0.29103758432380344,1.364278830709926,48.22213299068423,0.7098618695791837,2.6202377128172163,3.8,0,1.0,1.0,1,1.0,1.0,5.4,4.8,2.3,2.6
1744655400,Aldosivi,Racing Club,0.0,1.35026455026455,1.7076719576719577,1.1657848324514992,51.46388888888889,1.5026190476190484,2.478218694885355,4.5,0.985277202668507,1.3827007131354958,0.8180047542366383,47.40386473429952,1.110316693505099,2.8932367149758433,3.8,0,1.0,1.0,2,0.0,2.0,4.8,5.4,2.8,2.6
1744664400,Central Cordoba de Santiago,Huracan,0.0,1.3817221510883484,0.80297695262484,1.6054737516005122,52.86811779769526,1.5444462227912936,2.4012323943661946,4.5,0.9840710932260228,0.6570422535211267,1.5438631790744468,48.49054325955735,1.1095439302481551,2.711602951039569,3.8,0,1.0,1.0,2,1.0,2.0,5.4,5.4,2.8,2.6
1744668000,Defensa Y Justicia,Union Santa Fe,0.0,1.019859402460457,0.9834797891036907,1.4257293497363797,52.05456942003515,1.2368576449912132,2.491423550087871,4.5,0.4434797891036907,1.739859402460457,0.10140597539543054,46.05543057996485,0.7131775043936728,3.0721441124780293,3.8,0,1.0,1.0,1,0.0,0.0,4.8,4.2,2.3,2.6
1744676100,Velez Sarsfield,Sarmiento Junin,0.0,0.2949039264828739,0.9841269841269842,0.8815371762740185,50.96616541353384,0.7111445279866335,2.582289055973264,4.5,0.4412698412698413,1.9234753550543024,0.4584795321637427,45.77669172932331,0.7295906432748536,2.8924812030075167,3.8,0,1.0,1.0,2,0.0,1.0,4.8,4.8,2.8,2.6
1744676100,Godoy Cruz,Lanus,0.0,0.4722177997134215,0.4394204744467442,1.059385448177042,52.04919598790002,0.8350421907339599,2.3104282757522663,4.5,0.62225002084897,0.6566091235092986,1.1826202985572511,47.94846134600951,0.8381769660578764,2.7114919522975547,3.8,0,1.0,1.0,1,0.0,0.0,4.8,4.2,2.3,2.6
1744758000,Platense,Rosario Central,0.0,0.8373626373626375,0.622111222111222,1.604961704961705,52.32287712287712,1.1089443889443893,2.401381951381949,4.5,0.8027972027972028,0.834113712374582,1.184128914563697,47.95302523563393,1.0008513225904527,2.710459106111278,3.8,0,1.0,1.0,1,0.0,0.0,4.8,4.2,2.3,2.6
1745006400,Gimnasia L.P.,River Plate,0.0,1.1991115341900682,0.43915595748056485,1.7864508963985404,53.13993336506426,1.3802157702681268,2.310391876884021,4.5,0.6219729078367822,0.2943073215324524,1.3635668578076954,48.4914983794565,0.8560691431895618,2.620942408376961,3.8,0,1.0,1.0,2,0.0,3.0,4.8,6.0,2.8,2.6
1745014500,Racing Club,Central Cordoba de Santiago,0.0,2.278815331010453,0.9834494773519163,1.784808362369338,53.94304878048781,2.24408362369338,2.4914982578397185,4.5,1.5270947403351587,1.9226812676290028,0.8210386593661856,47.406620209059234,1.543968807035009,2.892334494773517,3.8,0,1.0,1.0,0,1.0,0.0,5.4,4.2,2.3,3.1
1745014500,Talleres Cordoba,Velez Sarsfield,0.0,0.8369358178053832,0.8031469979296068,1.0619461697722568,52.05068322981367,1.1086211180124228,2.491884057971012,4.5,0.6211857707509881,1.5625296442687748,0.8199209486166008,46.58798418972332,0.8555098814229247,2.892727272727271,3.8,0,1.0,1.0,2,0.0,1.0,4.8,4.8,2.8,2.6
1745022600,Union Santa Fe,Newells Old Boys,0.0,1.0161533816425121,0.4376811594202899,1.9693538647342994,52.86770833333333,1.2520863526570052,2.4013435990338143,4.5,0.9841269841269842,1.1986441798941798,1.3640542328042327,47.678224206349206,1.127691798941799,2.8018683862433837,3.8,0,1.0,1.0,1,1.0,1.0,5.4,4.8,2.3,2.6
1745090100,Lanus,Banfield,0.0,1.3804947219158659,0.4394201985189854,1.7860406491255711,53.41161178509532,1.5435166220261545,2.310477390893333,4.5,0.4394201985189854,1.9259492673704113,0.09295730266267531,45.77020639672286,0.7100835040176459,3.074476130455331,3.8,0,1.0,1.0,1,1.0,1.0,5.4,4.8,2.3,2.6
1745097300,Huracan,Defensa Y Justicia,0.0,1.925920100660585,0.6212645486001888,2.5132117017930167,53.956983328090594,1.9434885184020136,2.310459263919469,4.5,0.6203400030088762,1.9291409658492553,1.184564465172258,46.03679855573943,0.8366150142921617,2.892944185346771,3.8,0,1.0,1.0,1,1.0,1.0,5.4,4.8,2.3,2.6
1745105400,Boca Juniors,Estudiantes L.P.,0.0,1.9258910346993248,0.25765426283561,2.876746742031716,54.50235515779557,1.9434605118542945,2.310441199560368,4.5,1.1681910340166703,1.1986783810167454,1.0019523916798079,47.954268979499886,1.256628369752947,2.801606968536455,3.8,0,1.0,1.0,0,2.0,0.0,6.0,4.2,2.3,3.1
1745173800,Deportivo Riestra,San Lorenzo,0.0,0.47147335423197495,0.2575235109717869,1.4224137931034484,52.32092476489028,0.8344670846394988,2.3104231974921605,4.5,0.4393416927899687,0.47147335423197495,1.5473354231974923,47.95180250783699,0.7100156739811909,2.7108150470219416,3.8,0,1.0,1.0,1,0.0,0.0,4.8,4.2,2.3,2.6
1745177400,San Martin S.J.,Godoy Cruz,0.0,0.7298144960795563,1.273627844712182,0.8323197552113215,51.18427997705106,1.0528055077452678,2.6365461847389504,4.5,0.9839357429718876,1.7413490697483813,1.3638718137857553,46.863880009835256,1.127535447914105,2.8017703466928916,3.8,0,1.0,1.0,0,1.0,0.0,5.4,4.2,2.3,3.1
1745182800,Sarmiento Junin,Platense,0.0,1.0167135270228054,0.802717900656045,1.422524211184005,52.320993439550136,1.2343017806935337,2.3103873789440774,4.5,0.802717900656045,1.0167135270228054,0.8199000312402375,47.679006560449864,0.982552327397688,2.892642924086221,3.8,0,1.0,1.0,2,0.0,1.0,4.8,4.8,2.8,2.6
1745191800,Rosario Central,Instituto Cordoba,0.0,1.9181818181818182,0.8030188679245284,2.8644939965694682,53.672744425385936,1.9375814751286453,2.3114922813035994,4.5,0.6200164068908942,2.111462450592885,0.2715042135878888,45.76283093444702,0.8546289805354611,2.984234469386231,3.8,0,1.0,1.0,0,3.0,0.0,6.6,4.2,2.3,3.1
1745359200,Tigre,Belgrano Cordoba,0.0,0.8349937733499377,0.802615193026152,1.7861145703611456,52.048567870485684,1.0889321295143217,2.4922478206724756,4.5,0.6217873450750162,1.5604696673189826,1.0019569471624266,46.59197651663405,0.8378277886497061,2.8018264840182625,3.8,0,1.0,1.0,1,0.0,0.0,4.8,4.2,2.3,2.6
1745359200,Argentinos JRS,Barracas Central,0.0,1.381122259383129,0.802378298030472,1.6040133779264214,52.868115942028986,1.5440654031958383,2.401263470828686,4.5,1.166122766122766,1.0166278166278166,1.1836829836829836,48.224242424242426,1.2551048951048949,2.710800310800309,3.8,0,1.0,1.0,0,3.0,0.0,6.6,4.2,2.3,3.1
1745367300,Independ. Rivadavia,Aldosivi,0.0,1.5605720786608162,1.526279863481229,1.6046156346497646,52.051438322769386,1.651350560702097,2.4013651877133078,4.5,1.1064846416382252,1.4965017064846418,0.8546928327645051,47.41497440273037,1.2262798634812282,2.8798208191126218,3.8,0,1.0,1.0,0,1.0,0.0,5.4,4.2,2.3,3.1
1745690400,Aldosivi,Banfield,0.0,1.1968199886428166,1.5832292258186638,1.144614802195722,51.42038614423623,1.395305697520349,2.4809199318568935,4.5,0.6195244796681727,1.9291904303384935,0.2710465891415451,46.03550107399452,0.836007703133101,2.984327086882451,3.8,0,1.0,1.0,0,2.0,1.0,6.0,4.8,2.3,3.1
1745697600,San Lorenzo,Rosario Central,0.0,1.562461348175634,1.1658936301793443,1.9684601113172542,52.59485157699444,1.6527210884353747,2.401267779839206,4.5,0.8020691609977325,0.8322562358276645,1.184608843537415,47.954719387755105,1.0003543083900224,2.7100198412698395,3.8,0,1.0,1.0,2,0.0,1.0,4.8,4.8,2.8,2.6
1745704800,Belgrano Cordoba,Argentinos JRS,0.0,1.381309515021776,0.9847936812578431,1.6043699712113384,52.5947737506459,1.5076902635269807,2.4012696537978866,4.5,1.3452502223300185,0.836672325976231,2.087492925863045,48.76286684453068,1.3985156439485809,2.6209394453876604,3.8,0,1.0,1.0,1,1.0,1.0,5.4,4.8,2.3,2.6
1745778600,River Plate,Boca Juniors,0.0,1.0160648489314665,0.98481945467944,1.6042741341193811,52.04686809137804,1.2337509211495952,2.401252763448782,4.5,1.3477657935285055,1.0167950693374421,1.7289676425269644,48.49645608628659,1.418597842835131,2.8017719568567006,3.8,0,1.0,1.0,0,2.0,1.0,6.0,4.8,2.3,3.1
1745791200,Lanus,San Martin S.J.,0.0,1.1987934966526888,0.6196277495769882,1.4218641948061503,52.86874862061355,1.3981902449790338,2.3099315824321316,4.5,0.35642978003384096,1.1965313028764806,0.4042301184433164,46.73984771573604,0.6561844331641279,2.954991539763107,3.8,0,1.0,1.0,0,1.0,0.0,5.4,4.2,2.3,3.1
1745791200,Instituto Cordoba,Sarmiento Junin,0.0,1.3796010296010295,0.44041184041184045,1.967020592020592,53.40878378378378,1.5246557271557277,2.401335263835261,4.5,0.6203931203931203,1.5623464373464375,1.0013820638820639,46.587070024570025,0.8548832923832922,2.8018581081081058,3.8,0,1.0,1.0,1,1.0,1.0,5.4,4.8,2.3,2.6
1745799300,Independiente,Deportivo Riestra,0.0,2.294391084390351,0.25431483246572334,2.5176185937385442,55.06011437788694,2.2381376933792803,2.309898086369966,4.5,0.6204200521232561,1.1986815882262762,1.0013797332515713,47.13260769584547,0.83671623486126,2.801824313965964,3.8,0,1.0,1.0,1,0.0,0.0,4.8,4.2,2.3,2.6
1745863200,Barracas Central,Union Santa Fe,0.0,1.743954698500153,1.1657483930211203,1.9683195592286502,52.86730945821854,1.7979185797367618,2.4012396694214853,4.5,0.25935545935545934,1.198428731762065,0.2776334776334777,46.59139009139009,0.5840820907487572,2.9828282828282804,3.8,0,1.0,1.0,0,2.0,1.0,6.0,4.8,2.3,3.1
1745871300,Godoy Cruz,Atletico Tucuman,0.0,0.46824990865911587,0.4368286445012788,1.056850566313482,52.04713189623675,0.8320131530873223,2.3098648154914114,4.5,0.6203208556149733,1.5622612681436212,0.2739495798319328,46.58708938120703,0.8366386554621847,2.9836516424751696,3.8,0,1.0,1.0,0,1.0,0.0,5.4,4.2,2.3,3.1
1745879400,Defensa Y Justicia,Racing Club,0.0,1.0175775007989774,0.8021093000958773,1.6053371684244169,52.32320230105465,1.2350335570469804,2.4012623841482874,4.5,1.3518456375838925,1.1987136465324384,1.367645413870246,48.22969798657718,1.385167785234899,2.801719798657716,3.8,0,1.0,1.0,2,1.0,2.0,5.4,5.4,2.8,2.6
1745879400,Estudiantes L.P.,Tigre,0.0,1.3794528196538247,0.8022972002871501,1.9669777458722182,52.86573342905001,1.5245289941772358,2.401324080721063,4.5,1.8931018730013704,0.8349322369422872,2.2740977615349474,49.58725445408862,1.8366834170854274,2.7109334551545583,3.8,0,1.0,1.0,1,0.0,0.0,4.8,4.2,2.3,2.6
1745887500,Velez Sarsfield,Gimnasia L.P.,0.0,0.2892976588628763,1.165703861356035,0.6956521739130435,50.685390696260264,0.7069169960474312,2.6739738522347194,4.5,0.438431134083308,1.0165703861356035,0.8195500152021892,47.13279112192156,0.7093189419276372,2.892718151413801,3.8,0,1.0,1.0,0,1.0,0.0,5.4,4.2,2.3,3.1
1745887500,Central Cordoba de Santiago,Independ. Rivadavia,0.0,1.198432169557959,1.1670755607171373,1.0569064382666764,52.04703491326123,1.3978950424620749,2.4924802206576153,4.5,0.43664077810844165,1.198432169557959,0.6359439645786455,46.85731291282572,0.7079567394933584,2.8017710677215626,3.8,0,1.0,1.0,2,1.0,2.0,5.4,5.4,2.8,2.6
1745964000,Newells Old Boys,Huracan,0.0,0.6505797101449275,0.6194202898550725,1.0566666666666666,52.04673913043478,0.9778695652173918,2.492536231884056,4.5,1.1657575757575758,0.4710606060606061,2.0924242424242423,49.04204545454546,1.2548181818181816,2.619999999999998,3.8,0,1.0,1.0,0,2.0,0.0,6.0,4.2,2.3,3.1
1745964000,Platense,Talleres Cordoba,0.0,0.6530025714717894,0.6201784903947966,1.2412645590682196,52.04923612161549,0.97968537286341,2.4012706095900747,4.5,0.43669246907328374,0.46808941619040734,1.0013021775302033,47.95290457932431,0.7079997106272153,2.619170946972435,3.8,0,1.0,1.0,0,2.0,1.0,6.0,4.8,2.3,3.1
1746057600,Atletico Tucuman,Independiente,0.0,1.925853216550891,1.3474781032920569,1.2414678344910903,52.86756266988825,1.9615977046209612,2.5830715795832053,4.5,0.8021199177345357,1.0175605125771239,1.182218003480462,47.67683910773612,0.9821104255655748,2.7115171650055347,3.8,0,1.0,1.0,0,2.0,0.0,6.0,4.2,2.3,3.1
1746210600,Racing Club,Newells Old Boys,0.0,1.7414988549316908,0.9829424307036247,1.7865118850193478,53.1378346363421,1.8141530443022986,2.491771302219061,4.5,1.1655359565807326,1.0168852706166138,1.546509874868084,48.22297602894618,1.2546509874868081,2.7110357304387134,3.8,0,1.0,1.0,0,1.0,0.0,5.4,4.2,2.3,3.1
1746210600,Independ. Rivadavia,Defensa Y Justicia,0.0,1.3804936785069235,1.165412402167369,1.9691450933172787,52.32262191450933,1.5071192052980136,2.401219145093315,4.5,0.618294701986755,2.1154525386313465,0.8174944812362032,45.75426324503311,0.835013796909492,2.8934878587196446,3.8,0,1.0,1.0,0,3.0,2.0,6.6,5.4,2.3,3.1
1746210600,Argentinos JRS,Estudiantes L.P.,0.0,1.7490358126721763,0.6184573002754821,1.971900826446281,53.695867768595036,1.8383884297520665,2.4011019283746533,4.5,0.8017906336088155,1.1990358126721763,0.8173553719008265,47.40413223140496,0.9818044077134985,2.893526170798896,3.8,0,1.0,1.0,0,4.0,0.0,7.199999999999999,4.2,2.3,3.1
1746210600,Banfield,Central Cordoba de Santiago,0.0,0.47209720972097213,0.8018301830183019,0.6968196819681969,51.505400540054005,0.8349384938493853,2.4920942094209395,4.5,1.3472847284728473,1.7448244824482448,0.8187818781878189,47.4036903690369,1.4182418241824182,2.8929792979297906,3.8,0,1.0,1.0,0,3.0,1.0,6.6,4.8,2.3,3.1
1746219600,Union Santa Fe,Belgrano Cordoba,0.0,1.1996705107084018,0.6183690280065898,1.9722679846238331,52.87195222405271,1.380554640307524,2.4010708401976912,4.5,0.43822075782537073,1.3814587389546205,1.000449303579452,46.58514302830613,0.7091657930208174,2.8021117268234215,3.8,0,1.0,1.0,1,1.0,1.0,5.4,4.8,2.3,2.6
1746298800,Talleres Cordoba,Instituto Cordoba,0.0,0.8359748803827751,0.8018839712918661,1.0605562200956937,52.05113636363637,1.1078498803827754,2.492060406698562,4.5,0.6183936403508772,2.6663103070175436,0.08374451754385968,44.928125,0.8534155701754385,3.07690515350877,3.8,0,1.0,1.0,2,1.0,2.0,5.4,5.4,2.8,2.6
1746298800,Deportivo Riestra,Godoy Cruz,0.0,0.2865567216391805,0.07153566074105809,1.4229028342971373,52.32253159134718,0.7048732776468912,2.309852216748766,4.5,0.9838781907747425,1.381400208986416,1.3643827436930884,47.40371697268249,1.1274966412897445,2.802045081355424,3.8,0,1.0,1.0,0,3.0,0.0,6.6,4.2,2.3,3.1
1746298800,Sarmiento Junin,San Lorenzo,0.0,0.83464005702067,0.8018531717747684,1.2404846756949395,52.04918032786885,1.1068139700641488,2.401140413399855,4.5,0.43663578047042056,0.46942266571632224,1.5483962936564506,47.950819672131146,0.7079543834640054,2.7106913756236617,3.8,0,1.0,1.0,1,1.0,1.0,5.4,4.8,2.3,2.6
1746307800,Rosario Central,Independiente,0.0,2.1045748577663472,0.6211051359987529,2.872808043020809,54.225204582651386,2.0864811783960726,2.310755202244561,4.5,0.8019639934533552,1.0180032733224222,1.1824133313495016,47.6759410801964,0.9819669692010116,2.7111441749739598,3.8,0,1.0,1.0,0,1.0,0.0,5.4,4.2,2.3,3.1
1746316800,Huracan,Barracas Central,0.0,1.7476271668087524,0.8017618641659563,2.1536231884057973,53.418797953964194,1.8006734867860188,2.309803921568625,4.5,0.6191531685137823,1.3824097755044047,0.6352088661551577,46.855115089514065,0.8357090082409774,2.802003410059674,3.8,0,1.0,1.0,2,0.0,1.0,4.8,4.8,2.8,2.6
1746316800,Atletico Tucuman,Lanus,0.0,1.3822398751684517,1.3496134477622526,1.240343286757926,52.04893964110929,1.526634513086035,2.583771898716219,4.5,0.43823224084235507,0.6541598694942904,0.8189233278955955,47.676108557022104,0.7091650600622865,2.7111523060952076,3.8,0,1.0,1.0,0,1.0,0.0,5.4,4.2,2.3,3.1
1746383400,Gimnasia L.P.,Platense,0.0,0.651777368644668,0.9842798470471604,1.2405325024784024,51.50124628239626,0.9605211726384371,2.401147146296556,4.5,0.9842798470471604,0.8343860642968419,1.3657838833026483,48.224840674125474,1.1095510550913465,2.8020110465939645,3.8,0,1.0,1.0,0,1.0,0.0,5.4,4.2,2.3,3.1
1746383400,San Martin S.J.,Aldosivi,0.0,0.8790243902439026,1.1235772357723577,1.2936585365853657,51.63317073170732,1.1571382113821147,2.5626016260162547,4.5,1.115085817524842,1.5100271002710026,0.8455284552845528,47.40758807588076,1.2330803974706406,2.883017163504962,3.8,0,1.0,1.0,2,0.0,3.0,4.8,6.0,2.8,2.6
1746392400,Tigre,Boca Juniors,0.0,0.6515810276679842,0.8018633540372672,1.4230942970073406,51.77457651044608,0.9603698475437611,2.4924901185770727,4.5,1.5322981366459627,1.016798418972332,1.7311405985319028,48.773249576510445,1.547967250141163,2.8020186335403703,3.8,0,1.0,1.0,1,1.0,1.0,5.4,4.8,2.3,2.6
1746401400,River Plate,Velez Sarsfield,0.0,1.1994057266342517,1.168476499189627,1.6053754727174503,52.04639384116694,1.3803295515937337,2.4011210156672047,4.5,0.8018885208935241,1.1993798886618279,1.3659220632795435,47.40376294834755,0.9818941582693255,2.801987174970049,3.8,0,1.0,1.0,0,4.0,1.0,7.199999999999999,4.8,2.3,3.1
1746896400,San Lorenzo,Tigre,0.0,1.19977486984663,1.167130997607992,1.4231884057971014,52.048965808357956,1.3806556915716903,2.4924581398621055,4.5,1.167130997607992,0.6519487828901084,1.9136063036442943,48.77277332207683,1.274081891093288,2.7107218235542403,3.8,0,1.0,1.0,0,2.0,1.0,6.0,4.8,2.3,3.1
1746905400,Rosario Central,Estudiantes L.P.,0.0,1.745337053899251,0.43839036569246587,2.878983698046703,53.960420032310175,1.798957262446762,2.310280511088263,4.5,0.43378352180936997,1.9358966074313408,0.2643877221324717,45.74683037156705,0.7057680129240708,2.985899838449109,3.8,0,1.0,1.0,0,2.0,0.0,6.0,4.2,2.3,3.1
1746913500,Racing Club,Platense,0.0,1.5636363636363637,0.9837243401759531,1.7882697947214075,52.86986803519061,1.6717741935483874,2.4920821114369476,4.5,0.8017473118279571,0.65,1.3669354838709677,48.227620967741935,0.981760752688172,2.8020161290322556,3.8,0,1.0,1.0,2,0.0,1.0,4.8,4.8,2.8,2.6
1746988200,Independiente,Independ. Rivadavia,0.0,1.7498389694041867,0.2517713365539453,2.1556897477187333,54.247101449275355,1.8206736446591525,2.309460547504023,4.5,0.8017713365539454,1.0165056360708535,1.1838701019860438,47.67789855072464,0.9817740203972087,2.7103193773483607,3.8,0,1.0,1.0,0,1.0,0.0,5.4,4.2,2.3,3.1
1746997200,Argentinos JRS,Instituto Cordoba,0.0,2.4878199356913187,0.6175948553054662,2.3416334405144696,54.805337620578776,2.411022508038586,2.4010675241157537,4.5,0.9855948553054662,2.4878199356913187,0.6323858520900322,45.746662379421224,1.1288257234726684,2.985942122186493,3.8,0,1.0,1.0,0,3.0,1.0,6.6,4.8,2.3,3.1
1747006200,Huracan,Deportivo Riestra,0.0,1.5667201712145533,0.9850187265917603,1.6060460139111825,52.872552166934184,1.6741706795077584,2.4010968432316724,4.5,0.4365412799218369,0.8348384395282296,1.1828878498150603,47.40255426059041,0.7078679600809544,2.7108451392281365,3.8,0,1.0,1.0,0,3.0,2.0,6.6,5.4,2.3,3.1
1747092600,River Plate,Barracas Central,0.0,1.9362820512820513,0.9857692307692307,2.1579743589743594,53.42576923076923,1.9513846153846157,2.309038461538459,4.5,0.6185096153846154,1.2002938034188033,1.000133547008547,47.12732371794872,0.8351602564102562,2.8020966880341853,3.8,0,1.0,1.0,0,3.0,0.0,6.6,4.2,2.3,3.1
1747605600,Rosario Central,Huracan,0.0,1.930991304347826,0.4365913043478261,2.8849391304347822,54.2416,1.947353043478261,2.3098086956521713,4.5,0.9844173913043478,0.6527304347826087,1.9130434782608696,48.49753043478261,1.1279095652173912,2.7109217391304328,3.8,0,1.0,1.0,2,0.0,1.0,4.8,4.8,2.8,2.6
1747701000,Boca Juniors,Independiente,0.0,1.930823725517433,0.2540075010418114,2.8847062091957216,54.51522433671344,1.947228781775247,2.3098624809001223,4.5,0.6192248923461592,1.0177802472565634,1.0002778163633839,47.40216696763439,0.854010279205445,2.8021947492707295,3.8,0,1.0,1.0,2,0.0,1.0,4.8,4.8,2.8,2.6
1748199600,San Lorenzo,Platense,0.0,1.0168793195108985,0.9851143009037746,1.4226209463051567,52.047647527910684,1.2343088782562472,2.492836257309939,4.5,0.8017097288676237,0.4642041467304625,1.7365103668261563,48.506258373205746,0.9817020733652312,2.8019904306220074,3.8,0,1.0,1.0,2,0.0,1.0,4.8,4.8,2.8,2.6
1748808000,Huracan,Platense,0.0,1.752050955414013,1.353732484076433,1.6055031847133758,52.59747770700637,1.8224229299363062,2.401171974522291,4.5,0.6170504654581088,0.46158745712885835,1.7391964723174915,48.233194512493874,0.8339563939245466,2.801886330230277,3.8,0,1.0,1.0,2,0.0,1.0,4.8,4.8,2.8,2.6
1752258600,Aldosivi,Central Cordoba de Santiago,0.0,1.199745627980922,1.4443879173290939,1.4532273449920508,51.63303656597775,1.397774244833069,2.4830524642289293,4.5,0.9845164857952582,1.7477154904264878,0.6358885739959909,46.85520149305315,1.127964332619064,2.9847100297228146,3.8,0,1.0,1.0,1,0.0,0.0,4.8,4.2,2.3,2.6
1752274800,Talleres Cordoba,San Lorenzo,0.0,0.8345065562456867,0.9844030365769496,0.8752242926155971,51.77515527950311,1.1067356797791585,2.583919944789508,4.5,0.43505291005291014,0.6497354497354497,1.1843915343915343,47.677976190476194,0.7067195767195766,2.7103174603174582,3.8,0,1.0,1.0,2,1.0,2.0,5.4,5.4,2.8,2.6
1752346800,Rosario Central,Godoy Cruz,0.0,1.5663761225567883,0.43520866349709464,2.3385367142102482,53.69675118858954,1.6739302694136293,2.401307448494451,4.5,0.6193481706056638,1.9301316061462137,0.8187693791772894,46.03382484668918,0.8540921932060909,2.89334389857369,3.8,0,1.0,1.0,1,1.0,1.0,5.4,4.8,2.3,2.6
1752355800,Huracan,Belgrano Cordoba,0.0,1.3843232716650438,1.5402142161635832,1.0508763388510223,51.766163583252194,1.5466820837390463,2.493500486854915,4.5,0.6193725921849202,0.8344523940561366,1.1839845899834893,47.677380297193174,0.8358447991194274,2.710704457897631,3.8,0,1.0,1.0,2,0.0,3.0,4.8,6.0,2.8,2.6
1752355800,Gimnasia L.P.,Instituto Cordoba,0.0,0.6495260663507109,0.9855186940494998,1.2382306477093206,51.49601105845181,0.9587888362295951,2.4013428120063165,4.5,1.1712480252764612,2.6764855997083488,0.6322274881516587,45.742143638352175,1.258838254951999,2.9863652934742957,3.8,0,1.0,1.0,2,0.0,1.0,4.8,4.8,2.8,2.6
1752363900,Racing Club,Barracas Central,0.0,1.1993416540940887,0.6196955150185159,1.7874914277876834,52.86946920861336,1.3986147304896452,2.4927581950349724,4.5,0.4341198738170347,1.5673943217665616,0.8177665615141957,46.30008832807572,0.7060037854889587,2.8937917981072534,3.8,0,1.0,1.0,2,0.0,1.0,4.8,4.8,2.8,2.6
1752426900,Sarmiento Junin,Independiente,0.0,0.6492125984251969,0.802230971128609,0.8711286089238847,51.770472440944886,0.9585564304461948,2.4014435695538032,4.5,0.802230971128609,1.0158792650918635,1.368766404199475,47.679527559055124,0.9820997375328083,2.801837270341205,3.8,0,1.0,1.0,1,2.0,2.0,6.0,5.4,2.3,2.6
1752435000,Atletico Tucuman,San Martin S.J.,0.0,1.5659853249475892,1.169051362683438,1.78770964360587,52.59540094339623,1.6553039832285121,2.493094863731654,4.5,0.18413696715583508,1.1981830887491265,0.2278127183787561,46.47893081761006,0.534800838574423,3.0381551362683377,3.8,0,1.0,1.0,0,2.0,1.0,6.0,4.8,2.3,3.1
1752435000,Independ. Rivadavia,Newells Old Boys,0.0,1.7472254453620912,0.8025117739403455,2.5177940072350014,53.417070507132614,1.8004013377926427,2.3101699542693304,4.5,1.167729165244693,0.8341819671012218,1.5498737287557165,48.50032079721521,1.2562391645621456,2.7106204354651537,3.8,0,1.0,1.0,2,1.0,2.0,5.4,5.4,2.8,2.6
1752443100,Argentinos JRS,Boca Juniors,0.0,2.67636845912708,0.802363154087292,2.3424644321196046,54.81100795755968,2.5618712322160606,2.401350373764165,4.5,1.5358934169279,1.1993991640543364,1.3688871473354232,48.504741379310346,1.5506792058516197,2.8018155694879807,3.8,0,1.0,1.0,1,0.0,0.0,4.8,4.2,2.3,2.6
1752451200,River Plate,Platense,0.0,2.306994101360299,0.9868785361743109,2.157770554953654,53.98017334777899,2.247918622848201,2.3090285301552886,4.5,0.8021793311308179,0.27340172723584305,2.2982669680635253,48.79316640584246,0.9634962035588014,2.7089955370080543,3.8,0,1.0,1.0,0,3.0,1.0,6.6,4.8,2.3,3.1
1752521400,Deportivo Riestra,Lanus,0.0,0.8328125000000001,0.06914062500000004,1.7877604166666665,53.1455078125,1.1237630208333338,2.3097656249999976,4.5,0.43736413043478267,0.6516304347826087,0.8195652173913044,47.67860054347826,0.7084646739130432,2.7105978260869543,3.8,0,1.0,1.0,0,1.0,0.0,5.4,4.2,2.3,3.1
1752530400,Banfield,Defensa Y Justicia,0.0,1.0168215424269145,0.8024689683239504,1.2395848877433358,52.32152886115444,1.252597164756156,2.401478667842363,4.5,0.9862714508580344,2.3034758190327613,0.8178720748829954,46.02419344773791,1.1109117004680185,2.893784711388453,3.8,0,1.0,1.0,1,0.0,0.0,4.8,4.2,2.3,2.6
1752538500,Velez Sarsfield,Tigre,0.0,0.46883380739536784,0.8023567655424625,1.239496139780577,51.49971556277936,0.8324773127454967,2.584071515644045,4.5,0.9855919003115264,0.8326323987538942,1.368613707165109,48.22943925233645,1.12878764278297,2.8018302180685333,3.8,0,1.0,1.0,0,2.0,1.0,6.0,4.8,2.3,3.1
1752538500,Union Santa Fe,Estudiantes L.P.,0.0,1.1994276827371695,0.802189735614308,1.6045038880248834,52.59585692068429,1.3803558320373255,2.40133125972006,4.5,0.43287474578298835,2.122526618016509,0.2632133030266778,45.46552219164972,0.7050460581409257,2.9863380787175475,3.8,0,1.0,1.0,0,1.0,0.0,5.4,4.2,2.3,3.1
1752877800,Boca Juniors,Union Santa Fe,0.0,1.5660455486542444,0.2521739130434783,2.338198757763975,53.97080745341616,1.6736801242236028,2.4013716356107637,4.5,0.43873517786561267,1.381140598531903,0.2745623941276115,46.586391869000565,0.7095143986448332,2.983893280632408,3.8,0,1.0,1.0,1,1.0,1.0,5.4,4.8,2.3,2.6
1752885000,Atletico Tucuman,Central Cordoba de Santiago,0.0,1.7513798449612403,0.986108527131783,2.340589147286822,53.14790697674419,1.80351007751938,2.4013023255813932,4.5,0.6188630490956072,1.1993540051679585,0.8183462532299742,47.12926356589147,0.8537338501291988,2.893540051679584,3.8,0,1.0,1.0,1,1.0,1.0,5.4,4.8,2.3,2.6
1752946200,San Lorenzo,Gimnasia L.P.,0.0,0.8313560371517028,0.8021300309597523,1.4205077399380805,52.04383900928793,1.1042873065015484,2.4932879256965923,4.5,0.4370978597388613,1.1993000403822855,0.6365325077399381,46.85669672903486,0.7082568313366534,2.984533584600886,3.8,0,1.0,1.0,1,0.0,0.0,4.8,4.2,2.3,2.6
1752953400,Lanus,Rosario Central,0.0,1.3825090159711488,0.6187789799072643,1.7879443585780526,53.14559505409583,1.5268521380731586,2.3096599690880963,4.5,0.6180278207109737,0.647208655332303,1.1856074188562598,47.95622874806801,0.8531214837712519,2.709743431221018,3.8,0,1.0,1.0,2,0.0,1.0,4.8,4.8,2.8,2.6
1752961500,Godoy Cruz,Sarmiento Junin,0.0,0.4656893004115227,0.2521347736625515,1.4210648148148148,52.320331790123454,0.8300720164609058,2.309709362139915,4.5,0.8022275899087494,0.8337627482555019,1.1846215780998388,47.95269726247987,0.9821014492753621,2.71056092324208,3.8,0,1.0,1.0,1,0.0,0.0,4.8,4.2,2.3,2.6
1752961500,Platense,Velez Sarsfield,0.0,0.8336035372144437,0.6195082735981778,1.6045019092918873,52.321142895424394,1.1243049507603675,2.4014202451932714,4.5,0.985362095531587,1.3822033898305084,1.3685927067283,47.404738058551615,1.1102696456086285,2.8017591165896225,3.8,0,1.0,1.0,1,0.0,0.0,4.8,4.2,2.3,2.6
1752969600,Instituto Cordoba,River Plate,0.0,1.1986013986013986,0.6202797202797202,1.6046153846153848,52.867482517482514,1.3798321678321686,2.4014685314685287,4.5,1.1657342657342658,0.2895104895104895,1.7293706293706292,49.314335664335665,1.2729370629370629,2.6200699300699273,3.8,0,1.0,1.0,2,0.0,4.0,4.8,6.6,2.8,2.6
1753032600,Barracas Central,Independ. Rivadavia,0.0,1.5637213651238897,0.8024310425432446,2.334628998864623,53.141935483870974,1.6536352100447476,2.401455954050622,4.5,0.802236559139785,1.1986236559139785,1.0020890937019968,47.40541935483871,0.9820915514592934,2.801634408602148,3.8,0,1.0,1.0,2,0.0,3.0,4.8,6.0,2.8,2.6
1753040700,Tigre,Argentinos JRS,0.0,0.6484151329243354,0.9859406952965235,1.0538087934560327,51.49371165644171,0.9579550102249494,2.4931109406952943,4.5,1.3482989403234802,1.0164528722810933,1.7299219185722252,48.49776910206358,1.4007947573898492,2.620008365867259,3.8,0,1.0,1.0,0,2.0,1.0,6.0,4.8,2.3,3.1
1753040700,Newells Old Boys,Banfield,0.0,1.0151863195507913,0.4359622256253191,1.6039816232771824,52.868836140888206,1.2513680449208784,2.4014293006636014,4.5,0.8026288922919858,2.115186319550791,0.26896375701888725,46.031163859111786,0.964073506891271,2.9850433894844284,3.8,0,1.0,1.0,2,1.0,2.0,5.4,5.4,2.8,2.6
1753048800,Belgrano Cordoba,Racing Club,0.0,1.1984964322120284,1.1694444444444443,1.23710499490316,52.043577981651374,1.3613455657492362,2.401478083588173,4.5,1.3546666666666667,0.8305565749235475,1.9224464831804282,48.786165137614674,1.3872195718654432,2.7096146788990803,3.8,0,1.0,1.0,2,0.0,1.0,4.8,4.8,2.8,2.6
1753056000,Independiente,Talleres Cordoba,0.0,1.5664122137404581,0.25068702290076333,2.1554198473282447,53.97358778625954,1.673984732824428,2.3094656488549594,4.5,0.6194656488549618,0.8316793893129772,0.8194656488549619,47.68167938931298,0.8358651399491092,2.709987277353687,3.8,0,1.0,1.0,2,1.0,2.0,5.4,5.4,2.8,2.6
1753135200,Estudiantes L.P.,Huracan,0.0,1.0163525498891353,0.8032150776053215,1.603658536585366,52.319706208425714,1.2522311529933485,2.4017184035476693,4.5,0.8029471544715447,0.6483231707317073,1.9197154471544715,48.23193597560976,0.9826448170731706,2.7099593495934933,3.8,0,1.0,1.0,0,2.0,1.0,6.0,4.8,2.3,3.1
1753143300,Defensa Y Justicia,Aldosivi,0.0,0.8346478483464785,0.9850560398505603,1.0583921405839214,51.77438771274388,1.0886813338868138,2.4926110419261076,4.5,1.607123287671233,1.1962252663622526,1.327001522070015,48.61634703196347,1.610374429223744,2.8039878234398716,3.8,0,1.0,1.0,0,2.0,0.0,6.0,4.2,2.3,3.1
1753143300,San Martin S.J.,Deportivo Riestra,0.0,0.8695219673943079,1.2971539099198675,1.2807957999447361,51.35855208621166,1.1502625034539937,2.5670074606244766,4.5,0.8028622087132726,1.3818642350557244,1.0027862208713272,47.131496960486324,0.9825785207700101,2.801697061803442,3.8,0,1.0,1.0,0,3.0,2.0,6.6,5.4,2.3,3.1
1753480800,Sarmiento Junin,Lanus,0.0,0.8308103186646435,0.9868892261001517,0.8677147192716237,51.76588163884674,1.1038883156297425,2.4014688922609992,4.5,0.25300961052099147,0.6487607486090035,0.6359888720283258,47.40637329286798,0.5793576125442587,2.801732422862921,3.8,0,1.0,1.0,2,0.0,2.0,4.8,5.4,2.8,2.6
1753488900,Union Santa Fe,Tigre,0.0,0.8294871794871794,0.6182983682983683,1.6033799533799533,52.316783216783215,1.0844055944055948,2.4014568764568742,4.5,0.8030303030303031,1.1986666666666668,0.8187878787878788,47.40654545454546,0.9826909090909091,2.893636363636361,3.8,0,1.0,1.0,1,0.0,0.0,4.8,4.2,2.3,2.6
1753488900,Independ. Rivadavia,Belgrano Cordoba,0.0,1.7484619263741805,0.9863842662632375,2.336913767019667,53.14311649016641,1.8013287947554213,2.4015632879475515,4.5,0.9863842662632375,0.28179525970751396,1.736232980332829,49.05688350983359,1.1293923348461927,2.6183434190620245,3.8,0,1.0,1.0,1,0.0,0.0,4.8,4.2,2.3,2.6
1753551000,Aldosivi,Newells Old Boys,0.0,0.8690469651194728,1.1336995330953035,1.4439989014007142,51.60302114803625,1.1499313375446314,2.485196374622351,4.5,1.169612286002014,0.8316465256797584,1.5528952668680767,48.50694864048338,1.257648539778449,2.709982376636453,3.8,0,1.0,1.0,1,0.0,0.0,4.8,4.2,2.3,2.6
1753559100,Rosario Central,San Martin S.J.,0.0,1.382238310708899,0.4347269984917044,1.9712820512820513,53.42126696832579,1.5266642533936654,2.401472096530918,4.5,0.32681749622926093,1.3555957767722473,0.20693815987933634,46.456832579185516,0.634171945701357,3.0438914027149258,3.8,0,1.0,1.0,1,0.0,0.0,4.8,4.2,2.3,2.6
1753567200,Platense,Argentinos JRS,0.0,0.8313504016064258,0.4360692771084338,1.7866716867469878,52.59292168674699,1.1226656626506029,2.3098519076305193,4.5,0.9854635935044526,1.0153221581980094,1.1856207438449449,47.95521215295966,1.1104295442640124,2.7103588266107885,3.8,0,1.0,1.0,1,0.0,0.0,4.8,4.2,2.3,2.6
1753568100,Velez Sarsfield,Instituto Cordoba,0.0,0.831203007518797,0.619298245614035,1.7865914786967418,52.31785714285714,1.1042230576441108,2.4931704260651606,4.5,1.1727095516569201,1.9388471177944862,1.1877471456418824,46.85079365079365,1.2599275967697017,2.8939849624060123,3.8,0,1.0,1.0,1,0.0,0.0,4.8,4.2,2.3,2.6
1753575300,Racing Club,Estudiantes L.P.,0.0,1.1977227227227227,0.6191941941941942,1.7865115115115116,52.86779279279279,1.397447447447448,2.493155655655653,4.5,0.24669113558002448,1.9387164942720498,0.26181737292848406,45.46196196196196,0.5746746746746745,2.9865532198865505,3.8,0,1.0,1.0,2,0.0,1.0,4.8,4.8,2.8,2.6
1753642800,Gimnasia L.P.,Independiente,0.0,0.46167316341829084,0.9864467766116941,1.0508545727136431,51.212839580209895,0.8270452773613196,2.4934752623688134,4.5,0.8024467766116942,1.1976731634182909,1.0029985007496252,47.40716041979011,0.9822596701649174,2.8014512743628157,3.8,0,1.0,1.0,0,1.0,0.0,5.4,4.2,2.3,3.1
1753642800,Talleres Cordoba,Godoy Cruz,0.0,0.8308882235528943,0.9857784431137725,0.869810379241517,51.76766467065868,1.1039845309381242,2.584855289421155,4.5,0.4357784431137725,1.9308882235528941,0.452994011976048,45.757335329341316,0.7072779441117762,2.8932135728542887,3.8,0,1.0,1.0,1,0.0,0.0,4.8,4.2,2.3,2.6
1753651800,Huracan,Boca Juniors,0.0,0.8273265791950396,1.5428223440181588,0.8619830592924764,50.926756352765324,1.1197420140618948,2.5865249404860746,4.5,0.9862481315396113,1.1975127055306427,1.0028699551569507,47.68310313901346,1.1293142002989536,2.8014588938714473,3.8,0,1.0,1.0,0,1.0,0.0,5.4,4.2,2.3,3.1
1753659000,River Plate,San Lorenzo,0.0,2.493974571586512,0.8019900497512439,2.528800442233278,54.53797678275291,2.3975013819789948,2.3087341072415675,4.5,0.8021492537313434,0.46149253731343287,1.7387462686567166,48.510985074626866,0.9820417910447761,2.6174925373134306,3.8,0,1.0,1.0,1,0.0,0.0,4.8,4.2,2.3,2.6
1753729200,Deportivo Riestra,Atletico Tucuman,0.0,1.0133532041728763,0.06605067064083454,2.1550283159463492,53.42095380029806,1.2499982116244415,2.3094187779433657,4.5,0.4370115985226463,1.1971230480139958,0.27254584332275,46.85983282576297,0.7082278234951076,2.9842026825633354,3.8,0,1.0,1.0,0,1.0,0.0,5.4,4.2,2.3,3.1
1753736400,Central Cordoba de Santiago,Defensa Y Justicia,0.0,0.6472222222222221,1.5353670634920635,0.5033234126984127,50.66778273809524,0.9570610119047624,2.5847966269841245,4.5,0.8018772893772894,2.3051282051282054,0.44867216117216113,45.74512362637363,0.9818246336996336,2.8937499999999976,3.8,0,1.0,1.0,0,2.0,1.0,6.0,4.8,2.3,3.1
1753743600,Banfield,Barracas Central,0.0,1.0139920752847944,0.8020554730064389,1.2368251609707777,52.31790490341753,1.2504730064388316,2.4014487369985114,4.5,0.43266659046748196,1.382146531032118,1.1870156589324494,46.57578008915305,0.7049125614355924,2.89378214653103,3.8,0,1.0,1.0,2,1.0,3.0,5.4,6.0,2.8,2.6
1754596800,Godoy Cruz,Gimnasia L.P.,0.0,0.46141246290801186,0.2502314540059347,1.4191572700296735,52.31677151335311,0.8268344213649855,2.309436201780413,4.5,0.25232443125618204,1.1973046488625123,0.26951038575667663,46.58252967359051,0.5788649851632044,2.984903560830858,3.8,0,1.0,1.0,2,1.0,2.0,5.4,5.4,2.8,2.6
1754604000,San Lorenzo,Velez Sarsfield,0.0,0.6436467236467236,0.6176638176638176,1.4182336182336182,52.03897435897436,0.972706552706553,2.4937321937321917,4.5,0.9863703703703703,1.3813925925925925,1.370962962962963,47.40746666666667,1.111016296296296,2.8014814814814786,3.8,0,1.0,1.0,0,1.0,0.0,5.4,4.2,2.3,3.1
1754611200,Estudiantes L.P.,Independ. Rivadavia,0.0,1.1971443272446616,0.9850784666838178,1.6033959351685105,52.31809879084126,1.396951376382815,2.401595060457934,4.5,1.3560309512972235,0.8282430587164314,1.556577150659991,48.79168183887119,1.4066772872098314,2.709148839326352,3.8,0,1.0,1.0,0,2.0,1.0,6.0,4.8,2.3,3.1
1754690400,Tigre,Huracan,0.0,0.8294711964549484,1.1702924667651404,1.0512850812407681,51.48876809453471,1.102870310192024,2.4934534711964527,4.5,0.8022924667651404,1.0134711964549483,1.3707178729689808,47.68323190546529,0.9821553914327916,2.801548005908417,3.8,0,1.0,1.0,2,0.0,1.0,4.8,4.8,2.8,2.6
1754697600,Newells Old Boys,Central Cordoba de Santiago,0.0,1.0133333333333334,0.43431268436578174,1.6030914454277287,52.86853097345133,1.2499681415929207,2.401498525073744,4.5,0.43431268436578174,1.1973333333333334,0.4509498525073746,46.85546902654867,0.7061663716814157,2.8935221238938027,3.8,0,1.0,1.0,1,1.0,1.0,5.4,4.8,2.3,2.6
1754698500,Lanus,Talleres Cordoba,0.0,1.3813136966126658,0.8023328424153167,1.603016200294551,52.868471281296024,1.5259487481590581,2.401484536082472,4.5,0.9863328424153166,1.0133136966126657,1.1869455081001474,47.95952871870398,1.1109773195876287,2.7094963181148723,3.8,0,1.0,1.0,0,1.0,0.0,5.4,4.2,2.3,3.1
1754760600,San Martin S.J.,Sarmiento Junin,0.0,0.8610294117647059,1.4713235294117648,1.2732843137254901,51.08455882352941,1.1440196078431382,2.569730392156858,4.5,0.8023284313725492,0.6471813725490196,1.369607843137255,48.232720588235296,0.9821936274509803,2.618259803921566,3.8,0,1.0,1.0,2,0.0,1.0,4.8,4.8,2.8,2.6
1754767800,Boca Juniors,Racing Club,0.0,1.565157121879589,0.43425550660792955,1.9709838472834067,53.69635242290749,1.6730279001468433,2.4015154185022003,4.5,1.3560149101999324,0.6434203094996046,2.2952445498701004,49.06889190105049,1.388189314356715,2.709138145261491,3.8,0,1.0,1.0,1,1.0,1.0,5.4,4.8,2.3,2.6
1754775000,Independiente,River Plate,0.0,1.5664786826077148,0.4329573652154297,1.972027972027972,53.70028197608843,1.6740469208211146,2.4014437175727474,4.5,1.898125717200051,0.2838454672956777,2.098967231926559,50.42142037485656,1.8405737600408005,2.6189978324620653,3.8,0,1.0,1.0,1,0.0,0.0,4.8,4.2,2.3,2.6
1754783100,Atletico Tucuman,Rosario Central,0.0,1.750962946277734,0.80209483049893,2.525802455231445,53.423302173668205,1.8031805383489135,2.309122648946951,4.5,0.80209483049893,0.45865525397004164,1.741389796148215,48.515159364793334,0.9819777001914629,2.6167811690505665,3.8,0,1.0,1.0,1,0.0,0.0,4.8,4.2,2.3,2.6
1754783100,Belgrano Cordoba,Banfield,0.0,0.8288654970760234,1.3540818713450293,0.6827602339181287,51.21217543859649,1.08400701754386,2.493473684210524,4.5,1.1700818713450294,2.1168654970760237,0.8190409356725147,46.579824561403505,1.2395859649122807,2.893426900584793,3.8,0,1.0,1.0,0,2.0,1.0,6.0,4.8,2.3,3.1
1754848800,Barracas Central,Aldosivi,0.0,1.1968369829683698,1.3521897810218977,1.786374695863747,51.76697080291971,1.3784184914841855,2.493187347931871,4.5,1.4593231585932318,1.1930988719309887,1.3339084273390842,48.39933642999336,1.5081751824817513,2.803317850033172,3.8,0,1.0,1.0,0,3.0,1.0,6.6,4.8,2.3,3.1
1754856000,Instituto Cordoba,Platense,0.0,1.1969324375713017,1.1675244010647736,1.603346431740398,52.044112054759786,1.3785321333502352,2.40157180884776,4.5,0.8018950437317784,0.826051645147855,1.7453561016243233,47.96376509787588,0.9632215743440233,2.8013327780091606,3.8,0,1.0,1.0,1,1.0,1.0,5.4,4.8,2.3,2.6
1754866800,Argentinos JRS,Union Santa Fe,0.0,2.678850611892824,0.431613564073535,2.5287077470483585,55.37085557172893,2.5639171923014725,2.308733624454146,4.5,0.6197202708689323,1.3795202835263591,0.45521169546231255,46.86029998101385,0.8361078412758683,2.8928991835959716,3.8,0,1.0,1.0,0,1.0,0.0,5.4,4.2,2.3,3.1
1754949600,Defensa Y Justicia,Deportivo Riestra,0.0,1.0142821031344793,0.8022244691607685,1.4208291203235592,52.318086450960564,1.2324039433771492,2.4928463094034354,4.5,0.986046511627907,1.749139534883721,0.8186744186046512,46.85536046511628,1.1291488372093021,2.8934999999999973,3.8,0,1.0,1.0,0,1.0,0.0,5.4,4.2,2.3,3.1
1755282600,Aldosivi,Belgrano Cordoba,0.0,0.8606676342525399,0.8040638606676342,1.606918238993711,52.08490566037736,1.1437348814707313,2.402926947266565,4.5,0.9859506531204645,0.2771204644412191,1.7385544267053703,49.063245283018865,1.1290786647314948,2.6175326560232195,3.8,0,1.0,1.0,1,0.0,0.0,4.8,4.2,2.3,2.6
1755295200,Instituto Cordoba,Union Santa Fe,0.0,1.1968599033816425,1.168599033816425,1.6033816425120775,52.042391304347824,1.3784299516908218,2.4014492753623164,4.5,0.6185990338164251,1.1968599033816425,0.4526570048309179,47.13260869565217,0.8352173913043477,2.8932367149758424,3.8,0,1.0,1.0,2,0.0,4.0,4.8,6.6,2.8,2.6
1755302400,Racing Club,Tigre,0.0,0.46085094066570187,0.6182228654124458,1.235056439942113,51.76394211287989,0.8263930535455865,2.5854356005788692,4.5,0.43290660135812087,1.012356673717021,0.4488255593899588,47.13082489146165,0.7050940665701879,2.8937326060336166,3.8,0,1.0,1.0,2,1.0,2.0,5.4,5.4,2.8,2.6
1755364500,Platense,San Lorenzo,0.0,0.8288323699421966,0.4343583815028902,1.7868670520231213,52.59171098265896,1.120774566473989,2.309479768786125,4.5,0.8022676745220098,0.4584926634059582,1.741351711871943,48.51566251667408,0.9821164962205423,2.6167852378835015,3.8,0,1.0,1.0,0,2.0,1.0,6.0,4.8,2.3,3.1
1755371700,Huracan,Argentinos JRS,0.0,0.8258297258297258,1.359266130694702,1.2312719027004742,51.199845392702535,1.118614718614719,2.5870232941661495,4.5,0.6191438191438191,0.8301346801346803,0.8196729196729198,47.683513708513715,0.8356373256373255,2.709884559884557,3.8,0,1.0,1.0,0,1.0,0.0,5.4,4.2,2.3,3.1
1755379800,Rosario Central,Deportivo Riestra,0.0,0.8277987142540456,0.4329638661050764,1.6030591886499668,52.592252272223455,1.101567279982266,2.4013965861228086,4.5,0.8021946353358457,1.9354910219463535,0.2641986255819108,46.30005542008424,1.000520948791842,2.986078474839279,3.8,0,1.0,1.0,1,1.0,1.0,5.4,4.8,2.3,2.6
1755387000,Velez Sarsfield,Independiente,0.0,0.6448920863309352,0.6183021582733813,1.4191079136690647,52.039884892086334,0.9736115107913674,2.493438848920861,4.5,0.6175982291090205,1.1970116214720532,0.8180409518539015,47.13087991145545,0.8528389596015493,2.893746541228553,3.8,0,1.0,1.0,0,2.0,1.0,6.0,4.8,2.3,3.1
1755450000,Gimnasia L.P.,Lanus,0.0,0.6432581786030062,0.9868479221927497,1.4185234305923962,51.48461538461538,0.9539279398762163,2.493678160919538,4.5,0.6183218390804598,0.6449885057471264,1.0026436781609196,47.96,0.8533632183908043,2.801528735632181,3.8,0,1.0,1.0,2,1.0,2.0,5.4,5.4,2.8,2.6
1755450000,Defensa Y Justicia,Newells Old Boys,0.0,1.013510282161645,0.8025585844093736,1.41987087517934,52.316427546628404,1.2317360114777625,2.493197034911523,4.5,0.9864562410329986,0.6449698708751793,1.5548694404591106,48.51222955523673,1.1294657101865135,2.7095035868005715,3.8,0,1.0,1.0,1,1.0,1.0,5.4,4.8,2.3,2.6
1755458100,Banfield,Estudiantes L.P.,0.0,1.0129512893982808,0.9864756446991404,1.2350028653295129,52.03971346704871,1.249648137535817,2.401455587392548,4.5,0.24506753990994676,1.7544207941056078,0.6311297584936553,45.73597011870651,0.5734609087187882,2.987034383954152,3.8,0,1.0,1.0,0,3.0,2.0,6.6,5.4,2.3,3.1
1755458100,Central Cordoba de Santiago,Barracas Central,0.0,1.0131616595135908,1.722609442060086,0.8671587982832618,50.93582832618025,1.2314128755364813,2.585442060085835,4.5,0.9876013352408202,1.3825570921422137,1.7432840565887777,47.407566364647906,1.1303502357865733,2.8013988237164176,3.8,0,1.0,1.0,1,1.0,1.0,5.4,4.8,2.3,2.6
1755466200,River Plate,Godoy Cruz,0.0,2.311734693877551,0.6166326530612245,2.531326530612245,54.54265306122449,2.2701734693877555,2.3084183673469365,4.5,0.2506285714285714,1.7491428571428573,0.45074285714285717,45.752228571428574,0.5775885714285712,2.8934857142857116,3.8,0,1.0,1.0,0,4.0,2.0,7.199999999999999,5.4,2.3,3.1
1755473400,Independ. Rivadavia,Boca Juniors,0.0,1.381466476462197,0.9867617689015692,1.971241084165478,52.592057061340945,1.5260496433666195,2.401415121255347,4.5,0.9872709316361242,1.0129485350598046,1.0025238670031822,47.961483594864475,1.1300866893448918,2.8014594535279245,3.8,0,1.0,1.0,2,0.0,3.0,4.8,6.0,2.8,2.6
1755554400,Sarmiento Junin,Atletico Tucuman,0.0,0.8282051282051281,1.3567389875082183,0.6798597413982029,51.20719921104536,1.101875958799036,2.493710278325661,4.5,0.25313390313390316,1.1972222222222222,0.086301044634378,46.58386752136752,0.57946106362773,3.0765550807217448,3.8,0,1.0,1.0,1,2.0,2.0,6.0,5.4,2.3,2.6
1755561600,Talleres Cordoba,San Martin S.J.,0.0,0.8294281650071125,0.9871408250355619,0.8669815078236132,51.76343100995733,1.1028233285917501,2.5854452347083905,4.5,0.3162291478080952,1.1941549204707098,0.3519203413940256,46.683111341006075,0.6263261347471869,2.9669727143411286,3.8,0,1.0,1.0,1,0.0,0.0,4.8,4.2,2.3,2.6
1755887400,Barracas Central,Defensa Y Justicia,0.0,1.5652954545454547,1.1710454545454545,2.338909090909091,52.591375,1.6731250000000004,2.4014318181818157,4.5,0.9880050505050505,1.938236531986532,0.4470749158249159,46.57465277777778,1.1121422558922556,2.8939288720538694,3.8,0,1.0,1.0,1,1.0,1.0,5.4,4.8,2.3,2.6
1755903600,Tigre,Independ. Rivadavia,0.0,0.6435351882160393,0.9875613747954174,1.0488816148390616,51.48396072013093,0.972602291325696,2.493671576650298,4.5,1.3583924349881797,1.0122931442080378,1.372997110585763,48.51914893617021,1.4084475965327026,2.8013133701076938,3.8,0,1.0,1.0,1,1.0,1.0,5.4,4.8,2.3,2.6
1755970200,San Lorenzo,Instituto Cordoba,0.0,0.6419053614521038,0.6176686601615781,1.417374881964117,52.036355051935786,0.9713776099045226,2.493893610324203,4.5,0.8027519222986645,1.3832658842573857,1.3739579117766088,47.12922905706192,0.9824403075677862,2.8012444354512316,3.8,0,1.0,1.0,0,1.0,0.0,5.4,4.2,2.3,3.1
1755981000,Rosario Central,Newells Old Boys,0.0,0.8270731835088272,0.6175808056996176,1.2323327570852323,52.31423856671381,1.1009900990099013,2.401288700298599,4.5,0.8028723751496029,0.8281144597976281,1.1872266347513873,47.96213687302796,0.9825612011750624,2.7090632140137068,3.8,0,1.0,1.0,0,1.0,0.0,5.4,4.2,2.3,3.1
1755990000,Atletico Tucuman,Talleres Cordoba,0.0,1.197426239799121,0.43230801422891824,2.1584013391922996,53.14767733835531,1.3787507846829885,2.3086838250680035,4.5,0.9873967840069535,1.1973272490221643,1.0024989135158626,47.685104302477185,1.1117253368100826,2.801401564537155,3.8,0,1.0,1.0,0,3.0,0.0,6.6,4.2,2.3,3.1
1755990000,San Martin S.J.,Gimnasia L.P.,0.0,0.8565910816968645,1.313073668221764,1.2677443853748507,51.315276120212644,1.1407941846587835,2.5718563523923144,4.5,0.6187983074753174,1.1974273624823697,0.8184823695345558,47.13205641748942,0.853725246826516,2.8934894217207305,3.8,0,1.0,1.0,0,1.0,0.0,5.4,4.2,2.3,3.1
1756054800,Union Santa Fe,Huracan,0.0,0.8272300469483569,0.43213354199269693,1.7883150756390194,52.59264475743349,1.0825873761085032,2.3086593635889385,4.5,0.9872156013001083,1.0128927410617552,1.7407367280606718,47.961484290357525,1.111592632719393,2.8014626218851544,3.8,0,1.0,1.0,1,1.0,1.0,5.4,4.8,2.3,2.6
1756062900,Argentinos JRS,Racing Club,0.0,2.126240707253366,0.24528832630098452,2.531525015069319,54.82142857142858,2.121764114928673,2.30833835643962,4.5,1.3580767828306506,0.8272125852997865,1.928113767776215,48.7962962962963,1.3896910975673278,2.7087930405792546,3.8,0,1.0,1.0,0,4.0,1.0,7.199999999999999,4.8,2.3,3.1
1756070100,Boca Juniors,Banfield,0.0,1.013180639585134,0.6180207433016421,1.6033275713050994,52.59273984442524,1.2313720829732073,2.401274848746757,4.5,1.1718668971477961,1.936257562662057,0.8175453759723422,46.85341400172861,1.2408426966292134,2.893777009507344,3.8,0,1.0,1.0,0,2.0,0.0,6.0,4.2,2.3,3.1
1756144800,Deportivo Riestra,Sarmiento Junin,0.0,1.197885424533391,0.06408458301866432,2.5265508684863525,53.70070126227209,1.3791325925126772,2.3089545797820668,4.5,0.618647966339411,0.2778008415147265,1.738131837307153,48.51127068723703,0.8352078541374471,2.617559607293125,3.8,0,1.0,1.0,0,3.0,0.0,6.6,4.2,2.3,3.1
1756152000,Godoy Cruz,Velez Sarsfield,0.0,0.6442361560008618,0.6178409825468649,1.2343891402714933,52.039592760180994,0.9546714070243488,2.401249730661493,4.5,0.6178409825468649,1.3826976944624003,0.8173238526179702,46.852714932126695,0.8345572074983838,2.893837535014003,3.8,0,1.0,1.0,2,0.0,2.0,4.8,5.4,2.8,2.6
1756159200,Belgrano Cordoba,Central Cordoba de Santiago,0.0,1.0133405056481979,1.356428187197418,1.049596557288865,51.48536847767617,1.231500806885423,2.4935987089833223,4.5,0.6179666487358795,1.1979558902635825,0.6329209252286175,47.130016137708445,0.8346530392684236,2.8015061861215678,3.8,0,1.0,1.0,2,0.0,3.0,4.8,6.0,2.8,2.6
1756160100,Estudiantes L.P.,Aldosivi,0.0,1.0143156424581006,0.8030493482309126,1.6035381750465552,52.31689944134078,1.2506913407821234,2.401443202979513,4.5,1.306098696461825,1.6952979515828677,0.8384543761638734,47.41620111731844,1.3854748603351952,2.8865456238361205,3.8,0,1.0,1.0,0,1.0,0.0,5.4,4.2,2.3,3.1
1756167300,Lanus,River Plate,0.0,0.8285806243965239,0.6181096448878876,1.603411651110396,52.31570646926295,1.0836970282158571,2.401319600901189,4.5,1.536285448628545,0.28096234309623436,1.7357740585774057,49.88298465829846,1.5693328684332866,2.618305439330541,3.8,0,1.0,1.0,1,1.0,1.0,5.4,4.8,2.3,2.6
1756504800,Newells Old Boys,Barracas Central,0.0,1.1977930147846583,0.6181272766230983,1.603342618384401,52.86949860724234,1.3790636383115498,2.401307049496462,4.5,1.173975328292877,1.0122363708714683,1.9306605650616793,48.242608436132116,1.2608654994031037,2.7085256665340207,3.8,0,1.0,1.0,2,1.0,2.0,5.4,5.4,2.8,2.6
1756504800,Banfield,Tigre,0.0,1.5670054562961377,1.3567133839734675,1.6031667914838985,52.315438108484,1.674430298491495,2.40134802610463,4.5,0.8027610364188946,1.0126719208777624,1.0023695461803945,47.685133673311704,0.9824705094524288,2.8014114253335367,3.8,0,1.0,1.0,0,1.0,0.0,5.4,4.2,2.3,3.1
1756512900,Instituto Cordoba,Independiente,0.0,1.0136666666666667,1.9068888888888889,1.0514444444444444,50.66016666666667,1.2501888888888892,2.493388888888887,4.5,0.8026748971193416,1.1978395061728395,0.8170781893004115,47.40725308641975,0.9824074074074074,2.894032921810697,3.8,0,1.0,1.0,1,0.0,0.0,4.8,4.2,2.3,2.6
1756575900,San Lorenzo,Huracan,0.0,0.8263721022389539,0.43106796116504853,1.9744402615415098,52.59295621161086,1.1004398652664953,2.4012284525460648,4.5,0.8025889967637541,1.0125340319515077,1.3726306056403144,47.68508244721838,0.9638259618842143,2.801417783942053,3.8,0,1.0,1.0,1,0.0,0.0,4.8,4.2,2.3,2.6
1756584000,Central Cordoba de Santiago,Estudiantes L.P.,0.0,1.1975069252077561,1.3564457702961858,1.0493287875559343,51.761591732367364,1.3603814191348822,2.493618154698485,4.5,0.6161237940586494,1.9425924157035055,0.6296876492501672,46.01029706753271,0.8517795395930843,2.987505970006684,3.8,0,1.0,1.0,0,2.0,0.0,6.0,4.2,2.3,3.1
1756584000,Independ. Rivadavia,Argentinos JRS,0.0,1.0129801042664113,1.3563570592616236,1.4187041174593042,51.48493456750718,1.2496797531652306,2.4936057027343312,4.5,0.43461134163208853,0.8294993084370679,0.6343236514522822,47.407668049792534,0.706396680497925,2.8015380359612694,3.8,0,1.0,1.0,0,2.0,1.0,6.0,4.8,2.3,3.1
1756600200,Velez Sarsfield,Lanus,0.0,1.0130684232894178,0.6179133021674458,1.972694432639184,52.59273268168296,1.2497471313217172,2.401285592860176,4.5,0.8025286867828304,0.6438376540586486,1.3713557161070973,48.23803654908627,1.0007756056098596,2.8015087122821902,3.8,0,1.0,1.0,0,3.0,0.0,6.6,4.2,2.3,3.1
1756661400,Aldosivi,Boca Juniors,0.0,0.5188328912466844,0.6356498673740053,1.2687533156498674,51.82477453580902,0.8874907161803722,2.4025464190981385,4.5,0.9875351213282247,0.8275862068965518,1.001941251596424,48.23992337164751,1.1303141762452105,2.8014814814814786,3.8,0,1.0,1.0,2,0.0,2.0,4.8,5.4,2.8,2.6
1756669500,Talleres Cordoba,Deportivo Riestra,0.0,0.4592922229285865,0.9871794871794872,0.4957406230133502,51.208169103623646,0.8251917779190511,2.5859292222928567,4.5,0.9876543209876543,1.5682073257830835,0.44658708295071936,47.12917049280686,1.1304050607080909,2.894051627384958,3.8,0,1.0,1.0,2,0.0,1.0,4.8,4.8,2.8,2.6
1756669500,Defensa Y Justicia,Belgrano Cordoba,0.0,1.01353507565337,0.6186850068775791,1.6033892709766164,52.592275103163686,1.231703988995874,2.401408528198072,4.5,0.8025817373822876,0.2745529573590096,1.3716643741403027,48.792043170034916,1.000814728600148,2.616876521003066,3.8,0,1.0,1.0,0,2.0,1.0,6.0,4.8,2.3,3.1
1756678500,River Plate,San Martin S.J.,0.0,2.6876089427813565,0.8023304281924972,2.534084880636605,54.827917771883286,2.570839333080713,2.3080996589617255,4.5,0.30563186813186816,1.0283882783882783,0.50503663003663,46.91586538461538,0.6184523809523805,2.8866300366300304,3.8,0,1.0,1.0,0,2.0,0.0,6.0,4.2,2.3,3.1
1756685700,Racing Club,Union Santa Fe,0.0,0.4593436741584889,0.9871267278674686,0.6804685026907249,51.208325419436534,0.8252337237522427,2.678252611585943,4.5,1.1706117969821674,0.8297174211248286,1.0023045267489712,48.51134156378601,1.27679012345679,2.801613168724277,3.8,0,1.0,1.0,2,2.0,3.0,6.0,6.0,2.8,2.6
1756756800,Gimnasia L.P.,Atletico Tucuman,0.0,0.6424150177574836,1.1730086250634195,1.2328767123287672,51.204109589041096,0.9532521562658555,2.5865043125317078,4.5,0.6188493150684932,1.3818082191780823,0.26652054794520547,46.855561643835614,0.8537753424657532,2.9855890410958876,3.8,0,1.0,1.0,0,1.0,0.0,5.4,4.2,2.3,3.1
1756764900,Platense,Godoy Cruz,0.0,0.8286435862359255,0.43342102493949275,1.7881300641902558,52.59283384194465,1.1206671577396616,2.3090497737556537,4.5,0.6180364095548774,1.7517205093128485,0.4484689045564558,46.29947385036304,0.8531811007050403,2.8938650952330813,3.8,0,1.0,1.0,2,1.0,3.0,5.4,6.0,2.8,2.6
1757631600,Belgrano Cordoba,San Martin S.J.,0.0,0.8275652701882211,1.7286986439991905,0.8624772313296905,50.64829993928355,1.1013661202185796,2.5865310665857093,4.5,0.2980664144598571,1.0264817150063053,0.49735182849936954,46.907377049180326,0.6128709541824291,2.887683900798649,3.8,0,1.0,1.0,1,0.0,0.0,4.8,4.2,2.3,2.6
1757698200,Deportivo Riestra,Central Cordoba de Santiago,0.0,1.5681875600020212,0.06194734980546713,2.529078874235764,54.25936031529483,1.6753524329240568,2.3087413470769516,4.5,1.1730584609165784,1.0126320044464656,1.1876105300389066,48.240639684705165,1.2602091859936333,2.7088626143196373,3.8,0,1.0,1.0,0,2.0,0.0,6.0,4.2,2.3,3.1
1757714400,Huracan,Velez Sarsfield,0.0,1.011838767264869,1.1748379216386358,1.7892699426853331,51.75550126843935,1.2488358545522882,2.494334304237525,4.5,0.8026036936118681,1.0127157129881925,1.3726914925825007,47.68483197093552,0.982369563023514,2.8014834998486196,3.8,0,1.0,1.0,1,0.0,0.0,4.8,4.2,2.3,2.6
1757714400,Racing Club,San Lorenzo,0.0,0.6422272612748803,1.543260267069791,0.1217435122197027,50.648450491307635,0.9716250944822379,2.771680524061474,4.5,0.8025195263290502,0.8274124464600656,1.1875031494079114,47.96266061980347,0.9823078861174099,2.708868732678254,3.8,0,1.0,1.0,0,2.0,0.0,6.0,4.2,2.3,3.1
1757722500,Newells Old Boys,Atletico Tucuman,0.0,1.0126811594202898,0.9876207729468599,1.0478059581320451,52.03759057971014,1.2309480676328508,2.4938909017713344,4.5,0.43329849498327755,1.197784280936455,0.2638377926421404,46.85327132107024,0.7238712374581937,2.9861622073578564,3.8,0,1.0,1.0,0,2.0,0.0,6.0,4.2,2.3,3.1
1757722500,Lanus,Independ. Rivadavia,0.0,0.8275792753404694,0.6171666917935574,1.603497663199156,52.31561887532037,1.0828634604754013,2.4012864968088827,4.5,1.359410738515216,1.0123085869354527,1.3734638495832525,48.52065322736965,1.4092498546229888,2.8014634619112204,3.8,0,1.0,1.0,0,1.0,0.0,5.4,4.2,2.3,3.1
1757784600,Godoy Cruz,Barracas Central,0.0,0.4571916089531266,0.802268393054301,1.0480778881862893,51.482384823848236,0.8235872729097665,2.4938673090434587,4.5,1.3607326418091767,1.1980749462667042,1.9329034669657041,48.2439865433137,1.4102532473600597,2.70833566956359,3.8,0,1.0,1.0,1,0.0,0.0,4.8,4.2,2.3,2.6
1757792700,Independiente,Banfield,0.0,0.8274444945622212,0.43181476469703806,1.6035683857064102,52.593444594797774,1.1012780033077736,2.4012629679747386,4.5,0.9873703202525936,1.5681852353029622,0.8168195258858317,47.12877762742445,1.1116924773217058,2.8941161730065623,3.8,0,1.0,1.0,2,0.0,1.0,4.8,4.8,2.8,2.6
1757800800,Estudiantes L.P.,River Plate,0.0,1.0135135135135136,0.6183783783783784,1.9716756756756757,52.5927027027027,1.250086486486487,2.401405405405403,4.5,1.7223783783783784,0.4615135135135135,1.7383783783783784,49.8912972972973,1.6998378378378378,2.617621621621619,3.8,0,1.0,1.0,2,1.0,2.0,5.4,5.4,2.8,2.6
1757808900,Sarmiento Junin,Aldosivi,0.0,1.0124956265307143,1.5430599290248415,0.6773129404708352,51.20415354625881,1.2493227370420357,2.493932123756683,4.5,0.8048167756669782,1.3644139935637911,0.666521332918094,47.16060417315478,1.001411813557562,2.97230353991487,3.8,0,1.0,1.0,0,2.0,0.0,6.0,4.2,2.3,3.1
1757872800,Gimnasia L.P.,Union Santa Fe,0.0,0.8264150943396227,0.6164420485175202,1.7889680400462071,52.31495956873316,1.0819079707354644,2.4941374663072757,4.5,1.7253991291727142,1.197677793904209,1.3716151772755547,48.79158200290276,1.7021812150114037,2.801565415716356,3.8,0,1.0,1.0,2,1.0,3.0,5.4,6.0,2.8,2.6
1757872800,Instituto Cordoba,Argentinos JRS,0.0,0.45919867481105703,1.910239155192049,0.6802567553576975,49.82343927942851,0.8251144010767164,2.493726058598196,4.5,0.6179314628843565,1.1976602132725955,0.4487421058080546,47.130406874417645,0.8346640438968835,2.893850295061598,3.8,0,1.0,1.0,0,2.0,0.0,6.0,4.2,2.3,3.1
1757881800,Rosario Central,Boca Juniors,0.0,0.6407642089093701,0.6165706605222734,1.2317972350230415,52.03629032258064,0.951952764976959,2.401305683563746,4.5,1.1737135176651305,0.45504992319508447,1.5594470046082949,49.07799539170507,1.279272273425499,2.708602150537632,3.8,0,1.0,1.0,1,1.0,1.0,5.4,4.8,2.3,2.6
1757890800,Tigre,Talleres Cordoba,0.0,0.8274422073079792,0.8023862788963461,1.2329107631121055,52.03758389261745,1.1012677106636843,2.4013422818791925,4.5,0.8023862788963461,1.56818294804872,0.8172010937111609,46.85130499627144,0.9822172508078548,2.8940840169028057,3.8,0,1.0,1.0,1,0.0,0.0,4.8,4.2,2.3,2.6
1757890800,Defensa Y Justicia,Platense,0.0,1.3822231387915034,0.8023922458238812,1.9725716642606723,52.86974633945144,1.5081501340482577,2.401381728191377,4.5,0.9883516686696866,0.8254414347785893,1.9332532125358233,48.24436535083664,1.0937320883794028,2.708264768420077,3.8,0,1.0,1.0,2,1.0,2.0,5.4,5.4,2.8,2.6
1758312000,Deportivo Riestra,Gimnasia L.P.,0.0,1.9406196213425129,0.059475999235035354,2.902945113788487,54.821715433161216,1.9546949703576213,2.3084624211130214,4.5,0.4332818453300381,1.0129749768303986,0.8180619915559675,47.130460302749455,0.7238698383276694,2.8938111420039103,3.8,0,1.0,1.0,0,1.0,0.0,5.4,4.2,2.3,3.1
1758319200,Huracan,Racing Club,0.0,0.4512299465240642,0.8021033868092692,1.4162032085561498,51.473689839572195,0.8190338680926921,2.4945543672014243,4.5,1.3593964858670742,1.197746371275783,1.9309587471352176,48.24247517188694,1.3906779984721158,2.708565699006873,3.8,0,1.0,1.0,2,0.0,2.0,4.8,5.4,2.8,2.6
1758320100,San Martin S.J.,Velez Sarsfield,0.0,1.023841312225825,1.1475872592027465,1.7772649246614534,51.81438107953462,1.2577646385657075,2.4884035857333546,4.5,0.6166507724585161,1.0119206561129124,1.0025748617203891,47.4070951745184,0.8521914934197977,2.801401869158876,3.8,0,1.0,1.0,2,1.0,2.0,5.4,5.4,2.8,2.6
1758327300,Lanus,Platense,0.0,0.8261904761904761,0.431047619047619,1.9741904761904763,52.59271428571429,1.08172380952381,2.40138095238095,4.5,1.1756444444444443,1.011111111111111,1.9359111111111111,48.2468,1.2434577777777778,2.707955555555553,3.8,0,1.0,1.0,0,2.0,1.0,6.0,4.8,2.3,3.1
1758389400,Barracas Central,Sarmiento Junin,0.0,1.3821366383283826,1.1719143705828128,1.9723445662194,52.31533340161835,1.5265369251254741,2.4014749564682965,4.5,0.6180682167366588,0.8282904844822288,1.5567141247567347,47.68466659838165,0.8347680016388404,2.709208235173612,3.8,0,1.0,1.0,2,0.0,1.0,4.8,4.8,2.8,2.6
1758397500,Union Santa Fe,Independ. Rivadavia,0.0,0.8261588145896657,0.6167933130699088,1.4170212765957446,52.31404825227963,1.0817021276595749,2.3085486322188427,4.5,0.9886280264123257,1.011463683052091,0.8165443873807778,47.96574651504035,1.1311793837123991,2.8944424064563434,3.8,0,1.0,1.0,1,2.0,2.0,6.0,5.4,2.3,2.6
1758413700,Atletico Tucuman,River Plate,0.0,1.3833807626636312,0.4311895276038702,2.1598178713716565,53.42828685258964,1.5274767596281549,2.3085372794536116,4.5,1.9105117989580143,0.4590254367146797,2.110756972111554,50.177229543364994,1.8502523240371849,2.6168556543058505,3.8,0,1.0,1.0,0,2.0,0.0,6.0,4.2,2.3,3.1
1758466800,Tigre,Aldosivi,0.0,0.8263167866616142,0.802538840469875,1.2313755210306934,52.03566691928761,1.100394088669951,2.4013830996589594,4.5,0.80507768093975,1.5383478590375144,0.6626373626373626,46.90009473285335,1.0017809776430464,2.97421371731716,3.8,0,1.0,1.0,0,2.0,0.0,6.0,4.2,2.3,3.1
1758475800,Independiente,San Lorenzo,0.0,0.4549668874172185,0.6167455061494796,1.045789971617786,51.75733207190161,0.8218826868495747,2.494228949858087,4.5,0.8024597918637654,1.1978240302743615,1.0026490066225167,47.4069536423841,0.9822611163670766,2.801419110690631,3.8,0,1.0,1.0,1,1.0,1.0,5.4,4.8,2.3,2.6
1758483900,Godoy Cruz,Instituto Cordoba,0.0,0.4549508692365835,0.8024754346182917,1.04572940287226,51.47871315192744,0.8218669690098266,2.494217687074828,4.5,0.8023900748038679,1.0116767013318737,1.3749680715197956,47.686070060207996,0.9821912059843094,2.801350118591495,3.8,0,1.0,1.0,1,1.0,1.0,5.4,4.8,2.3,2.6
1758492000,Argentinos JRS,Banfield,0.0,2.3151095522252083,0.42999134514644927,2.533749373661914,54.827677310618135,2.272821937776159,2.30819933494283,4.5,0.9882053217588225,1.3835063219475372,1.1883562936403096,47.40704849971692,1.112277788261936,2.8942347612757096,3.8,0,1.0,1.0,0,3.0,0.0,6.6,4.2,2.3,3.1
1758492000,Rosario Central,Talleres Cordoba,0.0,0.8256209626057684,0.6161222818669821,1.416631789646074,52.31424802110818,1.0812282776817401,2.3081885178782615,4.5,0.6166980776479457,1.383678854127403,0.8168300037693177,46.84952883528081,0.8522201281568035,2.894261213720314,3.8,0,1.0,1.0,1,1.0,1.0,5.4,4.8,2.3,2.6
1758500100,Boca Juniors,Central Cordoba de Santiago,0.0,1.1978724442492559,0.6173327477675304,1.6029863855950814,52.87080954472259,1.3790806616893578,2.401376079636947,4.5,0.9881422924901185,0.8265198569546396,1.1882552230378318,48.242433653303216,1.130799924712968,2.7085262563523407,3.8,0,1.0,1.0,1,2.0,2.0,6.0,5.4,2.3,2.6
1758578400,Estudiantes L.P.,Defensa Y Justicia,0.0,1.1978744939271255,0.8027327935222672,1.972267206477733,52.59271255060729,1.3791093117408912,2.4014170040485805,4.5,0.9882518796992481,1.3837406015037594,0.6311090225563909,47.40676691729323,1.1123120300751879,2.8013627819548845,3.8,0,1.0,1.0,0,1.0,0.0,5.4,4.2,2.3,3.1
1758585600,Belgrano Cordoba,Newells Old Boys,0.0,0.6408672798948751,1.1738877416932607,1.0458043927163507,51.20046930730242,0.9705856955134227,2.494161817157873,4.5,0.6173650654596778,0.8275660680391299,1.0025307830826884,47.68469849613083,0.8527084245875309,2.801440599600912,3.8,0,1.0,1.0,0,3.0,0.0,6.6,4.2,2.3,3.1
1758924000,Banfield,Union Santa Fe,0.0,1.5684844949936816,1.1728395061728396,1.9735588606979684,52.59346748323126,1.6755613881598137,2.401341498979292,4.5,2.0987654320987654,1.0129289394381258,1.9283561777000098,49.628754738990956,2.0007971225818992,2.708875279478951,3.8,0,1.0,1.0,1,0.0,0.0,4.8,4.2,2.3,2.6
1758924000,Platense,San Martin S.J.,0.0,1.0128149118974807,0.9875734187660793,1.6031260618416583,52.0378622396971,1.249550992670259,2.401330032522691,4.5,0.29032016476315303,0.85328590151657,0.6618236285339824,47.15555139486988,0.6071372402171873,2.8027897397491053,3.8,0,1.0,1.0,1,2.0,2.0,6.0,5.4,2.3,2.6
1758932100,Central Cordoba de Santiago,Tigre,0.0,1.3832654644172968,1.1728718247042855,1.417878611595889,52.31559045956951,1.5088714368819085,2.4939111886755843,4.5,0.8024121166791324,1.1981488406881078,0.8166230366492147,47.40639491398653,0.9822232610321615,2.8942314884068785,3.8,0,1.0,1.0,2,0.0,1.0,4.8,4.8,2.8,2.6
1758994200,Aldosivi,Argentinos JRS,0.0,0.5103641456582634,0.6334267040149393,1.2627450980392156,51.81540616246499,0.8812324929971997,2.402614379084963,4.5,0.4321471798595982,1.3831517792302106,0.2618736383442266,46.573493100944084,0.704536431856693,2.9865892035826644,3.8,0,1.0,1.0,2,0.0,2.0,4.8,5.4,2.8,2.6
1758994200,Gimnasia L.P.,Rosario Central,0.0,0.8255874673629243,1.1748626991987035,1.2301431529665976,51.47608715224633,1.081206446385163,2.5875033762492103,4.5,0.8026303065467557,0.4571124649453632,1.7435451116913259,48.51827676240209,0.9824001547239144,2.61619765980079,3.8,0,1.0,1.0,2,0.0,3.0,4.8,6.0,2.8,2.6
1759002300,San Lorenzo,Godoy Cruz,0.0,0.4530683810637055,0.24402283864586616,1.6024097468866612,52.31356831362675,0.8204387897316013,2.401330755743378,4.5,1.173209715582597,1.753295668549906,1.002993867400647,47.12987107054904,1.2788594330967211,2.8013617267854527,3.8,0,1.0,1.0,0,2.0,0.0,6.0,4.2,2.3,3.1
1759010400,Defensa Y Justicia,Boca Juniors,0.0,1.3830054012345678,0.802758487654321,1.9730902777777777,52.87037037037037,1.508680555555556,2.401417824074072,4.5,1.1749820402298852,0.453142959770115,1.561314655172414,49.08275862068965,1.280262212643678,2.708189655172411,3.8,0,1.0,1.0,0,2.0,1.0,6.0,4.8,2.3,3.1
1759018500,Talleres Cordoba,Sarmiento Junin,0.0,0.4571593700332322,0.9879593507681934,0.4917401146269807,51.20380002889756,0.8235563261571068,2.586591533015458,4.5,0.6175889803978231,0.8275297404036026,1.5583489861773347,47.68508885999133,0.8343640129075757,2.708823387757065,3.8,0,1.0,1.0,0,1.0,0.0,5.4,4.2,2.3,3.1
1759083300,Racing Club,Independiente,0.0,1.0122448979591836,1.3597402597402597,0.67430426716141,51.478756957328386,1.249128014842301,2.6799165120593673,4.5,0.8025974025974026,1.0122448979591836,1.0025974025974027,47.685528756957325,0.9823654916512059,2.801391465677177,3.8,0,1.0,1.0,1,0.0,0.0,4.8,4.2,2.3,2.6
1759093200,River Plate,Deportivo Riestra,0.0,2.3179939472546476,0.6156852572416774,2.535961954172071,54.553463035019455,2.2751111111111118,2.3079118028534347,4.5,1.1739484899017973,1.5692792292014082,0.8168797480081527,47.40700389105058,1.2608801185843985,2.894228274967572,3.8,0,1.0,1.0,2,1.0,2.0,5.4,5.4,2.8,2.6
1759098600,Independ. Rivadavia,Huracan,0.0,1.197754749568221,1.5434657455382845,1.4175781999616197,51.4814335060449,1.3975148723853392,2.494012665515254,4.5,0.8026276831976313,0.6406920799407846,1.559918578830496,48.24290340488527,0.963819393042191,2.708493708364172,3.8,0,1.0,1.0,1,0.0,0.0,4.8,4.2,2.3,2.6
1759101300,Instituto Cordoba,Lanus,0.0,0.6420871065114273,1.728570744094677,1.047146758660342,50.37027454362512,0.9715059173015194,2.494001245747686,4.5,0.802644818168751,1.1976426620669829,1.188059987542523,47.40750323415265,1.0009391021033969,2.893972497724112,3.8,0,1.0,1.0,1,0.0,0.0,4.8,4.2,2.3,2.6
1759170600,Barracas Central,Belgrano Cordoba,0.0,1.1975308641975309,1.3581203942961049,1.4174562159058284,51.75911570485214,1.397349028615179,2.4939898554885613,4.5,0.9877500239257345,0.6419753086419753,1.1880562733275912,48.518662072925636,1.1305100966599673,2.7087663891281433,3.8,0,1.0,1.0,1,1.0,1.0,5.4,4.8,2.3,2.6
1759186800,Velez Sarsfield,Atletico Tucuman,0.0,1.5678853046594983,0.43221027479092,2.5285065710872163,53.70351254480286,1.6751111111111114,2.3087933094384683,4.5,0.43221027479092,1.382700119474313,0.2621266427718041,46.57426523297491,0.7231111111111109,2.9865232974910363,3.8,0,1.0,1.0,0,3.0,1.0,6.6,4.8,2.3,3.1
1759269600,Newells Old Boys,Estudiantes L.P.,0.0,1.3834867452135493,0.9882179675994109,1.416899852724595,52.59290316642121,1.5089893225331374,2.494182621502207,4.5,0.6156701030927835,1.571254295532646,0.6291580756013745,46.566623711340206,0.8514742268041237,2.9878951890034333,3.8,0,1.0,1.0,1,1.0,1.0,5.4,4.8,2.3,2.6
1759528800,Tigre,Defensa Y Justicia,0.0,1.0116273909377358,0.616225092087161,1.6024674921226647,52.59310344827586,1.2486646252163498,2.4012692495451096,4.5,0.8024319886388853,1.384041184041184,0.4439533129188302,47.12758620689655,0.982222518084587,2.894354946079081,3.8,0,1.0,1.0,1,1.0,1.0,5.4,4.8,2.3,2.6
1759536900,Union Santa Fe,Aldosivi,0.0,1.011612445705168,0.8024465916142187,1.416204237213013,52.31374878113642,1.2300292527258228,2.308155305380726,4.5,0.2847300771208226,1.8891173950299915,0.1383033419023136,45.59341902313624,0.6029785775492712,3.062382176520989,3.8,0,1.0,1.0,2,0.0,2.0,4.8,5.4,2.8,2.6
1759536900,Argentinos JRS,Central Cordoba de Santiago,0.0,2.1311253744116394,0.42913136499786053,2.5355241762943947,54.55299101412067,2.1256208814719733,2.3079161317928945,4.5,1.3611703775839936,1.1977159045637644,1.1889513523084414,48.245181709530335,1.4105847461378425,2.7081094241069423,3.8,0,1.0,1.0,1,0.0,0.0,4.8,4.2,2.3,2.6
1759599000,Sarmiento Junin,Gimnasia L.P.,0.0,1.3832417582417582,1.3597069597069598,1.230860805860806,52.035302197802196,1.5273717948717955,2.4013278388278367,4.5,0.43228869895536565,0.8270655270655272,0.8177587844254511,47.407834757834756,0.723162393162393,2.893874643874641,3.8,0,1.0,1.0,2,0.0,1.0,4.8,4.8,2.8,2.6
1759607100,San Martin S.J.,Instituto Cordoba,0.0,1.0218523260776782,1.4981476739223218,1.257328211694409,51.28555697823303,1.256279982927871,2.575877080665809,4.5,0.6157405036278275,1.010926163038839,1.0028169014084507,47.40722151088348,0.832853606487409,2.8011352966282517,3.8,0,1.0,1.0,1,0.0,0.0,4.8,4.2,2.3,2.6
1759615200,Huracan,Banfield,0.0,0.4491873607788137,0.9893573137529906,1.4147842587245276,51.18974507053874,0.8174837059648548,2.494769408464646,4.5,0.802416438839404,1.5698209718670078,1.189117206102831,46.84889320045859,0.9822083076109004,2.89425875297645,3.8,0,1.0,1.0,0,1.0,0.0,5.4,4.2,2.3,3.1
1759615200,Atletico Tucuman,Platense,0.0,1.5698066675474525,0.4299290967543049,2.1607521909543315,53.70981635618972,1.6766063328489016,2.3081913066455253,4.5,1.1763852840604787,1.3846578502863263,1.376830222881391,47.687591150661234,1.243950891937544,2.801104107444483,3.8,0,1.0,1.0,0,2.0,0.0,6.0,4.2,2.3,3.1
1759623300,Lanus,San Lorenzo,0.0,1.011259676284307,0.6160626319493315,1.9746657283603097,52.59279556650247,1.2297660098522174,2.401284306826177,4.5,0.8022695285010557,1.197466572836031,1.0027269528501055,47.40720443349753,0.982100633356791,2.801205137227302,3.8,0,1.0,1.0,0,2.0,1.0,6.0,4.8,2.3,3.1
1759685400,Godoy Cruz,Independiente,0.0,0.4527124972545575,0.9884911047660883,0.6713375796178345,51.19633208873271,0.8201669229079732,2.4943773336261783,4.5,0.61607731166264,1.01133318690973,0.6302218317592796,47.40711618712936,0.8517636723039753,2.8012299582692703,3.8,0,1.0,1.0,1,1.0,1.0,5.4,4.8,2.3,2.6
1759692600,Estudiantes L.P.,Barracas Central,0.0,1.3825275657336726,0.8024691358024691,2.3432287249081143,52.870087644896806,1.5083121289228165,2.4013570822731105,4.5,1.3622222222222222,0.6376081424936386,2.122544529262087,49.08692111959287,1.4113791348600508,2.6145038167938903,3.8,0,1.0,1.0,1,1.0,1.0,5.4,4.8,2.3,2.6
1759693500,Talleres Cordoba,Belgrano Cordoba,0.0,0.45456525685242327,0.6166817934289345,1.045198765656199,51.756825195135235,0.8215719731348706,2.4941550190597184,4.5,0.9881103648575059,0.640279542566709,1.1884371029224905,48.5217462334362,1.1307714648756577,2.7083772009439073,3.8,0,1.0,1.0,1,0.0,0.0,4.8,4.2,2.3,2.6
1759701600,Boca Juniors,Newells Old Boys,0.0,1.1973168963016678,0.9880348078317621,1.2308556925308194,52.31392313270486,1.378636693255983,2.4012871646120355,4.5,0.6166062364031907,1.1973168963016678,1.0027193618564176,47.128934010152285,0.8521446700507613,2.8012146482958635,3.8,0,1.0,1.0,0,5.0,0.0,7.8,4.2,2.3,3.1
1759709700,Rosario Central,River Plate,0.0,0.8244866920152092,0.6154288128432615,1.4155809040980143,52.31358681875792,1.0803177017321508,2.3078580481622284,4.5,1.3578838661221424,0.8272074355724547,1.5582781767826128,48.796014645824535,1.4266112754072195,2.7086936112284623,3.8,0,1.0,1.0,0,2.0,1.0,6.0,4.8,2.3,3.1
1759788000,Deportivo Riestra,Velez Sarsfield,0.0,1.5702313400261896,0.05735486687036231,2.905892623308599,54.26931470973374,1.658315146224357,2.3081187254474007,4.5,0.8021824530772589,0.45298996071584463,1.5610650371017025,48.52378873854212,1.0006460061108684,2.7081187254474,3.8,0,1.0,1.0,1,2.0,2.0,6.0,5.4,2.3,2.6
1759795200,Racing Club,Independ. Rivadavia,0.0,1.0116831596843803,1.174698112385021,0.8575613583852828,51.75547757094904,1.2487152883735129,2.5874188063995796,4.5,1.3622081753055204,1.1979603876949008,1.0023598820058996,48.24637168141593,1.4113662031184153,2.801163084702905,3.8,0,1.0,1.0,1,0.0,0.0,4.8,4.2,2.3,2.6
1760117400,San Lorenzo,San Martin S.J.,0.0,0.8245286195286196,0.055471380471380456,2.1622558922558928,53.15358585858586,1.0990185185185188,2.3078282828282806,4.5,0.4576094276094276,0.8490572390572391,0.8313804713804713,47.41282828282828,0.7412962962962959,2.7156228956228903,3.8,0,1.0,1.0,2,0.0,1.0,4.8,4.8,2.8,2.6
1760123700,Defensa Y Justicia,Argentinos JRS,0.0,1.3833183210232392,0.9880201765447667,1.9736984327148261,52.59294721671771,1.508870473788507,2.4012790488200304,4.5,0.6165916051161953,1.0118897495946677,0.8169879301026842,47.40705278328229,0.8521311475409835,2.8940641325887198,3.8,0,1.0,1.0,0,1.0,0.0,5.4,4.2,2.3,3.1
1760125500,Central Cordoba de Santiago,Union Santa Fe,0.0,1.1975890608132422,0.9879453040662108,1.4166786613889888,52.31446563512055,1.3788557034904647,2.494125584742711,4.5,1.9165167326376396,0.8261604893846708,1.9311802806765024,49.63553436487945,1.8735048578625404,2.7083753148614584,3.8,0,1.0,1.0,0,3.0,1.0,6.6,4.8,2.3,3.1
1760131800,Newells Old Boys,Tigre,0.0,1.1978312730427239,1.1745825200607243,1.0438082845369767,52.034873129473,1.3603990457601394,2.4943179353719342,4.5,0.8021687269572761,0.8254174799392757,1.3748427672955974,47.965126870527,0.9820125786163522,2.801214487096072,3.8,0,1.0,1.0,1,1.0,1.0,5.4,4.8,2.3,2.6
1760209200,Gimnasia L.P.,Talleres Cordoba,0.0,0.8245561139028476,1.5487772194304859,1.2289614740368509,50.913668341708544,1.0803718592964828,2.587830820770517,4.5,0.615976433893606,1.19781666955467,1.0024259227170333,47.12723964650841,0.8516756194766936,2.8011956333391064,3.8,0,1.0,1.0,2,1.0,2.0,5.4,5.4,2.8,2.6
1760216400,Banfield,Racing Club,0.0,1.0120093206667862,0.9880803011292346,1.6023122423373364,52.03589352930632,1.248955009858398,2.401281591683095,4.5,1.3609051183316747,1.197802102712759,1.9336304244364644,48.244654523428366,1.3917526932894906,2.708073378618091,3.8,0,1.0,1.0,2,1.0,3.0,5.4,6.0,2.8,2.6
1760231700,Velez Sarsfield,Rosario Central,0.0,1.9405656999641963,0.6168456856426782,2.5307375581811673,53.98558002148228,1.9732259219477273,2.308458646616539,4.5,0.9882742570712496,0.08342284282133902,2.117150017901898,49.357277121374864,1.1308950948800571,2.6154851414249882,3.8,0,1.0,1.0,2,1.0,2.0,5.4,5.4,2.8,2.6
1760231700,Belgrano Cordoba,Estudiantes L.P.,0.0,1.0115661818652626,0.9887790772948944,1.4157438177031634,52.034180656855554,1.267238358292694,2.494406801605453,4.5,0.8024062335984498,1.3850135249707296,0.8156485929993138,47.12608906294158,0.9821704550042392,2.894614235536353,3.8,0,1.0,1.0,1,1.0,1.0,5.4,4.8,2.3,2.6
1760290200,Aldosivi,Huracan,0.0,0.15566666666666662,0.805,0.737,51.025999999999996,0.6153000000000008,2.4891666666666628,4.5,0.6163793103448276,0.6391379310344828,1.1891379310344827,47.96586206896552,0.8333620689655171,2.7080172413793075,3.8,0,1.0,1.0,0,2.0,0.0,6.0,4.2,2.3,3.1
1760298300,Independ. Rivadavia,Godoy Cruz,0.0,0.6406099518459069,1.1740324594257179,1.044943820224719,51.199866238630285,0.970395933654361,2.494185839129657,4.5,1.1740324594257179,1.5691813804173356,1.0029427501337613,47.40727661851257,1.2794988407347958,2.801186017478149,3.8,0,1.0,1.0,1,0.0,0.0,4.8,4.2,2.3,2.6
1760298300,Instituto Cordoba,Atletico Tucuman,0.0,0.6405058781617385,0.9882436765229783,1.230602066262914,51.47839330245814,0.9703188457427864,2.4013181332383304,4.5,0.6168151050944068,1.7547915924474529,0.26008193801211255,46.293035268970435,0.8523013893836834,2.9868810117563203,3.8,0,1.0,1.0,0,2.0,0.0,6.0,4.2,2.3,3.1
1760307300,River Plate,Sarmiento Junin,0.0,1.9463302936568514,0.989314265054433,1.9761378700839594,53.43552404290363,1.977758405977585,2.4011810549150345,4.5,0.4310265077388365,0.826294253691514,1.3742750400284647,47.40709838107098,0.7036755025796119,2.801191958726202,3.8,0,1.0,1.0,2,0.0,1.0,4.8,4.8,2.8,2.6
1760314500,Independiente,Lanus,0.0,0.639080459770115,0.8023846285812318,1.0433178932921598,51.75504374678333,0.9506330416881117,2.4943986961742985,4.5,0.8024697938877043,1.0119047619047619,1.374449182658138,47.68584754797441,1.000826226012793,2.8011727078891226,3.8,0,1.0,1.0,2,0.0,2.0,4.8,5.4,2.8,2.6
1760391000,Platense,Deportivo Riestra,0.0,1.0118012422360247,1.1740017746228926,1.2304347826086957,51.7566992014197,1.2487932564330084,2.40137533274179,4.5,1.1748982651531377,1.1976011994003,1.3754979653030628,47.96594559862926,1.2615635039623043,2.8011137288498578,3.8,0,1.0,1.0,1,1.0,1.0,5.4,4.8,2.3,2.6
1760738400,Racing Club,Aldosivi,0.0,1.0110008271298594,0.9890818858560794,1.0416873449131514,52.032878411910666,1.2481935483870972,2.4946071133167886,4.5,0.6295285359801489,1.5456265508684865,0.6555831265508685,46.62585297766749,0.8615973945409425,2.976985111662526,3.8,0,1.0,1.0,0,1.0,0.0,5.4,4.2,2.3,3.1
1760746500,Lanus,Godoy Cruz,0.0,1.3843205287071458,0.6156794712928542,2.5351342420487404,53.15296158612144,1.5095134242048744,2.3079306071871106,4.5,0.988633935820194,1.3837798572832543,1.0029910695210016,47.407281117805404,1.1497944707943426,2.8011195145921435,3.8,0,1.0,1.0,0,2.0,0.0,6.0,4.2,2.3,3.1
1760746500,Argentinos JRS,Newells Old Boys,0.0,1.5719897796231237,0.24091344618332805,2.1631427658894924,53.996614500159694,1.6969993612264458,2.307665282657296,4.5,0.2437350631614886,1.9424718333902355,0.4442813246841926,45.45189484465688,0.5725008535336289,2.8942471833390204,3.8,0,1.0,1.0,0,3.0,1.0,6.6,4.8,2.3,3.1
1760813100,Independ. Rivadavia,Banfield,0.0,0.45297301905289633,0.8023698904565023,1.229683304206982,51.47590469289459,0.8389838455308816,2.401287242658026,4.5,0.4289575607746189,1.571207251751133,0.6293860733415739,46.28662546353523,0.702091470951792,2.9877956324680643,3.8,0,1.0,1.0,2,1.0,2.0,5.4,5.4,2.8,2.6
1760821200,Boca Juniors,Belgrano Cordoba,0.0,2.1288207747977865,0.8024691358024691,1.788165176670924,53.98952745849297,2.1051766709237976,2.3082162622392484,4.5,0.4300553426990209,0.6391656023839932,0.8167730949340145,47.68633461047254,0.7029289059174114,2.7080459770114915,3.8,0,1.0,1.0,2,1.0,2.0,5.4,5.4,2.8,2.6
1760830200,Talleres Cordoba,River Plate,0.0,0.2667375313576258,0.2439474467451848,1.229406012160381,52.034185126918665,0.689990220672648,2.401352098303497,4.5,0.8026598555575127,1.1976924431918268,1.0032587634313899,47.40745111854852,0.9823973929892548,2.8011713933415505,3.8,0,1.0,1.0,2,0.0,2.0,4.8,5.4,2.8,2.6
1760896800,Estudiantes L.P.,Gimnasia L.P.,0.0,1.1975897255453907,0.802762139338494,1.9731703026038,52.59224137931035,1.3602709359605916,2.4014338494018275,4.5,0.6170478536242083,0.6404468684025334,1.3748592540464462,47.96490147783251,0.8524753694581277,2.801152357494719,3.8,0,1.0,1.0,0,2.0,0.0,6.0,4.2,2.3,3.1
1760896800,Sarmiento Junin,Velez Sarsfield,0.0,1.197743563642533,1.3612164397506044,1.0431776731560418,51.7547906858379,1.3975569410866526,2.4944776689146178,4.5,1.175842558425584,0.8244854448544485,1.5631160311603116,48.5270356703567,1.2809266092660925,2.7077654776547737,3.8,0,1.0,1.0,2,0.0,2.0,4.8,5.4,2.8,2.6
1760907600,Rosario Central,Platense,0.0,1.1977966236030753,0.8025204089720219,1.7886502338115242,52.59291432194658,1.360226678291195,2.3077672980898765,4.5,0.9899416461916462,1.760365479115479,0.8155712530712531,46.84436425061425,1.1134367321867318,2.894763513513511,3.8,0,1.0,1.0,0,1.0,0.0,5.4,4.2,2.3,3.1
1760907600,San Martin S.J.,Independiente,0.0,1.0207055214723926,0.9797546012269939,1.4282208588957053,52.0614263803681,1.2554141104294487,2.4900306748466217,4.5,0.42920245398773005,0.8243762781186095,0.6298568507157464,47.40723926380368,0.7022822085889567,2.8011042944785247,3.8,0,1.0,1.0,0,1.0,0.0,5.4,4.2,2.3,3.1
1760997600,Tigre,Barracas Central,0.0,0.8243627450980392,0.6158006535947712,1.2284967320261437,52.3128431372549,1.0988741830065363,2.4013398692810433,4.5,1.3636780518659075,0.8235768500948768,1.7513915243516762,48.81015180265655,1.412482605945604,2.6139943074003766,3.8,0,1.0,1.0,1,2.0,2.0,6.0,5.4,2.3,2.6
1760997600,Deportivo Riestra,Instituto Cordoba,0.0,1.7577641778865771,0.42922888616891064,2.5351121991024073,53.9928029375765,1.8082594859241128,2.3079967360261096,4.5,0.4282860188731394,0.4494492044063648,1.1900975243810954,47.96825522170016,0.7015848699016857,2.7075255656019244,3.8,0,1.0,1.0,0,1.0,0.0,5.4,4.2,2.3,3.1
1761005700,Atletico Tucuman,San Lorenzo,0.0,1.5710839445802771,0.24249388753056234,2.1618907905460474,53.99288508557457,1.6775794621026898,2.307986960065197,4.5,0.6158272208638956,1.3844172779136104,0.44301548492257536,46.847114914425426,0.8329209453952728,2.8944661776691087,3.8,0,1.0,1.0,2,1.0,2.0,5.4,5.4,2.8,2.6
1761084900,Union Santa Fe,Defensa Y Justicia,0.0,0.8244037444037444,0.9892551892551893,1.2284249084249084,51.75272283272284,1.0988994708994713,2.401351241351239,4.5,0.6159218559218559,1.0110704110704112,0.6298412698412698,47.40727716727717,0.8329930809930808,2.801115181115178,3.8,0,1.0,1.0,0,3.0,0.0,6.6,4.2,2.3,3.1
1761172200,Huracan,Central Cordoba de Santiago,0.0,0.6355182926829268,0.4273628048780488,1.9767530487804879,52.31223323170732,0.9478277439024396,2.4012576219512174,4.5,1.1758536585365853,1.011219512195122,1.1897560975609756,48.24695121951219,1.2809430894308942,2.7078048780487776,3.8,0,1.0,1.0,2,0.0,1.0,4.8,4.8,2.8,2.6
1761332400,Sarmiento Junin,Rosario Central,0.0,0.8244579780755177,1.3625334957369062,0.8550710515631343,51.19288672350792,1.117612667478685,2.5880389768574887,4.5,1.361241547314041,0.26668066697467346,2.4930152463354194,49.64184132050905,1.4106379940358686,2.614952328951234,3.8,0,1.0,1.0,2,0.0,1.0,4.8,4.8,2.8,2.6
1761339600,Independiente,Platense,0.0,0.4510300081103001,1.1758799675587996,0.4816058394160584,50.91272506082725,0.8188759124087597,2.5880697485806956,4.5,0.8023151220231513,1.3857848558578485,0.8152178721521788,47.12479539924796,0.9820821352208213,2.8949421219494185,3.8,0,1.0,1.0,0,3.0,0.0,6.6,4.2,2.3,3.1
1761591600,Barracas Central,Boca Juniors,0.0,1.0119770873112306,1.3597986460683908,1.0446971011977086,51.47826766186426,1.2489203263322344,2.4943499392466566,4.5,1.3624787363304982,0.8245119481571487,1.3766545159983798,48.806950182260024,1.4115739165654106,2.801125961927903,3.8,0,1.0,1.0,2,1.0,3.0,5.4,6.0,2.8,2.6
1761948000,San Lorenzo,Deportivo Riestra,0.0,0.823708111493893,0.24127779517694964,1.9757281553398058,52.87364547447542,1.0983667397431887,2.401378014406512,4.5,0.9893203883495145,0.8244983818770226,1.5634789644012945,48.24723300970874,1.113043689320388,2.707775080906146,3.8,0,1.0,1.0,0,1.0,0.0,5.4,4.2,2.3,3.1
1761956100,Instituto Cordoba,Rosario Central,0.0,0.8253291536050158,0.802675026123302,1.601755485893417,52.03398119122257,1.118240334378266,2.401462904911179,4.5,1.3625858585858586,0.2644848484848485,2.4967272727272727,49.64715151515151,1.4116606060606056,2.6144646464646435,3.8,0,1.0,1.0,2,1.0,3.0,5.4,6.0,2.8,2.6
1761956100,Newells Old Boys,Union Santa Fe,0.0,1.1978046811945116,0.9894269572235674,1.228232445520581,52.31256658595642,1.3602857142857148,2.401444713478609,4.5,2.1063037488519667,1.1977289805460467,1.9347081906988395,49.36286215245888,2.006686148451198,2.7080487601235674,3.8,0,1.0,1.0,2,0.0,1.0,4.8,4.8,2.8,2.6
1762019100,Aldosivi,Independ. Rivadavia,0.0,0.49570737605804116,0.805199516324063,1.0776904474002418,51.53576178960097,0.8704050785973407,2.490266021765413,4.5,0.8026836213285486,1.197784452158989,0.6293950150173577,47.407348753754334,0.9823902952763583,2.801060966571749,3.8,0,1.0,1.0,0,3.0,1.0,6.6,4.8,2.3,3.1
1762023600,Barracas Central,Argentinos JRS,0.0,1.197784441112777,1.3615025820423121,1.0429785107446277,51.7544227886057,1.37896385140763,2.4946193569881703,4.5,0.6166749958354156,1.197784441112777,0.6313343328335832,47.12833583208396,0.8522172247209727,2.9873646510078267,3.8,0,1.0,1.0,0,2.0,0.0,6.0,4.2,2.3,3.1
1762027200,Velez Sarsfield,Talleres Cordoba,0.0,1.7564743563079739,0.8028118630672602,1.9741275321326068,53.43049373986107,1.8259132315627473,2.401505760991637,4.5,0.6160514676316847,1.1979252110977079,1.0035383996783274,47.127189384800964,0.8517603538399677,2.8011419380780027,3.8,0,1.0,1.0,2,0.0,1.0,4.8,4.8,2.8,2.6
1762038000,Independiente,Atletico Tucuman,0.0,0.8237077341624564,0.8026428293820443,1.040186552662262,52.03159735717062,1.1170773416245632,2.494986397201708,4.5,0.6166181969256336,1.942584129621936,0.2589945990859992,46.01105110095554,0.8521728292480265,2.9873701703365154,3.8,0,1.0,1.0,0,3.0,0.0,6.6,4.2,2.3,3.1
1762110000,Estudiantes L.P.,Boca Juniors,0.0,1.1979086269139798,0.616548404498112,1.9741068094111789,52.8720403336238,1.3604431719158476,2.4015270343167745,4.5,1.9251581848530723,0.8238500058227554,1.9389775241644345,49.65196226854547,1.8429525251348935,2.7075618182523944,3.8,0,1.0,1.0,2,1.0,2.0,5.4,5.4,2.8,2.6
1762119000,Godoy Cruz,San Martin S.J.,0.0,0.6379647435897435,1.1760897435897435,0.6681730769230768,51.1928125,0.949748397435898,2.4948397435897416,4.5,0.6301682692307693,0.8461838942307693,1.1820612980769232,47.675976562500004,0.8621033653846151,2.7146183894230718,3.8,0,1.0,1.0,1,0.0,0.0,4.8,4.2,2.3,2.6
1762126200,River Plate,Gimnasia L.P.,0.0,1.3855042016806722,0.9900210084033614,1.4138655462184875,52.593224789915965,1.5478241296518613,2.495153061224488,4.5,0.6165749058243988,1.0115908432338452,1.190098108208801,47.407476093885826,0.8521438920395744,2.8942542534255047,3.8,0,1.0,1.0,2,0.0,1.0,4.8,4.8,2.8,2.6
1762199100,Platense,Sarmiento Junin,0.0,1.1977011494252874,1.3614156950301828,1.228958901844042,51.75442818159266,1.378906805590011,2.401579426114279,4.5,0.6165881088232862,0.8252873563218391,1.7488795170759945,47.68695112875217,0.8335301414041179,2.80113288679401,3.8,0,1.0,1.0,1,1.0,1.0,5.4,4.8,2.3,2.6
1762199100,Defensa Y Justicia,Huracan,0.0,1.3838942804047079,0.9890150733016725,1.9737352880446004,52.592318810654554,1.5092380755729924,2.401569275242616,4.5,0.4293812375249501,0.6377644710578841,1.1905788423153691,47.6874251497006,0.7024191616766464,2.707744510978041,3.8,0,1.0,1.0,2,1.0,3.0,5.4,6.0,2.8,2.6
1762207200,Central Cordoba de Santiago,Racing Club,0.0,1.5700874443161195,0.8029863058901172,1.9736017158884673,53.15065170763901,1.676810757300776,2.40160039597426,4.5,1.5495534290271133,1.1977511961722487,1.9374003189792663,48.5277033492823,1.5425534290271132,2.70772727272727,3.8,0,1.0,1.0,1,0.0,0.0,4.8,4.2,2.3,2.6
1762215300,Banfield,Lanus,0.0,1.1975775553083674,1.5477444073662094,1.4149301693239402,51.474749721913234,1.3788085527128913,2.4946936925802308,4.5,1.175330614262761,0.8251637622049192,1.9352366827339018,48.525250278086766,1.2805215671734025,2.7079759403452366,3.8,0,1.0,1.0,0,2.0,1.0,6.0,4.8,2.3,3.1
1762215300,Belgrano Cordoba,Tigre,0.0,1.1977247414478918,0.9894988066825776,1.6012092283214001,52.31233890214797,1.3975656324582344,2.4015274463007135,4.5,0.802832140015911,0.6377247414478917,1.563977724741448,48.247661097852024,0.9825107398568018,2.707732696897372,3.8,0,1.0,1.0,1,0.0,0.0,4.8,4.2,2.3,2.6
1762560000,Rosario Central,San Lorenzo,0.0,1.1977800953516091,0.6150923718712753,2.1635876042908224,52.8740315852205,1.3601534564958289,2.307672824791416,4.5,0.9897727709638972,1.5719020339113385,0.8167480487523551,47.126806105578844,1.1133499942327654,2.8945634203544897,3.8,0,1.0,1.0,1,0.0,0.0,4.8,4.2,2.3,2.6
1762632000,Huracan,Newells Old Boys,0.0,0.4462481962481962,0.6145743145743146,1.413131313131313,51.747510822510826,0.8152380952380957,2.495310245310243,4.5,0.4293650793650794,2.504206349206349,0.2573015873015873,44.8877380952381,0.7024126984126982,2.9876984126984096,3.8,0,1.0,1.0,2,0.0,2.0,4.8,5.4,2.8,2.6
1762632000,Racing Club,Defensa Y Justicia,0.0,1.0104330482144912,0.6156035441678493,1.6009512485136743,52.59224425606996,1.2477680181044075,2.4014882436423592,4.5,0.6156035441678493,1.5717233707951364,0.4426987840896015,46.56582026005907,0.8327252502780866,2.8945303210463704,3.8,0,1.0,1.0,0,1.0,0.0,5.4,4.2,2.3,3.1
1762640100,Talleres Cordoba,Platense,0.0,0.2641013460015835,0.6160570071258906,1.0410926365795725,51.47206650831354,0.6880142517814731,2.494861441013458,4.5,0.6141679474640213,1.7624423641190443,0.6270923571328769,46.277588375017466,0.8503828419728936,2.989150482045547,3.8,0,1.0,1.0,0,1.0,0.0,5.4,4.2,2.3,3.1
1762648200,Union Santa Fe,Barracas Central,0.0,1.1975050702177323,0.9896682355642291,1.2269697317567827,52.31175525198025,1.3974208854704784,2.40146940649753,4.5,1.177491103202847,1.0100830367734281,1.3787069988137604,48.251112099644125,1.26348606168446,2.613493475682085,3.8,0,1.0,1.0,1,0.0,0.0,4.8,4.2,2.3,2.6
1762648200,San Martin S.J.,Lanus,0.0,0.6658767772511849,0.6281014775578478,1.425564538611653,52.056662949540005,0.9716476163925295,2.49089768608865,4.5,0.9892575039494471,1.1973301737756712,1.3772827804107424,47.687890995260666,1.1316698262243283,2.801042654028433,3.8,0,1.0,1.0,1,1.0,1.0,5.4,4.8,2.3,2.6
1762716600,Boca Juniors,River Plate,0.0,2.1306508875739647,0.9892702169625247,1.6011045364891519,53.71207100591716,2.106587771203156,2.4014990138067036,4.5,1.1751071209957151,1.1972250561109978,1.3764945929402161,47.96682309732708,1.2617343399306262,2.8010610079575566,3.8,0,1.0,1.0,0,2.0,0.0,6.0,4.2,2.3,3.1
1762726800,Banfield,Aldosivi,0.0,1.3840504334121355,1.1758707643814026,1.9745468873128447,52.3122695035461,1.5279716312056741,2.4014893617021253,4.5,0.45153664302600477,1.1953831177861216,0.6538728966764011,46.88423028785982,0.7369906827979414,2.978320122375186,3.8,0,1.0,1.0,2,0.0,1.0,4.8,4.8,2.8,2.6
1762726800,Sarmiento Junin,Instituto Cordoba,0.0,0.8231861979662567,1.17666146170545,0.8526640514910311,51.46978710439121,1.1166812659481287,2.5885668583615775,4.5,0.23989079102715466,0.6349616292798111,0.6287632821723731,47.40739374262102,0.5696576151121605,2.8009666469893713,3.8,0,1.0,1.0,0,2.0,1.0,6.0,4.8,2.3,3.1
1762734600,Tigre,Estudiantes L.P.,0.0,1.1974437005477785,0.8024802191113817,1.4140596469872184,52.592445222154595,1.3786655508216683,2.30791235544735,4.5,0.9899027122641509,1.3850235849056605,1.0036851415094339,47.40731869103774,1.1134139150943392,2.8009876179245254,3.8,0,1.0,1.0,0,1.0,0.0,5.4,4.2,2.3,3.1
1762734600,Atletico Tucuman,Godoy Cruz,0.0,1.5716250617424676,0.4282229567992705,1.975454994490672,53.71510315741479,1.6780082829894756,2.4014514229264012,4.5,0.9891637220259129,1.7573458971338831,0.8171809972516686,46.84772673733804,1.1502599136238711,2.8944091087553954,3.8,0,1.0,1.0,0,2.0,1.0,6.0,4.8,2.3,3.1
1762804800,Gimnasia L.P.,Velez Sarsfield,0.0,0.8233017077798862,1.9250094876660342,0.6658823529411766,50.34743833017078,1.0793472485768505,2.6820872865275125,4.5,1.5508159392789376,0.6362049335863378,2.1262239089184063,49.3719165085389,1.5621935483870968,2.613965844402274,3.8,0,1.0,1.0,0,2.0,0.0,6.0,4.2,2.3,3.1
1762812000,Deportivo Riestra,Independiente,0.0,1.7588491717523975,0.4281717903036277,2.5369546264356924,53.996016072173155,1.809073196618779,2.3078844623024124,4.5,0.4281717903036277,0.8233653007846558,0.6293696220764945,47.40720973427845,0.7015018384443347,2.801084113566579,3.8,0,1.0,1.0,2,0.0,1.0,4.8,4.8,2.8,2.6
1762820100,Independ. Rivadavia,Central Cordoba de Santiago,0.0,0.6373865414710485,1.175790297339593,1.0413928012519562,51.192394366197185,0.9679749608763698,2.494843505477306,4.5,1.1765712554899288,0.8232772981977889,1.5650007572315616,48.52994093593821,1.2815084052703314,2.7075193094048133,3.8,0,1.0,1.0,1,0.0,0.0,4.8,4.2,2.3,2.6
1762820100,Argentinos JRS,Belgrano Cordoba,0.0,2.1349648300117234,0.42724208675263775,2.5387602579132476,54.56158411488863,2.1286635404454874,2.307656799531065,4.5,0.8023915592028136,0.8239624853458383,1.1904962876123484,47.96764361078546,0.9821774130519733,2.7077530285267652,3.8,0,1.0,1.0,0,1.0,0.0,5.4,4.2,2.3,3.1
1763161200,Lanus,Atletico Tucuman,0.0,1.5715645539019416,0.6151544911989122,2.5368890231925665,53.43461509405454,1.6592536073128359,2.3078945380373175,4.5,0.24232630757220922,2.130616705698673,0.07041373926619827,45.16756440281031,0.5714629195940669,3.0811085089773584,3.8,0,1.0,1.0,0,3.0,1.0,6.6,4.8,2.3,3.1
1763236800,Godoy Cruz,Deportivo Riestra,0.0,0.4491228070175439,0.8022637238256933,0.8531220524429354,51.47028862478777,0.8174269005847958,2.4014336917562704,4.5,0.9893604980192416,0.8233163554046408,1.564836823240898,48.2490662139219,1.11303527636295,2.7075457460856414,3.8,0,1.0,1.0,1,1.0,1.0,5.4,4.8,2.3,2.6
1763236800,Aldosivi,San Martin S.J.,0.0,1.018966465090709,0.9806212204507971,1.4261957119296316,52.05751786695987,1.2717564595931843,2.490832875206154,4.5,0.6276800439802089,0.8424958768554152,1.1829301814183617,47.67777625068719,0.8602528862012092,2.7137300714678343,3.8,0,1.0,1.0,0,4.0,2.0,7.199999999999999,5.4,2.3,3.1
1763245800,San Lorenzo,Sarmiento Junin,0.0,0.8227829638273045,0.2397899649941657,1.976516919486581,52.87448949824971,1.0976589848308058,2.401371061843639,4.5,0.6157759626604433,1.0109684947491249,1.3769117075068067,47.40721120186698,0.8328790353947878,2.80113574484636,3.8,0,1.0,1.0,1,1.0,1.0,5.4,4.8,2.3,2.6
1763253000,Independiente,Rosario Central,0.0,1.385270979020979,0.8023018648018648,1.4139714452214451,52.87445367132867,1.5476471445221451,2.495112179487178,4.5,1.7378599894728928,0.4493119783442365,2.5002331002331,49.93282201669299,1.711824949244304,2.613986013986011,3.8,0,1.0,1.0,0,1.0,0.0,5.4,4.2,2.3,3.1
1763323200,Velez Sarsfield,River Plate,0.0,1.7576096235933256,0.9890570430733411,1.7883430345362827,53.15282887077998,1.8268110205665509,2.4947768723321673,4.5,0.9890570430733411,1.384276290259992,1.1901590997283662,47.407171129220025,1.1315048506014744,2.8944741948001522,3.8,0,1.0,1.0,1,0.0,0.0,4.8,4.2,2.3,2.6
1763323200,Instituto Cordoba,Talleres Cordoba,0.0,1.0108527131782945,0.6156589147286821,1.6016279069767443,52.59279069767442,1.2480775193798455,2.4014341085271296,4.5,0.8022505626406602,1.010502625656414,1.5646661665416355,47.68762190547638,0.9820555138784696,2.707539384846209,3.8,0,1.0,1.0,1,0.0,0.0,4.8,4.2,2.3,2.6
1763334900,Central Cordoba de Santiago,Banfield,0.0,1.1974293457220284,0.6155942702284165,1.6015795586527295,52.87275261324042,1.397344173441735,2.401424699961283,4.5,0.6150912292533064,1.3846090442471244,1.1904686973137013,46.845723277509265,0.851041924244127,2.8946199093327305,3.8,0,1.0,1.0,1,1.0,1.0,5.4,4.8,2.3,2.6
1763334900,Boca Juniors,Tigre,0.0,2.3200808322730335,0.8022004340992441,1.9756754733927102,54.27682059726068,2.2580630192350877,2.401369657959732,4.5,0.8022004340992441,0.6362098645310981,1.5646583339570392,48.24898585435222,0.9820163161440012,2.7075069231344933,3.8,0,1.0,1.0,0,2.0,0.0,6.0,4.2,2.3,3.1
1763334900,Estudiantes L.P.,Argentinos JRS,0.0,1.1974816531479333,0.9888760139049826,1.414971031286211,52.31290845886443,1.3600478949401318,2.4947392815758964,4.5,0.6155426805716492,1.3841483198146003,0.630065662417922,46.84709154113557,0.851369640787949,2.987779065276165,3.8,0,1.0,1.0,2,1.0,2.0,5.4,5.4,2.8,2.6
1763334900,Newells Old Boys,Racing Club,0.0,1.0104540023894863,0.9893219832735962,1.040173237753883,52.03169802867383,1.2290666069295106,2.494937275985661,4.5,1.3635155316606928,1.1975507765830347,1.5647252090800479,48.248947132616486,1.412359617682198,2.7075119474312994,3.8,0,1.0,1.0,2,0.0,1.0,4.8,4.8,2.8,2.6
1763409600,Defensa Y Justicia,Independ. Rivadavia,0.0,1.3840462427745663,1.3623121387283237,1.788053949903661,52.03260115606936,1.5093025048169562,2.49479768786127,4.5,0.8021676300578034,1.385043352601156,0.6284682080924855,47.12568641618497,0.981979768786127,2.801011560693639,3.8,0,1.0,1.0,2,0.0,2.0,4.8,5.4,2.8,2.6
1763409600,Barracas Central,Huracan,0.0,1.010623556581986,1.175735180908391,1.0412625096227868,51.75233256351039,1.2292363356428029,2.4948267898383354,4.5,0.8023243686210237,0.8231840870148254,1.1908217239067274,47.968710422409295,1.000819488936899,2.7074796990240606,3.8,0,1.0,1.0,1,1.0,1.0,5.4,4.8,2.3,2.6
1763409600,Belgrano Cordoba,Union Santa Fe,0.0,0.8231722290434201,0.8023365703017451,1.2269821780704693,52.03125348811251,1.1166685269933405,2.4014361721918354,4.5,1.5490811226451366,1.197277970011534,1.9371780084582852,48.527704728950404,1.5608535178777392,2.7077124183006505,3.8,0,1.0,1.0,1,0.0,0.0,4.8,4.2,2.3,2.6
1763418600,Platense,Gimnasia L.P.,0.0,1.3838556067588326,1.5490168970814133,1.2278341013824883,51.752258064516134,1.5091582181259606,2.401474654377878,4.5,0.4290168970814132,0.8238556067588326,1.1905069124423961,47.40774193548387,0.7021397849462364,2.8943625192012257,3.8,0,1.0,1.0,2,0.0,3.0,4.8,6.0,2.8,2.6
1763852400,Velez Sarsfield,Argentinos JRS,0.0,1.3842904339433535,0.8024351312223914,1.4139129143620772,52.872782954081444,1.5468636549240882,2.495003526485762,4.5,0.8024351312223914,1.1971936597498052,1.1909573480827054,47.40786220720888,1.0009057500278404,2.8945283789301723,3.8,0,1.0,1.0,2,0.0,2.0,4.8,5.4,2.8,2.6
1763859600,Central Cordoba de Santiago,San Lorenzo,0.0,1.1971078976640712,0.6154245457916203,1.6008898776418243,52.87252502780868,1.3971227289581023,2.4014831294030388,4.5,0.8024425287356322,1.197198275862069,1.0038793103448276,47.40786637931034,0.9821910919540229,2.800933908045974,3.8,0,1.0,1.0,0,2.0,1.0,6.0,4.8,2.3,3.1
1763929800,Rosario Central,Estudiantes L.P.,0.0,1.009463173642278,0.6145009219636085,1.788811188811189,52.592443377518,1.2282510524301573,2.307445291027379,4.5,0.8023797098423965,1.5730995372786418,0.4400514907977594,46.84392025884563,0.9821306057126952,2.8948648366558785,3.8,0,1.0,1.0,2,0.0,1.0,4.8,4.8,2.8,2.6
1763938800,Boca Juniors,Talleres Cordoba,0.0,2.3221760321100917,0.8024655963302753,1.975845756880734,54.27956565366973,2.2596975344036703,2.4014549885321084,4.5,0.8024655963302753,0.4471760321100917,1.7539420871559632,48.53293434633027,0.9822032683486237,2.613438933486236,3.8,0,1.0,1.0,0,2.0,0.0,6.0,4.2,2.3,3.1
1764022500,Racing Club,River Plate,0.0,0.8222365406643757,0.05240549828178694,2.1634450171821307,53.15474656357388,1.0972436998854531,2.307696162657501,4.5,0.615386320807006,1.1971473968148394,0.8168939142001996,47.12735838598825,0.8512611314340612,2.894538669031516,3.8,0,1.0,1.0,0,3.0,2.0,6.6,5.4,2.3,3.1
1764032400,Union Santa Fe,Gimnasia L.P.,0.0,1.1973684210526316,0.9899885583524027,1.2260440503432495,52.31106979405034,1.3973469679633872,2.4014373569794034,4.5,0.9896656086218351,0.635993208828523,1.7522994020816418,48.530508599689966,1.1319716542407912,2.8010112940134317,3.8,0,1.0,1.0,2,1.0,2.0,5.4,5.4,2.8,2.6
1764203400,Lanus,Tigre,0.0,1.9473571428571428,0.6150714285714286,2.9134285714285713,53.99842857142857,1.9598357142857148,2.307714285714284,4.5,0.4275714285714286,0.8223571428571429,1.0039285714285715,47.40782142857143,0.7010357142857141,2.800964285714283,3.8,0,1.0,1.0,2,0.0,1.0,4.8,4.8,2.8,2.6
1764462600,Central Cordoba de Santiago,Estudiantes L.P.,0.0,1.1972745433789955,0.8025827625570776,1.6008133561643836,52.59203767123287,1.397274543378996,2.401491152968035,4.5,0.6141955412301907,1.0091995702390546,1.0038275584206284,47.407493956486704,0.8315686274509803,2.8008930969648107,3.8,0,1.0,1.0,2,0.0,1.0,4.8,4.8,2.8,2.6
1764538200,Boca Juniors,Argentinos JRS,0.0,2.3245499464427626,0.4267578867350817,2.3521923914170206,54.846688089561525,2.261540375246191,2.4014719601948773,4.5,1.177594070695553,0.8221921322690993,1.7542046750285063,48.53310290763968,1.2822976054732038,2.8009335803876825,3.8,0,1.0,1.0,0,1.0,0.0,5.4,4.2,2.3,3.1
1764619200,Barracas Central,Gimnasia L.P.,0.0,1.0099933867293702,1.176809464325079,1.0395326622088323,51.74977588360644,1.2287251083841582,2.4951061797339977,4.5,1.3650341685649203,0.6346810933940774,2.316628701594533,49.095529612756266,1.4135037015945329,2.7072038724373546,3.8,0,1.0,1.0,2,0.0,2.0,4.8,5.4,2.8,2.6
1765144800,Boca Juniors,Racing Club,0.0,1.573740212808673,0.42599210332597204,2.3535836177474403,53.72162216422405,1.6608391889178886,2.4014454928729156,4.5,1.3651166097838452,1.009598976109215,1.9417662116040955,48.53327645051195,1.4135665529010237,2.7071885665528983,3.8,0,1.0,1.0,2,0.0,1.0,4.8,4.8,2.8,2.6
1765224000,Gimnasia L.P.,Estudiantes L.P.,0.0,1.0095170454545455,1.552627840909091,1.2255681818181818,51.18533380681818,1.2283309659090915,2.5890624999999985,4.5,0.8024025974025975,0.6315584415584417,1.5697402597402599,48.25626623376623,0.9632662337662338,2.706558441558439,3.8,0,1.0,1.0,2,0.0,1.0,4.8,4.8,2.8,2.6
1769112000,Aldosivi,Defensa Y Justicia,1.0,1.727884979190314,1.3380249716231554,1.7785849413545214,52.58479001135074,1.8213696556942878,2.491713961407489,4.5,0.427639046538025,1.3844353007945516,0.44204029511918275,46.56480561861521,0.7010783200908057,2.8946580590238336,3.8,0,1.0,1.0,1,0.0,0.0,4.0,4.0,4.0,0.0
1769122800,Union Santa Fe,Platense,1.0,1.1969490826633682,1.1782587782587781,1.0367621796193225,52.027554456125884,1.3970521541950118,2.4955885384456797,3.0,0.23664399092970523,1.7628377065111758,0.06128927761580825,45.71116294136703,0.567231616456106,3.083505021056039,2.0,0,1.0,1.0,1,0.0,0.0,3.0,4.0,2.0,1.0
1769122800,Banfield,Huracan,1.0,0.8224747013480438,0.9896978774705001,1.4132831622401636,51.748653782924784,1.097444927483287,2.4952727139882347,3.0,0.802519818799547,0.8217723669309174,1.1920300113250284,47.97161664779162,1.0009909399773498,2.706830407701016,3.5,0,1.0,1.0,1,1.0,1.0,4.0,2.0,4.0,4.0
1769130900,Instituto Cordoba,Velez Sarsfield,1.0,1.009560648080572,0.6155159830681652,1.6003357174135164,52.58946139249745,1.247111370602832,2.4018391475696963,3.3333333333333335,1.177531108597285,1.0092618778280542,1.567024886877828,48.2539592760181,1.2822468891402714,2.706914592760178,3.6666666666666665,0,1.0,1.0,2,0.0,1.0,4.0,2.0,3.0,5.0
1769205600,San Lorenzo,Lanus,1.0,0.820945345098844,0.42671865380668994,1.6000957657842534,52.589595731582186,1.0962610301662226,2.4017921882481685,3.5,0.8026359863103474,1.196490206072963,1.0049515764945751,47.41107551154154,0.9823316099905337,2.800830117235852,3.6,0,1.0,1.0,2,2.0,3.0,6.0,8.0,1.0,4.0
1769209200,Independiente,Estudiantes L.P.,1.0,1.5725188753373647,0.6147449694236615,1.9757439103549588,53.4355676266612,1.678729800826757,2.401694509924497,3.5833333333333335,0.8024051108605788,0.4414756357259176,1.9488287611173745,48.542396342227235,0.9632243517474635,2.7063447325566807,4.0,0,1.0,1.0,1,1.0,1.0,10.0,5.0,2.0,4.0
1769217300,Talleres Cordoba,Newells Old Boys,1.0,0.4481546062191224,0.615707643126998,1.4128451031676839,51.74663615228132,0.8167015402499278,2.4953211275791904,3.5,0.615707643126998,2.319122348154606,0.6308921825050857,45.446912234815464,0.8514922987503633,2.98809938971229,3.7142857142857144,0,1.0,1.0,0,2.0,1.0,11.0,4.0,1.0,2.0
1769217300,Independ. Rivadavia,Atletico Tucuman,1.0,0.6353133277695128,0.6157190028665772,1.225849994557132,52.02870205740411,0.9664262128524262,2.401669146195434,3.8125,0.42862222867302885,2.5062810697049964,0.06952356761856386,44.88420116840234,0.7018208207844985,3.081588591748609,3.625,0,1.0,1.0,0,2.0,1.0,1.0,3.0,2.0,3.0
1769284800,Barracas Central,River Plate,1.0,1.0092696629213482,1.365238764044944,1.0376404494382023,51.46457162921348,1.228146067415731,2.495337078651684,3.9444444444444446,0.9902387640449438,1.3842696629213482,0.8172752808988764,47.41042837078652,1.132394662921348,2.894676966292132,3.7777777777777777,0,1.0,1.0,2,0.0,1.0,6.0,6.0,2.0,2.0
1769293800,Gimnasia L.P.,Racing Club,1.0,0.821031867496514,1.7420603339795262,0.6606332687140767,50.61583851987893,1.0963262252151145,2.683328231813079,3.75,1.3663027582219502,0.2573955038601503,2.5077917219331365,49.665979661939254,1.414448865761997,2.6129646634697115,4.1,0,1.0,1.0,0,2.0,1.0,4.0,5.0,2.0,3.0
1769302800,Rosario Central,Belgrano Cordoba,1.0,0.8204695331047217,0.6143629649169084,1.600118702189396,52.30480743867053,1.0958889475072546,2.401437615404905,3.8636363636363638,0.8028497034572545,1.0095472298567916,1.004990597425141,47.6947273253291,0.982483726312744,2.800911326486327,4.0,0,1.0,1.0,2,1.0,2.0,4.0,3.0,2.0,1.0
1769376600,Boca Juniors,Deportivo Riestra,1.0,1.3855895056790912,0.23688369860822273,2.354298512238042,53.718803391457364,1.5291396576547756,2.401369380899055,4.291666666666667,0.9903415453527435,0.8217385218365062,1.5674692049272116,48.25755879059351,1.1137178051511756,2.7070058790593476,4.166666666666667,0,1.0,1.0,0,1.0,0.0,12.0,1.0,1.0,5.0
1769385600,Argentinos JRS,Sarmiento Junin,1.0,2.1362789910275946,0.4268833587269341,2.5395970882004404,54.56138479769765,2.129727442017946,2.307408159810393,4.328571428571428,0.8028113173544784,0.6353937646422779,1.5662641917462607,48.25400973148315,0.9637484231393044,2.7074103442061603,3.8000000000000003,0,1.0,1.0,0,1.0,0.0,9.0,3.0,3.0,5.0
1769457600,Platense,Instituto Cordoba,1.0,1.0095766129032258,1.9253312211981566,0.6648329493087558,50.624675979262676,1.2284086981566826,2.4950244815668188,4.706666666666666,0.4268262987012987,1.0089962121212122,0.44096320346320345,47.128334686147184,0.700449134199134,2.894987824675322,3.6133333333333337,0,1.0,1.0,0,2.0,1.0,3.0,2.0,2.0,2.0
1769546700,Velez Sarsfield,Talleres Cordoba,1.0,0.8218366778149386,1.1776755852842808,0.8504041248606466,51.46401198439242,1.1156911928651063,2.5889005016722395,4.725,0.802594506942333,0.821174960305395,1.5681632377284551,47.97429140907402,0.9822728961859396,2.707053815749465,3.7,0,1.0,1.0,0,2.0,1.0,6.0,7.0,1.0,3.0
1769554800,Huracan,Independ. Rivadavia,1.0,0.25590200445434297,0.9907637888117385,0.8475304598454081,50.89564391458142,0.6818695139525748,2.5894602384383587,4.68235294117647,0.9904839036242155,1.1969899439832623,1.0044543429844097,47.69236687588581,1.1325814942296009,2.8010056016737503,3.9529411764705884,0,1.0,1.0,2,1.0,2.0,2.0,5.0,2.0,4.0
1769554800,Gimnasia M.,San Lorenzo,1.0,1.150166852057842,0.8442714126807565,1.6062291434927698,52.43437152391546,1.3516129032258135,2.420355951056707,4.533333333333333,0.9905619037988337,1.1969798092156267,1.004584218154852,47.69185627127785,1.1138531027741259,2.8010853810631313,4.066666666666666,0,1.0,1.0,2,0.0,1.0,4.0,4.0,1.0,2.0
1769562900,Atletico Tucuman,Central Cordoba de Santiago,1.0,1.9468055555555555,0.6152777777777778,2.350277777777778,53.99628472222222,1.959416666666667,2.4011736111111097,4.4526315789473685,0.6152777777777778,0.8218055555555556,1.1923611111111112,47.69121527777778,0.8511666666666666,2.7073124999999973,3.905263157894737,0,1.0,1.0,1,0.0,0.0,5.0,2.0,3.0,4.0
1769562900,Newells Old Boys,Independiente,1.0,0.821725860155383,0.8027192008879023,1.0377358490566038,52.02833657047725,1.0968576581576033,2.4949639289678123,4.4799999999999995,0.42771920088790233,0.4467258601553829,1.192355715871254,47.97166342952275,0.7011237513873473,2.707394561598221,3.81,0,1.0,1.0,1,1.0,1.0,6.0,3.0,2.0,4.0
1769630400,Aldosivi,Barracas Central,1.0,1.7313105379857627,0.983545337845723,1.958221496090559,51.86849107247053,1.824163846423154,2.7062060917259867,3.1533834586466165,0.9905261036081435,0.8210575824766512,1.380460928576228,48.254505140092725,1.1326103608143518,2.6133104884767833,3.723809523809524,0,1.0,1.0,1,0.0,0.0,3.0,1.0,4.0,0.0
1769637600,Racing Club,Rosario Central,1.0,1.008859357696567,0.4268331152052082,2.163784019597973,52.873207154602504,1.2465827712339346,2.307315681734285,4.390909090909091,1.740171650055371,0.6341362126245847,2.31734496124031,49.65888012181617,1.7135866555924693,2.707281284606863,3.690909090909091,0,1.0,1.0,2,1.0,2.0,1.0,2.0,4.0,4.0
1769641200,River Plate,Gimnasia L.P.,1.0,1.3846071332796996,1.1784258514347008,1.2242826495038883,52.31081389112362,1.5471788683293113,2.5892397425583256,4.504347826086956,1.5541834271922768,0.6330919817645481,2.319978546527219,49.380095199785465,1.564749262536873,2.707139983909893,3.6608695652173915,0,1.0,1.0,0,2.0,0.0,6.0,3.0,3.0,2.0
1769649300,Estudiantes L.P.,Boca Juniors,1.0,1.1965781500623776,0.9898770272678666,1.413045802887186,52.31283193726608,1.3593013723044025,2.4950383175904456,4.6499999999999995,1.740193370165746,1.009185082872928,1.9424033149171271,49.093819060773484,1.6948549723756903,2.7073066298342514,3.5500000000000003,0,1.0,1.0,0,2.0,1.0,5.0,7.0,2.0,1.0
1769716800,Deportivo Riestra,Defensa Y Justicia,1.0,1.1967439293598234,0.6152041942604857,1.9752345474613686,52.873654801324506,1.3781181015452544,2.4014141832229567,4.744,0.2389858853435012,1.1968425981671014,0.4410462238276808,47.877062010836845,0.5689557829955179,2.406357615894037,2.0926060606060606,0,1.0,1.0,2,0.0,1.0,4.0,3.0,5.0,3.0
1769724900,Belgrano Cordoba,Tigre,1.0,0.8216648291069459,0.24021499448732084,1.4126240352811466,52.873759647188535,1.115559536934951,2.307841786108047,4.638461538461538,0.614753934048311,0.6331295312552202,1.5684474290869,47.97089973605961,0.8319915806354613,2.706976044903275,3.5076923076923077,0,1.0,1.0,1,1.0,1.0,7.0,1.0,2.0,1.0
1769724900,Lanus,Union Santa Fe,1.0,1.7603924709651584,0.8026431718061674,2.3515952476304895,53.438693098384725,1.8290174876518495,2.40151515151515,4.503703703703703,0.989910473213017,0.8223532755435555,1.5664061389796788,48.24913315333239,1.1321259059258204,2.7072971436691744,3.488888888888889,0,1.0,1.0,0,2.0,1.0,5.0,7.0,3.0,1.0
1769733000,Sarmiento Junin,Banfield,1.0,0.8217134213421342,0.9902365236523653,1.2251787678767876,51.74979372937294,1.115594059405941,2.589102035203519,4.557142857142857,0.8027365236523653,1.1967134213421342,1.3798817381738173,47.40645627062706,0.982377612761276,2.8006944444444417,3.542857142857143,0,1.0,1.0,0,1.0,0.0,9.0,2.0,4.0,2.0
1769733000,Estudiantes de Rio Cuarto,Argentinos JRS,1.0,1.1472527472527472,0.8428571428571429,1.6043956043956045,52.50604395604395,1.3493406593406665,2.427362637362615,4.710344827586207,0.8025974025974026,1.008924408924409,1.1925407925407925,47.687512487512485,1.0010522810522808,2.8945587745587718,3.4896551724137934,0,1.0,1.0,1,0.0,0.0,1.0,6.0,2.0,0.0
1769891400,San Lorenzo,Central Cordoba de Santiago,1.0,1.1968231419900561,0.9907018789952864,1.4119842448505198,54.09864402402015,1.3781416672047528,2.1568760896235535,4.032549019607843,0.6146625419951435,0.44521172205036086,1.380414462961115,45.998366763130754,0.8507081794897381,2.875583940391841,2.0913131313131315,0,1.0,1.0,0,1.0,0.0,7.0,4.0,2.0,4.0
1769899500,Independiente,Velez Sarsfield,1.0,1.5732843137254902,0.6141769865841074,1.9767801857585139,51.18096620227038,1.6793085655314761,2.345083849329204,3.084629981024668,1.3661217437533226,1.0088383838383839,1.9439792663476874,49.19233785220627,1.4143035619351407,3.1574813928761274,3.0297165200391007,0,1.0,1.0,1,1.0,1.0,3.0,6.0,1.0,1.0
1769907600,Talleres Cordoba,Platense,1.0,0.821604600219058,0.6150739320920043,1.975287513691128,55.77981243154436,1.0967552026286973,2.157803943044905,5.9015625,0.046732384081781694,1.3858707557502739,0.24864305707679202,45.99016672751612,0.43422782037239854,2.6870256784714592,4.91875,0,1.0,1.0,2,1.0,2.0,6.0,2.0,2.0,4.0
1769907600,Atletico Tucuman,Huracan,1.0,1.3845766195875604,0.6146939858099595,1.9759299781181618,55.41115973741795,1.5283588621444206,2.5329938333001776,4.960697887970615,0.9904515615675353,1.0088190438299847,1.1925866984947946,50.788840262582056,1.1325495656786682,2.9695617001525068,3.969146005509642,0,1.0,1.0,1,1.0,1.0,6.0,5.0,2.0,4.0
1769976000,Barracas Central,Deportivo Riestra,1.0,0.8209306176519291,1.3662195727769497,0.8486173207484683,47.8956449743335,1.0962278522934266,2.439026328862393,2.1418894830659534,0.8025832091405862,1.008809405530717,1.004702765358503,42.7104156317271,0.9822520284815366,3.157519456863717,1.146524064171123,0,1.0,1.0,1,1.0,1.0,0.0,2.0,6.0,5.0
1769984100,Boca Juniors,Newells Old Boys,1.0,1.1969553614750121,0.23571081999029597,2.355640465793304,58.449484473556524,1.378199902959729,2.155991023774865,3.072380952380952,0.802674672489083,2.509074781659389,0.6298444323144105,41.96932996724891,0.9823280567685588,2.7819664301310016,3.0235714285714286,0,1.0,1.0,0,2.0,0.0,2.0,1.0,3.0,3.0
1769992200,Rosario Central,River Plate,1.0,0.8197787817417044,0.8023928960897336,1.4116030534351143,51.934223399283375,1.0953319831749497,2.3450549929895605,8.732698412698413,0.9904167079739599,1.008856283665444,1.380383992597733,51.257641849244905,1.1325197448861568,2.6879799081325775,6.7764309764309765,0,1.0,1.0,1,0.0,0.0,6.0,3.0,2.0,4.0
1770064200,Gimnasia L.P.,Aldosivi,1.0,1.0085223631936435,1.367115212097911,1.2236703831859541,46.28698577470203,1.2463168012302965,2.533411508394206,4.958028616852147,0.6267731784071654,1.0160977971435488,1.1862503025901718,47.41347131445171,0.8595449043815055,2.8903292181069906,3.32972972972973,0,1.0,1.0,0,3.0,1.0,1.0,3.0,1.0,2.0
1770072300,Tigre,Racing Club,1.0,1.5725393213967753,0.6146140402941273,2.163873775843308,53.43800903485343,1.6599373495565013,2.3076631384574786,5.992822966507177,1.1788900979325354,0.6321705178262818,1.9455930359085962,53.99546181911284,1.264470332202522,2.68776931447225,3.0157894736842104,0,1.0,1.0,0,3.0,1.0,5.0,7.0,0.0,4.0
1770072300,Defensa Y Justicia,Estudiantes L.P.,1.0,1.0096072931276296,1.5510518934081348,1.226157082748948,51.1874824684432,1.2284221598877987,2.5886325385694233,4.425641025641026,0.8022326674500588,0.44048178613396005,1.9499412455934195,50.81319036427732,0.9630317273795534,2.9709929494712077,2.068191268191268,0,1.0,1.0,1,0.0,0.0,3.0,0.0,1.0,2.0
1770080400,Argentinos JRS,Belgrano Cordoba,1.0,1.5733920929935492,0.23767005173404868,2.5414574950501376,57.10984863000575,1.6793894104873224,2.438956377339208,9.674411764705884,0.9900244299674267,0.821729098805646,1.567114549402823,48.345785830618894,1.132213626492942,2.4070304017372393,5.8253125,0,1.0,1.0,1,0.0,0.0,5.0,1.0,0.0,0.0
1770080400,Union Santa Fe,Gimnasia M.,1.0,0.8203776955467653,0.8023223172132193,1.0355365573561313,52.027976266428475,1.1146293224448136,2.4388018374377936,3.088378766140602,0.8929862617498192,0.7642805495300073,1.715835140997831,48.18293564714389,1.0431670281995644,2.739624005784497,3.4991869918699186,0,1.0,1.0,0,4.0,0.0,3.0,1.0,1.0,1.0
1770156000,Banfield,Estudiantes de Rio Cuarto,1.0,0.8218445287107259,1.1774106175514627,1.0378521126760563,48.6550988624052,1.0969460996749736,2.8136308234019483,4.035119047619047,0.5590465872156014,1.433008306247743,0.7150595882990249,46.67894546767786,0.8093896713615006,2.904983748645691,2.8634920634920635,0,1.0,1.0,0,2.0,1.0,4.0,2.0,2.0,2.0
1770164100,Instituto Cordoba,Lanus,1.0,0.6344020562770563,0.8024215367965368,1.0379464285714286,51.09290449134199,0.9657399891774897,2.532352543290042,4.971802325581395,1.3649215367965368,1.0094020562770563,1.5669642857142858,46.75084550865801,1.4133860930735929,2.9691626082251057,5.827325581395349,0,1.0,1.0,1,2.0,2.0,3.0,3.0,3.0,3.0
1770164100,Independ. Rivadavia,Sarmiento Junin,1.0,0.6344594594594595,0.615,1.2254054054054053,49.87398648648649,0.9657837837837843,2.34489189189189,4.971022727272727,0.615,0.8219594594594595,1.0044594594594594,44.59476351351351,0.8321959459459458,3.156675675675673,1.146590909090909,0,1.0,1.0,0,2.0,1.0,4.0,1.0,0.0,3.0
1770422400,Central Cordoba de Santiago,Union Santa Fe,1.0,0.6324863422690891,0.8023631050692415,1.0357641976877143,51.74537542878923,0.964308220048279,2.495038749841188,2.6243137254901963,0.6150107991360692,1.0095167386609072,1.0043871490280778,46.18928860691145,0.8322016738660905,2.406688714902805,4.901666666666666,0,1.0,1.0,0,1.0,0.0,3.0,2.0,1.0,2.0
1770494400,Aldosivi,Rosario Central,1.0,1.735210355987055,0.6239266450916936,2.1409492988133767,53.666763754045306,1.8273074433656966,2.9234131607335465,3.157826086956522,1.5538949364192083,0.8213396096891242,2.3193357523454607,45.247415906639205,1.5645189761694616,2.969463567715992,3.0239789196310936,0,1.0,1.0,1,1.0,1.0,7.0,4.0,3.0,1.0
1770498000,Racing Club,Argentinos JRS,1.0,1.1971729208924948,0.8023199797160243,1.976990365111562,56.45012043610548,1.3784064401622724,2.626750760649086,6.856821026282853,0.8023199797160243,0.8207023326572008,1.3805273833671399,52.86752662271805,1.000862068965517,2.310835446247462,3.965206508135169,0,1.0,1.0,0,2.0,1.0,4.0,7.0,3.0,3.0
1770505200,River Plate,Tigre,1.0,1.0089913252706895,0.8023301462673337,1.2241372760083582,55.3204267713544,1.2466827075286524,2.7209054644462722,7.796078431372549,0.6140948521496866,0.8207560311530425,1.192224403216615,46.18545558158678,0.8314557082251629,2.4049654910403317,3.0259803921568627,0,1.0,1.0,2,1.0,4.0,7.0,2.0,2.0,4.0
1770513300,Belgrano Cordoba,Banfield,1.0,1.0092538286086672,0.4268491365265559,1.4126425545780383,54.37680026067123,1.2468752036493975,2.250602802215704,1.2147186147186146,0.6147279244053436,1.3850114043662431,0.816357119582926,45.43532095144998,0.8507526881720429,2.6876181166503725,2.090538033395176,0,1.0,1.0,0,1.0,0.0,11.0,1.0,4.0,2.0
1770513300,Newells Old Boys,Defensa Y Justicia,1.0,0.6334863131855613,0.9904306220095693,0.6612179800149723,51.08954203691046,0.9462591543794557,2.438584773622366,4.037090909090909,0.4260061919504644,1.0089720098565742,1.0040437227522587,47.78367978770455,0.6998091868326276,2.3861666771971928,2.5578823529411765,0,1.0,1.0,2,2.0,3.0,7.0,1.0,4.0,1.0
1770580800,Sarmiento Junin,Atletico Tucuman,1.0,0.633541422811809,0.9905709455065679,1.2247496423462088,52.87474964234621,0.9650890883079729,2.9083847054233303,8.738086749851457,0.615276287553648,2.5095895922746783,0.06692596566523605,47.31353943133047,0.8324101394849783,3.062681062231757,4.904656862745098,0,1.0,1.0,0,2.0,1.0,3.0,4.0,3.0,6.0
1770580800,Platense,Independiente,1.0,1.1971463022508038,1.552786709539121,1.2256162915326902,49.873727224008576,1.378416398713827,2.344935691318326,4.981490384615385,0.6148234759167235,0.6335964143038098,1.1921010750592742,48.34668875247653,0.8320393647081747,2.9694741628503656,2.0888111888111887,0,1.0,1.0,2,0.0,1.0,4.0,1.0,0.0,4.0
1770588900,Huracan,San Lorenzo,1.0,0.4430345671459162,1.3682716427041908,0.6576078311410217,52.40446007953502,0.8127855613337416,2.5329360660752513,2.1505121293800538,0.9908678674896083,1.0090061720619725,1.3806902632573372,46.560114624008065,1.1140433303942558,2.6875059831212975,1.146725860155383,0,1.0,1.0,0,1.0,0.0,1.0,2.0,3.0,6.0
1770599700,Gimnasia M.,Instituto Cordoba,1.0,0.7686274509803922,0.8959001782531195,1.073083778966132,54.3162210338681,1.069055258467028,1.9446702317290407,4.069135802469136,0.6143441333752753,1.1972318339100345,0.43944636678200694,48.72503932054104,0.8316514627241269,2.687706826045924,4.907625272331155,0,1.0,1.0,0,1.0,0.0,4.0,7.0,1.0,1.0
1770599700,Velez Sarsfield,Boca Juniors,1.0,0.6335016835016833,1.1783605283605283,0.8491582491582491,51.276877751877755,0.9650556850556855,2.344575239575238,4.037024793388429,1.5541181041181042,1.385016835016835,1.3799663299663298,51.91706164206164,1.5459039109039108,2.4060049210049184,3.026666666666667,0,1.0,1.0,0,2.0,1.0,2.0,7.0,0.0,1.0
1770667200,Barracas Central,Gimnasia L.P.,1.0,0.82080482139494,0.9907715487475673,1.0360349048904514,50.709755791324,1.0961240504739789,3.0407596208173757,2.623529411764706,1.5554774311005084,0.632569527277293,2.321664887940235,46.37259714985247,1.5657354510640968,2.4992441458974173,1.1430672268907562,0,1.0,1.0,0,2.0,0.0,2.0,7.0,2.0,3.0
1770675300,Estudiantes L.P.,Deportivo Riestra,1.0,1.384661513859275,1.177638592750533,1.4133795309168444,48.65288512793177,1.5096748400852884,2.438279584221747,6.850438596491228,0.6142480872946193,1.0090931895146118,0.6274802458296752,40.16199046782893,0.8315790793929511,3.609844475103472,1.6132094943240454,0,1.0,1.0,0,1.0,0.0,4.0,5.0,1.0,5.0
1770675300,Lanus,Talleres Cordoba,1.0,1.7620246820773038,0.8024306208106246,2.3538557915178853,54.66276389149909,1.830272505168202,2.53240994800476,5.919472616632859,0.8024306208106246,1.0090835056067156,1.380354569942993,47.59605963791268,0.9821286725552841,2.781746538871137,7.730425963488844,0,1.0,1.0,1,1.0,1.0,0.0,3.0,1.0,1.0
1770683400,Estudiantes de Rio Cuarto,Independ. Rivadavia,1.0,0.7695035460992908,0.5609929078014185,1.4099290780141844,43.63936170212766,1.069645390070927,2.272978723404241,3.080225988700566,1.3671464330413017,1.1973091364205257,1.5685857321652066,46.46711514392992,1.415075093867334,2.9698685857321627,5.849651046859421,0,1.0,1.0,2,0.0,1.0,3.0,4.0,3.0,1.0
1770933600,Tigre,Aldosivi,1.0,1.7619428642870538,0.802450459461149,2.165481027692693,49.2973745077202,1.8113858848534106,1.8735350378195899,6.902549019607843,0.8043850327199508,1.1950556518820963,1.18610660551485,48.13101403881649,0.9838279545835895,2.693246825885112,1.2564912280701754,0,1.0,1.0,0,1.0,0.0,7.0,4.0,3.0,2.0
1770941700,Argentinos JRS,River Plate,1.0,1.0087352138307553,0.23661510464058239,2.1665514103730663,57.77693660903852,1.2464798301486204,2.0046126781922946,7.80384074941452,0.6141626077182465,1.008992131884601,1.0039340576995128,54.09138878481329,0.8503359560384662,2.9508817284875706,5.375313404050145,0,1.0,1.0,0,1.0,0.0,1.0,1.0,0.0,3.0
1771023600,Independiente,Lanus,1.0,1.7630116648992575,0.42513558551734587,2.1666353582790485,51.93101348280564,1.8121848204817455,2.004466595970306,3.5613824884792624,1.7418104694880943,1.385012371862849,1.567621067515023,47.1277129727819,1.6960641408785626,3.0445573443876706,6.778299120234604,0,1.0,1.0,0,2.0,0.0,7.0,1.0,4.0,2.0
1771031700,Defensa Y Justicia,Velez Sarsfield,1.0,0.8221001059322034,1.177436440677966,1.4135990466101696,53.5275092690678,1.0971199682203396,2.2506157309322017,5.9093253968253965,1.1787637088733798,1.0090353938185443,1.5685069790628117,48.72705009970089,1.2643768693918245,2.8567260717846437,3.958169934640523,0,1.0,1.0,1,1.0,1.0,5.0,1.0,2.0,2.0
1771031700,Union Santa Fe,San Lorenzo,1.0,1.5744822373393803,0.4250944822373394,1.6009674981103554,53.72117913832199,1.6990718065003783,2.098823885109598,4.971964285714286,0.8022373393801966,0.820196523053666,1.3808314436885865,47.41024943310657,0.9819712773998488,3.233913832199544,0.6582142857142858,0,1.0,1.0,1,0.0,0.0,6.0,1.0,1.0,4.0
1771101000,Banfield,Racing Club,1.0,1.1971042347363698,1.3659555384713946,1.4131078224101479,49.583169966045226,1.3783547953103985,2.757450188993528,4.032261072261072,0.8021866505587436,1.0086982784657204,1.3808275445484746,57.027296889157356,0.9630770160072486,2.9511289640591944,3.015120879120879,0,1.0,1.0,2,0.0,2.0,8.0,3.0,1.0,5.0
1771109100,Talleres Cordoba,Gimnasia M.,1.0,0.8212729192665835,0.9902723112860389,1.4130043838597164,56.81590029119068,1.096482032574958,2.0997843269015375,4.029935720844811,0.6697465681098205,1.5755015839493136,1.2832629355860612,46.66882259767688,0.882391763463568,2.303537486800401,2.8954545454545455,0,1.0,1.0,0,2.0,1.0,4.0,1.0,1.0,1.0
1771109100,Huracan,Sarmiento Junin,1.0,0.6306610407876231,0.9910923581809657,1.2231129864041257,52.40136544772621,0.9440353961556499,2.570275433661508,2.612023217247098,0.8024037846822657,1.0092059838895282,1.0039636875079914,46.940934663086566,0.9633256616800921,3.1384950773558344,3.9585707824513796,0,1.0,1.0,0,1.0,0.0,6.0,2.0,2.0,7.0
1771117200,Independ. Rivadavia,Belgrano Cordoba,1.0,1.0091962831688859,0.8023501612542708,1.6010601270875244,47.798623750678544,1.246816744898937,1.9117897627486653,6.380213903743315,0.8023501612542708,0.63343870741131,1.5675320113676279,46.846830794776,1.0008621515470828,1.917550850975506,5.364705882352942,0,1.0,1.0,2,0.0,1.0,8.0,5.0,2.0,2.0
1771117200,Atletico Tucuman,Estudiantes de Rio Cuarto,1.0,1.1970897832817338,0.8022910216718266,1.6009287925696594,53.90721362229102,1.3783281733746136,2.4755356037151683,4.500085251491901,0.6694736842105263,1.575263157894737,0.533157894736842,45.78868421052631,0.8821578947368408,2.67936842105261,3.4318840579710144,0,1.0,1.0,0,4.0,0.0,7.0,2.0,1.0,3.0
1771185600,Gimnasia L.P.,Estudiantes L.P.,1.0,1.5744870061589307,0.9907465825446898,1.7895568574432927,46.932456061288875,1.6802253267237497,2.19272164638726,5.444979591836735,0.8020034312911617,0.2501854004095413,2.140273396424816,49.0201062593392,0.9628247274337263,2.7625756821074745,1.5903759398496242,0,1.0,1.0,1,0.0,0.0,4.0,6.0,2.0,3.0
1771194600,Boca Juniors,Platense,1.0,1.1974222121280944,0.23444242561889622,2.3576538723597547,59.4003236429707,1.3785430388371571,2.286605723370428,4.027103159497526,0.4236316148080854,1.1974222121280944,0.8143311378605497,45.23481149216443,0.7169202816261638,2.857250738133089,3.4853064331937573,0,1.0,1.0,1,0.0,0.0,1.0,2.0,1.0,1.0
1771203600,Rosario Central,Barracas Central,1.0,0.441727876880028,0.6131281333799697,1.03421942404104,48.24539466013757,0.8117861723213249,2.286707473475573,5.915586419753086,0.6139003765199679,0.6324177519906179,1.0038269242639344,46.65781741867786,0.8501401148077279,2.122778840812293,3.0116013071895424,0,1.0,1.0,0,2.0,0.0,3.0,0.0,1.0,3.0
1771203600,Instituto Cordoba,Central Cordoba de Santiago,1.0,1.0092116129851978,1.177904834508608,1.037418207229528,50.710990407216826,1.246838193253288,2.662985833174511,4.5009132420091325,0.23737822172894316,0.25599950672092736,1.1919965470464915,45.998156369466024,0.567749414231101,3.139261314588726,2.54085414987913,0,1.0,1.0,0,2.0,0.0,3.0,5.0,3.0,5.0
1771279200,Deportivo Riestra,Newells Old Boys,1.0,0.8213866412819293,0.8020942408376963,1.41326352530541,52.683309535142,1.0965762335395848,2.907266381088369,2.15036855036855,0.8020942408376963,2.3244169443122322,0.6280501348564175,41.30456925273679,0.9818848167539267,2.7630144375694092,2.0697788697788697,0,1.0,1.0,1,1.0,1.0,4.0,4.0,3.0,3.0
1771618500,Defensa Y Justicia,Belgrano Cordoba,1.0,0.6334981615316342,1.1778623050589576,1.0374667173830354,49.86497400786104,0.9462634715354387,2.1933650310637742,4.029575757575758,0.9902781196160473,0.6325129214865862,1.944868323898597,47.598701698252526,1.1324230863893672,1.8029374846172752,4.578196078431373,0,1.0,1.0,1,1.0,1.0,5.0,2.0,2.0,3.0
1771620300,Estudiantes L.P.,Sarmiento Junin,1.0,1.3850036414299738,0.9899939837243913,1.7889427187232831,52.40169089009214,1.5098901238086195,2.1933396662550253,6.376874003189792,0.6138176900854385,1.1972094166820333,0.43898211322146413,46.092476489028215,0.8312520744975105,3.9676550494806047,2.695717234262126,0,1.0,1.0,0,1.0,0.0,4.0,4.0,4.0,4.0
1771628400,Instituto Cordoba,Atletico Tucuman,1.0,1.0089647550042982,1.1784723075033772,1.0364116419010192,49.01282696794792,1.2466486552867497,2.795398501780669,3.715762668703845,0.6141835895489339,2.324387929398368,0.0643385841715695,48.444360093629406,0.8315543746441447,3.608568355791735,3.9489964580873673,0,1.0,1.0,0,2.0,1.0,4.0,2.0,0.0,6.0
1771628400,Boca Juniors,Racing Club,1.0,0.8185939300806763,0.2333790681082268,1.9800230503265464,60.928011634926726,1.094405356456836,2.0399615827890885,3.7095816464237514,1.1796779052253505,1.008515815085158,1.7589155370177267,58.74265438535511,1.2461522419186652,3.405261267524039,3.636894586894587,0,1.0,1.0,1,0.0,0.0,8.0,3.0,2.0,5.0
1771636500,Rosario Central,Talleres Cordoba,1.0,0.6298423423423423,0.6126126126126126,1.0335022522522523,50.60413851351351,0.9623141891891897,2.0404786036036024,6.230197285893488,0.6133333333333334,1.0086904761904762,1.003452380952381,48.635625,0.8308630952380951,2.480398809523807,6.306654611211573,0,1.0,1.0,2,0.0,1.0,12.0,2.0,3.0,4.0
1771636500,Gimnasia M.,Gimnasia L.P.,1.0,0.8254422476586889,0.6667533818938606,1.5590530697190426,52.471904266389174,1.100962539021856,1.6997398543184077,4.21,1.3676289579307268,1.008621971160993,1.757853426490263,49.4832109409841,1.4342970120410288,2.57475486844061,2.0644285714285715,0,1.0,1.0,2,0.0,1.0,7.0,4.0,3.0,4.0
1771704000,Independ. Rivadavia,Independiente,1.0,1.0088051852757736,0.990216460804696,1.4127308303778892,47.03827198238963,1.2465317353552652,1.854123761770819,5.280755265068991,0.801981166687049,0.6323345970404795,1.5684970037911214,48.538198605845665,0.9629582976641801,3.234084627614037,3.477269426289034,0,1.0,1.0,0,3.0,2.0,3.0,9.0,2.0,0.0
1771704000,Platense,Barracas Central,1.0,0.8213096699078007,1.3657509676201265,1.0374461122124674,49.677916233991,1.0965178262374529,1.9114962711224377,3.0876570583887655,0.6134223408989764,1.0086634030559265,0.81504821243139,44.01510755080848,0.8497837116154873,2.1975149087672428,3.00780487804878,0,1.0,1.0,0,1.0,0.0,4.0,1.0,4.0,1.0
1771712100,Deportivo Riestra,Huracan,1.0,0.8206736636563339,0.9902367586038565,1.0364290944593606,52.02645228215767,1.0960226995362465,3.040079326336342,3.5574769666902903,1.1784720527215036,1.197144251891628,1.1918965096412009,51.738253600195264,1.26415181840371,3.233801562118621,2.5373493975903614,0,1.0,1.0,1,0.0,0.0,8.0,3.0,5.0,3.0
1771712100,Banfield,Newells Old Boys,1.0,1.008838768668089,1.1784212130448035,1.4128619323377019,48.449893325205736,1.2465589759219755,2.4190612618104224,3.398879551820728,0.9901859189271563,1.5735446510210302,0.8154221274001828,43.07951843950015,1.1135263639134407,2.7444010972264525,2.6941176470588237,0,1.0,1.0,0,3.0,0.0,4.0,2.0,3.0,3.0
1771720200,Central Cordoba de Santiago,Tigre,1.0,0.8201242236024846,0.8018456078083408,1.412576160899142,51.17713102632357,1.0956001183081931,2.249409050576751,2.8500672268907565,1.178988464951198,0.8201242236024846,1.5692043774031352,42.600011830819284,1.2833895297249334,2.6688577343981046,4.421142857142857,0,1.0,1.0,1,0.0,0.0,4.0,6.0,8.0,1.0
1771790400,San Lorenzo,Estudiantes de Rio Cuarto,1.0,1.0086275668488698,0.9903678534495494,1.4125395183926723,53.53347909587827,1.2275497119219978,2.098882552814299,2.61202657807309,0.532574974146846,2.060392967942089,0.42440537745604967,47.02564632885212,0.7834746639089958,2.745253360910014,2.6874418604651162,0,1.0,1.0,0,2.0,0.0,3.0,6.0,2.0,3.0
1771798500,Velez Sarsfield,River Plate,1.0,0.8206976178901313,0.990034030140982,1.4129922216820612,51.178494166261544,1.1148699562469622,1.8170600388915883,4.028127112914131,0.6131759149940968,0.8201062573789847,1.0034238488783944,55.23517709563164,0.8496033057851239,2.932761511216054,3.9502134646962235,0,1.0,1.0,0,1.0,0.0,5.0,7.0,1.0,3.0
1771806600,Union Santa Fe,Aldosivi,1.0,1.0084279325765393,0.4238734090127279,1.2234606123151015,53.25102625845659,1.26514619883041,1.8526980850819847,5.285521885521885,0.8029721362229103,1.015170278637771,1.1858823529411766,50.11815273477812,0.9827430340557274,2.495351909184722,0.7649999999999999,0,1.0,1.0,0,1.0,0.0,1.0,4.0,3.0,3.0
1771963200,Platense,Defensa Y Justicia,1.0,0.8206791995148575,1.1781685870224379,1.413159490600364,52.306579745300176,1.0960278956943608,2.231127956337173,4.342542410222515,0.8016494845360825,1.1972312223858617,1.380441826215022,46.65646539027983,1.0003888070692193,2.084212076583208,2.6941894060995186,0,1.0,1.0,1,0.0,0.0,5.0,3.0,2.0,2.0
1771971300,San Lorenzo,Instituto Cordoba,1.0,1.3861311362856161,0.8015562421329672,1.9790593889461037,53.62818400274631,1.5106442384712213,1.9471529923332178,3.70962962962963,0.424457849051052,1.1971634544652052,0.24900985728998093,49.67386788288951,0.698638811240253,2.3858784757981444,4.422031746031746,0,1.0,1.0,1,1.0,1.0,0.0,6.0,1.0,2.0
1771973100,Central Cordoba de Santiago,Talleres Cordoba,1.0,0.6305669867398263,0.6126771833561957,1.4123571101966164,48.7173353909465,0.9628577960676731,3.325961362597164,2.292083842083842,0.6126771833561957,1.008344764517604,1.0032007315957934,45.14377572016461,0.8303486511202559,2.744002057613166,5.527798127798128,0,1.0,1.0,0,2.0,0.0,1.0,2.0,3.0,1.0
1771979400,Belgrano Cordoba,Atletico Tucuman,1.0,0.6324164198053323,0.42513753702920015,1.4131672813010097,55.41154101928541,0.9454180521129321,2.569877274650866,4.49462915601023,0.8016081252644943,2.3265340668641556,0.062148600447373206,46.37669427483223,0.9626854482800314,4.155892630433466,3.0090792838874676,0,1.0,1.0,0,3.0,1.0,0.0,5.0,3.0,1.0
1771981200,Gimnasia M.,Independiente,1.0,0.6611909650924025,0.731006160164271,1.2501026694045176,53.75749486652977,0.9814373716632474,1.963408624229971,4.561720430107528,0.9901437371663244,1.0087415664417718,1.3803109416251098,51.18321501906717,1.1134713992373126,2.743903784100907,3.950967741935484,0,1.0,1.0,1,1.0,1.0,5.0,4.0,1.0,5.0
1772049600,Barracas Central,Tigre,1.0,0.8201611721611722,0.9901538461538462,1.0356923076923077,46.742183150183145,1.0956249084249088,2.984975824175823,3.394285714285714,1.1793162393162393,0.8196011396011396,1.5697435897435896,45.05065527065527,1.2836581196581196,2.3661424501424477,3.9522458628841606,0,1.0,1.0,0,2.0,1.0,0.0,2.0,3.0,1.0
1772049600,Gimnasia L.P.,Rosario Central,1.0,1.386316029143898,0.6126593806921676,1.9792235883424407,45.12721425318762,1.5485610200364304,2.041538023679416,4.337387914230019,1.3663452266152363,0.8208052073288332,1.944370781099325,47.600596673095474,1.414467213114754,2.6687475891996115,3.4806191950464394,0,1.0,1.0,2,1.0,2.0,6.0,3.0,3.0,3.0
1772058600,Velez Sarsfield,Deportivo Riestra,1.0,1.0087732124579616,0.8016610615587074,1.9785348735195203,48.627559584734605,1.246510893405469,1.4764737534727286,4.024166666666667,0.4245182044158503,1.0087732124579616,0.43750255885363365,36.38101184383682,0.6986775844421698,4.063937417751131,2.066190476190476,0,1.0,1.0,1,0.0,0.0,4.0,3.0,3.0,3.0
1772058600,Newells Old Boys,Estudiantes L.P.,1.0,0.8207265728377241,1.3663659328762179,0.4719836400817996,52.211842896667875,1.0960627932154463,2.758170335618909,5.906367495451788,0.6117036337895234,0.2488385506790415,1.7618583189135335,50.82557285931519,0.8295506266058413,2.8384153951025093,2.3760859987664116,0,1.0,1.0,2,0.0,2.0,2.0,3.0,2.0,1.0
1772136900,Racing Club,Independ. Rivadavia,1.0,1.574352838173063,0.9902524441850284,2.355546475995914,55.699118634174816,1.661268349627901,2.758770173646577,4.964198250728863,1.178823872756457,0.8200671238873487,1.946184152925726,47.0351670801109,1.264408580183861,2.6684144170436284,4.426064139941691,0,1.0,1.0,1,1.0,1.0,7.0,2.0,3.0,3.0
1772136900,Sarmiento Junin,Union Santa Fe,1.0,1.0088835534213685,0.9899759903961585,1.7894957983193278,52.58730492196879,1.2465906362545023,2.946416566626649,7.315864527629233,0.6139146567717996,1.1970315398886826,0.8156462585034013,46.75550401978974,0.8313481756338897,2.2931787260358667,3.481450872359963,0,1.0,1.0,2,1.0,3.0,6.0,2.0,4.0,3.0
1772145000,River Plate,Banfield,1.0,0.820049512159604,1.5561031017911753,0.6582728993738168,58.33965632736275,1.0955363331877097,2.664611620795106,6.3792,0.6136355459615038,1.008874497811357,0.8153025124422858,44.400353780656,0.8499394375487197,2.4804497211728704,2.5436470588235296,0,1.0,1.0,0,3.0,1.0,6.0,3.0,1.0,2.0
1772145000,Estudiantes de Rio Cuarto,Huracan,1.0,0.5763747454175153,0.6659877800407332,1.060590631364562,44.95341140529531,0.9266802443991891,2.4546334012219857,2.210891089108911,1.1789700320046552,0.8201571137620018,1.3805178935117834,52.502467267966246,1.2645178935117833,3.2152470177480335,2.698840169731259,0,1.0,1.0,0,2.0,0.0,7.0,5.0,3.0,6.0
1772311500,Boca Juniors,Gimnasia M.,1.0,0.6283903278816809,0.2323655998121919,1.6011581500899914,59.704622166575376,0.9612317082713832,1.9830701411169358,2.837028657616893,0.7324516785350966,1.6614445574771108,1.0231943031536113,44.5439471007121,0.9233774160732442,2.0440284842319265,3.287058823529412,0,1.0,1.0,1,1.0,1.0,9.0,3.0,3.0,4.0
1772319600,Independiente,Central Cordoba de Santiago,1.0,1.5751919602529358,0.42396115627822945,2.1678861788617887,50.70050248419151,1.661881210478772,2.325025971093043,3.3955052139518163,0.23607433217189316,0.6316260162601627,1.0033101045296167,47.12805458768874,0.5667735191637628,3.592644599303133,1.7551733703190013,0,1.0,1.0,0,2.0,0.0,11.0,2.0,1.0,1.0
1772327700,Talleres Cordoba,San Lorenzo,1.0,1.1973126306360107,1.178262167811287,1.7896088384592415,59.084174380412065,1.3785010450880866,1.8546491489997,4.65607088989442,0.4239142695995488,0.6307952622673435,1.0031584884376763,46.74827975183305,0.6982177100958825,3.4994134235758576,1.437250712250712,0,1.0,1.0,1,0.0,0.0,12.0,6.0,1.0,3.0
1772395200,Newells Old Boys,Rosario Central,1.0,0.6316082294986961,1.5559779773978557,0.28129817444219074,49.19631990727325,0.9636372066067811,2.702148942335554,4.34291156462585,1.5559779773978557,1.0087510866415532,1.9461025789626194,48.63510866415532,1.566131556070704,2.7439791364821766,3.012625850340136,0,1.0,1.0,2,0.0,2.0,1.0,8.0,2.0,3.0
1772403300,Argentinos JRS,Barracas Central,1.0,1.1973319824383655,0.2350444669593606,2.5456152200833055,57.217831813576495,1.378488123381741,1.5692885286502296,6.859853249475891,0.4239333558482495,1.0084430935494766,0.6254868850613532,41.36550151975684,0.7171225937183383,1.8938793200495305,3.0137316561844862,0,1.0,1.0,1,1.0,1.0,7.0,1.0,1.0,2.0
1772403300,Instituto Cordoba,Union Santa Fe,1.0,1.1972469635627532,0.8017698091382303,1.601168305378832,52.213817235396185,1.397293233082707,2.2683296703296696,3.5577303070761013,0.9900571564658251,0.8206954036675399,1.3799237913788998,45.43283519885687,1.1322529173612763,2.2734710645391734,4.897855964815833,0,1.0,1.0,2,1.0,2.0,5.0,2.0,4.0,1.0
1772411400,Defensa Y Justicia,Lanus,1.0,0.6324510795217986,1.3665972759174447,0.6599298162136442,50.70896924998513,0.9454398382204252,2.1369047760661384,3.7149237472766883,1.3665972759174447,1.761862844227681,1.003568667102837,46.93808957354428,1.4146588949027539,2.9321869981561863,4.583986928104576,0,1.0,1.0,1,1.0,1.0,4.0,5.0,1.0,2.0
1772411400,Tigre,Gimnasia L.P.,1.0,1.7629437229437228,0.6132756132756133,2.543896103896104,47.78256854256854,1.8121327561327565,2.0043405483405468,6.57381389252949,0.9906846240179573,1.0084175084175084,1.758922558922559,47.314169472502805,1.1327384960718292,2.8381313131313104,2.0699286442405707,0,1.0,1.0,1,2.0,2.0,9.0,2.0,1.0,5.0
1772489700,Estudiantes L.P.,Velez Sarsfield,1.0,1.197198314239924,0.9902059713895649,1.7892681189529294,50.143853505075086,1.3595868700658875,2.5132082863417806,6.539536541889483,0.9904858007784345,0.8201355052616406,1.569173994522128,52.123113737927056,1.1137252414588437,2.7439186968430134,3.3284155844155845,0,1.0,1.0,2,0.0,1.0,9.0,4.0,4.0,4.0
1772489700,Deportivo Riestra,Platense,1.0,0.44292626728110607,0.613352534562212,1.0351958525345621,51.83709101382488,0.8126923963133645,3.5506370967741927,3.0847361647361646,0.42282470288624796,1.007958404074703,1.0032894736842106,43.428995118845506,0.7163306451612902,2.459462011884548,2.696159317211949,0,1.0,1.0,1,0.0,0.0,6.0,4.0,4.0,2.0
1772497800,Banfield,Aldosivi,1.0,1.1971457344267011,0.99044741763775,1.4123032657171628,48.53643216803338,1.3972147892389588,2.5513002445691257,4.734489795918368,0.4412218865391071,1.1952428907111685,0.6440416247062772,50.67261305327771,0.7113969213062865,2.5656154989689695,1.5134920634920634,0,1.0,1.0,0,2.0,0.0,5.0,4.0,3.0,1.0
1772497800,Independ. Rivadavia,River Plate,1.0,1.385766024719747,0.9903995400977292,1.9780971543546997,44.66971543546997,1.5481092267893077,1.7027628628916345,5.204664981036663,0.6128884417616812,1.0083836351441986,0.8145204560697519,58.082221104404205,0.8493919069975406,3.008174603174601,4.191470009832841,0,1.0,1.0,1,1.0,1.0,2.0,2.0,0.0,3.0
1772575200,Sarmiento Junin,Estudiantes de Rio Cuarto,1.0,1.1971859296482412,1.1789806173725772,1.7894903086862886,55.03979899497488,1.3783862167982777,3.173481694185211,6.8549373433583956,0.4440536013400336,2.050251256281407,0.3537688442211056,47.3678391959799,0.7197152428810711,2.7857788944723483,2.931578947368421,0,1.0,1.0,0,1.0,0.0,6.0,8.0,4.0,2.0
1772576100,Huracan,Belgrano Cordoba,1.0,0.6297622924128948,0.9908824487137741,1.2225659394334092,52.683626397481824,0.9433300770650174,2.5139205470530763,3.3936231884057975,0.8017900172117041,0.6314629948364888,1.5691566265060242,46.18588066551922,0.9816305220883533,1.8763729202524357,4.189105590062112,0,1.0,1.0,0,3.0,1.0,3.0,3.0,2.0,2.0
1772583300,Atletico Tucuman,Racing Club,1.0,1.5744261355495057,0.8017996847685915,1.601077518269093,52.58832497492478,1.6801748101447203,2.2306926493767003,5.284039408866995,0.990891593700019,1.0082409390333162,1.3815771639242052,59.42455745615224,1.1139797771693458,3.8597684946732067,3.245899347623485,0,1.0,1.0,2,0.0,3.0,7.0,6.0,1.0,4.0
1772668800,Lanus,Boca Juniors,1.0,1.574360148869167,0.8019238476953908,1.9781276839393072,53.0594446034927,1.680125966218151,2.287183509876895,4.9695238095238095,1.5549216079217258,1.573606035600613,1.1918307202640575,52.30645408463987,1.5464894494872097,2.1039361075091336,3.0106586224233283,0,1.0,1.0,2,0.0,3.0,8.0,1.0,3.0,3.0
1773182700,Tigre,Velez Sarsfield,1.0,1.7638972305638971,0.6131019908797687,2.5453119786453122,47.96032699366033,1.8128528528528531,1.758128128128127,6.4099576271186445,0.8019908797686576,0.8194527861194528,1.5701701701701702,50.811895228561895,0.9628895562228896,3.0081726170615037,2.7748116760828627,0,1.0,1.0,1,1.0,1.0,4.0,3.0,3.0,5.0
1773182700,Independiente,Union Santa Fe,1.0,1.3864864864864865,0.4235675675675676,2.1683783783783785,54.006729729729734,1.510875675675676,2.0787513513513503,4.497320009084715,1.1792,1.0085714285714285,1.380742857142857,43.075742857142856,1.2835485714285713,1.9708171428571406,4.425906362545018,0,1.0,1.0,1,4.0,4.0,7.0,3.0,2.0,0.0
1773190800,Newells Old Boys,Platense,1.0,0.6307137307137307,1.7466200466200466,0.2785769785769786,46.82661782661783,0.9629692529692534,2.5514718614718603,3.7900925925925923,0.42252106867491485,0.43860754629985405,1.1929711314326699,46.36773739081431,0.7161325853633544,2.250076590076588,2.7744444444444447,0,1.0,1.0,1,1.0,1.0,5.0,6.0,4.0,2.0
1773190800,Sarmiento Junin,Racing Club,1.0,1.3862608117099136,0.9910734087380794,2.3563206919494344,55.51459858061654,1.5107385229540922,3.401560212907517,5.914416896235077,1.3704905977518647,1.0080365584620232,1.382256539552474,60.107222397310636,1.4176142451938227,4.126615190671287,3.3929534580252283,0,1.0,1.0,1,0.0,0.0,3.0,4.0,2.0,4.0
1773261000,Banfield,Gimnasia L.P.,1.0,1.5750858535504597,0.8021380303533843,1.9785089176913704,45.59791182009527,1.6806912595546697,2.589315387171817,4.213752276867031,0.991269434938428,1.1973808304815283,1.3817735981245454,46.845274985853244,1.1331923149470504,3.2922637492926605,2.0692069118298626,0,1.0,1.0,2,1.0,2.0,8.0,3.0,5.0,4.0
1773261000,Argentinos JRS,Rosario Central,1.0,0.8189942930978789,0.23457521266286208,2.168192096478949,60.62783999138581,1.0757995046839672,1.322176160223968,7.0987585146121726,1.3688689685701638,0.8195219123505977,1.9480411686586985,50.718608897742364,1.4163855688357678,2.819337096060201,3.7251355013550134,0,1.0,1.0,1,0.0,0.0,5.0,5.0,2.0,1.0
1773269100,Boca Juniors,San Lorenzo,1.0,0.8175124378109453,0.23194029850746273,1.790547263681592,63.608532338308464,1.093572139303483,2.020492537313432,3.2616129032258065,0.42371924162968944,0.6297431760118327,1.0034960333467797,45.80428936399086,0.6980718031464298,3.576014521984669,2.3071926765475155,0,1.0,1.0,1,1.0,1.0,1.0,2.0,3.0,3.0
1773277200,Atletico Tucuman,Aldosivi,1.0,1.3861166335321404,0.9910536779324055,1.6005743317870555,51.92717583388558,1.5484051248067159,1.8905798542080838,4.967822222222223,0.4399060184348455,1.3772817639616846,0.6422374841857943,54.055530453641786,0.7104012289896978,2.182405566600394,1.2088727272727273,0,1.0,1.0,1,1.0,1.0,11.0,5.0,3.0,1.0
1773277200,Independ. Rivadavia,Barracas Central,1.0,1.5749972415315017,1.17995145095443,1.9783184376034426,40.31109456030012,1.6806190003310166,1.267279046673286,5.1569664902998245,0.23454735768539148,0.8189162350036233,0.6251107115059449,37.38379988727556,0.5656485681311897,1.7786306664161657,3.4880737880737884,0,1.0,1.0,2,1.0,2.0,6.0,1.0,6.0,3.0
1773345600,Defensa Y Justicia,Central Cordoba de Santiago,1.0,0.6314172335600907,0.9908730158730159,0.8461791383219955,49.94972222222222,0.9446281179138327,1.797404761904761,4.027266591676041,0.04668209876543212,1.0083223104056438,0.43702601410934744,42.68777006172839,0.43418761022927677,3.2913811728395044,1.8348425196850393,0,1.0,1.0,1,1.0,1.0,5.0,2.0,3.0,2.0
1773345600,Deportivo Riestra,Gimnasia M.,1.0,0.25275850677238193,0.6133575597401167,0.6559740116727233,49.4735932166061,0.6794912454575492,3.8741757515692092,3.3188368055555553,0.7801453584407003,1.5498843739676245,1.0221341261975554,41.94177403369673,0.9551536174430121,2.3680211430459064,3.263541666666667,0,1.0,1.0,1,0.0,0.0,7.0,2.0,3.0,3.0
1773353700,Talleres Cordoba,Instituto Cordoba,1.0,1.1970579915134372,0.8022630834512023,1.9775388967468175,60.60446958981613,1.3782857142857148,1.5146138613861375,4.971915836101883,0.6133113311331133,1.386028602860286,0.24812981298129816,48.73176567656765,0.8308250825082506,2.2713476347634742,4.904478897502154,0,1.0,1.0,0,2.0,0.0,1.0,8.0,5.0,4.0
1773353700,Estudiantes de Rio Cuarto,Belgrano Cordoba,1.0,0.8597428288822948,0.535509396636993,1.4433234421364984,43.166765578635015,1.1402571711177083,2.567319485657756,3.1987692307692313,0.9910429717551379,1.008297615122541,1.570293438839433,46.65461589185625,1.1141246290801186,1.6669688976810617,3.7718803418803417,0,1.0,1.0,2,0.0,1.0,8.0,2.0,1.0,2.0
1773361800,Huracan,River Plate,1.0,1.1972748075722905,0.9915227792802164,1.7898273351362597,52.779867900977735,1.3784106511337637,2.3629945912211348,4.261992768179992,0.42372609763914115,0.6296335861553253,1.0036320905886122,62.734189723320156,0.6980717872022218,2.9894402307445764,3.960883020425005,0,1.0,1.0,2,1.0,2.0,4.0,4.0,6.0,3.0
1773442800,Estudiantes L.P.,Lanus,1.0,1.008461429981667,0.8022902270483713,1.7888647581441264,51.174584684811734,1.227408828091948,2.7405962487660402,5.441818181818182,1.3680045127626568,1.5741757156959528,1.1925200958962066,48.54255817233113,1.415725849668594,2.7248478352841605,4.195974025974026,0,1.0,1.0,2,0.0,1.0,7.0,5.0,3.0,2.0
1773525600,Platense,Velez Sarsfield,1.0,0.6312538743307974,0.9908706677937447,1.4116314454775991,51.55204282896591,0.9633609467455626,2.1749146238376995,3.3197529538131043,0.991364145210299,0.6295644757183219,1.7605949144410682,53.46428381043765,1.0954208646516337,3.3677861293245885,3.015931721194879,0,1.0,1.0,2,0.0,2.0,4.0,7.0,1.0,3.0
1773532800,Rosario Central,Banfield,1.0,0.6287269898885144,0.8021778584392015,0.8422089707026187,53.821545242416384,0.9614726471350796,2.17366346901737,5.682482325216025,0.8023645320197045,1.385475017593244,0.815594651653765,42.22517945109078,0.9820661505981703,2.2722420830401098,2.3894243070362475,0,1.0,1.0,0,2.0,1.0,6.0,0.0,3.0,1.0
1773598500,Gimnasia L.P.,Independ. Rivadavia,1.0,1.197116407746329,0.9914343477335603,1.4109917003617791,43.22587252606938,1.3972228133645461,2.1740636305596923,4.735325325325325,1.3689741907261592,1.0081474190726158,1.948436132983377,47.03174212598425,1.397568897637795,2.7434700349956227,3.6465843621399174,0,1.0,1.0,2,2.0,3.0,4.0,2.0,5.0,2.0
1773606600,Belgrano Cordoba,Talleres Cordoba,1.0,1.0084281500210703,0.42535187526337975,1.7886725663716814,55.041444023036945,1.2462435735356094,2.7030122208175293,4.341008403361345,0.6131706928167104,1.386350952722634,0.8147970979829388,47.977012410640725,0.830697068750166,2.4406308963831065,4.671780604133545,0,1.0,1.0,1,0.0,0.0,1.0,3.0,3.0,1.0
1773614700,River Plate,Sarmiento Junin,1.0,1.1970203012442697,1.369046059812268,1.2222877101069636,61.09005129884305,1.3971349050425677,2.325737830168084,6.85750202757502,0.42530451866404717,1.1969351669941062,0.24992422116194224,47.78737580690429,0.6992736458040976,4.233137243895591,2.7810531803962464,0,1.0,1.0,0,2.0,0.0,11.0,2.0,1.0,5.0
1773622800,Tigre,Argentinos JRS,1.0,1.7647136832612789,0.8022703763626237,2.1677054876269795,45.59173010105297,1.8134631196456517,1.890372118929527,5.937289463376421,0.9909715407262022,0.8198401794476378,1.3812925837655965,54.19731389317258,1.1329533155754943,2.2909749053694077,4.430103519668737,0,1.0,1.0,1,1.0,1.0,1.0,2.0,2.0,5.0
1773622800,Union Santa Fe,Boca Juniors,1.0,1.1971383147853736,0.42390037095919453,1.6001059883412825,52.11783253842077,1.3972390037095923,1.9849443561208258,5.444818199494458,1.9338375350140056,1.1969747899159664,1.7584313725490195,53.34971988795518,1.8495294117647056,2.0836694677871126,3.6442754367934223,0,1.0,1.0,1,1.0,1.0,5.0,4.0,2.0,3.0
1773685800,Aldosivi,Huracan,1.0,1.556849027564013,0.8040296627955786,1.7810829718763117,50.59207126533278,1.6846453057226818,3.053434074903221,3.4414512471655327,0.6134617477418652,1.0081619327456741,0.8151376645989771,54.96573620633366,0.8309359016215039,3.858022635760146,2.5441269841269842,0,1.0,1.0,1,0.0,0.0,4.0,4.0,2.0,3.0
1773685800,Barracas Central,Atletico Tucuman,1.0,1.0080995868667102,0.9911937377690803,1.4111545988258316,47.111366601435094,1.24599695585997,3.1189247662535324,3.7889479905437353,0.9909421302767683,2.3283310036343305,0.06128040257198772,47.59973720995248,1.0952138663684652,3.7619770757618096,2.781388044579534,0,1.0,1.0,0,2.0,1.0,1.0,3.0,1.0,6.0
1773696600,San Lorenzo,Defensa Y Justicia,1.0,1.3863041927558057,0.9914401204723785,1.6001162452775357,54.291696388470584,1.5107341946051627,1.701040923621568,3.55085649029311,0.8023134571521668,0.6303681981101337,1.5706310415987834,48.261312045183004,1.0009069186488542,1.8748734658412054,2.544287949921753,0,1.0,1.0,2,2.0,5.0,9.0,2.0,1.0,2.0
1773702000,Racing Club,Estudiantes de Rio Cuarto,1.0,1.5748589409722222,1.1803168402777777,1.9778103298611112,55.422054036458334,1.6616232638888893,2.8921039496527765,4.654726754726755,0.38448660714285715,1.8992745535714288,0.306640625,47.31515066964286,0.6770089285714278,2.673409598214274,2.8331668331668327,0,1.0,1.0,0,2.0,0.0,3.0,1.0,1.0,3.0
1773710100,Instituto Cordoba,Independiente,1.0,1.3860162601626016,1.1802710027100272,1.4112195121951219,54.28891598915989,1.529436314363144,2.5898048780487795,3.2689814814814815,1.1802710027100272,1.0082384823848238,1.5706775067750678,52.416639566395666,1.2466070460704608,3.1026178861788596,3.724614197530864,0,1.0,1.0,0,2.0,1.0,3.0,8.0,5.0,3.0
1773784800,Lanus,Newells Old Boys,1.0,1.1971734892787524,1.3691682910981156,1.411295213341997,51.738027940220924,1.397249296079706,2.419944769330733,4.339182630906769,0.8025730994152047,1.574235588972431,0.815494291283765,43.26374269005848,0.9822289055973266,2.724989139515453,2.5455960591133007,0,1.0,1.0,0,5.0,0.0,7.0,0.0,2.0,0.0
1773792900,Gimnasia M.,Estudiantes L.P.,1.0,0.7176241480038948,0.781402142161636,1.201557935735151,52.631937682570594,1.0178188899707914,1.806199285946115,4.485388127853882,0.8022103213242454,0.24764362220058428,1.7635053554040896,53.58520934761441,0.9819201557935735,2.534228821811098,3.4894520547945205,0,1.0,1.0,2,1.0,2.0,4.0,3.0,2.0,5.0
1773792900,Central Cordoba de Santiago,Deportivo Riestra,1.0,0.629876958670733,0.424071931854033,1.4109790724576716,45.58841623724892,0.9623409401619523,3.460442738458302,2.486592204449347,0.42474059662775615,0.8195957630782533,0.6262213575443147,33.056349978383054,0.6988478166882834,4.047039559014265,2.544860166288738,0,1.0,1.0,0,1.0,0.0,2.0,3.0,0.0,4.0
1774051200,Atletico Tucuman,Gimnasia L.P.,1.0,1.1974365035589525,0.9915950936359099,1.2218632626795891,53.723531111286206,1.3974680219578184,2.022477871457462,4.968809349890431,0.9918162753823334,1.3869776482021379,1.382681192777863,45.70603549690553,1.1336136259014882,3.5583090379008726,2.826955903271693,0,1.0,1.0,0,1.0,0.0,6.0,4.0,2.0,6.0
1774051200,Banfield,Tigre,1.0,1.5758068748360012,0.9915507740750459,1.78950406717397,48.992993964838625,1.681243768039885,2.7792128050380467,4.400362778886269,1.3699291524534243,0.8190501180792443,1.5713461033849385,45.2367357648911,1.417192337969037,1.968160587772236,4.434953745692001,0,1.0,1.0,0,1.0,0.0,3.0,7.0,4.0,3.0
1774117800,Velez Sarsfield,Lanus,1.0,1.0084599633581206,0.8023817221683371,1.978176527643065,52.20815281819162,1.2462700722060571,1.607609656212953,3.7867037037037035,1.3690483888350038,1.3862377411358984,1.5704925099687466,47.414069404030606,1.416525487660308,2.6117307899558124,3.7722962962962963,0,1.0,1.0,2,0.0,1.0,4.0,2.0,1.0,3.0
1774125900,Defensa Y Justicia,Union Santa Fe,1.0,0.8195090439276486,0.802390180878553,1.03364556416882,51.45295542635659,1.0762241602067188,1.834200043066321,4.400809418690214,1.9357235142118863,1.763953488372093,1.3817075796726959,42.12482235142119,1.8698632644272177,1.478407622739016,4.718101545253863,0,1.0,1.0,0,2.0,0.0,5.0,6.0,2.0,3.0
1774125900,Newells Old Boys,Gimnasia M.,1.0,0.8190261897909527,1.7482274142487113,0.4652416210983491,44.07229010229978,1.0947384945448841,2.7791999162763914,3.644238975817923,0.669202046743189,1.3291384317521782,1.019914258055594,42.260752316415434,0.8762688424837499,2.4604342414603675,3.094360902255639,0,1.0,1.0,0,1.0,0.0,6.0,5.0,2.0,7.0
1774134000,Independiente,Talleres Cordoba,1.0,1.9553598696935763,1.1811259289422784,1.7899114323526417,54.670675964572936,1.9659218161457808,2.021831416064338,4.969590643274854,0.6127048763106994,1.0079914486409447,1.0036139672197903,49.30827140384811,0.8303339102107299,2.0429247684006904,4.154110767113863,0,1.0,1.0,2,1.0,2.0,6.0,5.0,1.0,2.0
1774142100,Belgrano Cordoba,Racing Club,1.0,1.0084272678475577,0.4245840042941492,1.7892646269457864,54.285748792270525,1.2462426194310259,2.8351905528717114,3.31497113997114,1.181667286015112,0.6282918369874891,1.572847764152112,55.19264214046822,1.2854973368016847,4.318706800445929,3.7760239760239758,0,1.0,1.0,2,1.0,2.0,8.0,2.0,3.0,4.0
1774204200,Sarmiento Junin,Aldosivi,1.0,1.0081915892726703,0.8023583428988835,1.978660127308776,55.23445163310028,1.227147031201086,3.34670249399979,5.3472013949433315,0.43857646466342126,1.561003861003861,0.2758603323820716,51.80544737283868,0.7093956689608862,1.8883414470370958,1.2031977559607294,0,1.0,1.0,0,2.0,0.0,5.0,7.0,3.0,3.0
1774212300,Estudiantes de Rio Cuarto,River Plate,1.0,0.7174541947926711,0.6142719382835101,1.2021857923497268,44.77579556412729,1.0342815814850557,2.304853744776593,2.9735042735042736,0.6127797797289753,0.8185453991777902,1.0037557732325026,61.435400700400955,0.8493396944627722,3.1797949550829805,3.964642375168691,0,1.0,1.0,2,0.0,2.0,5.0,7.0,2.0,2.0
1774220400,Boca Juniors,Instituto Cordoba,1.0,0.8171342638281874,0.4216551529677147,1.410000469946896,61.90816767705249,1.0932694205554778,2.40069082193712,3.258474444617058,0.6131854397750351,1.5757433734312347,0.24720095818361715,51.10446284434723,0.8307191584648232,2.441368536166222,4.909519710793596,0,1.0,1.0,0,2.0,0.0,7.0,6.0,0.0,2.0
1774228500,Independ. Rivadavia,Rosario Central,1.0,1.3865983404000728,1.3698982909762505,1.411154176312983,46.15316182399916,1.5298727986889686,2.0222615300574867,6.292028737598359,1.3698982909762505,0.6298415836433161,2.1390370158416356,49.87386520302786,1.417173477616211,2.4224072002705284,3.774957235716729,0,1.0,1.0,0,2.0,0.0,3.0,3.0,0.0,2.0
1774228500,Argentinos JRS,Platense,1.0,0.6290991902834009,0.23380566801619437,1.7898785425101216,61.4900556680162,0.9428036437246969,1.26365890688259,6.105263157894736,0.6121153846153846,0.4376442307692308,1.3835576923076922,49.69444711538461,0.848855769230769,2.040687499999998,3.7767295597484276,0,1.0,1.0,0,1.0,0.0,4.0,3.0,2.0,3.0
1774303200,Estudiantes L.P.,Central Cordoba de Santiago,1.0,0.8195965417867436,0.6134165866154339,1.789390543281033,52.58489166399829,1.09517344433771,2.7782847689187737,4.966527777777778,0.23467559778798974,1.1974452839006153,0.4362229664823325,41.73902432692058,0.56575797699717,3.1791312926759594,2.4497297297297296,0,1.0,1.0,0,5.0,0.0,8.0,4.0,2.0,3.0
1774311300,Huracan,Barracas Central,1.0,1.3875092278163295,0.9918303066095773,1.7902751119641716,51.068236625818194,1.5115921059107245,2.9696786259166283,4.402611880872751,0.6126679462571978,1.0082331548641277,1.0036367309829275,33.39312556823922,0.849259521163754,1.8533740781897141,3.395031055900621,0,1.0,1.0,1,0.0,0.0,7.0,5.0,2.0,1.0
1774476000,Deportivo Riestra,San Lorenzo,1.0,0.25163898318260736,0.42377756471716205,0.8437718639060922,50.505221424684514,0.6786608276541167,3.9139643958435895,4.024224224224224,0.42315183932986833,0.4397537467830651,1.1931069283948126,42.487021244386135,0.6976494928596658,3.558545693091788,2.257439896036388,0,1.0,1.0,1,1.0,1.0,2.0,4.0,2.0,1.0
1774569600,Argentinos JRS,Lanus,1.0,0.6284703801945182,0.2328224776500639,1.7902151488358384,61.50410158168779,0.9423116219667949,1.072202573926711,4.97092968381312,0.9913534223879051,1.0083876980428705,1.571295433364399,47.603784819302064,1.1143471057264158,2.4221963342652977,3.9612667882606534,0,1.0,1.0,0,2.0,1.0,7.0,1.0,2.0,4.0
1774976400,Aldosivi,Argentinos JRS,1.0,1.0141800782949109,0.6218355806872553,1.4191387559808613,47.849021313614614,1.268699434536756,3.000687255328402,3.1305986696230597,0.8022328548644339,0.8197767145135566,1.0037745879851143,57.14226475279107,0.9819723551302498,2.7439872408293433,3.959417344173442,0,1.0,1.0,2,0.0,2.0,2.0,6.0,3.0,2.0
1775084400,Lanus,Platense,1.0,1.5759392279468762,1.1806108211461939,1.4112965738204744,53.43589478579918,1.700263552271201,2.3626014159474957,4.96972972972973,0.6117707410343702,0.6270671081471809,1.1936482768269365,46.272485193303176,0.8486023410903325,2.4200485006762094,3.013362897265336,0,1.0,1.0,1,0.0,0.0,1.0,2.0,1.0,2.0
1775152800,Barracas Central,Sarmiento Junin,1.0,1.3866904153437105,0.8021890084927334,1.978832700895738,46.15245618110947,1.5299491468545914,2.778744934045793,3.644285249104526,0.23558314761753157,1.3863207046588135,0.05942905656372708,42.693308924970815,0.5664310729067175,4.6894566486257006,2.4474564926372158,0,1.0,1.0,2,1.0,2.0,5.0,1.0,0.0,3.0
1775161800,Tigre,Independ. Rivadavia,1.0,1.5765066291683407,0.9916633186018481,1.7898352752109281,41.78501908396947,1.6628374849337089,1.8318149859381267,5.347935707532304,1.7481947596451413,0.8191149164431608,2.5173818857024965,48.17214256240974,1.700897462347844,2.535697338559932,3.486632141123159,0,1.0,1.0,2,0.0,2.0,2.0,5.0,1.0,2.0
1775172600,Talleres Cordoba,Boca Juniors,1.0,1.3862514564135155,0.8023726300180065,1.9780743565300285,58.250624933799386,1.5296165660417333,2.0223969918440834,4.590013227513227,1.557928185573562,1.1973625675246267,1.3818557356212267,55.25493062175617,1.5487469547717403,2.1583126787416567,4.19484126984127,0,1.0,1.0,2,0.0,1.0,6.0,3.0,2.0,2.0
1775239200,Gimnasia M.,Velez Sarsfield,1.0,0.7575510204081632,0.9551020408163265,1.0296598639455783,51.087755102040816,1.043510204081635,1.8293605442176817,4.1159763313609465,1.181203007518797,0.6290225563909775,1.7618546365914787,52.720676691729324,1.2472380952380953,2.9899398496240583,3.58156337589536,0,1.0,1.0,0,3.0,2.0,4.0,0.0,2.0,2.0
1775247300,Union Santa Fe,Deportivo Riestra,1.0,1.197536181080675,0.2338925334268116,1.7897441033602084,49.93153888527217,1.3975612198908312,1.8317041414191988,4.97015479876161,0.23480854784375244,0.8190912130017745,0.43644405585414153,33.03787898269345,0.5658574845063902,4.313950677604339,2.82422893481717,0,1.0,1.0,0,2.0,0.0,9.0,0.0,2.0,2.0
1775255400,San Lorenzo,Estudiantes L.P.,1.0,1.5765259155493296,1.7496397838703222,1.4108665199119472,54.479942965779465,1.6628567140284176,1.4527366419851901,4.024192059095106,0.9923490679773718,0.4367801168505982,1.7645460446999908,55.21371139757025,1.134037837336548,2.9906009459334117,3.963828269861646,0,1.0,1.0,0,1.0,0.0,4.0,3.0,4.0,4.0
1775320200,Aldosivi,Estudiantes de Rio Cuarto,1.0,0.2829431438127091,0.6210743631033486,0.8702423716916472,42.53131012841158,0.7020983525331359,3.1307403278417754,3.4924165824064715,0.3605887939221273,1.9384615384615387,0.2680436847103514,47.172483380816715,0.6592972459639124,2.6521130104463344,2.4671511627906977,0,1.0,1.0,1,0.0,0.0,6.0,10.0,5.0,2.0
1775334600,Independiente,Racing Club,1.0,1.9565513550333284,1.3713618449861333,1.600369775701844,57.13813555198754,1.9668369581083058,1.8310757553641794,5.161760782570031,1.37207779886148,0.24763757115749532,2.143605313092979,52.73531783681214,1.4378301707779886,4.3203842504743815,3.9630635838150288,0,1.0,1.0,0,1.0,0.0,6.0,4.0,2.0,3.0
1775347200,Rosario Central,Atletico Tucuman,1.0,1.007825981285697,0.8020901689148134,1.4106938874711386,57.89699842022117,1.2458038643820637,2.2105432008749535,5.730562923666372,0.9911532385466034,2.141811479726172,0.059505002632964744,49.68380726698262,1.0953343865192207,4.3115481832543425,2.824904214559387,0,1.0,1.0,0,2.0,1.0,5.0,6.0,3.0,1.0
1775413800,Gimnasia L.P.,Huracan,1.0,1.5764952153110048,1.370574162679426,1.4110446570972888,42.921336722488036,1.6817783094098888,2.58979764752791,4.4034887218045125,0.42383292383292387,0.8191031941031941,0.8145986895986896,57.25376228501228,0.6981674856674857,3.935467854217852,2.8244633204633205,0,1.0,1.0,2,0.0,3.0,8.0,5.0,1.0,4.0
1775422800,River Plate,Belgrano Cordoba,1.0,1.5758009665294435,1.1807000946073793,1.789639213480273,66.49018128819453,1.68124216932164,1.9840445933161157,8.045638820638821,0.8023217162290011,0.8190442097726867,1.571454140990565,46.09089979288655,0.9631184637807155,1.8544478253087502,2.825,0,1.0,1.0,0,3.0,0.0,8.0,1.0,2.0,2.0
1775431800,Central Cordoba de Santiago,Newells Old Boys,1.0,0.8186349616953538,0.23379763207641036,1.9794547806188438,45.85959108546413,1.094439359267735,2.930760123370808,2.414332441272673,0.42456416719176643,2.5196702373450957,0.24838269271161523,40.42598718756564,0.6987282083595883,2.2336956521739113,2.447834274952919,0,1.0,1.0,2,1.0,3.0,3.0,2.0,3.0,0.0
1775512800,Argentinos JRS,Banfield,1.0,1.007695939565628,0.4222096317280454,2.170406043437205,61.89593484419263,1.2267101038715775,1.4502502360717648,4.7829213483146065,0.6135662574756059,1.5752177106284755,0.24848389465953208,38.16007239534152,0.8310387157695939,1.969103976497742,2.3067103620474407,0,1.0,1.0,0,3.0,2.0,9.0,1.0,1.0,2.0
1775520900,Instituto Cordoba,Defensa Y Justicia,1.0,1.765170831208567,1.180826109127996,1.9788883222845488,52.207164711881695,1.8138143804181541,2.9677664456909727,3.079601389098596,1.7483936766955634,0.8192248852626212,2.13901070882203,48.36040285568588,1.7388934217236105,1.665033146353899,3.2037445266495546,0,1.0,1.0,0,2.0,0.0,5.0,5.0,1.0,2.0
1775865600,Belgrano Cordoba,Aldosivi,1.0,1.1976462796443945,0.8024046666836488,1.600580788139695,53.15243141350588,1.3787120768270633,2.967694933387675,3.6467267267267265,0.25370719447062523,1.3797046811184417,0.27255733584668557,53.47333490417845,0.5799120326735784,2.0668630223059976,1.3723148148148148,0,1.0,1.0,0,1.0,0.0,3.0,2.0,0.0,6.0
1775930400,Deportivo Riestra,Instituto Cordoba,1.0,0.4398057290117951,0.42335216572504714,1.032213301615621,46.90187828327882,0.8103171771236004,3.3473733769451868,4.023437045652806,0.42335216572504714,1.576647834274953,0.24577262364951935,48.1718059272475,0.6978085043116264,2.231861433244126,4.9090433265484155,0,1.0,1.0,2,0.0,1.0,7.0,5.0,1.0,4.0
1775932200,Independ. Rivadavia,Argentinos JRS,1.0,1.3871168985492894,1.181254641778482,1.4110808535921175,43.87033222755855,1.530274793286132,2.0209882655839966,5.539097744360902,0.8023696320968193,0.8192011390506216,1.003864636037731,61.50884798250743,0.9820777503750223,2.6300805980015745,3.9614493614493616,0,1.0,1.0,0,3.0,1.0,5.0,4.0,4.0,4.0
1775938500,Estudiantes L.P.,Union Santa Fe,1.0,1.3868624263361107,0.4239991871570819,1.7898293029871977,56.55839768339768,1.5490042674253206,2.778393619183092,6.105774627086102,1.7483235114814062,1.7652408047144887,1.3821885795570006,46.65781853281853,1.738838650680756,1.8544655557813432,4.528341456210308,0,1.0,1.0,0,2.0,1.0,4.0,6.0,5.0,5.0
1775946600,Boca Juniors,Independiente,1.0,0.8170355466130115,0.42114911692376483,1.4101497876145763,63.6352559803264,1.0931991951710267,1.828701095461658,3.2597308488612837,1.1807638624540033,1.3869052150742291,1.0037558685446009,55.17079050881868,1.2469508945565282,3.178901154675801,3.771210340775558,0,1.0,1.0,1,1.0,1.0,3.0,3.0,0.0,3.0
1775954700,Estudiantes de Rio Cuarto,Barracas Central,1.0,0.6164567140176896,0.8126507638702761,1.0321629589922274,44.38528544626106,0.9591530420798737,2.257276869471986,2.702084942084942,0.6125270601818444,1.0080819743108673,1.0035599172559773,31.47443594554289,0.8491624573050465,2.0415307644200684,3.013083853083853,0,1.0,1.0,2,1.0,2.0,6.0,2.0,1.0,3.0
1776016800,Newells Old Boys,San Lorenzo,1.0,0.818813199822424,1.5602821486706457,0.8426873181078283,45.57735411631234,1.0945730774922315,2.7789029743994464,3.83446519524618,0.42283901665344964,0.6285872203397976,0.8139091149400428,46.84257804051619,0.6974099440078821,3.3697450316006994,2.444334160463193,0,1.0,1.0,1,0.0,0.0,3.0,1.0,2.0,4.0
1776016800,Platense,Gimnasia M.,1.0,0.6309092800665834,0.8024760715771951,1.4116937161880982,52.20899396587599,0.9631158967956726,1.8332657095297535,3.4581699346405226,0.5111423220973783,1.4890917602996256,0.5677902621722847,40.859527153558055,0.7647284644194756,3.102785580524335,2.9131016042780744,0,1.0,1.0,1,1.0,1.0,6.0,2.0,3.0,1.0
1776025800,Huracan,Rosario Central,1.0,1.1978110383536014,0.6122357343311506,1.9804957904583722,52.77807764265669,1.3787970065481765,2.9699672591206725,4.782234042553191,0.9918270887696322,0.8187484614248438,1.5721628674117474,57.83360248141401,1.1336310373689136,2.042602530648415,3.7713885778275476,0,1.0,1.0,0,3.0,1.0,10.0,3.0,1.0,2.0
1776025800,Atletico Tucuman,Tigre,1.0,1.3872602065912445,0.991834727004427,1.6005902606984752,48.60804230201673,1.5303836694540094,1.831475651746187,4.4033416875522144,1.1813084112149532,1.0083128381701918,1.0036891293654697,49.49722085587801,1.2852139695031972,2.042562715199211,4.339181286549708,0,1.0,1.0,1,0.0,0.0,5.0,3.0,1.0,1.0
1776034800,Racing Club,River Plate,1.0,1.7652358240593533,1.1807605925252984,1.978953743659626,55.897279632573756,1.81386428445252,2.6457692987104746,4.260554765291607,0.9920036390624626,0.8183006535947712,1.3830783595489478,59.93591419473773,1.1337685843568195,2.800359118006175,3.7717139001349524,0,1.0,1.0,2,0.0,2.0,8.0,2.0,5.0,3.0
1776108600,Sarmiento Junin,Gimnasia L.P.,1.0,1.1976728201099764,0.802376276512176,1.9794285153181461,51.639341123330716,1.378720542026709,3.157850549882167,4.402259575640673,0.9920589360887868,1.1977324913892078,1.3831706850363568,52.15653941829314,1.1338107539226943,4.318317068503634,2.8231977446637133,0,1.0,1.0,2,1.0,2.0,3.0,7.0,3.0,2.0
1776108600,Defensa Y Justicia,Talleres Cordoba,1.0,1.1976020755144705,0.8024986776151735,1.4112238986423515,46.342686582201964,1.3597592000201513,2.021606508652174,4.212725225225226,0.8023705403015748,0.8182378665137287,1.5730064281788418,49.50052811432121,0.982057973092456,1.8516118240256152,3.393429487179487,0,1.0,1.0,2,1.0,2.0,6.0,2.0,0.0,2.0
1776117600,Lanus,Banfield,1.0,1.576604920121533,0.9919631480936979,1.6003234342840342,55.04944134078213,1.700810545917868,2.0209203175536596,4.212817016634852,0.802556746690825,1.9543509990437364,0.058130756454778804,35.305979163521066,0.9822134984146158,1.854361064975588,2.447612379218597,0,1.0,1.0,0,1.0,0.0,5.0,1.0,4.0,4.0
1776126600,Velez Sarsfield,Central Cordoba de Santiago,1.0,1.0083972344437462,0.6133249528598366,1.9787806411062225,54.10011313639221,1.2462300439974863,1.2648095537397852,4.02385065477849,0.2340269277845778,2.1450183598531214,0.24602203182374546,43.43410036719706,0.5652827417380661,2.9898310893512834,2.256809549647315,0,1.0,1.0,0,1.0,0.0,4.0,4.0,1.0,2.0
1776468600,Union Santa Fe,Newells Old Boys,1.0,1.5771899723572587,0.2331140977981127,2.169678772281003,53.91566580878848,1.682313411495568,1.8306500810218274,6.1107429322813935,0.8024716165980107,2.33271375464684,0.8147794634783483,46.84564955289862,1.0010700291369437,1.8543805887672038,2.8255578655578657,0,1.0,1.0,2,2.0,3.0,15.0,4.0,3.0,3.0
1776535200,Gimnasia L.P.,Estudiantes de Rio Cuarto,1.0,1.1977430183558317,1.7511653929481228,0.8413970430683523,50.501264195414606,1.3977287336618818,2.399909530271646,4.404500261643119,0.18838336944186526,1.656886412875271,0.3944908696997833,50.56118848653667,0.5380790261013102,2.6458268853811946,1.9714285714285715,0,1.0,1.0,0,1.0,0.0,1.0,4.0,2.0,3.0
1776543300,Instituto Cordoba,Estudiantes L.P.,1.0,1.766097060833903,0.8024704618689582,2.3583439117273706,50.124670442339614,1.814503466458354,2.589361390489209,2.888698904621961,0.8022351797862002,0.43599257884972176,1.5749624525134729,54.64910769502606,1.0009894867037725,2.990780987719761,4.536910804931109,0,1.0,1.0,2,0.0,1.0,7.0,2.0,3.0,4.0
1776551400,Independiente,Defensa Y Justicia,1.0,1.9577386468952733,1.182354031510658,1.9803521779425393,56.57869786839666,1.9677386468952738,2.0199212233549573,4.973888888888889,1.7498463489585874,1.1976196283108143,1.951368225940198,49.49610750695088,1.7400448758597142,2.042500365835811,3.393088782562467,0,1.0,1.0,0,3.0,1.0,6.0,5.0,2.0,2.0
1776559500,Argentinos JRS,Atletico Tucuman,1.0,1.3881210478771453,0.8023035230352304,2.171138211382114,65.3352529358627,1.5310298102981037,1.6389295392953922,5.165142787106263,0.9917417417417418,2.1435935935935935,0.05810810810810811,44.95282782782783,1.0957257257257258,3.9355005005004986,2.635528996333017,0,1.0,1.0,0,1.0,0.0,7.0,2.0,2.0,5.0
1776616200,Aldosivi,Racing Club,1.0,0.2796947271045329,0.620536540240518,0.8674683934628431,40.66574930619797,0.6996638914585268,3.316473943879122,3.491083333333333,0.9925091942871325,0.43689447440265344,1.574341734166648,51.40541504027436,1.1531878793348527,3.9418921053225313,3.202,0,1.0,1.0,1,1.0,1.0,1.0,5.0,4.0,1.0
1776628800,River Plate,Boca Juniors,1.0,2.145062749294679,0.9919252845607549,2.3583714369102053,69.64038817005545,2.1176748710964106,1.8315351687907375,7.436868290128305,1.3700854273867213,1.00844282359994,1.382374981265924,55.73689863615927,1.3984013588449815,2.0436279162711672,3.769987898346107,0,1.0,1.0,2,0.0,1.0,6.0,1.0,6.0,4.0
1776641400,Rosario Central,Sarmiento Junin,1.0,1.1977562326869806,0.6123361034164359,1.9803785780240073,61.139090489381346,1.3977516158818102,2.4001246537396113,5.544653465346534,0.6133363280177684,1.3867634947967358,0.6257143570162961,47.0334156871553,0.8497566818896457,4.313957725038056,2.8245116403532244,0,1.0,1.0,0,2.0,1.0,4.0,3.0,1.0,0.0
1776641400,Talleres Cordoba,Deportivo Riestra,1.0,1.0084272464346264,0.8025331604667398,1.4112895183005885,53.72392041487982,1.2462501246634092,2.210875635783384,3.837864465450672,0.23404544571761512,1.00820547679161,0.4355117498543407,34.337235385511754,0.565293260827345,3.747664595067001,3.581177080632616,0,1.0,1.0,0,2.0,0.0,4.0,7.0,2.0,2.0
1776708000,Barracas Central,Belgrano Cordoba,1.0,1.5766674751394616,0.9918991025951976,1.9794809604656802,48.80050933786078,1.6629590104292997,2.400043657530923,3.8377708978328173,0.8024254183846714,1.3871937909289351,1.3828280378365267,44.75738539898133,0.9631578947368422,2.2318360417171945,2.4437564499484004,0,1.0,1.0,1,0.0,0.0,2.0,4.0,1.0,0.0
1776716100,Banfield,Independ. Rivadavia,1.0,1.3871377338373558,0.8023844140738587,1.7899777066976834,43.49425705146845,1.530285935834061,3.1578705049917604,4.595019255455712,1.7497528351264904,0.818716681205777,2.5196665697392655,48.35837452747892,1.7020752156634678,2.421173790830666,3.5805391527599486,0,1.0,1.0,1,0.0,0.0,6.0,3.0,2.0,1.0
1776716100,Central Cordoba de Santiago,Platense,1.0,1.0079258368126813,0.6125398061000638,1.9799495199679191,43.48095204396952,1.2269049135470484,2.9691883093907,2.3180980831466274,0.23069172471196392,0.4359311341832041,0.8130284312437026,46.26768738774259,0.5628028212204846,2.038125903535285,2.629727230698105,0,1.0,1.0,0,4.0,3.0,3.0,7.0,5.0,1.0
1776724200,San Lorenzo,Velez Sarsfield,1.0,1.3875471342383108,1.1818721719457013,1.9800150829562595,51.259290158371044,1.5116261312217198,2.020592948717948,4.215409389322433,1.371615761689291,1.0080599547511313,1.5729543740573153,54.43301753393665,1.3995079185520363,3.1794353318250357,3.2021801065279325,0,1.0,1.0,1,0.0,0.0,4.0,1.0,2.0,1.0
1776732300,Gimnasia M.,Lanus,1.0,1.1890266299357208,1.1114325068870523,1.4524334251606978,48.9389577594123,1.3739807162534456,1.950298438934798,5.025721153846154,0.802406843555169,1.0082161326180465,1.3827654535788507,45.32864047170268,0.9631491953023055,2.6103861582330463,2.6337550607287454,0,1.0,1.0,0,1.0,0.0,6.0,1.0,1.0,5.0
1776732300,Tigre,Huracan,1.0,1.0079981180898612,1.1817925194071983,1.2210773935544579,44.617760526934845,1.2269630675135268,2.0205081157374725,4.974383511225617,0.8023660067600193,0.6292612264606471,1.193239980685659,51.77124577498793,1.0010140028971513,3.936808305166584,3.0118861747670613,0,1.0,1.0,1,1.0,1.0,0.0,3.0,2.0,4.0
1776985200,Defensa Y Justicia,Boca Juniors,1.0,1.197674755173911,0.9918471706305176,1.2216025857494333,49.743803367263254,1.3597703700130257,1.6420811423609427,4.973082706766917,1.3707945390515701,0.629253702542332,1.951131265377008,49.308828211684116,1.3989126344734428,2.610550436586423,4.148421052631579,0,1.0,1.0,2,0.0,4.0,4.0,1.0,1.0,2.0
1777060800,Deportivo Riestra,Independiente,1.0,0.248962148962149,0.4229736075889922,0.8414858645627876,47.463177420869734,0.6766591528129995,2.969141542218464,3.834463482804715,1.1814729130518604,1.3870927318295738,1.0038557933294776,53.09831791016001,1.2474532485058798,2.9894592249855387,3.580942878523323,0,1.0,1.0,0,2.0,0.0,3.0,3.0,5.0,3.0
1777068900,Estudiantes de Rio Cuarto,Rosario Central,1.0,0.7388838060384263,1.1118023787740163,0.8525617566331198,51.32811070448307,1.043860933211347,2.1001601097895652,3.217452830188679,0.992164590517747,1.1977197550848053,1.3831937504398621,56.901926009336805,1.1338996410725597,2.2307645389072635,3.2016448959845185,0,1.0,1.0,2,1.0,2.0,0.0,4.0,1.0,4.0
1777068900,Lanus,Central Cordoba de Santiago,1.0,1.3874560540008438,0.8024750386724793,1.6004500070313599,56.18994515539305,1.549502648478883,2.210223597243706,3.83375466474058,0.23324426944171006,2.146430412975203,0.24482257535273994,42.67159330614541,0.5647100735949,2.6103079735620853,2.0633682436499337,0,1.0,1.0,1,0.0,0.0,5.0,3.0,1.0,2.0
1777077000,Platense,San Lorenzo,1.0,0.44077502159693943,0.802566950512156,1.0328767123287672,53.5306182895224,0.8110551647537954,2.0215179563124757,3.26814852235413,0.42237442922374435,0.43771689497716904,1.0036986301369863,47.79417808219178,0.6970639269406392,2.990013698630135,2.631728971962617,0,1.0,1.0,2,0.0,1.0,8.0,4.0,2.0,3.0
1777077000,Racing Club,Barracas Central,1.0,1.1975412985017289,1.181454091432962,1.4108816749903956,55.237884172109105,1.3786179408374957,3.157774683058009,4.214100367197062,0.9923813868613138,0.8176642335766424,1.573786496350365,29.744010036496352,1.1340675182481752,2.0400228102189764,3.3923720930232557,0,1.0,1.0,1,1.0,1.0,2.0,3.0,2.0,2.0
1777147200,Estudiantes L.P.,Talleres Cordoba,1.0,1.5764813126709207,0.613040349277935,1.7897999328311665,54.858825504965694,1.7007158278558754,3.536702969822002,5.729044834307992,0.9923883318140383,0.8176572470373747,1.9537830446672744,48.17411577028259,1.1340711030082042,2.0399863263445743,3.392314814814815,0,1.0,1.0,1,0.0,0.0,5.0,1.0,1.0,4.0
1777155300,Sarmiento Junin,Tigre,1.0,1.0077997291112046,0.9921535659240577,1.4105459810377843,50.68821166690019,1.2268114520573543,3.1587735276259856,3.8330851943755166,0.9921535659240577,0.8180561393676148,1.0038765120732334,51.58871141002288,1.1528644154873664,2.041067675493903,4.530521091811414,0,1.0,1.0,0,1.0,0.0,3.0,6.0,3.0,4.0
1777163400,River Plate,Aldosivi,1.0,1.7667669909708126,1.1818576328130468,1.790098224493129,69.09309162175404,1.8339838081239361,2.3998273488719337,6.489390731592565,0.25169790718835305,1.3801565059144676,0.2699690627843494,48.8947770700637,0.5784232939035487,2.800152866242035,2.0991559633027523,0,1.0,1.0,0,3.0,1.0,8.0,1.0,2.0,3.0
1777226400,Independ. Rivadavia,Gimnasia M.,1.0,1.9565967365967365,1.181864801864802,1.97990675990676,43.478624708624714,1.9668717948717953,2.399808857808857,6.300011708230886,0.6547474747474747,1.034141414141414,0.7052525252525252,41.54818181818182,0.8645252525252526,3.111575757575749,3.363064434297311,0,1.0,1.0,0,5.0,1.0,11.0,2.0,2.0,6.0
1777235400,Belgrano Cordoba,Gimnasia L.P.,1.0,1.1977436779960802,0.6129738515225394,1.9794445241168315,54.859959845116876,1.3787771882021134,2.5892585687652367,3.6460765550239236,1.3723251589464123,1.0078564940962762,1.9536330608537693,50.263038147138964,1.4190217983651228,4.130249772933695,3.5814090909090908,0,1.0,1.0,2,0.0,1.0,3.0,6.0,2.0,2.0
1777235400,Newells Old Boys,Instituto Cordoba,1.0,0.4387733258876635,0.9921355111917726,1.0311787426124994,42.90940946530783,0.8095379031132212,2.399771976359997,2.884882236918436,0.4229047419610033,1.1977476848620223,0.8140723160686864,46.65469309879474,0.697461957280469,2.6104751268090634,5.098596124840469,0,1.0,1.0,1,1.0,1.0,4.0,3.0,5.0,3.0
1777244400,Atletico Tucuman,Banfield,1.0,1.1977404282028035,0.8023990515377641,1.6003812446242183,48.98128181881581,1.3977357788781184,1.6409187065578716,3.8334950334950335,0.8024621844729686,1.9555757026291931,0.056544352722240836,34.340263396478505,0.9821358018800402,2.231812759459845,2.63271692745377,0,1.0,1.0,1,1.0,1.0,3.0,3.0,0.0,4.0
1777326300,Velez Sarsfield,Union Santa Fe,1.0,0.8187261632341725,0.4235221205186881,1.9793096872616323,54.4808209382151,1.094510869565218,1.2629338291380616,4.782345999527968,1.9393115942028984,1.9555682684973303,1.382856598016781,44.00338958810069,1.87266590389016,2.421343440122042,4.527165447250413,0,1.0,1.0,1,2.0,2.0,2.0,4.0,6.0,4.0
1777334400,Huracan,Argentinos JRS,1.0,1.5783688334620904,0.8023396976051209,1.980796821542876,51.63613287716587,1.6832336386712288,2.590195342677408,5.7351916376306615,0.9919980947844724,1.1977137413669923,1.0039056918313884,62.95048821147892,1.1148130507263634,2.800347701833768,3.3909774436090228,0,1.0,1.0,2,1.0,2.0,4.0,5.0,3.0,2.0
1777741200,Barracas Central,Banfield,1.0,1.3875086938378078,0.8025130987156304,1.9797375620160431,42.719743126072245,1.5305717067742388,1.451258867714563,3.6445811965811967,0.9922566884592201,1.956739463068577,0.24492048036351838,36.02897482264571,1.114986785366532,2.6105577966337443,2.442210826210826,0,1.0,1.0,2,1.0,2.0,2.0,6.0,1.0,0.0
1777743000,Lanus,Deportivo Riestra,1.0,1.197813911472448,0.6125022583559169,1.600171635049684,60.186598915989165,1.416800361336947,2.209914182475157,4.024247787610619,0.04359205985222249,1.1977578579204595,0.24500961248928732,32.99323188103676,0.4319505246334515,3.1796585829106134,3.3915588835942816,0,1.0,1.0,1,0.0,0.0,4.0,7.0,2.0,3.0
1777749300,Central Cordoba de Santiago,Boca Juniors,1.0,1.5777617328519857,1.1824638989169673,1.98014440433213,39.47744133574007,1.682761732851986,3.729896209386281,2.5048017621145373,1.9409886142738129,0.24898639266870318,2.521929093770249,48.93082939924095,1.8549986114968062,2.8001805054151605,4.909228510109568,0,1.0,1.0,2,1.0,2.0,3.0,3.0,3.0,3.0
1777758300,San Lorenzo,Independiente,1.0,1.1977547339945898,1.1825157799819657,1.600072137060415,51.256659152389545,1.3787547339945903,2.0199233543733084,4.9746929824561406,0.9923238769045802,1.7669279323021432,0.4348385008439112,56.9008624078056,1.1150391898453214,2.800189590992114,3.012865497076023,0,1.0,1.0,2,1.0,2.0,7.0,4.0,4.0,4.0
1777758300,Union Santa Fe,Talleres Cordoba,1.0,1.1977477477477476,0.8025675675675676,1.6,56.766914414414416,1.378747747747748,2.2099954954954946,6.685240174672489,0.8025049439683587,0.8173148758514612,1.5746868820039552,50.83715666886398,1.0011733684904416,2.0392573060865726,3.2028544040898925,0,1.0,1.0,1,1.0,1.0,8.0,0.0,5.0,3.0
1777767300,Platense,Estudiantes L.P.,1.0,0.43972713060779767,0.8027097446586765,1.0315505234734,54.48137287412952,0.8102534463972717,2.4001184328959204,4.216613272311213,0.9930923324890628,0.4351076968161932,1.9572561907353527,55.61181001821112,1.1346103447554057,3.3723232788395103,4.7278463094034375,0,1.0,1.0,2,0.0,2.0,7.0,5.0,1.0,1.0
1777825800,Aldosivi,Independ. Rivadavia,1.0,0.4603021582733813,0.8042014388489209,0.8638417266187051,35.099661870503596,0.8259237410071949,3.320079136690646,4.042112554112554,1.3719239992621288,0.6283988194060137,2.1427042980999818,52.346370595831026,1.4187133370226896,1.851452684006639,2.8240648240648243,0,1.0,1.0,1,1.0,1.0,5.0,7.0,0.0,3.0
1777834800,Gimnasia L.P.,Argentinos JRS,1.0,0.8176819407008087,1.5626325247079964,0.8398742138364781,49.54673405211141,1.093695417789758,2.5899415992812207,4.026206896551724,1.371930794572304,1.3873660930264704,1.3837261271223535,59.17770866450111,1.3997424378556453,3.179666874006495,3.013969938107869,0,1.0,1.0,0,2.0,0.0,3.0,11.0,3.0,6.0
1777834800,Rosario Central,Tigre,1.0,1.5782633445724046,0.8025309804265008,2.360914305731926,66.85459123352454,1.683145772211762,2.209725445548889,6.117722181513661,0.2325942549371634,0.8177199281867146,0.434084380610413,56.154043985637344,0.5642208258527828,2.040318671454217,3.773562231759657,0,1.0,1.0,1,1.0,1.0,3.0,11.0,1.0,2.0
1777834800,Belgrano Cordoba,Sarmiento Junin,1.0,1.0079107738300563,0.8026675865240888,1.4101644245142002,51.82623893296538,1.2458640910658851,2.2101598252270893,2.128994082840237,0.6132641019589332,1.3870663205097946,0.6253481236724098,42.67833372669341,0.8497097002596178,3.7476658012744846,1.6881241565452094,0,1.0,1.0,0,4.0,0.0,3.0,2.0,1.0,1.0
1777834800,Racing Club,Huracan,1.0,1.1977851300431945,0.9923720246300891,1.599972429004687,51.25699384247771,1.3787877952394085,2.7793263486811863,3.0780360065466446,0.8026284348864994,0.6285543608124253,1.1938792390405293,53.67633949085562,1.0012269092914254,3.9386683209263835,3.2037534097108566,0,1.0,1.0,1,0.0,0.0,6.0,1.0,1.0,2.0
1777843800,River Plate,Atletico Tucuman,1.0,2.147788719785139,0.6125246195165622,2.3599462846911368,69.30604744852283,2.138779767233663,2.3997806624888085,6.685338983050848,0.8026574942279603,1.9555670734580408,0.05687226122602842,40.97258163313386,0.9633350610187064,3.7475427602129745,2.0665031222123105,0,1.0,1.0,2,0.0,1.0,6.0,1.0,2.0,2.0
1777924800,Gimnasia M.,Defensa Y Justicia,1.0,1.1899423573842178,1.1223613595706619,1.4438878950506857,48.031584178095805,1.3744066785927274,1.9322798648380006,4.889920300046882,1.7513141599009219,1.7669097747809732,1.3837071693958993,50.06963442043943,1.7412017797348747,1.8514150727030851,3.013458833711998,0,1.0,1.0,0,2.0,1.0,2.0,7.0,2.0,2.0
1777932900,Velez Sarsfield,Newells Old Boys,1.0,0.8182305630026809,0.612859467014963,1.5999358401503174,56.00159483054925,1.0941234160537114,2.3997387777548624,5.164016375781082,1.3710926108837778,2.3344997883448566,1.3832275057617234,44.38257372654156,1.4370264804101405,1.852730351347536,3.2034498009730212,0,1.0,1.0,1,1.0,1.0,7.0,4.0,2.0,5.0
1777941000,Estudiantes de Rio Cuarto,Instituto Cordoba,1.0,0.878968253968254,1.2779761904761904,0.8218253968253968,50.36418650793651,1.1411706349206368,1.7765674603174562,3.487122268712227,0.6125446428571428,1.1977678571428572,1.0040625,45.32305803571428,0.8301785714285714,2.990191964285712,4.913640167364017,0,1.0,1.0,2,0.0,2.0,3.0,8.0,1.0,1.0
1778355000,Talleres Cordoba,Belgrano Cordoba,1.0,1.1975961312737688,0.4237851542325931,1.9787783464012394,55.996342551293495,1.397605521385981,2.210174186581529,4.972719298245614,0.6129188682266291,1.3874013586770053,1.0042544431482878,47.79330725771404,0.8304796541549442,1.8513964180333475,2.4455555555555555,0,1.0,1.0,2,0.0,1.0,8.0,3.0,4.0,5.0
1778364000,Boca Juniors,Huracan,1.0,1.0071301247771836,0.611723251668532,1.4090867636695268,63.26668739377357,1.226220619325955,1.6369647224640376,3.64052880440027,0.802602495543672,0.6276648841354724,1.1942335115864526,51.4033110516934,1.001214349376114,3.750209447415328,2.824356846473029,0,1.0,1.0,2,2.0,3.0,17.0,1.0,1.0,5.0
1778373000,Independ. Rivadavia,Union Santa Fe,1.0,2.3377025823686552,0.9926981300089047,1.9796972395369545,47.457386464826364,2.271769813000891,2.3996749777382003,7.2549173553719015,1.7514852615475947,2.146361622942211,1.004429527136562,44.7565267027422,1.7223042674155766,2.6105715003310714,4.15333757151939,0,1.0,1.0,2,1.0,2.0,5.0,5.0,1.0,2.0
1778375700,Argentinos JRS,Lanus,1.0,1.3882816471784443,0.6121420098288426,2.5520250804948317,64.7788722250466,1.5312273343501106,1.8282028469750882,4.785341955712326,0.8028196003284971,0.8181494661921709,1.3840040149648691,46.84326580892417,0.9633511269276396,3.1797654895519645,2.6359607470718585,0,1.0,1.0,0,2.0,0.0,3.0,2.0,3.0,4.0
1778436000,Rosario Central,Independiente,1.0,1.3883174603174604,0.9930582010582011,1.9806560846560846,62.68349206349207,1.5311970370370374,2.209180952380952,5.738407494145199,0.9927111111111111,1.3877333333333333,1.0043555555555557,53.11233333333333,1.115244,3.5603244444444426,3.0149999999999997,0,1.0,1.0,0,3.0,1.0,2.0,3.0,2.0,2.0
1778443200,Estudiantes L.P.,Racing Club,1.0,1.387502846472651,0.6130436762763584,1.4100013663068725,57.1415448376372,1.5684884091633653,2.96884364895022,4.975007849293564,1.1835405565423327,0.6264907383912712,1.5755307451577434,54.83999407933689,1.2868933434830416,3.1812272688826844,3.585850340136054,0,1.0,1.0,2,0.0,1.0,1.0,4.0,2.0,5.0
1778450400,River Plate,San Lorenzo,1.0,1.578306317224663,0.6124137035514099,1.7899322613456836,71.42225636808277,1.7021975025429052,2.5898586794208662,5.927344834423954,0.6124137035514099,0.4368429025905166,1.3847728699114852,47.41188997338066,0.8299863657021663,2.800376566321118,3.204759071980964,0,1.0,1.0,1,1.0,1.0,6.0,2.0,2.0,1.0
1778459400,Velez Sarsfield,Gimnasia L.P.,1.0,0.8177570921985816,0.8027304964539007,1.219654255319149,60.56872783687943,1.0937486702127663,2.5895877659574458,4.977044534412956,1.3733956062964885,1.0075678948278846,1.9555007784120395,52.737826500605436,1.419727123335063,3.751517903476905,3.585385602843883,0,1.0,1.0,2,0.0,1.0,17.0,0.0,2.0,5.0
1778623200,Belgrano Cordoba,Union Santa Fe,1.0,1.19770593445527,0.6127369353410097,1.4095837023914968,52.209552701505764,1.3977502214348985,1.8295704162976076,2.5071370967741937,1.7527369353410098,2.1477059344552702,1.004472984942427,44.94044729849424,1.6453201062887512,2.8004030115146126,4.7249596774193545,0,1.0,1.0,0,2.0,0.0,4.0,7.0,0.0,4.0
1778632200,Argentinos JRS,Huracan,1.0,1.769993825890101,0.6118131302737188,2.9345544350689443,63.07871990121424,1.558073266104137,2.018106606297591,5.9328663491174005,1.3733649902870708,0.6270666954457155,1.765292467083963,45.317440103604575,1.2579956831426722,3.561420246060866,3.204976001567245,0,1.0,1.0,0,1.0,0.0,9.0,2.0,2.0,6.0
1778708700,Rosario Central,Racing Club,1.0,1.9606851314950753,0.9931733596529105,2.5532169514527174,60.98148170995003,1.777361832500566,2.018090596919786,6.123460465116279,0.8024756852343059,0.6258014105648427,1.5761643328604036,54.65572759237555,0.9591560463060061,3.372648201838256,3.204874418604651,0,1.0,1.0,0,2.0,1.0,3.0,2.0,1.0,6.0
1778719500,River Plate,Gimnasia L.P.,1.0,1.3883560491334344,0.8025408043075888,1.4093050647820966,70.30533821302373,1.5635764765270073,2.780367659431263,5.932195029406184,1.1834931852599697,0.6264512872286724,2.3374558303886923,49.31370940602389,1.2525487969039204,3.753083459532221,3.7761715044583566,0,1.0,1.0,0,2.0,0.0,7.0,5.0,1.0,4.0
1778970600,River Plate,Rosario Central,1.0,1.1979638334120157,0.802446684045239,1.4091463289476382,68.61009462427391,1.3368991153348802,2.590069582709004,6.506496862310815,0.9926301853486319,1.197811120917917,1.384280670785525,57.28914827890556,1.1341668137687555,2.420789938217121,3.585515873015873,0,1.0,1.0,0,1.0,0.0,6.0,1.0,2.0,7.0
1779048000,Argentinos JRS,Belgrano Cordoba,1.0,1.7707311207311207,0.6114478114478115,2.9362674362674364,61.755383197049866,1.5240058521725193,2.017552509219175,5.935609054976644,0.6125925925925926,1.1978042328042326,1.384232804232804,48.16907848324515,0.8016309523809524,2.2309744268077583,2.4450592885375495,0,1.0,1.0,1,1.0,1.0,5.0,3.0,2.0,8.0
1779647400,River Plate,Belgrano Cordoba,1.0,1.3889066880256307,0.6114537444933921,1.9816980376451743,65.95552663195835,1.672951141369644,1.8266279535442522,6.508947745168217,0.6122918233587622,0.8173632749543355,1.5748576340388956,47.21845922423982,0.7138186311378533,3.3719050177285896,2.6341463414634148,0,1.0,1.0,2,2.0,3.0,6.0,4.0,2.0,3.0
1784845800,Sarmiento Junin,Argentinos JRS,1.0,1.0078345070422536,0.422693661971831,1.9797975352112676,47.84150088028169,1.2268481514084513,2.9692737676056327,3.4597254901960786,1.182693661971831,1.3878345070422535,1.38431338028169,61.65849911971831,1.2671439260563382,3.7512103873239417,2.635529411764706,0,1.0,1.0,2,2.0,3.0,7.0,2.0,3.0,6.0
1784845800,Belgrano Cordoba,Rosario Central,1.0,1.578411309179055,0.6124761353154429,1.7899779050560953,53.35236501705386,1.4682901516614115,1.257854430787051,4.028696646341463,0.6124761353154429,1.3881674067400305,0.8140463779307978,54.25739108050711,0.8127894544908509,3.1818049209515826,2.634984756097561,0,1.0,1.0,0,2.0,1.0,6.0,7.0,0.0,2.0
1784853900,Defensa Y Justicia,Aldosivi,1.0,1.0081113965120996,1.5618403857419674,1.0305529268622415,48.60608805371547,1.2270132035509898,1.4504573926366535,4.599481193255512,0.4350682709206435,1.7506286332296876,0.26823036366094355,44.09086791942679,0.7064161146410707,2.8020210896309288,1.9166117928763842,0,1.0,1.0,1,1.0,1.0,6.0,2.0,2.0,3.0
1784922300,Gimnasia M.,Central Cordoba de Santiago,1.0,1.5116066725197543,1.1312028094820017,1.9190517998244074,44.88718173836698,1.6153432835820913,1.7567164179104444,4.438294573643411,0.2328007023705005,1.7679016681299387,0.4343459174714662,38.85820456540825,0.5641483757682177,2.041321334503949,2.635736434108527,0,1.0,1.0,0,1.0,0.0,3.0,3.0,0.0,1.0
1784930400,Velez Sarsfield,Instituto Cordoba,1.0,0.8174582798459564,0.9929396662387676,1.029097133076594,60.58269148480959,1.2628207103123668,2.399097133076593,5.361013278086449,0.8026957637997433,1.0077021822849808,1.3846812152332049,47.97828412494651,0.9821159606332907,2.8012109542148034,5.107976268951878,0,1.0,1.0,0,1.0,0.0,1.0,6.0,2.0,2.0
1784930400,Racing Club,Gimnasia L.P.,1.0,0.8178878177037687,0.8027256792287467,1.21988606485539,54.11250219106048,1.093824715162139,2.399057843996493,2.699923076923077,0.8025355155616248,0.8166398304221104,1.7667447975052484,48.74185842692049,1.045049140900475,3.75460937977702,3.7771377459749553,0,1.0,1.0,0,2.0,1.0,4.0,3.0,1.0,3.0
1784938500,Platense,Union Santa Fe,1.0,0.24915353181552835,1.1822892810633616,0.46148457496968887,51.83349499303964,0.6767371682608115,1.8297408954151502,4.2211022693781315,0.9929093161334416,1.7687070180684294,0.8138567340139251,45.5047242749135,1.0697696809192259,3.562158814232624,4.347070367255397,0,1.0,1.0,1,2.0,2.0,6.0,2.0,3.0,2.0
1784938500,Huracan,Banfield,1.0,1.5790109569637127,1.183602049743782,1.4094488188976377,49.9265300170812,1.6836074657334503,2.7800233304170305,5.552998909487459,1.1827821522309712,1.5779615048118987,0.8141994750656169,39.04714348206475,1.2673258967629046,2.2311767279090096,3.20587786259542,0,1.0,1.0,0,1.0,0.0,4.0,2.0,1.0,3.0
1785001500,Estudiantes de Rio Cuarto,Tigre,1.0,0.5518181818181819,1.6109790209790211,0.31993006993006984,51.45239510489511,0.8952290209790227,1.4358566433566398,2.6874524714828896,0.4221900051168344,1.007760532150776,0.4333191199044858,55.2067329012451,0.6968774518164762,2.230423844448233,3.966280255958453,0,1.0,1.0,0,1.0,0.0,4.0,5.0,2.0,2.0
1785009600,Newells Old Boys,Talleres Cordoba,1.0,0.6279475982532751,0.8027074235807861,1.2200436681222708,46.322467248908296,0.9417969432314416,2.968947598253274,3.4613636363636364,0.9930546891245581,0.6266167602412144,1.7658140985651902,46.26431690580162,1.1345768351008525,2.4201414015387797,3.0148268398268394,0,1.0,1.0,0,1.0,0.0,8.0,9.0,1.0,2.0
1785017700,River Plate,Barracas Central,1.0,1.1981694783789025,0.9934845840605003,1.4089819662594532,64.05921659879775,1.405684390149312,1.8256777196044205,6.129995807127883,1.1830928361639637,0.8175030860256247,1.764934235729792,32.75939641595369,1.2676278040267315,2.2303537223853898,3.395987114588127,0,1.0,1.0,2,0.0,1.0,3.0,1.0,2.0,5.0
1785025800,Lanus,San Lorenzo,1.0,1.1979416080124183,0.04163565611244607,1.7902779254470835,64.57819125183406,1.4168396878389016,2.018410700236034,4.791344214194021,0.8025490928716735,0.6265620459168847,1.3848964171544818,44.359384730352474,0.8812313696184665,2.4201976169718087,3.014894378804153,0,1.0,1.0,0,1.0,0.0,8.0,2.0,3.0,3.0
1785088800,Atletico Tucuman,Independ. Rivadavia,1.0,0.627883275261324,0.9926393728222996,1.220095818815331,49.93253919860627,0.9417682926829274,1.4488980836236924,3.8419475655430713,1.3726393728222996,0.8178832752613241,1.7640940766550524,54.05746080139373,1.4192844076655053,2.2312151567944234,3.015955056179775,0,1.0,1.0,1,0.0,0.0,4.0,6.0,1.0,2.0
1785096900,Estudiantes L.P.,Independiente,1.0,1.3878328981723236,0.6126022628372497,1.4100696257615317,55.63199738903394,1.6295206266318543,2.5888381201044375,5.361268656716418,0.9927826954509754,1.7686174616315353,0.8137468424292599,50.641953766796156,1.0754534802267082,2.9913944256936023,3.2057517291590827,0,1.0,1.0,2,0.0,2.0,5.0,5.0,1.0,1.0
1785105000,Deportivo Riestra,Boca Juniors,1.0,0.6277826086956522,0.42265217391304355,1.22,43.662326086956526,0.9607430434782613,2.968778260869564,4.220966542750929,1.7526521739130434,0.4377826086956522,2.524173913043478,51.39767391304348,1.7043034782608697,2.801099999999998,5.486208178438662,0,1.0,1.0,0,3.0,0.0,2.0,8.0,3.0,0.0
1785276000,Banfield,Sarmiento Junin,1.0,1.387551515961594,0.42319499209160377,1.979549555570407,42.72392791106953,1.5305326471964185,3.3474927042259783,4.980360873694207,0.6129385818351935,1.9567822851923633,0.6247454833032592,43.235046447904836,0.8495230457350355,2.611258883022565,2.257587844254511,0,1.0,1.0,0,3.0,2.0,4.0,4.0,0.0,1.0
1785276000,San Lorenzo,Gimnasia M.,1.0,1.0077489837398375,1.56357554200542,1.0293868563685638,52.59048526422764,1.2266315210027106,2.398733909214091,5.172171721717217,0.6506597222222221,1.5117708333333335,0.6963194444444444,42.15901041666667,0.8614218750000001,3.923593749999993,2.905830258302583,0,1.0,1.0,0,1.0,0.0,4.0,6.0,0.0,4.0
1785284100,Rosario Central,Racing Club,1.0,1.9617598360009463,0.9932981155877947,2.5547110305132854,59.46380588188914,1.8332621619490665,1.6350902783253165,6.892312834224598,0.9932981155877947,1.0072143814554917,1.385484506820153,52.37255775447449,1.006959236773634,3.755408814949143,2.6330882352941174,0,1.0,1.0,1,0.0,0.0,6.0,2.0,2.0,6.0
1785284100,Argentinos JRS,Estudiantes de Rio Cuarto,1.0,1.5803427691122665,0.6111919892162526,2.5556942037357984,60.61819757365684,1.5738399383785868,2.016518390140573,6.511892551892552,0.17036395147313688,1.1915424610051992,0.3761178509532062,50.95811091854419,0.5253431542461007,2.6443500866551055,2.5846153846153843,0,1.0,1.0,0,3.0,0.0,6.0,4.0,0.0,1.0
1785346200,Barracas Central,Aldosivi,1.0,1.197965367965368,1.1825541125541126,1.41021645021645,45.56123376623377,1.3788168831168834,1.2584805194805186,4.221678832116789,0.618598685265352,1.567356100689434,0.45034471701138373,37.22780182780183,0.7278852012185345,3.171864678531343,2.468559070018924,0,1.0,1.0,0,1.0,0.0,1.0,8.0,1.0,1.0
1785355200,Defensa Y Justicia,Deportivo Riestra,1.0,1.0079584775086505,1.5625173010380624,1.0302768166089966,53.73117214532871,1.2476755190311426,1.6384212802768159,4.601563636363636,0.04251730103806232,1.0079584775086505,0.4339359861591696,33.15882785467128,0.43129455017301044,2.8009299307958457,3.2058545454545455,0,1.0,1.0,0,2.0,1.0,5.0,3.0,2.0,4.0
1785363300,Gimnasia L.P.,River Plate,1.0,1.198043721145941,1.5634378227965513,1.2198410523431076,48.40642536416722,1.3788241246284552,2.7789320572548846,4.031212442559208,1.3725237683664648,0.6279948141745895,1.9538893690579084,59.7584140017286,1.4192990492653415,2.800980985306826,4.346159420289855,0,1.0,1.0,0,1.0,0.0,3.0,8.0,1.0,2.0
1785371400,Instituto Cordoba,Platense,1.0,1.3876799078871618,0.9922944068021788,1.79015101191267,52.40045613568929,1.5305876621938803,2.5880474735397008,3.083791539387207,0.8023135317508133,1.198128288548821,0.6221793790416515,52.93912117925855,1.0011792585452062,2.03808892637667,3.77776844933255,0,1.0,1.0,0,2.0,1.0,5.0,4.0,2.0,2.0
1785448800,Talleres Cordoba,Velez Sarsfield,1.0,0.8184863166744099,0.42307028605561825,1.4107254264286189,54.48739629654211,1.1131811243114096,2.7777748279905303,4.222505072864785,1.1824935289042278,0.8180241587575496,1.5737963761863676,51.019788610871444,1.2672571182053496,2.9909102674719565,3.396043165467626,0,1.0,1.0,2,1.0,3.0,8.0,5.0,2.0,1.0
1785448800,Independ. Rivadavia,Huracan,1.0,2.339529015979815,1.1830109335576113,1.7906223717409588,53.73235912531539,2.3833847771236334,2.588599663582842,6.885059882856893,1.3738916256157636,0.8171592775041051,1.5751231527093597,40.93269704433497,1.3650114942528735,4.134125615763545,3.20621266427718,0,1.0,1.0,0,2.0,1.0,3.0,6.0,0.0,0.0
1785456900,Independiente,Newells Old Boys,1.0,2.1493203924287307,1.3732610659439926,1.9809247704880149,56.77557194176593,2.120884855360182,1.6372807293964404,5.55376306620209,1.3718898385565053,2.336465027937896,1.3834183617129354,42.287219240707614,1.4377119636034366,2.231498045451532,3.396923076923077,0,1.0,1.0,0,1.0,0.0,7.0,2.0,2.0,3.0
1785456900,Central Cordoba de Santiago,Atletico Tucuman,1.0,1.7688258259518912,1.5634692078418202,1.7907392636749087,38.7022585113975,1.8164623651400027,2.7787288526930007,3.0804791250759482,0.8026214749106315,1.5774835606160906,0.6243964870470895,39.06172823160775,0.9633125910234346,2.9904806037336136,2.447778081941783,0,1.0,1.0,2,0.0,2.0,4.0,3.0,1.0,1.0
1785609000,Estudiantes de Rio Cuarto,Banfield,1.0,0.7018056749785038,1.464019385601501,0.7834128038771202,48.964152270773084,0.9863025091847119,1.5750488548424888,2.643068987749839,0.9927856888199148,1.388289327433257,0.8135310278296248,41.70230061028039,1.1381605184237569,2.610381058238784,3.016121778239059,0,1.0,1.0,1,0.0,0.0,7.0,5.0,2.0,0.0
1785609000,Gimnasia M.,Union Santa Fe,1.0,1.5198063105279602,0.9729771946266792,2.256044985941893,47.32850671665105,1.6668881599500172,1.5749921899406403,4.930999036299389,1.3738749795450826,1.7694730813287514,1.003681885125184,41.504438717067586,1.2411606120111276,3.3719235804287333,4.349015648662292,0,1.0,1.0,0,2.0,0.0,9.0,5.0,2.0,0.0
1785618000,Estudiantes L.P.,Defensa Y Justicia,1.0,1.3882759342614885,0.8024704281377578,1.4102166858578455,56.01494818381661,1.8905945776195963,2.2079095572071594,5.3623840604603235,1.3725321888412017,1.7679828326180258,0.8138197424892705,53.48967811158798,1.438236051502146,2.0403991416308997,3.206584507042254,0,1.0,1.0,0,3.0,0.0,2.0,5.0,1.0,2.0
1785618000,Belgrano Cordoba,Argentinos JRS,1.0,1.7695826186392223,0.42142448746222333,2.362411173731928,53.54269786816957,1.4569872580249945,0.6838560810258916,4.030676691729323,1.563410450571058,1.5785968288499352,1.7646571560055224,59.775772915533615,1.3189347780613314,3.941819018533237,3.0169790329482242,0,1.0,1.0,2,0.0,1.0,2.0,2.0,1.0,1.0
1785627000,Racing Club,Tigre,1.0,1.0078165820218614,0.802441114385437,1.6004514389616904,54.87232219365895,1.097268627082158,2.017551779630906,3.4602421968275627,0.2309544211857837,0.8171542824499123,0.4322438486962909,58.26749500142816,0.7097702697188559,2.4193210103235794,3.588111888111888,0,1.0,1.0,2,1.0,3.0,6.0,0.0,3.0,2.0
1785691800,Deportivo Riestra,Barracas Central,1.0,1.1980537921817573,0.42204310056799205,1.600384229869696,39.27280738389576,1.2380167056465088,2.7785541262946865,4.221279850429166,1.1834230267449446,0.6266715590345727,2.146607958251794,32.17178326810176,1.142141226353555,2.8002405414220464,2.826480836236934,0,1.0,1.0,2,0.0,1.0,5.0,3.0,1.0,3.0
1785691800,Aldosivi,Gimnasia L.P.,1.0,0.4583931039020859,0.8040007896295321,0.862038560242153,35.41399618345726,0.8242120155293814,2.7660919918404936,4.049038461538461,0.9932731938719963,1.0072322886694145,1.767291391243487,45.119002255229795,1.3218653861108949,3.182055369779919,4.543402777777778,0,1.0,1.0,2,1.0,2.0,3.0,4.0,3.0,3.0
1785700800,Newells Old Boys,Boca Juniors,1.0,0.8175109443402127,0.4220971440483636,1.7904940587867417,45.35999583072754,1.0952849697727751,2.7785240775484668,3.840746054519369,1.5635605586825099,0.8175109443402127,2.335709818636648,55.40097977902855,1.6099970815092766,2.2295309568480284,4.919858215883197,0,1.0,1.0,1,2.0,2.0,5.0,7.0,2.0,3.0
1785708900,River Plate,Rosario Central,1.0,1.1982475030631567,0.9936509115211822,1.4088961497048231,64.06823228010248,1.4190281067835,1.824323320833178,6.131574212893553,0.802570045951771,1.7695091700215526,0.622951486316132,56.36336464560205,0.9802594445122199,3.371692895774875,2.44568144499179,0,1.0,1.0,2,0.0,1.0,10.0,4.0,4.0,4.0
1785717000,Lanus,Instituto Cordoba,1.0,0.4361287176986836,0.04067121729237775,1.790630586705672,61.92286283113928,0.8702027466276617,2.2076588655940186,5.172901325478645,0.8025759791971396,0.8170810986510646,1.3849341784495368,44.74380383552739,1.5745266536648788,2.4193604745652513,4.5408607429225984,0,1.0,1.0,2,0.0,1.0,7.0,7.0,1.0,3.0
1785786300,Sarmiento Junin,Independ. Rivadavia,1.0,1.1979373297569293,0.9928887779926393,1.4098475869669183,46.311625392468756,1.2531565092633028,2.778520782650281,3.459772803207484,1.1831326804316635,0.6272056224398561,1.7651342191171273,56.35178924167758,1.4292780654149253,2.039352920383422,3.2083194119612433,0,1.0,1.0,0,2.0,1.0,3.0,7.0,1.0,1.0
1785794400,Platense,Talleres Cordoba,1.0,0.6279216354344123,1.5627172061328791,0.46015332197615,53.538505110732544,0.7041511925042594,2.0179258943781933,5.17098976109215,0.9932253080305852,0.8166712887761974,1.57601521334337,49.126971990016244,1.3101227368170838,2.609543995879718,3.5899039606317964,0,1.0,1.0,2,0.0,4.0,2.0,3.0,2.0,3.0
1785794400,Velez Sarsfield,Independiente,1.0,1.0074974670719352,0.8027152988855116,1.600081053698075,60.39831813576494,1.3539286727456943,2.5884863221884493,5.172918691286038,1.1836676798378927,1.3884498480243161,1.3850455927051673,46.077872340425536,1.1212721377912866,2.609779128672744,3.3997732426303853,0,1.0,1.0,0,1.0,0.0,4.0,4.0,3.0,2.0
1785802500,Huracan,Atletico Tucuman,1.0,1.1980145546590728,0.9933159310235722,1.4094367979750038,51.254235880398674,1.4931213415598803,2.5887794652744813,6.317635001970832,0.9928146258503401,1.0078656462585034,1.194251700680272,37.151696428571434,0.8816090986394558,2.990233843537413,2.6393559322033897,0,1.0,1.0,1,0.0,0.0,4.0,6.0,2.0,3.0
1785802500,Central Cordoba de Santiago,San Lorenzo,1.0,1.3883966500788931,1.9455030950358052,1.219160901403892,43.065562163693,1.5138916535178222,2.39802160456366,2.6960424710424715,0.611886743988461,0.6258757977514768,1.1946493845211514,48.36386951453242,0.8296046314042401,2.418829898638634,3.5900377121307354,0,1.0,1.0,0,1.0,0.0,3.0,5.0,5.0,3.0
1785967200,Boca Juniors,Estudiantes L.P.,1.0,1.3889180429078563,1.1843108504398827,1.2183438802284303,67.28930004630344,1.743330606575089,1.4436680043216539,5.746587082950719,1.3752199413489736,0.43437258836240156,2.340183670319494,53.51979086278746,1.4211926994906623,2.9911367494983776,5.49914294459749,0,1.0,1.0,0,1.0,0.0,5.0,2.0,1.0,3.0
1785975300,Tigre,Belgrano Cordoba,1.0,1.0078032230703986,1.3727056827820185,0.8402374893977949,43.27859626802375,1.2265390161153524,1.8279770992366404,4.2208053691275165,0.9930530312209701,1.1979078314956177,1.5753867280584837,45.50609879235833,0.8278896562866028,3.5621511369602956,3.589677213167146,0,1.0,1.0,1,0.0,0.0,4.0,4.0,1.0,4.0
1786053600,Union Santa Fe,Lanus,1.0,1.3880529144274492,0.9928482844150476,1.6002066969822242,58.1057255064076,1.5117689127738738,2.968701942951632,6.883775185577942,0.6126694915254237,1.0077542372881356,1.1941525423728814,46.0816313559322,0.8492724576271188,3.5603093220338966,2.6395986622073577,0,1.0,1.0,0,2.0,1.0,4.0,2.0,0.0,3.0
1786141800,Rosario Central,Aldosivi,1.0,1.580257785304356,0.8023783987204817,2.173574183836674,57.94034434095399,1.6290444256279992,1.4425063505503801,5.556088888888889,0.4323938550864884,1.568271440667715,0.2630095560662876,39.43158945203822,0.5932472480948349,3.171882182170071,2.4705238095238093,0,1.0,1.0,0,2.0,1.0,10.0,3.0,0.0,1.0
1786149900,Independ. Rivadavia,Estudiantes de Rio Cuarto,1.0,2.5312625896382244,0.9930303762791073,2.3622189992748366,46.68449359439207,2.580539037950206,1.4454475868181444,6.124284132257554,0.15520689124750034,1.3557298877095831,0.3602215043839409,47.93193354868482,0.5660399938471006,2.3099676972773358,2.5804892781636966,0,1.0,1.0,0,2.0,1.0,4.0,3.0,1.0,3.0
1786211100,Atletico Tucuman,Sarmiento Junin,1.0,0.6271818238047131,0.4221347133167021,1.4101354555388326,48.59439209945777,0.895425520070924,1.446500216481454,3.268518817638508,0.9926880811496196,2.337861369399831,0.6240152155536771,43.99074809805578,1.276740067624683,2.040249366018595,2.639569536423841,0,1.0,1.0,2,1.0,2.0,13.0,4.0,1.0,2.0
1786211100,Deportivo Riestra,Estudiantes L.P.,1.0,1.1979568854568854,0.6121299871299871,1.4098294723294724,36.2089165057915,1.270080437580438,2.397719594594594,3.8386924406726384,0.9935435435435436,0.6247597597597597,1.7680855855855857,48.747233483483484,1.129161186186186,3.3735247747747734,4.928742207554088,0,1.0,1.0,0,2.0,0.0,2.0,0.0,3.0,4.0
1786219200,Tigre,River Plate,1.0,0.6272100442523413,0.9928784604301739,0.839394874961408,42.12520325203252,1.2112228053926115,1.8269589379438091,4.029781771501925,1.3733662653082226,0.6272100442523413,1.955171349181846,61.869918699187,1.4007043326129465,2.610015436863228,3.970186136071887,0,1.0,1.0,0,1.0,0.0,2.0,4.0,2.0,3.0
1786227300,Boca Juniors,Velez Sarsfield,1.0,1.3892299044406968,0.9934794828555368,1.6003897320592093,65.39331084879146,1.661575566797827,1.060104927862094,5.1734207650273225,1.5635750421585162,1.0076913585324723,1.5746390819726073,49.69514662937523,1.2751168510673303,2.419779541808907,4.350291883246702,0,1.0,1.0,1,1.0,1.0,6.0,4.0,2.0,4.0
1786235400,Instituto Cordoba,Gimnasia M.,1.0,1.38787700084246,0.992670598146588,1.7904128053917439,48.78775484414491,1.5343977253580459,2.9676032013479348,3.650816993464052,0.4824385387148656,1.5195527303362182,0.5236424906180592,45.31725511220035,0.8439344412958567,3.9466339894309503,2.9060011883541295,0,1.0,1.0,0,1.0,0.0,3.0,2.0,4.0,5.0
1786235400,Independiente,Platense,1.0,1.9598765432098766,1.3739377906044572,1.981401314734648,52.01673480840147,1.8529874138207476,1.826354818021484,4.791624011167985,0.9933042546678911,1.5798821548821549,0.4308692990511172,51.8022076828895,1.0735922865013776,2.036742424242423,3.7806929227124666,0,1.0,1.0,2,0.0,1.0,13.0,1.0,2.0,2.0
1786298400,San Lorenzo,Huracan,1.0,1.007449237053947,1.373943690175818,1.409908286274981,51.44585285754335,1.2167808082021712,2.2072930433737827,5.553586889301175,0.9931543020321943,1.1979736734015294,1.0037553543137676,46.64823674379486,1.0773380014473761,3.372448999550138,3.3986408939897315,0,1.0,1.0,2,0.0,2.0,2.0,4.0,3.0,3.0
1786308300,Gimnasia L.P.,Barracas Central,1.0,1.1978791516606642,1.1835134053621448,1.790796318527411,44.77925170068028,1.5329439775910367,2.397795118047218,3.4580983202342424,0.9931991401211647,0.4351377760406488,2.1480164158686734,38.448172757475085,0.991531756888802,2.8003634942349014,2.826793106043501,0,1.0,1.0,0,2.0,0.0,2.0,1.0,3.0,4.0
1786308300,Defensa Y Justicia,Newells Old Boys,1.0,1.1978620138846223,1.5635641293440643,1.410141098892097,54.68104687595994,1.3614973684749445,1.44654829923614,4.791439811172305,1.3726532325776657,1.957808564231738,1.3840722082283794,43.23192695214106,1.38301838790932,2.2304408060453382,3.2085806451612906,0,1.0,1.0,0,2.0,1.0,3.0,7.0,3.0,2.0
1786317300,Argentinos JRS,Racing Club,1.0,1.5807338780274292,0.22839947475926464,2.556915669681938,61.198566530493146,1.505041143857602,1.824120951269331,6.896910387250105,0.6112527964205816,0.8158612975391498,1.003579418344519,49.89479865771812,0.7544457867263236,4.138139448173004,2.252161486245088,0,1.0,1.0,0,2.0,1.0,9.0,4.0,5.0,3.0
1786399200,Banfield,Belgrano Cordoba,1.0,1.3878792958927073,0.8026655490360436,1.9805113160100587,39.85892288348701,1.3786529756915344,2.7778499580888507,4.792147435897435,0.9931772549172498,0.6259342287374022,1.766494473576483,49.317281038616734,0.8942292052476658,3.9445720189477362,4.161508646392368,0,1.0,1.0,2,0.0,2.0,4.0,1.0,3.0,1.0
1786407300,Union Santa Fe,Central Cordoba de Santiago,1.0,1.578886495971923,1.1835367312754248,1.6004227486639546,57.16078407912579,1.369216319693707,2.397977985163914,6.316537349764187,0.23191567594067905,1.5783715324590433,0.43323119663357446,40.94261143113944,0.7709022347509907,2.0393553131511197,2.8281773552559804,0,1.0,1.0,2,1.0,2.0,7.0,5.0,3.0,4.0
1786492800,Talleres Cordoba,Lanus,1.0,1.0078242677824267,0.9927615062761507,1.220376569037657,55.62914225941422,1.3539866108786613,2.9679037656903753,4.222738853503184,0.6124502500255128,1.3881212368609042,0.623553423818757,49.3130319420349,0.8374683130931728,3.7515991427696687,2.6380301382631663,0,1.0,1.0,2,0.0,3.0,2.0,5.0,2.0,2.0
1786750200,Racing Club,Banfield,1.0,0.81692944736423,1.374143971970059,1.0288660614747571,56.39948638318204,0.8263485427615866,2.3979893295110677,3.841058201058201,0.612239210065297,0.81692944736423,1.0040213409778627,43.60051361681796,0.9896774964166267,2.228909858257683,3.0186243386243383,0,1.0,1.0,2,0.0,1.0,6.0,1.0,2.0,2.0
1786815000,Aldosivi,Tigre,1.0,0.6410780036511031,1.1746031746031746,0.674432996070423,37.21578637952907,0.8910334478170743,2.9524057056220787,4.418799812470699,0.8026578073089701,0.8164908395018554,1.004002253696256,51.413343436109656,0.7817538031124324,2.228206174350604,3.7807771563143953,0,1.0,1.0,1,0.0,0.0,6.0,9.0,2.0,3.0
1786815000,San Lorenzo,Union Santa Fe,1.0,0.6257483402570174,0.8026245292541834,1.4095042124471016,51.63757036922002,0.963054936522111,2.588705982839616,4.983801628640599,1.1840198780913924,1.7699343867686455,1.003998912916877,43.594987770314866,1.3042653259308148,2.4189113639010738,4.734062064412002,0,1.0,1.0,0,1.0,0.0,4.0,1.0,1.0,4.0
1786823100,Estudiantes L.P.,Gimnasia L.P.,1.0,1.0073076770324476,0.8026530044878669,1.4097859327217126,53.35281385281385,1.4320691846379923,2.016954605027999,4.602964959568733,0.9935872486331202,1.0068204985636178,1.7682253729960153,43.96848484848484,1.1328448892595682,3.373670651468815,3.9722152341020265,0,1.0,1.0,0,4.0,0.0,7.0,2.0,2.0,5.0
1786831200,Belgrano Cordoba,Independ. Rivadavia,1.0,1.579341085271318,0.611860465116279,1.7910077519379846,47.25253875968992,1.3254089147286825,0.8723604651162783,4.221987315010571,0.8026190476190476,0.626468253968254,1.1944841269841269,59.789067460317455,1.208648015873016,1.8480674603174587,3.9701746529332738,0,1.0,1.0,0,2.0,0.0,4.0,4.0,1.0,4.0
1786831200,Newells Old Boys,Deportivo Riestra,1.0,1.0074541057055628,0.6121089568216962,1.7908488957614686,46.11555846318544,0.9692220768407285,2.3978391023353547,3.6508333333333334,0.23191649235393275,1.3881237180398447,0.24308604618102805,34.85235474502955,0.5691784082370384,2.9907516094311632,3.3985060975609755,0,1.0,1.0,0,2.0,0.0,6.0,3.0,1.0,2.0
1786839300,Platense,Boca Juniors,0.0,0.6271823383791242,1.944076944929183,0.4589748792662636,52.592017369424944,0.7489680613611465,2.207487520798668,5.9347465998024465,1.7549322557642024,1.1979637112748593,1.956302987085017,56.93160209175184,1.7095622375406068,2.419511132239916,5.303248776145973,0,1.0,1.0,1,1.0,1.0,5.4,4.8,2.3,2.6
1786903200,Sarmiento Junin,Huracan,1.0,1.5789098681866762,1.183509480267585,1.7908799429996438,42.30647587380754,1.2625103906899422,2.58825950995527,3.4600561963916,1.1842590493463312,1.0071412378145546,1.3855588301972341,43.398363938638255,1.1002214917252322,3.182252701579383,3.971372106154715,0,1.0,1.0,0,2.0,0.0,9.0,4.0,2.0,4.0
1786914000,River Plate,Argentinos JRS,1.0,1.0067152046370256,0.9937442567328763,1.2174312575104262,62.54971018590514,1.572250653848873,2.206517282816144,4.985626770304987,1.373951906343933,1.5789432051890524,1.76578073089701,57.88484812529663,1.1552467963929756,3.7528832463217827,3.017131062951496,0,1.0,1.0,0,2.0,0.0,2.0,4.0,1.0,3.0
1786922100,Barracas Central,Rosario Central,1.0,1.0077320109300678,0.9927942515939682,1.4102823600850116,44.980953344803154,1.0742965286914283,0.8757089363424748,4.032053598313761,0.9931294026826208,1.3887677313519249,1.1944417639679628,49.50653285728071,1.0123682331371224,3.753986297404225,2.444300890037324,0,1.0,1.0,2,0.0,1.0,7.0,1.0,0.0,3.0
1786922100,Central Cordoba de Santiago,Instituto Cordoba,1.0,1.3887230514096185,1.946623471788345,1.2190443133171351,40.38605036831347,1.441694550503298,3.351166647383238,3.649216457960644,0.9931350996953219,0.4352346793165953,1.957306490801805,46.0744147479656,1.725560569246789,2.609807551390334,4.923320214669053,0,1.0,1.0,2,0.0,1.0,4.0,8.0,1.0,2.0
1786988700,Estudiantes de Rio Cuarto,Atletico Tucuman,1.0,0.6927644297155482,1.1420878210439105,0.9346865506766087,51.399958574979294,0.9704625793979577,1.5581607290803619,2.4411554192229037,0.8025622890860227,0.6271505647947946,1.384569684967769,33.14147553903045,0.9381922929254147,2.4200092953704995,2.6370492293879995,0,1.0,1.0,2,0.0,1.0,4.0,6.0,1.0,4.0
1786996800,Lanus,Independiente,1.0,0.43514554135222544,0.23035576774988448,1.600315724626521,62.50683428307408,0.9095773140304948,2.206876636377637,5.555152549605291,0.9931464654243031,1.3886339134452486,1.1946634837517325,47.40944478669336,0.9875525180964116,2.419124441706451,3.3980655714387313,0,1.0,1.0,2,1.0,3.0,10.0,5.0,2.0,3.0
1787004900,Velez Sarsfield,Defensa Y Justicia,1.0,1.007232577375113,0.8025314020812896,1.600253909631254,60.02774924500356,1.2948065477907942,2.969653951949525,4.411159954622803,1.3733865924267181,2.3392927031007282,0.6237487139139382,54.829433718654805,1.65539002198955,2.03957715507676,4.349286139202856,0,1.0,1.0,1,1.0,1.0,6.0,9.0,4.0,3.0
1787013000,Gimnasia M.,Talleres Cordoba,1.0,1.6925619834710743,0.6424242424242423,2.7674931129476583,48.89965564738292,1.7569876033057865,1.5581542699724489,5.772492401215805,1.375206611570248,0.625244177310293,1.576671675432006,50.46373027798648,1.3846235912847482,2.800522163786625,4.162199502625035,0,1.0,1.0,0,3.0,1.0,7.0,3.0,3.0,3.0
1787333400,Aldosivi,Union Santa Fe,1.0,0.6397782234280995,0.8039046832605875,0.8575793323109591,40.88524831898077,0.9880600448271801,2.767818803822106,4.231363636363636,0.8024847984385557,1.5798588694542453,0.8129945199309361,44.35484197883042,0.9780041288191578,2.4187110577283972,3.7806060606060607,0,1.0,1.0,2,1.0,3.0,4.0,4.0,3.0,1.0
1787353200,Estudiantes de Rio Cuarto,San Lorenzo,1.0,0.5164254887027164,0.9779131759329779,0.9238131505458238,46.982419395785726,0.813849454176188,1.5461538461538435,1.8980246339762956,0.42074707470747075,0.6253075307530753,1.003975397539754,47.791557905790576,0.7565690819081908,2.8004612961296114,3.590195001373249,0,1.0,1.0,1,0.0,0.0,0.0,1.0,3.0,1.0
1787425200,Atletico Tucuman,Instituto Cordoba,1.0,0.6264672398225573,0.6121775998115652,1.2192517567620618,47.06565775527029,0.8033945746476666,1.064311231500019,3.649010327022375,0.993442254365585,0.4343550925578955,1.9585175747583004,46.26459941542382,1.8008226785580455,2.2276661920107905,4.926642935377876,0,1.0,1.0,1,0.0,0.0,9.0,2.0,3.0,2.0
1787425200,Gimnasia L.P.,Gimnasia M.,1.0,1.1979004635837707,0.6118616144975287,2.362966936132715,44.770863185318575,1.3805304011340567,2.016328876288264,4.029038340666248,0.47583745194947835,1.6924766611751785,0.3478857770455793,46.60440691927512,0.8233045030203187,4.301331685886869,2.730830830830831,0,1.0,1.0,2,2.0,3.0,6.0,1.0,0.0,3.0
1787434200,Independiente,Independ. Rivadavia,1.0,1.1979328165374676,0.8026414010910136,1.7908125179443009,53.733830988611345,1.3481167575844586,1.8255412001148428,4.410486004734717,0.4212460522538042,1.007235142118863,0.6227390180878553,59.61500622069098,0.938028710881424,2.228285960378982,3.5903634591282554,0,1.0,1.0,1,0.0,0.0,11.0,3.0,2.0,3.0
1787443200,Huracan,Deportivo Riestra,1.0,1.0070275119617225,0.6116402511961723,1.6000897129186602,56.02656623803828,1.4359146979665074,1.824947667464114,5.555481682496608,0.23124216791979954,1.5787907268170427,0.24232456140350883,32.5531210839599,0.6066827224310778,2.6099193295739336,3.209267945984364,0,1.0,1.0,1,0.0,0.0,3.0,4.0,0.0,4.0
1787443200,Newells Old Boys,Banfield,0.0,1.1978444898817144,0.6118782366092755,1.79076646729472,47.251151325218316,0.810298446427548,2.2068334256941387,3.265988372093023,0.8025759110278803,0.6257514666259004,1.5762205958227438,40.73489518640958,0.9895017484856014,1.8469434942959224,2.8274640088593572,0,1.0,1.0,0,2.0,1.0,6.0,4.8,2.3,3.1
1787507100,Barracas Central,Platense,1.0,0.6263976855109861,0.9931190867151458,0.8382203456095082,44.40003127687857,1.0319024161388697,0.683184768160137,4.410625971456833,0.9935778142674695,1.389082284254698,0.8127932858967342,46.07108191935778,0.9989934683451925,2.0359788359788342,2.635212660731949,0,1.0,1.0,2,1.0,2.0,4.0,4.0,4.0,1.0
1787507100,Sarmiento Junin,Estudiantes L.P.,1.0,1.5792662685769885,1.1840204513802772,1.7907587233149551,40.19509701051186,1.1783793425796976,2.397592384150179,3.6477776248795926,0.6111495523772158,0.8154010771480543,1.1951920676249241,51.42632235973892,0.8058133181153477,3.182958233762527,3.974041677386159,0,1.0,1.0,0,2.0,0.0,3.0,5.0,2.0,4.0
1787515200,Belgrano Cordoba,Defensa Y Justicia,1.0,1.9615871833084948,0.42071535022354695,2.363748137108793,47.81687779433681,1.3442880029806261,0.6794523099850961,4.7923303834808255,0.6121779859484777,2.150234192037471,0.2423106947697112,54.64898516783763,1.0829625292740048,2.2290007806401233,4.352886641382217,0,1.0,1.0,2,1.0,2.0,8.0,0.0,2.0,2.0
1787523300,River Plate,Velez Sarsfield,1.0,1.0064496314496314,0.994028119028119,1.2167144417144415,59.491004641004636,1.5665942533442536,2.206152743652743,4.026470588235294,1.5646035646035645,1.0073710073710074,1.5757185757185757,46.26742326742327,1.2029714129714129,2.228969228969228,4.352829131652661,0,1.0,1.0,1,2.0,2.0,3.0,5.0,2.0,1.0
1787531400,Racing Club,Boca Juniors,1.0,0.816534084421269,1.1840749057968256,1.0279374262550907,62.3157157538157,1.132586381456248,1.8254595973052175,3.457232489940667,1.7561679290526397,1.3886271076770829,1.5762798310052146,59.99591215316104,1.7104348190157197,2.1519476268412423,5.116797381163473,0,1.0,1.0,1,1.0,1.0,4.0,1.0,3.0,2.0
1787608800,Tigre,Central Cordoba de Santiago,1.0,0.6264455087022545,0.8027489000506172,1.219055406299887,40.399369232566286,1.1004547755324536,1.6356149982478676,3.6491228070175437,0.42179651909823623,1.5788264610832068,0.81380679827123,40.36253552933847,0.6658236966086517,2.419343534633803,2.63842940685046,0,1.0,1.0,0,2.0,1.0,4.0,5.0,3.0,2.0
1787616900,Lanus,Argentinos JRS,1.0,0.434365715983363,0.8026292335115864,1.0273321449792037,59.844355317884734,1.036927658942365,1.8249294414735584,5.937450304797244,1.1840857273141814,1.3886532907736737,1.7669326645386838,58.66158990728074,1.0792393980848156,3.5630490956072336,3.0187402535765138,0,1.0,1.0,1,1.0,1.0,5.0,2.0,1.0,0.0
1787616900,Talleres Cordoba,Rosario Central,1.0,0.6271179691388751,1.563802887008462,0.6488203086112494,59.24706819313091,1.1369527127924344,2.3974315579890484,4.982132728304027,0.9935435992578849,0.816178107606679,1.7676808905380335,49.892504638218924,0.913194805194805,3.94560296846011,2.8274841437632134,0,1.0,1.0,1,2.0,2.0,1.0,10.0,3.0,5.0
1787954400,Union Santa Fe,Sarmiento Junin,1.0,1.5793770628627795,1.3748321256496832,1.4093175006639096,61.16980158579612,1.4415716832960286,2.588273454986911,7.080417930569599,1.3736044244618628,2.1491027732463297,1.1945808299844825,48.55362272709187,1.4691538614570485,1.4685393705486793,3.40130081300813,0,1.0,1.0,0,4.0,1.0,2.0,4.0,1.0,2.0
1787963400,Boca Juniors,Lanus,1.0,1.3895184437121293,0.9938698132596293,1.6000637822897843,63.110782750434076,1.8053365933170336,0.8672513376563544,6.32304599145514,0.9932859859510226,1.3885202002561416,0.6232390266620096,49.1262855590484,1.0792009159001825,3.56211433228548,2.6397192402972753,0,1.0,1.0,0,1.0,0.0,11.0,3.0,2.0,1.0
1788025500,Deportivo Riestra,Velez Sarsfield,1.0,1.3887811529429588,0.42131656692674796,1.790818877357776,34.853609575032195,1.3843543670934022,2.5882092265737437,4.219918236043161,1.565502613438376,1.3887811529429588,1.194750397697144,45.123134611014315,1.0239400802969472,1.8466479812135428,3.973487031700288,0,1.0,1.0,1,1.0,1.0,2.0,6.0,2.0,1.0
1788033600,Rosario Central,Gimnasia L.P.,1.0,1.5808115470336435,0.8025400643860332,2.174005023525666,59.4751972264478,1.6905231542080874,1.2498354972229093,5.1749375312343835,0.8025400643860332,1.7721158948597304,1.19508968054622,38.03784625181307,1.0258396009481021,3.9478897654508778,4.166716641679161,0,1.0,1.0,2,1.0,2.0,10.0,3.0,2.0,3.0
1788040800,Huracan,Estudiantes de Rio Cuarto,1.0,1.0070460704607045,0.6115266485998193,1.6000361336946702,56.41076784101175,1.43406251129178,1.44204155374887,5.556905444126074,0.30989159891598916,1.5264227642276424,0.3481029810298103,45.94295392953929,0.5786314363143633,2.466937669376688,2.7388729703915953,0,1.0,1.0,1,1.0,1.0,8.0,2.0,2.0,4.0
1788049800,Talleres Cordoba,Central Cordoba de Santiago,1.0,1.0075432285017987,1.7552125643108583,0.8381107113844726,56.77869328072415,1.3595044679122668,2.5878882828517265,5.172517006802721,0.6120680860710709,1.0073678045831522,0.8134207394253112,43.40685772580432,0.8656153628171462,2.228027884306575,2.8291295681063118,0,1.0,1.0,1,0.0,0.0,6.0,6.0,2.0,1.0
1788049800,Atletico Tucuman,Belgrano Cordoba,1.0,0.43523104802174567,0.6120356387798247,0.8372017517366355,48.77493959528843,0.6272048474781036,1.253273180308063,3.838322401113099,1.3753984651711924,0.6253394332939788,2.1494760920897287,45.88358175914994,1.1422375295159388,4.136415289256197,4.546723646723646,0,1.0,1.0,1,0.0,0.0,7.0,3.0,1.0,3.0
1788112800,Banfield,River Plate,1.0,1.0076355508080628,1.1833204755405218,1.4097244476094395,42.695060629438416,1.3651411785650707,2.777769865289893,5.552023281596452,1.1837176070752713,0.6265013710269185,1.7661143938516202,61.31672652840536,1.2638493029003977,2.609585602286331,3.5917478354978356,0,1.0,1.0,2,2.0,3.0,4.0,2.0,1.0,0.0
1788120000,Argentinos JRS,Aldosivi,1.0,1.7726473326666439,0.41956619193765304,2.5573640470361045,60.43984275319838,1.7884361529707924,2.3975826752646636,7.473087818696883,0.6179176214161963,1.569462918459733,0.26137595707818706,33.82508243447158,0.6552172357905326,2.799932934667186,3.0303213832177396,0,1.0,1.0,0,2.0,1.0,14.0,2.0,1.0,4.0
1788128100,Independiente,Gimnasia M.,1.0,1.007177033492823,0.42090541037909457,1.9817813765182186,55.261538461538464,1.2869444239970558,2.015550239234449,4.219286081150488,0.9784490812830894,1.8704453441295548,0.8444721270632203,46.76094674556213,1.088083463095609,3.6461538461538407,3.236245110821382,0,1.0,1.0,2,0.0,3.0,7.0,4.0,1.0,1.0
1788136200,Independ. Rivadavia,Racing Club,1.0,2.5328817641303534,1.1842628132761344,2.362692857680439,53.542251825092194,2.661925867389178,1.634466019417475,5.935931870291517,0.8026804558885605,1.0068242577740256,1.0039397776839736,46.836590685239905,0.8498365695792881,4.139067116926972,2.6363992651561547,0,1.0,1.0,0,3.0,1.0,3.0,5.0,3.0,2.0
1788213600,Estudiantes L.P.,Newells Old Boys,1.0,1.3887650166381529,0.6121749920099264,1.4092572051662873,56.02093211257544,1.5006391306800024,1.4437931228967298,5.364410765612752,1.5639884062543132,1.3882169686692825,1.3848650353924719,44.178046808762346,1.4253188871581524,2.6096535678372126,3.5921348314606742,0,1.0,1.0,1,0.0,0.0,6.0,0.0,1.0,1.0
1788213600,Defensa Y Justicia,Platense,1.0,1.1979767674436494,1.7552888683744903,1.4094545734287254,59.06469728440649,1.2947757519809222,1.6352604046465105,4.983059890622916,1.376568097211491,1.389457048535506,1.3865069888319168,50.85397204467233,1.4333076490833743,1.6520193861066221,3.784118864937279,0,1.0,1.0,0,1.0,0.0,6.0,7.0,3.0,4.0
1788221700,Instituto Cordoba,San Lorenzo,1.0,1.3881651213606565,0.6127010374219964,2.3609598614145946,45.92983326443434,1.7400090552963643,2.9678536979074384,4.601934868510696,0.4204609452067079,0.6247726661285983,1.003945834454309,47.792818581293155,0.7773710339879831,2.2265518787552674,4.165934202358784,0,1.0,1.0,0,1.0,0.0,11.0,1.0,2.0,5.0
1788221700,Tigre,Barracas Central,1.0,0.8166166541635409,0.8027756939234809,1.6000375093773445,41.14692423105776,1.3290408852213058,1.8251500375093765,3.45744639502494,0.9936217008797654,0.8162390029325512,1.958541055718475,42.25641495601173,0.9818749999999998,3.3726906158357757,3.019397315776146,0,1.0,1.0,1,0.0,0.0,3.0,5.0,1.0,3.0
1788551100,Estudiantes de Rio Cuarto,Sarmiento Junin,1.0,0.336617934845171,0.6369978128237597,1.0857603315298723,47.07968228387246,0.6796440658455174,1.8770922067457096,1.8607142857142858,1.1837611757031579,2.721729787805533,0.6232301139633936,48.173439238709186,1.2009961244771883,1.2761597789800836,3.9725132275132276,0,1.0,1.0,2,0.0,2.0,14.0,1.0,2.0,0.0
1788559200,Platense,Deportivo Riestra,1.0,0.6264473583314163,1.9457096848401196,0.4570968484011963,52.588950233877775,0.7480542136339241,2.073303427651253,5.9915842237171875,0.23069318054151217,1.1979253267423136,0.4320638130547129,32.91776953900311,0.7130321686701868,2.9905628581058292,2.6383431037814855,0,1.0,1.0,1,1.0,1.0,3.0,3.0,1.0,4.0
1788559200,Belgrano Cordoba,Huracan,1.0,1.3891230893000803,0.802667381782426,1.7910467506927685,50.870102797890404,0.897002663806204,0.8683686421739512,4.7919459791282994,1.1848896040046482,1.3891230893000803,1.1950800035755789,49.512119424331814,1.0601612228479487,3.5643586305533197,3.7833763044812767,0,1.0,1.0,1,1.0,1.0,6.0,3.0,2.0,2.0
1788625800,Aldosivi,Banfield,1.0,0.8244927375540526,1.3627674908526444,0.6688324647965407,42.34340836012862,0.9608353475995128,2.3957256902095567,4.415730977486464,0.8027331189710611,0.8161429406606255,1.3858740134463607,40.63275358082432,0.989480853551593,1.6735194387605947,3.2102178812922615,0,1.0,1.0,0,3.0,1.0,8.0,3.0,4.0,4.0
1788629400,Gimnasia L.P.,Tigre,1.0,1.5798466593647316,0.611829134720701,2.3635998539612997,43.04446878422782,1.5676261409273462,1.8245162468054026,4.029095904095904,0.8027382256297919,0.816210295728368,1.0040160642570282,51.99189485213582,0.8997791164658636,2.60901788974078,3.4010739260739262,0,1.0,1.0,0,2.0,1.0,5.0,1.0,3.0,4.0
1788636600,Gimnasia M.,Boca Juniors,1.0,1.7011235955056179,0.4708235584640079,2.784664773428818,49.3499691319916,1.7055253735029026,1.7138288677614497,5.283667017913594,1.1845615059098205,1.5798774259448416,1.1948854516270246,60.20114548372975,1.226240916386984,2.150879906610242,4.164657534246576,0,1.0,1.0,1,2.0,2.0,5.0,6.0,1.0,4.0
1788645600,San Lorenzo,Talleres Cordoba,1.0,0.625362688634541,0.8027848654953706,1.4090836188670992,53.735459648611204,0.9396034118247433,2.015400597798352,5.556830601092896,1.1849452018176958,1.0070212955537734,1.0038848792657935,51.42310612135793,1.3029292702485968,2.9911253675487823,4.165755919854281,0,1.0,1.0,0,1.0,0.0,6.0,4.0,2.0,3.0
1788653700,Velez Sarsfield,Estudiantes L.P.,1.0,0.8162660256410257,0.6118444055944056,1.6000437062937063,59.271627331002335,1.0751633886946388,2.5881155303030297,3.8385682437453554,0.611088379705401,1.0067171303873432,1.1951718494271686,55.06911483906165,1.0430639661756684,3.1829991816693934,4.16751116006725,0,1.0,1.0,0,1.0,0.0,5.0,1.0,2.0,5.0
1788716700,Rosario Central,Newells Old Boys,1.0,1.581179837487011,0.9940377834182239,1.983067304907756,64.07957003900992,1.5721903480230996,1.4399264092124757,5.559320074005551,0.9933279957299173,1.1979869609973692,1.004079454039422,39.410957337298406,1.1153097716268254,2.8001067520683196,3.020600414078675,0,1.0,1.0,1,1.0,1.0,10.0,2.0,4.0,5.0
1788724800,Lanus,Defensa Y Justicia,1.0,0.6247822222222222,0.9937777777777778,1.0267377777777777,54.69216,1.2277212444444447,1.8239822222222215,6.512749171936163,0.9934883720930232,1.9608186046511629,0.8132837209302326,49.12680930232558,1.2450742325581396,2.2280930232558127,4.354824478477344,0,1.0,1.0,0,1.0,0.0,7.0,4.0,3.0,1.0
1788724800,Central Cordoba de Santiago,Independiente,1.0,1.1980670009446988,1.5663323886345468,1.2183053557154278,43.04409563258484,1.319479979652642,2.970005813530993,3.456265356265356,1.5663323886345468,1.1980670009446988,1.7674878279194826,43.40135891286971,1.1326759683162564,2.4182980888016843,3.783194103194103,0,1.0,1.0,2,0.0,1.0,11.0,3.0,0.0,1.0
1788732900,River Plate,Independ. Rivadavia,1.0,1.198226511051705,1.3779357110256243,0.8327117428441025,60.0723022755428,1.2387578405163984,2.205643215752754,4.026074041476429,0.4208829509148998,1.0071158873075805,0.622102817310485,55.42857246587278,0.9914308016264884,2.6091417368573904,3.97429551580495,0,1.0,1.0,0,3.0,1.0,2.0,0.0,2.0,4.0
1788741000,Racing Club,Atletico Tucuman,1.0,0.8162736704636145,1.1845244141333526,1.0273888123050134,62.51708626568962,1.147682072117827,2.0153631284916194,4.220601173020528,0.8028351005206552,0.24562003572378677,1.9564473834226428,36.55352867403945,0.7934116216318929,2.990575000950099,2.449462365591398,0,1.0,1.0,2,1.0,2.0,3.0,3.0,2.0,1.0
1788818400,Barracas Central,Argentinos JRS,1.0,0.6259485924112607,0.9935091428359483,0.837268647305367,44.00898334631505,1.1078551240680987,1.4436148510811904,4.983789513061912,0.9936566623169494,1.3889952153110048,1.3857691750036247,60.00940263882848,0.8272883862548934,3.181847179933303,3.4020716548866683,0,1.0,1.0,1,0.0,0.0,3.0,4.0,5.0,2.0
1788826500,Union Santa Fe,Instituto Cordoba,1.0,1.961680550525172,1.566352770735241,1.4091271278522275,56.59931184353495,1.306095617529881,2.3972654835204628,6.3200777831793875,0.80265604249668,0.24253209384683483,1.9594156706507304,47.791783975210265,1.723367153607791,2.035555555555554,4.93086155674391,0,1.0,1.0,0,3.0,2.0,2.0,7.0,1.0,5.0
1789156800,Newells Old Boys,Velez Sarsfield,1.0,1.579929067747539,0.8027576722640417,2.1728141285466127,49.05806311522872,1.0960811378112338,2.2635806311522866,3.8572727272727274,1.3754849449913145,1.0072017950202663,1.3857266936884771,48.93739143022582,0.7623393167342213,1.654625072379848,4.356387878787879,0,1.0,1.0,1,1.0,1.0,8.0,2.0,0.0,1.0
1789164900,Defensa Y Justicia,Gimnasia M.,1.0,1.1980610904516105,1.3749199829790382,1.9814619526003219,59.8361806442064,1.2985275388059427,2.206368059795378,4.411331024245423,1.3229685191499034,1.708330492101375,1.1837026934878963,45.71744516422321,1.0115694965336974,3.657188316854183,3.2334346504559273,0,1.0,1.0,0,2.0,0.0,5.0,6.0,1.0,3.0
1789173000,Boca Juniors,Central Cordoba de Santiago,1.0,1.198254574975476,0.9940466123194533,1.6001082434123737,61.01593207725874,1.6525579271386532,1.2483340662314373,6.133924036345167,0.6118225177048706,0.8163173869056222,1.0038661656308716,42.06479982656453,0.8653979621332566,2.036385315797079,3.2103448275862068,0,1.0,1.0,0,3.0,1.0,2.0,6.0,3.0,2.0
1789235100,Independ. Rivadavia,Aldosivi,1.0,2.534565672611741,1.1845548415048017,2.3638024406094305,52.78074951260018,2.7016937685031412,1.4425626399017972,6.32049062049062,0.804013767540376,1.7573629864972202,0.25894625364045537,32.85490071485306,0.7456545406407203,2.4266560762509903,2.6547442680776014,0,1.0,1.0,0,4.0,3.0,2.0,6.0,3.0,2.0
1789235100,Estudiantes L.P.,Platense,1.0,1.3892135642135641,0.611904761904762,1.4093073593073593,57.55353535353535,1.7930108225108226,1.4425865800865794,6.320892300311826,1.3771023302938197,1.5813914218169538,1.195035460992908,51.430732860520095,1.4987966903073286,2.03400878081729,4.358973783192051,0,1.0,1.0,0,2.0,1.0,2.0,2.0,4.0,3.0
1789245000,Atletico Tucuman,River Plate,1.0,0.4346982913993223,0.6119097397447912,0.836630379929349,46.48097469540768,0.6685464638454331,1.2517374378199113,4.030622009569378,1.3749774081109492,0.8169005772458182,1.7666267082234477,61.90318868376888,1.5235130479685743,2.037179794552126,3.782888616891065,0,1.0,1.0,2,1.0,2.0,1.0,5.0,2.0,2.0
1789254000,Talleres Cordoba,Union Santa Fe,1.0,0.6261968820255777,1.7564146979692625,0.4560277153281981,55.25859285740611,1.0735554490841415,2.5878118895809523,4.602978697430262,0.9939073780595176,1.58058813171333,0.8126219404824793,47.984011269589715,0.9875787286494101,2.226610318718083,3.9749431321084865,0,1.0,1.0,0,2.0,1.0,11.0,4.0,2.0,3.0
1789321500,Tigre,Rosario Central,1.0,0.8165407039516304,0.4210465702152163,1.7911682142085943,41.70757215864105,1.2851888001151661,1.8244403656517663,2.5031889576392192,0.9939122019882115,1.0072842438638163,1.385917128529955,51.423707222662095,1.0659254332717518,4.13772851236034,4.166119837114602,0,1.0,1.0,2,0.0,1.0,4.0,4.0,4.0,3.0
1789321500,Sarmiento Junin,Belgrano Cordoba,1.0,1.7710443037974684,0.8028696777905638,2.363837744533947,36.36174482163406,1.2489167146145,2.2063183256616794,4.221172561120342,1.185028129395218,0.6250210970464135,1.7682067510548525,49.5129606188467,1.0640494374120957,3.755513361462727,4.548639396576733,0,1.0,1.0,1,1.0,1.0,3.0,7.0,4.0,1.0
1789329600,Argentinos JRS,Gimnasia L.P.,1.0,1.773451910408432,0.6109683794466403,2.558498023715415,65.23906455862976,2.0496795125164695,2.0141798418972323,7.286002604166668,0.9941804726263561,1.9643764191405264,1.1950887225632831,38.60265747203768,0.9033203262971997,3.5658565301488507,4.168240248226951,0,1.0,1.0,1,1.0,1.0,6.0,3.0,1.0,4.0
1789337700,Independiente,San Lorenzo,1.0,0.816120765315078,0.9939266280498508,1.4090433561523608,56.793189397928735,1.2277678778304375,1.8239670001755304,4.411428571428572,0.22884126657050619,0.8157703138951851,0.42976165945463285,49.13274950202624,0.6203236486022392,2.6086338347413958,3.2108639186900056,0,1.0,1.0,1,1.0,1.0,7.0,5.0,2.0,1.0
1789345800,Huracan,Racing Club,1.0,0.6244603822792629,0.6114546515219107,1.2175217048145224,60.624206444528326,1.2008460931333862,1.6321299886757483,4.411106104978599,0.8027002972342105,1.3898973954222573,0.812104317452854,44.34652135216376,0.7865095971384911,4.331793984785637,2.636115092051593,0,1.0,1.0,0,2.0,1.0,3.0,5.0,2.0,3.0
1789423200,Banfield,Barracas Central,1.0,1.198249962445546,1.3744554604176056,1.4097190926843923,39.25461919783687,1.3596176956587054,2.0161296379750633,5.555186415651532,0.6117139852786541,0.6250332982825096,1.5770487206449353,46.837910970907814,0.7353793901156679,3.373214160532771,2.4472466264714328,0,1.0,1.0,1,1.0,1.0,1.0,6.0,2.0,0.0
1789423200,Deportivo Riestra,Lanus,1.0,1.5801418439716313,0.4210760083100509,1.9819829500680566,29.297041335339205,1.4092419944122074,2.7790207034887877,4.029873477038425,0.8029614968754009,1.1982846775523668,0.6224897832023016,49.89139956383895,0.9457785474737481,2.990470430846481,2.8307839846559575,0,1.0,1.0,2,0.0,3.0,4.0,4.0,2.0,1.0
1789431300,Instituto Cordoba,Estudiantes de Rio Cuarto,1.0,1.1982002249718786,0.4221597300337458,2.3620172478440193,48.39632545931759,1.662461942257218,2.397056617922759,4.412412780022035,0.47159297395517874,1.3634161114476075,0.5053906723198063,44.39648697758934,0.6651920048455483,2.629800121138699,2.902827763496144,0,1.0,1.0,0,2.0,1.0,2.0,3.0,3.0,2.0
