timestamp,home_team_name,away_team_name,stats_real,l_gf,l_gc,l_ppg,l_pos,l_xg,l_yc,l_sot,v_gf,v_gc,v_ppg,v_pos,v_xg,v_yc,v_sot,is_cup,home_team_lsi,away_team_lsi,target_1x2,home_team_goal_count,away_team_goal_count,home_team_corner_count,away_team_corner_count,home_team_yellow_cards,away_team_yellow_cards
1708734600,Coquimbo Unido,Deportes Copiapo,0.0,0.6666666666666666,1.8333333333333333,0.3333333333333333,48.166666666666664,1.0666666666666667,2.5,4.5,1.8333333333333333,0.6666666666666666,2.3333333333333335,51.833333333333336,0.9766666666666666,2.3333333333333335,3.8,0,1.0,1.0,0,3.0,1.0,10.0,1.0,6.0,6.0
1708894800,O'Higgins,Colo Colo,0.0,1.2727272727272727,1.2727272727272727,1.0909090909090908,53.09090909090909,1.0363636363636364,2.909090909090909,4.5,1.8484848484848486,0.8484848484848486,2.090909090909091,53.60606060606061,0.9915151515151515,2.7272727272727275,3.8,0,1.0,1.0,0,1.0,0.0,11.0,2.0,2.0,4.0
1709335800,Cobreloa,Cobresal,0.0,1.2051282051282053,1.153846153846154,1.153846153846154,48.94871794871795,1.153846153846154,1.8461538461538463,4.5,1.2307692307692308,1.3076923076923077,1.4615384615384615,49.07692307692308,0.9892307692307691,3.230769230769231,3.8,0,1.0,1.0,0,2.0,1.0,4.0,3.0,2.0,5.0
1709413200,Palestino,U. Catolica,0.0,2.571428571428571,0.8095238095238095,1.9047619047619049,49.47619047619048,1.0190476190476192,3.1428571428571432,4.5,1.2142857142857142,1.3571428571428572,1.3571428571428572,48.785714285714285,0.99,3.357142857142857,3.8,0,1.0,1.0,2,0.0,2.0,6.0,5.0,3.0,5.0
1709413200,O'Higgins,Everton de Vina,0.0,1.1777777777777778,0.8444444444444446,1.8444444444444446,43.53333333333334,1.017777777777778,2.488888888888889,4.5,1.1777777777777778,1.1777777777777778,1.3111111111111111,43.800000000000004,0.9937777777777779,3.3111111111111113,3.8,0,1.0,1.0,0,2.0,1.0,3.0,9.0,3.0,1.0
1709422200,Union Espanola,Coquimbo Unido,0.0,0.8750000000000001,1.8333333333333335,0.9166666666666667,45.00000000000001,1.0166666666666666,3.5,4.5,0.8333333333333335,0.8750000000000001,1.25,49.0,0.9941666666666666,2.875,3.8,0,1.0,1.0,0,1.0,0.0,1.0,12.0,2.0,4.0
1709422200,Nublense,A. Italiano,0.0,0.8627450980392158,0.7843137254901962,1.3137254901960786,50.84313725490197,1.0156862745098039,2.1372549019607847,4.5,0.7843137254901962,1.1960784313725492,0.8627450980392158,47.490196078431374,0.9945098039215687,3.2352941176470593,3.8,0,1.0,1.0,2,1.0,2.0,11.0,4.0,2.0,5.0
1709499600,Colo Colo,Huachipato,0.0,1.2777777777777777,1.2222222222222223,1.3888888888888888,50.833333333333336,1.0222222222222221,2.6666666666666665,4.5,1.1481481481481484,1.1851851851851851,1.2592592592592593,51.111111111111114,0.9481481481481482,2.9629629629629632,3.8,0,1.0,1.0,0,2.0,0.0,1.0,3.0,2.0,0.0
1709508600,Union La Calera,Deportes Iquique,0.0,1.3157894736842106,1.1578947368421053,1.4736842105263157,51.526315789473685,1.0210526315789472,2.6315789473684212,4.5,1.7719298245614037,1.5438596491228072,1.8771929824561404,51.98245614035088,0.9950877192982457,3.8421052631578947,3.8,0,1.0,1.0,2,1.0,3.0,3.0,6.0,2.0,0.0
1709589600,Deportes Copiapo,Universidad de Chile,0.0,1.2000000000000002,1.8333333333333335,0.9333333333333333,53.966666666666676,1.0133333333333334,2.4000000000000004,4.5,1.25,1.3,1.4,49.05,0.993,3.1,3.8,0,1.0,1.0,2,1.0,3.0,0.0,4.0,2.0,4.0
1710018000,Cobresal,Huachipato,0.0,1.523809523809524,1.5555555555555556,1.2222222222222223,50.84126984126984,1.0126984126984127,2.3809523809523814,4.5,0.9166666666666666,1.3928571428571428,0.9880952380952381,47.36904761904762,0.9616666666666667,2.071428571428571,3.8,0,1.0,1.0,2,1.0,2.0,11.0,2.0,2.0,2.0
1710027000,O'Higgins,Palestino,0.0,1.3863636363636362,0.9318181818181818,2.1363636363636362,42.13636363636364,1.009090909090909,2.5227272727272725,4.5,1.3636363636363635,1.2727272727272727,1.5454545454545454,48.72727272727273,0.9936363636363637,3.090909090909091,3.8,0,1.0,1.0,2,0.0,1.0,7.0,5.0,2.0,6.0
1710027000,Union Espanola,A. Italiano,0.0,0.8586956521739131,1.4239130434782608,1.358695652173913,45.630434782608695,1.008695652173913,3.0108695652173916,4.5,1.1739130434782608,1.108695652173913,1.5543478260869565,47.369565217391305,0.9969565217391304,3.608695652173913,3.8,0,1.0,1.0,0,3.0,0.0,6.0,1.0,4.0,2.0
1710082800,Deportes Iquique,Coquimbo Unido,0.0,1.1944444444444446,1.1944444444444446,1.1944444444444446,55.69444444444444,1.011111111111111,3.055555555555556,4.5,0.6458333333333334,0.8958333333333334,1.0208333333333335,49.97916666666667,0.9970833333333333,3.083333333333333,3.8,0,1.0,1.0,0,4.0,2.0,7.0,4.0,5.0,2.0
1710104400,Colo Colo,Universidad de Chile,0.0,1.6,0.8800000000000001,1.9066666666666667,55.60000000000001,1.0106666666666668,2.4533333333333336,4.5,1.8800000000000001,1.2666666666666666,1.9866666666666668,50.06666666666667,0.9962666666666666,3.413333333333334,3.8,0,1.0,1.0,2,0.0,1.0,7.0,0.0,0.0,1.0
1710115200,Nublense,Deportes Copiapo,0.0,0.9230769230769231,1.1538461538461537,0.9038461538461539,51.78846153846154,1.0076923076923077,2.0384615384615383,4.5,1.2051282051282053,1.8974358974358976,1.0256410256410258,44.61538461538461,0.9964102564102564,4.0256410256410255,3.8,0,1.0,1.0,0,1.0,0.0,2.0,2.0,4.0,6.0
1710194400,U. Catolica,Everton de Vina,0.0,0.888888888888889,1.1728395061728396,0.9135802469135804,54.25925925925926,1.0098765432098766,3.7530864197530867,4.5,1.1296296296296298,1.4166666666666665,0.9907407407407407,48.05555555555556,0.9974074074074074,2.5740740740740744,3.8,0,1.0,1.0,2,2.0,4.0,4.0,5.0,2.0,2.0
1710203400,Union La Calera,Cobreloa,0.0,1.2380952380952381,1.9047619047619049,0.880952380952381,48.11904761904762,1.0095238095238095,2.404761904761905,4.5,0.9047619047619049,2.571428571428571,1.023809523809524,49.88095238095238,0.9966666666666668,3.404761904761905,3.8,0,1.0,1.0,2,0.0,2.0,6.0,3.0,3.0,4.0
1710545400,Deportes Iquique,Cobresal,0.0,1.9051724137931034,1.4396551724137931,1.6379310344827587,57.38793103448276,1.0110344827586206,3.560344827586207,4.5,1.252873563218391,1.5402298850574714,1.0574712643678164,46.816091954022994,1.0080459770114942,3.7586206896551726,3.8,0,1.0,1.0,0,1.0,0.0,3.0,4.0,2.0,2.0
1710601200,Everton de Vina,Nublense,0.0,1.3,1.3333333333333333,1.3333333333333333,52.233333333333334,1.088,2.6,4.5,1.2222222222222223,0.8666666666666668,2.022222222222222,45.51111111111111,1.0211111111111113,2.4000000000000004,3.8,0,1.0,1.0,0,3.0,2.0,8.0,2.0,3.0,3.0
1710622800,Universidad de Chile,O'Higgins,0.0,1.2365591397849462,0.903225806451613,1.924731182795699,53.59139784946237,1.104516129032258,2.741935483870968,4.5,1.903225806451613,1.2365591397849462,1.989247311827957,45.075268817204304,1.0221505376344087,2.731182795698925,3.8,0,1.0,1.0,0,1.0,0.0,6.0,3.0,3.0,4.0
1710631800,Cobreloa,Union Espanola,0.0,1.421875,1.15625,1.71875,51.328125,1.1859375,1.8125,4.5,1.5416666666666667,1.5625,1.2916666666666667,47.895833333333336,1.0229166666666667,3.416666666666667,3.8,0,1.0,1.0,0,1.0,0.0,2.0,8.0,2.0,4.0
1710687600,Huachipato,Deportes Copiapo,0.0,0.888888888888889,1.1818181818181819,0.9898989898989901,56.909090909090914,1.1226262626262626,1.7373737373737375,4.5,0.8863636363636364,1.6666666666666665,0.696969696969697,46.56818181818181,1.016060606060606,4.575757575757576,3.8,0,1.0,1.0,0,2.0,1.0,6.0,2.0,4.0,1.0
1710687600,Coquimbo Unido,Colo Colo,0.0,1.9019607843137256,1.1764705882352942,2.019607843137255,55.68627450980392,1.1190196078431374,3.764705882352941,4.5,1.3823529411764706,0.9264705882352942,1.4264705882352942,58.73529411764706,1.0155882352941177,3.0441176470588234,3.8,0,1.0,1.0,1,0.0,0.0,5.0,3.0,2.0,5.0
1710709200,Palestino,Union La Calera,0.0,1.907142857142857,1.1142857142857143,1.5071428571428571,52.37142857142857,1.0867142857142857,3.064285714285714,4.5,1.1523809523809525,0.8761904761904763,1.8952380952380952,43.50476190476191,1.0201904761904763,3.428571428571429,3.8,0,1.0,1.0,1,0.0,0.0,7.0,1.0,3.0,3.0
1710718200,U. Catolica,A. Italiano,0.0,1.1388888888888888,1.8472222222222223,0.75,55.79166666666667,1.0843055555555554,3.3194444444444446,4.5,0.8777777777777778,1.511111111111111,1.1333333333333333,48.36666666666666,1.0117777777777779,3.2555555555555555,3.8,0,1.0,1.0,1,0.0,0.0,4.0,3.0,4.0,3.0
1711144800,Union La Calera,U. Catolica,0.0,0.8716216216216216,1.8310810810810811,0.7432432432432432,49.96621621621622,1.142027027027027,2.5878378378378377,4.5,1.4414414414414414,0.8288288288288289,1.882882882882883,45.04504504504504,1.0190990990990993,3.756756756756757,3.8,0,1.0,1.0,1,0.0,0.0,7.0,10.0,2.0,2.0
1711227600,Everton de Vina,Palestino,0.0,1.8070175438596492,1.4210526315789473,1.9824561403508771,53.66666666666667,1.8482456140350878,2.7719298245614037,4.5,1.087719298245614,0.8070175438596492,1.8771929824561404,48.33333333333333,1.0107017543859649,4.0701754385964914,3.8,0,1.0,1.0,1,0.0,0.0,2.0,6.0,0.0,3.0
1711404000,Universidad de Chile,Cobresal,0.0,1.0897435897435899,0.5512820512820513,2.230769230769231,55.32692307692308,1.2391025641025641,2.7948717948717947,4.5,0.8012820512820513,1.3397435897435899,0.6538461538461539,47.42307692307692,1.1578205128205128,3.301282051282051,3.8,0,1.0,1.0,1,2.0,2.0,10.0,2.0,5.0,3.0
1711659600,A. Italiano,Coquimbo Unido,0.0,1.4666666666666668,1.75,0.9666666666666668,48.66666666666667,1.1028333333333333,2.1,4.5,0.85,1.48,0.72,47.400000000000006,1.0061,2.84,3.8,0,1.0,1.0,2,0.0,1.0,9.0,4.0,4.0,2.0
1711668600,O'Higgins,Deportes Iquique,0.0,1.0682926829268293,0.8487804878048781,1.7658536585365852,44.50243902439024,1.0601951219512196,2.4731707317073175,4.5,2.0609756097560976,1.3353658536585367,2.1707317073170733,53.3719512195122,1.0074390243902438,2.7865853658536586,3.8,0,1.0,1.0,2,0.0,3.0,3.0,3.0,6.0,4.0
1711755000,Cobresal,Palestino,0.0,1.3214285714285714,1.5833333333333335,0.9404761904761905,54.476190476190474,1.0734523809523808,2.380952380952381,4.5,0.8333333333333334,0.5714285714285714,1.6904761904761905,46.523809523809526,1.0072619047619047,3.7976190476190474,3.8,0,1.0,1.0,2,0.0,2.0,4.0,5.0,5.0,4.0
1711810800,Huachipato,U. Catolica,0.0,1.058139534883721,1.0930232558139537,1.4244186046511627,57.151162790697676,1.0717441860465118,2.4069767441860463,4.5,1.0930232558139537,0.5581395348837209,1.7093023255813953,49.848837209302324,0.8945930232558139,3.308139534883721,3.8,0,1.0,1.0,1,0.0,0.0,7.0,3.0,0.0,0.0
1711832400,Colo Colo,Everton de Vina,0.0,1.0454545454545454,0.8295454545454546,1.4204545454545454,59.36363636363636,1.0822727272727273,1.875,4.5,1.6636363636363636,1.4363636363636363,1.3636363636363638,46.30909090909091,1.0056363636363637,2.418181818181818,3.8,0,1.0,1.0,0,4.0,1.0,14.0,5.0,2.0,4.0
1711918800,Cobreloa,Universidad de Chile,0.0,1.2622222222222221,0.8622222222222222,1.9511111111111112,49.675555555555555,1.2816444444444444,1.8933333333333335,4.5,1.5777777777777777,0.8277777777777777,2.188888888888889,44.65555555555555,1.0023333333333333,2.783333333333333,3.8,0,1.0,1.0,2,1.0,3.0,8.0,4.0,4.0,4.0
1711924200,Deportes Copiapo,Union La Calera,0.0,1.0760869565217392,2.0978260869565215,0.6739130434782609,53.076086956521735,1.1071739130434781,2.3804347826086953,4.5,0.8478260869565217,0.5760869565217391,1.7065217391304348,41.173913043478265,1.0022826086956522,3.2934782608695654,3.8,0,1.0,1.0,0,2.0,0.0,3.0,3.0,0.0,2.0
1711927800,Union Espanola,Nublense,0.0,1.2680851063829786,1.0680851063829788,1.753191489361702,46.238297872340425,1.087148936170213,3.280851063829787,4.5,1.3351063829787235,1.3351063829787235,1.4414893617021276,44.70212765957447,1.0179787234042554,2.5319148936170213,3.8,0,1.0,1.0,0,5.0,3.0,7.0,6.0,2.0,3.0
1712417400,Deportes Copiapo,Deportes Iquique,0.0,1.2999999999999998,1.6833333333333333,1.1666666666666667,52.44166666666666,1.1613333333333333,1.875,4.5,2.283333333333333,1.1,2.341666666666667,54.75833333333333,0.9984166666666667,3.025,3.8,0,1.0,1.0,0,3.0,0.0,6.0,3.0,2.0,3.0
1712426400,Nublense,Colo Colo,0.0,0.9142857142857144,0.8734693877551021,1.379591836734694,50.89795918367347,1.083591836734694,2.469387755102041,4.5,1.073469387755102,0.7142857142857143,1.3306122448979592,62.102040816326536,0.9984489795918368,3.424489795918367,3.8,0,1.0,1.0,0,3.0,0.0,8.0,6.0,4.0,2.0
1712435400,U. Catolica,Cobresal,0.0,0.9279999999999999,1.464,0.7919999999999999,57.544,1.08192,3.48,4.5,1.064,1.528,0.72,44.855999999999995,1.11848,3.216,3.8,0,1.0,1.0,0,2.0,0.0,7.0,3.0,6.0,3.0
1712444400,Everton de Vina,A. Italiano,0.0,1.4166666666666665,1.0686274509803921,1.7549019607843137,54.57352941176471,1.6553921568627454,2.1323529411764706,4.5,0.7124183006535948,1.2777777777777777,1.0915032679738563,46.28431372549019,0.9987581699346406,3.1797385620915035,3.8,0,1.0,1.0,0,2.0,0.0,15.0,6.0,3.0,1.0
1712516400,Union La Calera,O'Higgins,0.0,0.7384615384615385,1.4461538461538461,0.8153846153846154,46.892307692307696,1.1467692307692308,2.5076923076923077,4.5,1.3076923076923077,1.1730769230769231,1.375,43.88461538461539,1.015673076923077,3.0,3.8,0,1.0,1.0,2,2.0,3.0,7.0,3.0,6.0,3.0
1712525400,Coquimbo Unido,Cobreloa,0.0,1.4292452830188678,0.8254716981132075,1.7547169811320755,47.56132075471698,1.0966037735849057,3.4150943396226414,4.5,1.0754716981132075,1.9292452830188678,1.391509433962264,48.93867924528302,1.1207075471698114,3.5,3.8,0,1.0,1.0,0,2.0,1.0,6.0,4.0,2.0,5.0
1712534400,Union Espanola,Universidad de Chile,0.0,1.9567901234567902,1.382716049382716,2.0123456790123457,47.092592592592595,1.0632098765432099,3.1049382716049383,4.5,1.8592592592592594,0.9481481481481482,2.303703703703704,45.88888888888889,0.9985925925925926,3.014814814814815,3.8,0,1.0,1.0,2,0.0,1.0,1.0,8.0,5.0,4.0
1713043800,Union Espanola,Everton de Vina,0.0,1.6701298701298701,1.3272727272727272,1.716883116883117,48.23896103896104,1.0531948051948052,3.3870129870129873,4.5,1.5484848484848484,1.9484848484848485,1.0969696969696972,43.22121212121212,0.9305151515151515,2.6848484848484846,3.8,0,1.0,1.0,0,4.0,2.0,5.0,12.0,1.0,3.0
1713052800,Deportes Iquique,U. Catolica,0.0,1.7571428571428571,1.0642857142857143,2.0142857142857142,55.92857142857142,1.4835,3.3285714285714283,4.5,0.8642857142857143,0.5571428571428572,1.5071428571428571,50.27142857142857,0.9191428571428572,2.621428571428572,3.8,0,1.0,1.0,2,2.0,3.0,6.0,1.0,1.0,4.0
1713112200,O'Higgins,Huachipato,0.0,0.9678362573099415,1.2309941520467835,1.5029239766081872,43.48245614035088,1.0753801169590644,3.0964912280701755,4.5,1.0771929824561404,1.3614035087719296,1.3192982456140352,45.021052631578954,0.9777543859649123,2.0280701754385966,3.8,0,1.0,1.0,1,0.0,0.0,7.0,1.0,1.0,1.0
1713112200,Universidad de Chile,Coquimbo Unido,0.0,1.3517241379310345,0.8689655172413793,2.0,57.393103448275866,1.2204137931034484,3.3034482758620687,4.5,0.8908045977011494,1.293103448275862,1.0977011494252875,45.839080459770116,1.0050574712643678,2.67816091954023,3.8,0,1.0,1.0,1,1.0,1.0,6.0,7.0,4.0,4.0
1713121200,Nublense,Palestino,0.0,1.290960451977401,0.7231638418079096,1.6638418079096045,47.878531073446325,1.0768926553672318,2.7598870056497176,4.5,1.0677966101694916,0.5491525423728814,1.9152542372881358,48.14576271186441,1.0054237288135592,3.8203389830508474,3.8,0,1.0,1.0,2,0.0,2.0,7.0,8.0,3.0,5.0
1713139200,A. Italiano,Union La Calera,0.0,1.175,1.5916666666666668,0.7333333333333333,52.03333333333333,1.1121666666666667,2.6416666666666666,4.5,0.6733333333333333,0.94,1.3266666666666667,43.17333333333333,0.9252666666666667,3.033333333333333,3.8,0,1.0,1.0,1,2.0,2.0,4.0,2.0,3.0,2.0
1713227400,Colo Colo,Cobreloa,0.0,1.7442622950819673,0.8786885245901639,1.7836065573770492,62.03934426229509,1.6122622950819672,1.914754098360656,4.5,1.0786885245901638,1.9442622950819675,1.1245901639344262,46.96065573770492,1.1031803278688526,3.826229508196721,3.8,0,1.0,1.0,2,0.0,2.0,16.0,1.0,2.0,6.0
1713304800,Cobresal,Deportes Copiapo,0.0,1.135483870967742,1.6838709677419355,0.7741935483870968,52.8,1.1050967741935485,2.9096774193548387,4.5,0.8838709677419354,1.7354838709677418,0.535483870967742,45.6,1.002451612903226,3.8451612903225802,3.8,0,1.0,1.0,0,3.0,0.0,5.0,8.0,1.0,5.0
1713382200,Palestino,Huachipato,0.0,1.546031746031746,0.8761904761904762,1.384126984126984,55.01587301587301,1.1034285714285714,3.0984126984126985,4.5,0.8968253968253969,1.1216931216931219,1.2724867724867726,44.98677248677249,0.9886772486772488,1.880952380952381,3.8,0,1.0,1.0,0,2.0,0.0,5.0,3.0,0.0,2.0
1713573000,Union La Calera,Everton de Vina,0.0,0.9583333333333334,1.7239583333333333,0.6614583333333334,46.989583333333336,1.1415104166666667,3.067708333333333,4.5,1.6205357142857144,2.25,0.9419642857142858,43.86607142857143,1.113125,2.75,3.8,0,1.0,1.0,2,0.0,1.0,6.0,2.0,3.0,5.0
1713639600,Cobresal,Nublense,0.0,1.4512820512820515,1.3897435897435897,1.1538461538461537,53.15384615384615,1.0835384615384616,2.569230769230769,4.5,1.6676923076923078,2.1415384615384614,1.1292307692307693,45.215384615384615,1.0183384615384616,2.661538461538462,3.8,0,1.0,1.0,1,2.0,2.0,3.0,7.0,0.0,4.0
1713648600,U. Catolica,Colo Colo,0.0,1.121212121212121,1.2272727272727273,1.1515151515151516,55.025252525252526,1.0822727272727273,3.888888888888889,4.5,0.893939393939394,1.121212121212121,1.106060606060606,62.80808080808081,1.0019191919191919,3.2222222222222223,3.8,0,1.0,1.0,2,0.0,1.0,5.0,11.0,4.0,5.0
1713659400,Coquimbo Unido,O'Higgins,0.0,1.5373134328358211,0.8716417910447761,1.973134328358209,50.40298507462687,1.0972537313432835,3.0746268656716422,4.5,1.671641791044776,1.337313432835821,1.7373134328358208,45.59701492537313,1.0162686567164179,3.0776119402985076,3.8,0,1.0,1.0,0,2.0,0.0,3.0,7.0,4.0,3.0
1713717000,Huachipato,Deportes Iquique,0.0,0.9411764705882353,0.8647058823529412,1.3823529411764706,55.535294117647055,1.3098235294117648,1.8823529411764706,4.5,1.8872549019607843,1.450980392156863,1.9411764705882353,56.55392156862745,1.0018627450980393,3.0637254901960786,3.8,0,1.0,1.0,0,2.0,1.0,7.0,3.0,3.0,3.0
1713726000,Palestino,Universidad de Chile,0.0,1.6207729468599033,0.7198067632850242,1.6594202898550723,53.77777777777777,1.078695652173913,2.570048309178744,4.5,1.7198067632850242,0.7874396135265701,2.4347826086956523,45.55555555555556,1.0018357487922707,3.229468599033816,3.8,0,1.0,1.0,1,2.0,2.0,5.0,3.0,1.0,5.0
1713735000,Union Espanola,Deportes Copiapo,0.0,2.292857142857143,1.1928571428571428,2.1678571428571427,50.86785714285714,1.2756785714285714,2.771428571428571,4.5,0.7238095238095239,1.9571428571428573,0.4333333333333334,45.576190476190476,1.001809523809524,4.071428571428571,3.8,0,1.0,1.0,0,5.0,3.0,6.0,5.0,0.0,4.0
1713744000,Cobreloa,A. Italiano,0.0,1.307511737089202,1.232394366197183,1.664319248826291,49.77934272300469,1.2381455399061032,2.215962441314554,4.5,0.6277665995975855,1.4064386317907445,0.9376257545271631,45.760563380281695,1.001529175050302,2.921529175050302,3.8,0,1.0,1.0,2,0.0,3.0,5.0,1.0,1.0,1.0
1714172400,O'Higgins,Union Espanola,0.0,0.8293650793650793,1.0634920634920635,1.4206349206349207,45.08730158730159,1.1376190476190475,2.75,4.5,1.1111111111111112,1.4513888888888888,0.9027777777777778,50.34722222222222,1.0016666666666667,3.5972222222222223,3.8,0,1.0,1.0,1,2.0,2.0,3.0,6.0,2.0,2.0
1714244400,Deportes Copiapo,U. Catolica,0.0,1.636986301369863,1.4109589041095891,1.4885844748858448,49.38356164383562,1.1378538812785388,1.8721461187214612,4.5,1.2442922374429224,0.8036529680365297,1.7671232876712328,48.61643835616438,0.904337899543379,2.8926940639269407,3.8,0,1.0,1.0,2,0.0,1.0,7.0,2.0,2.0,1.0
1714253400,Nublense,Cobreloa,0.0,1.111969111969112,0.9227799227799229,1.4131274131274132,47.85328185328185,1.0415830115830116,2.7451737451737452,4.5,1.2432432432432432,1.6306306306306304,1.4414414414414414,43.00450450450451,1.020900900900901,4.216216216216216,3.8,0,1.0,1.0,0,6.0,0.0,3.0,3.0,2.0,5.0
1714321800,Everton de Vina,Coquimbo Unido,0.0,1.5813333333333333,0.8853333333333333,1.9866666666666668,55.016,1.53104,2.24,4.5,0.9180952380952382,1.2723809523809524,1.0876190476190475,44.84571428571429,0.9949714285714286,2.9066666666666667,3.8,0,1.0,1.0,2,1.0,2.0,7.0,5.0,3.0,3.0
1714330800,Huachipato,Universidad de Chile,0.0,1.1491228070175439,0.9078947368421053,1.6491228070175437,54.8640350877193,1.2499122807017544,2.0350877192982457,4.5,1.7781954887218046,0.9849624060150377,2.236842105263158,46.54511278195489,1.0063157894736843,3.4774436090225564,3.8,0,1.0,1.0,2,0.0,4.0,4.0,5.0,3.0,4.0
1714341600,Colo Colo,Union La Calera,0.0,1.4761904761904763,1.0865800865800868,1.4761904761904763,64.51731601731602,1.9789826839826838,1.8701298701298703,4.5,0.91991341991342,1.1428571428571428,1.2835497835497836,43.64935064935065,0.9406060606060607,2.893939393939394,3.8,0,1.0,1.0,0,3.0,1.0,8.0,2.0,0.0,3.0
1714350600,Deportes Iquique,Palestino,0.0,1.8162393162393162,1.4188034188034189,1.6495726495726495,56.58119658119658,1.603076923076923,2.858974358974359,4.5,1.2521367521367521,0.48290598290598297,2.111111111111111,48.75213675213675,1.0055128205128208,4.05982905982906,3.8,0,1.0,1.0,0,2.0,1.0,0.0,7.0,4.0,2.0
1714437000,A. Italiano,Cobresal,0.0,1.382278481012658,1.70126582278481,0.7873417721518987,52.470886075949366,1.0865316455696203,2.6379746835443036,4.5,0.9177215189873418,1.6518987341772151,0.6054852320675106,47.107594936708864,1.1045991561181434,3.2215189873417724,3.8,0,1.0,1.0,2,0.0,1.0,13.0,1.0,1.0,2.0
1714764600,Palestino,Deportes Copiapo,0.0,1.6964285714285716,0.9285714285714286,1.5571428571428574,52.96785714285714,1.065,2.3071428571428574,4.5,1.0714285714285714,2.4107142857142856,0.3821428571428571,45.175,1.0038928571428571,4.042857142857143,3.8,0,1.0,1.0,0,3.0,1.0,4.0,6.0,3.0,6.0
1714777200,Coquimbo Unido,Huachipato,0.0,1.6522633744855966,0.7489711934156379,2.156378600823045,48.81481481481482,1.0748971193415637,3.193415637860082,4.5,0.7848324514991181,1.2733686067019399,1.091710758377425,46.01587301587302,0.992416225749559,1.91005291005291,3.8,0,1.0,1.0,0,3.0,1.0,1.0,6.0,1.0,3.0
1714849200,Cobresal,Colo Colo,0.0,1.564459930313589,1.4982578397212545,1.1393728222996515,54.073170731707314,1.0634146341463415,2.1602787456445993,4.5,0.926829268292683,0.9930313588850175,1.372822299651568,61.35540069686411,1.0037979094076657,3.480836236933798,3.8,0,1.0,1.0,1,2.0,2.0,8.0,1.0,2.0,4.0
1714867200,Union Espanola,U. Catolica,0.0,2.9737617135207497,1.6784471218206158,2.195983935742972,52.34859437751004,1.2742838018741633,2.4342704149933065,4.5,1.2151462994836488,0.7091222030981068,1.9432013769363168,50.237521514629954,0.9151807228915663,2.6265060240963853,3.8,0,1.0,1.0,2,1.0,2.0,2.0,4.0,3.0,5.0
1714926600,Union La Calera,Nublense,0.0,0.8503401360544218,1.6462585034013606,0.5612244897959183,47.60884353741497,1.1104761904761906,3.0170068027210886,4.5,1.753968253968254,2.1587301587301586,1.1071428571428572,44.45634920634921,1.01765873015873,2.904761904761905,3.8,0,1.0,1.0,0,2.0,1.0,2.0,7.0,3.0,1.0
1714935600,Universidad de Chile,Deportes Iquique,0.0,1.3274509803921568,0.919607843137255,1.8274509803921568,58.05098039215686,1.2130392156862744,3.354901960784314,4.5,1.788235294117647,1.566386554621849,1.6588235294117648,55.38487394957983,1.0036638655462184,3.053781512605042,3.8,0,1.0,1.0,1,2.0,2.0,10.0,4.0,2.0,5.0
1714944600,Cobreloa,Everton de Vina,0.0,1.1395348837209303,1.5049833887043191,1.4219269102990033,49.80730897009966,1.2033222591362125,2.0166112956810633,4.5,1.666860465116279,2.1720930232558135,1.2255813953488373,45.668604651162795,1.1201686046511627,3.052325581395349,3.8,0,1.0,1.0,2,1.0,2.0,9.0,4.0,2.0,4.0
1714953600,O'Higgins,A. Italiano,0.0,0.9706896551724139,1.3689655172413793,1.1149425287356323,46.86494252873563,1.1287988505747126,2.7379310344827585,4.5,1.0689655172413794,1.2706896551724136,1.3804597701149424,46.53505747126437,1.198132183908046,2.6045977011494252,3.8,0,1.0,1.0,2,0.0,5.0,6.0,7.0,3.0,2.0
1715445000,Huachipato,Union Espanola,0.0,0.9902597402597403,1.3766233766233766,1.4123376623376622,54.13961038961038,1.2125974025974027,2.159090909090909,4.5,1.3272727272727272,1.5863636363636364,0.9363636363636363,52.00454545454545,1.0051818181818182,3.281818181818182,3.8,0,1.0,1.0,1,2.0,2.0,8.0,4.0,4.0,5.0
1715463000,U. Catolica,O'Higgins,0.0,0.9919743178170145,1.2359550561797752,0.9823434991974318,54.02407704654895,1.0590690208667737,3.87800963081862,4.5,1.4419475655430711,1.4906367041198503,1.445692883895131,47.80524344569288,1.0225280898876405,3.0749063670411987,3.8,0,1.0,1.0,0,3.0,2.0,6.0,5.0,5.0,3.0
1715472000,Everton de Vina,Cobresal,0.0,1.4962962962962965,1.1111111111111112,1.6518518518518517,55.37037037037037,1.4381481481481482,2.3666666666666667,4.5,0.9523809523809524,1.4253968253968254,0.9492063492063493,44.682539682539684,1.0949206349206348,3.0634920634920633,3.8,0,1.0,1.0,1,3.0,3.0,6.0,6.0,4.0,2.0
1715531400,Deportes Copiapo,Cobreloa,0.0,1.4301412872841444,1.3861852433281006,1.271585557299843,48.15384615384616,1.1120565149136579,1.8901098901098903,4.5,1.1004709576138147,2.2872841444270016,1.2339089481946623,42.98901098901099,1.0205337519623234,4.345368916797488,3.8,0,1.0,1.0,0,4.0,0.0,8.0,5.0,1.0,3.0
1715540400,A. Italiano,Colo Colo,0.0,1.177536231884058,1.61231884057971,0.6557971014492754,55.336956521739125,1.2516666666666665,2.3659420289855073,4.5,0.7842391304347825,1.2831521739130434,1.0760869565217392,60.17228260869565,1.0078804347826087,3.8016304347826084,3.8,0,1.0,1.0,2,1.0,4.0,2.0,3.0,2.0,2.0
1715558400,Deportes Iquique,Nublense,0.0,1.8648233486943164,1.390168970814132,1.8433179723502304,55.207373271889395,1.6236712749615978,3.026113671274962,4.5,1.6758832565284179,2.150537634408602,0.9493087557603688,44.64976958525345,1.0203379416282643,2.6267281105990783,3.8,0,1.0,1.0,0,2.0,1.0,8.0,6.0,4.0,2.0
1715641200,Union La Calera,Universidad de Chile,0.0,0.9829787234042554,1.3904255319148935,0.9670212765957448,49.49787234042553,1.0999361702127661,3.201595744680851,4.5,1.9904255319148938,0.8329787234042553,2.277127659574468,46.152127659574475,1.0077127659574467,3.4952127659574472,3.8,0,1.0,1.0,2,1.0,3.0,1.0,5.0,4.0,4.0
1716049800,Everton de Vina,Deportes Copiapo,0.0,1.7218045112781954,1.393984962406015,1.5578947368421054,53.896240601503756,1.3724812030075189,2.606015037593985,4.5,1.0947368421052632,2.481578947368421,0.33157894736842103,45.86578947368422,1.0076315789473684,4.097368421052632,3.8,0,1.0,1.0,0,1.0,0.0,9.0,8.0,2.0,4.0
1716058800,Cobreloa,Deportes Iquique,0.0,1.1302083333333333,1.6911458333333333,1.2671875,52.45520833333334,1.1392708333333335,2.3036458333333334,4.5,1.6911458333333333,1.5802083333333334,1.3781249999999998,51.89479166666667,1.0095833333333333,3.0494791666666665,3.8,0,1.0,1.0,1,2.0,2.0,9.0,0.0,3.0,3.0
1716067800,Universidad de Chile,U. Catolica,0.0,1.4359351988217968,1.106038291605302,1.703976435935199,59.273932253313696,1.1799263622974963,3.1767304860088363,4.5,1.2427835051546392,0.8314432989690721,1.977319587628866,52.060309278350516,0.9192680412371135,2.598969072164948,3.8,0,1.0,1.0,2,1.0,2.0,9.0,4.0,3.0,7.0
1716136200,Nublense,O'Higgins,0.0,2.0301020408163266,0.944387755102041,1.7122448979591838,48.410204081632656,1.0292857142857144,2.9056122448979593,4.5,1.5364431486880468,1.7201166180758019,1.2361516034985423,47.559766763848394,1.0232944606413994,3.0670553935860054,3.8,0,1.0,1.0,1,2.0,2.0,2.0,3.0,2.0,1.0
1716154200,Colo Colo,Palestino,0.0,1.7215007215007216,1.1096681096681098,1.6984126984126986,64.87157287157287,1.8378210678210678,1.6046176046176046,4.5,1.2525252525252526,0.7215007215007215,1.8066378066378066,49.41414141414141,0.9277344877344877,3.774891774891775,3.8,0,1.0,1.0,0,2.0,0.0,1.0,2.0,5.0,3.0
1716242400,Cobresal,Coquimbo Unido,0.0,1.5825000000000002,1.5425000000000002,1.115,53.24,1.052675,2.16,4.5,1.2425,1.4324999999999999,1.3775,43.910000000000004,0.999775,3.0525,3.8,0,1.0,1.0,2,2.0,3.0,6.0,2.0,3.0,3.0
1716251400,Huachipato,A. Italiano,0.0,1.2836633663366337,1.5465346534653466,1.5613861386138614,53.42178217821782,1.2126534653465346,2.7608910891089105,4.5,1.5524752475247525,1.118811881188119,1.3837183718371837,46.06952695269527,1.494140814081408,2.112871287128713,3.8,0,1.0,1.0,2,0.0,1.0,5.0,3.0,1.0,1.0
1716579000,Palestino,Union Espanola,0.0,1.4299019607843135,1.0955882352941178,1.5578431372549022,54.63088235294117,1.0500245098039216,2.156862745098039,4.5,1.4607843137254903,1.6732026143790848,0.9477124183006536,49.8921568627451,1.0109477124183006,3.5620915032679736,3.8,0,1.0,1.0,2,0.0,1.0,6.0,8.0,3.0,3.0
1716591600,Union La Calera,Coquimbo Unido,0.0,1.1121898597626754,1.5508090614886731,0.9372168284789644,48.15426105717368,1.0595900755124057,3.3846817691477886,4.5,1.7063646170442288,1.578856526429342,1.8576051779935274,40.95685005393743,0.9991844660194175,2.885436893203883,3.8,0,1.0,1.0,2,1.0,2.0,4.0,4.0,2.0,5.0
1716654600,Huachipato,Everton de Vina,0.0,0.9555555555555555,1.5521367521367522,1.0897435897435896,53.133760683760684,1.107388888888889,2.2944444444444443,4.5,1.8632478632478633,2.0444444444444447,1.7055555555555557,41.73290598290598,1.1328504273504274,3.511538461538462,3.8,0,1.0,1.0,0,1.0,0.0,4.0,8.0,3.0,2.0
1716663600,Deportes Iquique,Colo Colo,0.0,2.0238095238095237,1.3928571428571428,2.1547619047619047,52.93571428571429,1.644095238095238,3.0571428571428574,4.5,1.3936507936507936,1.2656084656084656,1.547089947089947,60.87936507936507,1.0114074074074073,3.508994708994709,3.8,0,1.0,1.0,2,0.0,3.0,2.0,8.0,2.0,0.0
1716672600,U. Catolica,Cobreloa,0.0,1.4202830188679243,1.396698113207547,1.4014150943396224,53.347641509433956,1.0481367924528302,3.8056603773584907,4.5,1.0966981132075473,2.1702830188679245,1.2443396226415093,42.302358490566036,1.0247122641509434,4.240094339622641,3.8,0,1.0,1.0,0,4.0,1.0,2.0,5.0,3.0,7.0
1716681600,O'Higgins,Cobresal,0.0,0.6454828660436137,2.0184839044652128,0.6267912772585669,49.040290758047774,1.1528328141225337,2.7613707165109034,4.5,1.2457943925233643,1.5761682242990656,1.0911214953271027,46.054672897196255,1.1025934579439252,2.5990654205607475,3.8,0,1.0,1.0,1,2.0,2.0,9.0,2.0,3.0,4.0
1716750000,Deportes Copiapo,A. Italiano,0.0,1.8773148148148149,0.9472222222222223,1.7041666666666668,46.32083333333333,1.1042453703703705,1.7074074074074073,4.5,1.7177777777777778,0.6218518518518519,1.8722222222222222,44.46333333333333,1.6163814814814814,1.9207407407407409,3.8,0,1.0,1.0,0,2.0,1.0,4.0,3.0,3.0,3.0
1716759000,Universidad de Chile,Nublense,0.0,1.428440366972477,1.3963302752293576,1.2577981651376147,60.24311926605505,1.2403119266055045,3.208256880733945,4.5,1.6963302752293579,2.478440366972477,0.4871559633027523,46.05688073394495,1.0243623853211008,2.7504587155963307,3.8,0,1.0,1.0,1,0.0,0.0,13.0,0.0,1.0,5.0
1717201800,Cobreloa,O'Higgins,0.0,1.1111111111111112,1.8606060606060606,0.9393939393939394,51.09292929292929,1.280787878787879,2.4484848484848483,4.5,1.393181818181818,1.875,0.9363636363636365,48.57045454545454,1.03775,2.9045454545454543,3.8,0,1.0,1.0,2,0.0,4.0,3.0,4.0,2.0,3.0
1717277400,Union Espanola,Deportes Iquique,0.0,2.6972972972972977,2.0392792792792793,1.722882882882883,52.82702702702703,1.2687747747747748,2.2825225225225227,4.5,1.5547547547547547,1.7303303303303303,1.08008008008008,51.08108108108108,1.1787907907907909,3.514714714714715,3.8,0,1.0,1.0,0,4.0,3.0,2.0,4.0,1.0,2.0
1717286400,A. Italiano,Palestino,0.0,1.1454081632653061,1.9744897959183676,0.5510204081632654,51.02295918367347,1.2106377551020409,2.313775510204082,4.5,1.1026785714285714,0.9772321428571429,1.3870535714285712,47.67991071428572,0.9295312499999999,3.3513392857142854,3.8,0,1.0,1.0,2,1.0,2.0,3.0,6.0,3.0,4.0
1717345800,Everton de Vina,Universidad de Chile,0.0,1.4261061946902653,1.1039823008849559,1.553982300884956,51.55,1.1231548672566372,2.450442477876106,4.5,2.336873156342183,0.9565388397246803,2.3250737463126843,49.55555555555556,1.0105998033431662,3.980530973451328,3.8,0,1.0,1.0,2,1.0,2.0,4.0,3.0,2.0,0.0
1717354800,Cobresal,Union La Calera,0.0,1.7333333333333334,1.7157894736842105,1.0896686159844053,53.68771929824562,1.039785575048733,2.2881091617933724,4.5,0.9774436090225564,1.4285714285714286,1.1077694235588973,42.17293233082707,0.9563659147869674,2.9097744360902253,3.8,0,1.0,1.0,0,2.0,1.0,4.0,5.0,2.0,4.0
1717363800,Colo Colo,Deportes Copiapo,0.0,1.7260869565217392,1.1043478260869566,1.7043478260869567,65.3195652173913,1.942869565217391,1.9978260869565219,4.5,1.0927536231884059,2.51207729468599,0.3033816425120773,46.78260869565217,1.1317487922705314,3.8202898550724638,3.8,0,1.0,1.0,2,0.0,1.0,9.0,1.0,3.0,5.0
1717372800,Coquimbo Unido,U. Catolica,0.0,1.854679802955665,0.8325123152709359,2.2586206896551726,47.00985221674877,1.050270935960591,2.88423645320197,4.5,1.5586206896551724,0.9536398467432949,2.328735632183908,48.459003831417625,0.9527701149425287,3.3570881226053637,3.8,0,1.0,1.0,0,2.0,0.0,6.0,5.0,1.0,0.0
1717709400,Coquimbo Unido,Palestino,0.0,1.723931623931624,0.6504273504273504,2.304700854700855,44.345726495726495,1.0618675213675215,2.1452991452991452,4.5,1.4003798670465335,1.1101614434947769,1.7038936372269706,50.026020892687555,0.9235802469135803,3.5065527065527067,3.8,0,1.0,1.0,1,0.0,0.0,10.0,3.0,3.0,2.0
1717801200,Union Espanola,Union La Calera,0.0,2.56055469953775,2.052696456086287,1.7300462249614794,51.671186440677964,1.2689060092449924,2.106317411402157,4.5,0.9474576271186441,1.7207627118644069,0.6411016949152543,44.25211864406779,0.9501906779661016,2.8923728813559317,3.8,0,1.0,1.0,2,0.0,1.0,4.0,4.0,3.0,4.0
1718910000,Nublense,Huachipato,0.0,2.193464052287582,0.9303454715219421,1.8674136321195145,48.44276377217554,1.050782446311858,2.908496732026144,4.5,0.7966386554621848,1.5676470588235296,0.9445378151260505,47.226890756302524,1.0191050420168066,1.9941176470588236,3.8,0,1.0,1.0,0,3.0,0.0,8.0,6.0,2.0,1.0
1721430000,Huachipato,Cobreloa,0.0,1.0966666666666667,1.5550000000000002,1.403333333333333,52.644999999999996,0.9307333333333334,2.7566666666666664,4.5,0.9277777777777778,2.8185185185185184,0.7703703703703704,42.705555555555556,0.9442222222222222,4.746296296296296,3.8,0,1.0,1.0,1,1.0,1.0,6.0,5.0,2.0,7.0
1721493000,Coquimbo Unido,Nublense,0.0,1.7287419651056015,0.6159779614325069,2.3362718089990815,48.44609733700643,1.0587033976124887,2.284113865932048,4.5,1.3937557392102846,2.039853076216713,0.6141414141414141,44.24279155188246,1.0079338842975207,3.042240587695133,3.8,0,1.0,1.0,0,1.0,0.0,7.0,4.0,4.0,3.0
1721502000,O'Higgins,Deportes Copiapo,0.0,0.9350819672131148,2.1921311475409837,0.7652459016393443,50.89311475409836,1.1493377049180327,2.918032786885246,4.5,1.0721311475409836,2.2150819672131146,0.7504918032786885,44.786885245901644,1.1318819672131148,4.477704918032787,3.8,0,1.0,1.0,0,2.0,0.0,3.0,5.0,3.0,2.0
1721511000,U. Catolica,Union La Calera,0.0,1.7288166214995484,0.9221318879855465,1.8753387533875339,52.010840108401084,1.0393857271906053,3.9985546522131887,4.5,1.0776874435411021,1.7288166214995484,0.9203252032520326,44.10027100271002,0.9455826558265582,3.039747064137308,3.8,0,1.0,1.0,0,2.0,0.0,0.0,5.0,1.0,2.0
1721520000,Deportes Iquique,A. Italiano,0.0,1.4186379928315411,1.5419354838709678,1.7225806451612904,49.20716845878136,1.6566236559139784,2.595698924731183,4.5,1.8797653958944283,0.9243401759530792,1.7146627565982406,48.485043988269794,1.6265161290322578,1.8853372434017595,3.8,0,1.0,1.0,0,2.0,1.0,6.0,4.0,4.0,1.0
1721579400,Palestino,Everton de Vina,0.0,1.4195555555555555,0.9191111111111111,1.5697777777777777,51.40266666666667,1.0409422222222222,2.1315555555555554,4.5,1.2271999999999998,1.8976,1.224,43.8176,1.135408,3.5104,3.8,0,1.0,1.0,2,1.0,4.0,2.0,4.0,6.0,5.0
1721588400,Cobresal,Universidad de Chile,0.0,2.056825396825397,1.5514285714285716,1.5704761904761906,54.42857142857143,1.0366825396825396,1.803809523809524,4.5,2.1914285714285713,0.9368253968253969,2.3466666666666667,51.331428571428575,1.0113650793650795,3.3533333333333335,3.8,0,1.0,1.0,1,3.0,3.0,8.0,1.0,2.0,1.0
1721597400,Colo Colo,Union Espanola,0.0,1.7324584426946632,1.0822397200349956,1.7219597550306214,66.00699912510936,1.9746649168853891,2.447594050743657,4.5,1.391451068616423,1.4274465691788527,1.2373453318335208,51.562429696287964,1.0099212598425198,3.471316085489314,3.8,0,1.0,1.0,0,2.0,1.0,13.0,3.0,2.0,3.0
1722034800,Everton de Vina,Deportes Iquique,0.0,1.5777777777777777,1.3927083333333332,1.4135416666666665,48.759375,1.1234409722222223,2.7576388888888888,4.5,1.5534375000000002,2.38,0.5840624999999999,50.216562499999995,1.183659375,3.1896875000000002,3.8,0,1.0,1.0,1,1.0,1.0,5.0,6.0,3.0,1.0
1722097800,Deportes Copiapo,Coquimbo Unido,0.0,2.043583118001723,0.6142980189491818,2.19052540913006,45.03445305770887,1.1013333333333335,1.824978466838932,4.5,1.7128682170542637,1.0992248062015504,2.3435658914728683,41.88899224806201,0.9979751937984496,3.3463565891472866,3.8,0,1.0,1.0,0,3.0,0.0,1.0,6.0,2.0,2.0
1722106800,Union Espanola,Cobresal,0.0,2.5846153846153848,2.058974358974359,1.744871794871795,53.189743589743586,1.272897435897436,1.7679487179487179,4.5,1.5452991452991454,1.735042735042735,1.223931623931624,44.08034188034188,1.0109230769230768,2.8717948717948714,3.8,0,1.0,1.0,0,2.0,1.0,8.0,4.0,3.0,5.0
1722115800,Colo Colo,O'Higgins,0.0,1.4222900763358777,1.0702290076335879,1.7361832061068703,64.84274809160306,1.5776885496183208,2.4421374045801523,4.5,2.01136556403732,1.7358778625954199,1.3772688719253603,49.66361323155216,1.0296861747243427,2.719423240033927,3.8,0,1.0,1.0,0,2.0,1.0,3.0,7.0,4.0,3.0
1722193200,Nublense,U. Catolica,0.0,2.543030303030303,0.9096969696969697,1.8984848484848484,47.89151515151515,1.2563787878787878,2.604242424242424,4.5,1.5496969696969698,1.263030303030303,2.1775757575757573,48.908484848484854,0.8584151515151515,3.347272727272727,3.8,0,1.0,1.0,2,1.0,2.0,3.0,3.0,6.0,1.0
1722202200,A. Italiano,Universidad de Chile,0.0,0.9778195488721806,1.8383458646616542,0.5203007518796993,51.30263157894737,1.2165939849624061,2.611654135338346,4.5,2.536978810663021,1.4202323991797676,2.0365003417635,54.179904306220095,0.9764771018455228,2.8582365003417634,3.8,0,1.0,1.0,0,1.0,0.0,2.0,5.0,3.0,5.0
1722211200,Union La Calera,Huachipato,0.0,1.2614925373134327,1.8686567164179104,0.7785074626865671,50.739402985074626,1.039776119402985,3.409850746268657,4.5,0.7651741293532339,1.7349917081260366,0.9091210613598673,50.311774461028186,0.9462620232172471,2.0965174129353237,3.8,0,1.0,1.0,0,2.0,1.0,2.0,7.0,2.0,3.0
1722297600,Cobreloa,Palestino,0.0,0.9422222222222223,2.508148148148148,0.46074074074074073,52.800000000000004,1.1944296296296297,2.448888888888889,4.5,1.068148148148148,1.1022222222222222,1.3762962962962961,48.96000000000001,0.924088888888889,3.186666666666667,3.8,0,1.0,1.0,0,3.0,1.0,5.0,1.0,1.0,3.0
1722643200,Coquimbo Unido,Union Espanola,0.0,1.5844117647058824,0.4276470588235294,2.382941176470588,46.23117647058823,1.0576705882352941,2.606470588235294,4.5,1.2345588235294116,1.4305147058823526,1.0680147058823528,49.96102941176471,1.0102867647058822,3.3330882352941176,3.8,0,1.0,1.0,1,2.0,2.0,6.0,3.0,2.0,5.0
1722702600,Everton de Vina,O'Higgins,0.0,1.4251094890510947,1.5486131386861315,1.102189781021898,48.776642335766425,1.1253605839416059,2.765547445255474,4.5,1.7086131386861314,1.745109489051095,0.894014598540146,47.863357664233575,0.9662189781021895,2.709197080291971,3.8,0,1.0,1.0,1,1.0,1.0,5.0,2.0,0.0,2.0
1722720600,U. Catolica,Palestino,0.0,2.0643478260869568,0.9081159420289855,2.2214492753623185,49.553623188405794,1.0432173913043479,3.5617391304347823,4.5,0.8982872200263505,1.5857707509881425,0.8851119894598156,49.35125164690382,1.0392911725955203,2.861396574440053,3.8,0,1.0,1.0,1,1.0,1.0,1.0,10.0,3.0,3.0
1722729600,Deportes Iquique,Union La Calera,0.0,1.5835971223021585,1.7076258992805755,1.7407194244604318,50.82820143884892,1.5545323741007198,2.9223021582733817,4.5,1.0676258992805754,1.7435971223021585,0.8932374100719425,44.051798561151074,1.0150359712230215,3.0273381294964032,3.8,0,1.0,1.0,1,1.0,1.0,3.0,4.0,2.0,4.0
1722789000,A. Italiano,Nublense,0.0,1.1142857142857143,1.696825396825397,0.9555555555555555,47.12539682539682,1.221015873015873,2.4460317460317462,4.5,0.9071428571428573,1.4228571428571426,0.5728571428571428,45.167142857142856,1.0151285714285714,3.028571428571429,3.8,0,1.0,1.0,2,0.0,1.0,4.0,4.0,2.0,4.0
1722798000,Cobresal,Cobreloa,0.0,2.0733720180528694,2.0424242424242425,1.2526112185686653,51.63404255319149,1.2674790457769183,1.9459703417150225,4.5,0.9066666666666667,2.7007092198581564,0.8953191489361703,42.282553191489356,0.950414184397163,5.109787234042552,3.8,0,1.0,1.0,0,3.0,2.0,6.0,4.0,4.0,3.0
1722807000,Universidad de Chile,Deportes Copiapo,0.0,1.2697965571205008,1.3862284820031299,0.9555555555555555,61.61001564945227,1.1519405320813774,2.9139280125195617,4.5,1.06145966709347,2.075288092189501,0.721382842509603,45.57362355953905,1.1417592829705507,4.008706786171575,3.8,0,1.0,1.0,0,1.0,0.0,14.0,1.0,0.0,4.0
1723230000,Palestino,O'Higgins,0.0,1.5820979020979022,1.5457342657342659,1.4220979020979019,50.080000000000005,1.0631216783216786,2.5988811188811187,4.5,1.8779402415766053,1.5837253655435475,1.0470438652256835,48.654545454545456,0.9982034329307056,2.5370629370629367,3.8,0,1.0,1.0,0,4.0,1.0,5.0,0.0,0.0,3.0
1723240800,Huachipato,Cobresal,0.0,0.9323232323232323,1.5502525252525254,1.0946969696969697,54.28964646464646,0.9407500000000001,2.595707070707071,4.5,1.3852777777777776,1.7455555555555557,1.05,44.64138888888888,1.3238583333333334,3.190555555555556,3.8,0,1.0,1.0,1,0.0,0.0,6.0,2.0,3.0,1.0
1723249800,Cobreloa,Union La Calera,0.0,1.2576802507836988,2.2031347962382446,0.9304075235109718,52.01755485893417,1.1557053291536052,1.941692789968652,4.5,0.8940438871473355,1.5849529780564264,0.8815047021943574,43.727899686520374,1.0354357366771159,3.352351097178683,3.8,0,1.0,1.0,0,2.0,0.0,6.0,2.0,5.0,7.0
1723305600,Deportes Copiapo,Nublense,0.0,2.224109589041096,0.5816438356164384,2.2254794520547945,44.82602739726027,1.0308767123287672,2.1191780821917807,4.5,0.7287671232876711,1.0946450809464507,0.8799501867995019,45.84906600249066,1.1278829389788294,3.0298879202988793,3.8,0,1.0,1.0,2,0.0,1.0,3.0,3.0,1.0,1.0
1723316400,Universidad de Chile,Colo Colo,0.0,1.1020408163265305,1.0612244897959182,1.2634013605442176,63.21904761904762,1.7180952380952383,2.1170068027210887,4.5,1.8612244897959185,1.2620408163265304,1.8503401360544218,59.500952380952384,1.0170884353741496,2.7099319727891156,3.8,0,1.0,1.0,1,0.0,0.0,5.0,8.0,2.0,3.0
1723330800,Coquimbo Unido,Deportes Iquique,0.0,1.581818181818182,0.7267813267813268,2.0751842751842755,46.296068796068795,1.5132530712530714,2.2692874692874696,4.5,1.7085995085995087,2.0727272727272728,0.7181818181818181,46.66756756756757,1.1912604422604423,2.863390663390663,3.8,0,1.0,1.0,2,1.0,2.0,13.0,1.0,2.0,4.0
1723393800,A. Italiano,Union Espanola,0.0,0.7793288590604026,1.5404026845637586,0.7806711409395972,47.2255033557047,1.120971812080537,2.2754362416107385,4.5,1.5337807606263982,1.5770320656226695,1.2137211036539894,50.14944071588367,1.1553228933631616,3.5009694258016406,3.8,0,1.0,1.0,1,1.0,1.0,9.0,3.0,6.0,5.0
1723402800,Everton de Vina,U. Catolica,0.0,1.416969696969697,1.3818181818181818,1.2545454545454544,45.47757575757576,1.2881212121212122,2.272727272727273,4.5,1.3818181818181818,1.0896969696969696,2.192727272727273,51.086060606060606,0.8873333333333333,2.8666666666666667,3.8,0,1.0,1.0,1,0.0,0.0,5.0,8.0,2.0,2.0
1723849200,Colo Colo,Coquimbo Unido,0.0,1.7424443106562313,0.8893437688139675,2.2357615894039733,62.00228777844672,1.372609271523179,2.7629139072847684,4.5,1.5438892233594221,1.5788079470198677,1.8651414810355207,43.88862131246238,0.9111547260686333,3.356170981336544,3.8,0,1.0,1.0,0,2.0,0.0,3.0,5.0,2.0,2.0
1723912200,Union Espanola,Cobreloa,0.0,2.259514170040486,1.889676113360324,1.7548582995951416,55.08157894736843,1.1842712550607288,2.091093117408907,4.5,0.887799043062201,3.215789473684211,0.3909090909090909,44.84904306220096,0.9724545454545455,4.663875598086124,3.8,0,1.0,1.0,0,3.0,0.0,7.0,3.0,3.0,1.0
1723921200,Deportes Copiapo,Huachipato,0.0,1.7448603683897803,0.7226381461675578,1.748425430778372,46.646345811051695,0.9778193701723114,1.944503862150921,4.5,0.5749019607843138,1.899346405228758,0.4083660130718954,54.02901960784314,0.98481045751634,2.227450980392157,3.8,0,1.0,1.0,2,0.0,2.0,10.0,2.0,1.0,1.0
1723930200,O'Higgins,Universidad de Chile,0.0,1.2521841794569066,1.7053128689492327,1.2557260920897284,52.538134592680045,1.16886186540732,2.4335301062573786,4.5,2.213203463203463,1.2478354978354977,1.8755411255411256,56.12337662337662,0.9790259740259739,2.853896103896104,3.8,0,1.0,1.0,2,0.0,4.0,11.0,5.0,4.0,2.0
1723939200,Nublense,Everton de Vina,0.0,2.232258064516129,1.2175953079178885,1.4175953079178885,49.903225806451616,1.2741290322580645,2.9260997067448677,4.5,1.7085043988269795,1.4140762463343108,1.7026392961876833,46.49677419354839,1.297865102639296,3.675659824046921,3.8,0,1.0,1.0,1,1.0,1.0,2.0,4.0,3.0,1.0
1723996800,Union La Calera,Palestino,0.0,1.2498834498834497,1.5445221445221446,1.2533799533799532,49.55944055944056,1.0244895104895104,2.762937062937063,4.5,0.8824786324786325,1.4123931623931625,1.0438034188034189,49.153846153846146,1.223707264957265,3.017094017094017,3.8,0,1.0,1.0,0,2.0,1.0,1.0,7.0,2.0,3.0
1724007600,A. Italiano,U. Catolica,0.0,0.9232194557035321,1.5441806601042272,0.9278517660683266,44.302142443543715,1.0274059061957153,3.089519397799653,4.5,1.2154989384288748,1.0796178343949043,1.8757961783439492,49.50636942675159,1.026348195329087,3.0169851380042463,3.8,0,1.0,1.0,0,2.0,1.0,1.0,1.0,3.0,1.0
1724007600,Cobresal,Deportes Iquique,0.0,2.2468354430379747,2.048523206751055,1.5854430379746836,51.642405063291136,1.7329746835443038,2.59915611814346,4.5,1.8818565400843883,1.9135021097046414,1.2078059071729959,46.69092827004219,1.2854430379746835,3.0147679324894514,3.8,0,1.0,1.0,0,2.0,1.0,4.0,12.0,1.0,2.0
1724367600,Nublense,Union Espanola,0.0,2.414046121593292,1.0482180293501049,1.5870020964360587,48.12997903563941,1.2178301886792453,2.930817610062893,4.5,1.3778616352201256,1.4168553459119495,1.2077987421383647,48.52402515723271,1.1594138364779873,3.976352201257862,3.8,0,1.0,1.0,1,0.0,0.0,11.0,2.0,1.0,2.0
1724454000,Universidad de Chile,Cobreloa,0.0,0.9227272727272728,0.8875000000000001,1.2579545454545453,62.753409090909095,1.6558409090909092,1.7772727272727273,4.5,0.8802083333333334,2.745833333333333,0.3729166666666667,44.876041666666666,1.0267395833333333,4.0125,3.8,0,1.0,1.0,0,4.0,0.0,5.0,0.0,1.0,3.0
1724454000,Union La Calera,Deportes Copiapo,0.0,1.5817805383022776,1.5455486542443064,1.7546583850931676,46.46894409937888,1.017215320910973,2.5942028985507246,4.5,0.5455486542443064,1.4151138716356109,0.7049689440993788,42.697722567287784,1.003302277432712,4.012422360248448,3.8,0,1.0,1.0,1,3.0,3.0,5.0,7.0,0.0,3.0
1724526000,Coquimbo Unido,A. Italiano,0.0,1.25,0.8806584362139918,1.587448559670782,48.63991769547325,1.615246913580247,2.424897119341564,4.5,2.0473251028806585,0.9166666666666667,1.7047325102880657,47.52674897119341,2.033199588477366,1.845679012345679,3.8,0,1.0,1.0,1,1.0,1.0,10.0,2.0,2.0,2.0
1724535000,Deportes Iquique,O'Higgins,0.0,1.4176240936977134,1.3785833798103737,1.9129949804796431,50.18215281650864,1.527216954824317,3.081093139988846,4.5,1.7137014314928425,1.7494887525562373,1.0378323108384457,49.34969325153374,0.9214314928425357,2.511247443762781,3.8,0,1.0,1.0,2,1.0,3.0,6.0,3.0,3.0,5.0
1724603400,Palestino,Cobresal,0.0,1.9079822616407982,1.707760532150776,1.42039911308204,50.52838137472284,1.4958048780487805,2.590687361419069,4.5,1.3804878048780487,1.4170731707317072,1.2068736141906873,40.3079822616408,1.384361419068736,2.8507760532150774,3.8,0,1.0,1.0,0,3.0,0.0,4.0,5.0,3.0,4.0
1724612400,Everton de Vina,Colo Colo,0.0,0.9171717171717172,0.8808080808080808,1.2535353535353535,46.002020202020205,1.2526969696969696,1.9252525252525252,4.5,1.8699724517906335,0.7641873278236914,2.0236914600550966,55.85234159779615,0.8982534435261705,2.8517906336088155,3.8,0,1.0,1.0,2,0.0,1.0,5.0,5.0,1.0,4.0
1724621400,U. Catolica,Huachipato,0.0,1.9079956188389924,1.0514786418400877,1.9112814895947428,50.672289156626505,1.009174151150055,3.0803943044906905,4.5,0.8878422782037241,1.9079956188389924,0.716538882803943,54.400438116100766,0.9914194961664841,2.1982475355969333,3.8,0,1.0,1.0,0,4.0,0.0,7.0,1.0,4.0,4.0
1724796000,Universidad de Chile,Union Espanola,0.0,1.251497005988024,0.5459081836327345,1.5868263473053892,62.32035928143713,1.6604590818363274,1.591816367265469,4.5,1.050081654872074,1.0925421883505715,1.2060968971148611,50.959608056614044,1.1598595536200327,3.5083287969515515,3.8,0,1.0,1.0,0,2.0,0.0,4.0,2.0,3.0,1.0
1724805000,Deportes Iquique,Deportes Copiapo,0.0,1.251984126984127,1.7113095238095237,1.4216269841269842,53.82638888888889,1.4018452380952382,2.925595238095238,4.5,0.871978021978022,1.4172161172161173,0.8655677655677656,42.76025641025641,1.0011776556776557,3.5205128205128204,3.8,0,1.0,1.0,0,2.0,1.0,5.0,1.0,5.0,3.0
1724805000,Cobreloa,Coquimbo Unido,0.0,1.5857988165680474,1.7110453648915187,1.4230769230769231,53.167652859960555,1.2683136094674559,2.594674556213018,4.5,1.3777120315581854,1.752465483234714,1.7031558185404339,42.332347140039445,0.8143392504930966,3.0138067061143983,3.8,0,1.0,1.0,0,1.0,0.0,5.0,3.0,1.0,3.0
1724871600,Cobresal,U. Catolica,0.0,2.2633484162895927,1.885972850678733,1.930316742081448,50.81990950226245,2.032968325791855,2.4244343891402713,4.5,1.039819004524887,1.2479638009049774,1.3710407239819005,51.887782805429865,1.1634660633484162,2.3357466063348418,3.8,0,1.0,1.0,0,3.0,1.0,7.0,4.0,1.0,2.0
1724882400,O'Higgins,Union La Calera,0.0,1.2534113060428849,2.3762183235867447,1.0925925925925926,49.82553606237816,1.2046101364522417,2.9249512670565303,4.5,0.7095516569200779,1.4200779727095516,0.8674463937621832,45.3411306042885,1.1589961013645222,4.012670565302145,3.8,0,1.0,1.0,1,1.0,1.0,7.0,4.0,2.0,1.0
1724891400,A. Italiano,Everton de Vina,0.0,1.0862403100775193,1.0426356589147288,1.425387596899225,45.65794573643411,1.124341085271318,3.257751937984496,4.5,1.5426356589147288,0.9195736434108528,1.8672480620155039,48.67538759689922,1.1705717054263565,3.3439922480620154,3.8,0,1.0,1.0,2,1.0,2.0,4.0,7.0,2.0,3.0
1724968800,Colo Colo,Nublense,0.0,1.5857418111753372,0.7100192678227359,2.2572254335260116,62.64739884393063,1.3040751445086707,3.090558766859345,4.5,0.7100192678227359,0.7524084778420038,1.3689788053949905,47.019267822736026,1.4404816955684008,3.010597302504817,3.8,0,1.0,1.0,0,2.0,1.0,12.0,4.0,4.0,2.0
1724977800,Huachipato,Palestino,0.0,0.9195402298850575,0.8764367816091954,1.2586206896551724,57.320881226053636,1.0588122605363985,2.591954022988506,4.5,1.039787798408488,1.4180371352785146,1.0318302387267904,54.10380194518126,1.38820866489832,3.008841732979664,3.8,0,1.0,1.0,1,2.0,2.0,3.0,4.0,1.0,4.0
1725130800,Coquimbo Unido,Universidad de Chile,0.0,1.08,1.0404395604395604,1.2536263736263735,51.31164835164836,1.5967384615384617,2.5912087912087913,4.5,2.225054945054945,1.2492307692307691,1.8778021978021977,58.16527472527472,1.1536967032967034,2.501978021978022,3.8,0,1.0,1.0,2,0.0,1.0,6.0,4.0,2.0,2.0
1725139800,U. Catolica,Deportes Iquique,0.0,2.585227272727273,0.8768939393939394,2.423295454545455,51.97064393939394,1.0015435606060608,3.0899621212121215,4.5,1.7171328671328672,1.9248251748251748,1.0332167832167831,51.242482517482514,1.2619195804195804,2.501048951048951,3.8,0,1.0,1.0,1,2.0,2.0,2.0,7.0,1.0,3.0
1725148800,Everton de Vina,Union Espanola,0.0,0.7406345067362017,1.040851803563668,0.7441112559756627,44.530378096479794,1.1613446327683616,1.7432420686657977,4.5,0.8775894538606404,1.4190207156308852,0.7024482109227872,47.85875706214689,1.1609887005649715,3.1760828625235407,3.8,0,1.0,1.0,0,3.0,2.0,8.0,6.0,2.0,4.0
1725208200,Palestino,Nublense,0.0,2.087078651685393,1.3782771535580525,1.7574906367041199,51.29681647940075,1.496039325842697,2.9213483146067416,4.5,0.7030250648228176,0.7419187554019014,1.3704407951598963,45.32601555747623,1.4462143474503026,3.0095073465859983,3.8,0,1.0,1.0,1,1.0,1.0,5.0,5.0,2.0,2.0
1725217200,Cobreloa,Colo Colo,0.0,1.5876235496347229,1.3797163730124624,1.929522990975505,51.78779544477868,1.2965440481306405,2.419252256123764,4.5,1.878026070763501,0.7532588454376163,2.0344506517690877,58.54655493482309,0.8939664804469272,2.675977653631285,3.8,0,1.0,1.0,2,0.0,1.0,2.0,2.0,1.0,3.0
1725226200,Deportes Copiapo,Cobresal,0.0,1.7518518518518518,0.8777777777777778,1.7555555555555555,48.62407407407407,1.1890185185185185,1.7527777777777778,4.5,1.211111111111111,1.9185185185185185,0.7027777777777777,42.87592592592593,1.3891574074074073,3.175925925925926,3.8,0,1.0,1.0,1,2.0,2.0,8.0,4.0,7.0,3.0
1725235200,Union La Calera,A. Italiano,0.0,1.7559711007224819,1.8878028049298767,1.4200594985125372,46.70794730131746,1.0098776030599237,2.0832979175520614,4.5,1.7185720356991074,1.079048023799405,1.3716107097322567,45.50743731406715,1.8272163195920104,1.993115172120697,3.8,0,1.0,1.0,0,2.0,1.0,9.0,4.0,4.0,2.0
1725807600,Huachipato,O'Higgins,0.0,0.9102282333051565,0.8721893491124261,1.2520710059171598,55.83989856297549,1.040057480980558,2.084530853761623,4.5,1.8875739644970415,1.5871513102282333,1.3705832628909551,46.69856297548605,0.902059171597633,3.1768385460693156,3.8,0,1.0,1.0,0,1.0,0.0,1.0,7.0,1.0,4.0
1726336800,Nublense,Cobresal,0.0,1.4174863387978143,1.0403530895334174,1.253299705758722,46.3540142917192,1.211990752416982,2.7601513240857503,4.5,1.0403530895334174,1.7559478772593526,0.6926439680538041,43.1536780159731,1.4719688944934846,3.346868432114334,3.8,0,1.0,1.0,0,1.0,0.0,1.0,4.0,4.0,3.0
1726345800,O'Higgins,Coquimbo Unido,0.0,1.0785953177257526,2.2239130434782606,1.085284280936455,51.422909698996655,1.201613712374582,2.930602006688963,4.5,1.0392976588628762,1.7555183946488293,1.1993311036789298,42.31555183946489,0.7848010033444816,3.0083612040133776,3.8,0,1.0,1.0,1,1.0,1.0,5.0,4.0,4.0,3.0
1726354800,A. Italiano,Cobreloa,0.0,1.0781704781704782,1.0390852390852392,1.4232848232848232,45.16673596673597,1.1201621621621622,3.101039501039501,4.5,0.8698544698544699,2.7704781704781705,0.35301455301455303,42.64864864864865,1.0267110187110187,4.023700623700624,3.8,0,1.0,1.0,0,2.0,0.0,2.0,4.0,6.0,4.0
1726414200,Deportes Copiapo,Union Espanola,0.0,1.4170388751033913,1.2072787427626137,1.4244830438378826,47.52473118279569,1.5108668320926386,2.7654259718775847,4.5,1.0380479735318444,1.5862696443341606,0.6904880066170389,51.79834574028122,1.1636989247311826,3.3475599669148055,3.8,0,1.0,1.0,2,2.0,3.0,7.0,5.0,2.0,1.0
1726423200,Deportes Iquique,Huachipato,0.0,1.2482106129164952,1.7164129987659398,1.423200329082682,55.635870012340604,1.4141892225421637,3.1034142328259975,4.5,0.8761140819964349,2.2522281639928696,0.6996434937611408,53.26114081996435,0.9910784313725489,2.5080213903743314,3.8,0,1.0,1.0,0,3.0,1.0,4.0,7.0,1.0,2.0
1726432200,Universidad de Chile,Palestino,0.0,1.418657937806874,0.19312602291325695,2.1013093289689033,62.06137479541735,1.5882831423895256,1.579050736497545,4.5,1.0364741641337387,1.5887537993920973,0.6844984802431611,52.7144376899696,1.5499863221884498,3.006079027355623,3.8,0,1.0,1.0,0,1.0,0.0,6.0,5.0,3.0,4.0
1727200800,Palestino,Deportes Iquique,0.0,1.7566951566951565,1.3767195767195768,1.4255596255596257,48.53805453805454,1.5525331705331706,2.7640211640211643,4.5,1.7212396069538927,1.9312169312169312,1.0264550264550265,49.61466364323507,1.0801919879062736,2.492517006802721,3.8,0,1.0,1.0,0,2.0,0.0,3.0,7.0,3.0,5.0
1727209800,Cobreloa,Nublense,0.0,1.2458646616541353,1.2060150375939849,1.7676691729323308,53.464661654135334,1.1053007518796993,2.081203007518797,4.5,0.8631578947368421,0.9030075187969926,1.368421052631579,49.9639097744361,1.4195413533834587,2.493984962406015,3.8,0,1.0,1.0,2,0.0,1.0,6.0,0.0,2.0,1.0
1727218800,Universidad de Chile,Huachipato,0.0,1.5875841436050862,0.1772625280478684,2.4522064323111445,62.562752430815266,1.5919655946148095,1.9093492894540014,4.5,0.8678211840515506,2.263552154651631,0.690535642368103,51.963189689891266,0.9889601288763592,2.3303262182843336,3.8,0,1.0,1.0,0,2.0,1.0,7.0,2.0,0.0,4.0
1727218800,Coquimbo Unido,Everton de Vina,0.0,1.0736607142857144,1.205654761904762,1.0818452380952381,48.00729166666667,1.5986324404761907,2.4217261904761904,4.5,1.7137820512820512,1.0793269230769231,1.874198717948718,50.59214743589744,1.173338141025641,3.0080128205128203,3.8,0,1.0,1.0,1,2.0,2.0,2.0,0.0,2.0,2.0
1727287200,Cobresal,A. Italiano,0.0,2.4454478164322726,1.5490747594374539,2.452849740932643,46.2940044411547,2.039015544041451,2.078460399703923,4.5,1.0347890451517394,1.416876387860844,0.8544781643227239,47.36313841598816,1.6524515173945227,1.9780903034789046,3.8,0,1.0,1.0,2,0.0,1.0,8.0,6.0,2.0,5.0
1727298000,Union Espanola,O'Higgins,0.0,1.9300441826215022,1.3774668630338733,1.765979381443299,54.8701030927835,1.7576863033873344,2.592341678939617,4.5,1.2060382916053018,1.7586156111929307,0.8558173784977909,48.90132547864507,1.1809469808541975,3.350957290132548,3.8,0,1.0,1.0,2,0.0,1.0,8.0,8.0,2.0,7.0
1727307000,U. Catolica,Deportes Copiapo,0.0,2.4311637080867854,0.8678500986193294,2.100591715976331,52.130571992110454,0.9945404339250494,2.4220907297830374,4.5,1.0344322344322345,1.5860805860805862,0.8571428571428572,39.46446886446886,0.8945860805860806,3.353846153846154,3.8,0,1.0,1.0,0,4.0,1.0,4.0,2.0,3.0,4.0
1727555400,Everton de Vina,Cobreloa,0.0,1.0736151603498543,1.034256559766764,1.251603498542274,44.43454810495628,1.1573192419825074,1.7351311953352773,4.5,0.691399416909621,2.445043731778426,0.3419825072886298,44.76545189504373,1.0247973760932945,3.525947521865889,3.8,0,1.0,1.0,0,2.0,0.0,9.0,1.0,3.0,3.0
1727564400,Colo Colo,Cobresal,0.0,1.58734869191722,0.8666926981647795,2.2720812182741117,62.132760640374855,1.2090722374072629,2.930495900039047,4.5,0.6905003625815809,1.5882523567802758,0.512545322697607,46.648150833937635,1.4755808556925307,3.1830311820159536,3.8,0,1.0,1.0,0,2.0,0.0,4.0,0.0,1.0,1.0
1727623800,Nublense,Union La Calera,0.0,1.2457431457431456,0.6896103896103896,1.5965367965367967,44.44920634920636,1.1689595959595962,3.105772005772006,4.5,0.6965034965034965,1.2492618492618492,1.027972027972028,45.13162393162393,1.161008547008547,3.5185703185703185,3.8,0,1.0,1.0,2,0.0,1.0,5.0,2.0,3.0,4.0
1727632800,Deportes Copiapo,Palestino,0.0,1.4160804020100504,1.5465900933237617,0.9096913137114143,47.02857142857143,1.5116396267049532,2.591816223977028,4.5,1.0301507537688441,1.761675041876047,0.5054606365159129,49.733333333333334,1.5541400335008375,3.356716917922948,3.8,0,1.0,1.0,0,2.0,1.0,3.0,2.0,3.0,3.0
1727641800,Deportes Iquique,Universidad de Chile,0.0,1.7592857142857141,1.375,1.9392857142857143,57.31071428571429,1.41375,2.9349999999999996,4.5,1.8892857142857142,1.0735714285714286,1.8835714285714285,60.517857142857146,1.1547928571428572,2.1535714285714285,3.8,0,1.0,1.0,0,3.0,0.0,2.0,6.0,4.0,3.0
1727650800,U. Catolica,Union Espanola,0.0,2.4460554371002132,0.8598436389481166,2.111727078891258,55.411513859275054,0.9901478322672355,2.4217484008528785,4.5,1.2027007818052593,1.5889125799573562,1.0255863539445629,52.6456289978678,1.0124363894811657,2.667803837953092,3.8,0,1.0,1.0,2,0.0,2.0,2.0,3.0,2.0,3.0
1727730000,Huachipato,Coquimbo Unido,0.0,1.0735502121640736,0.688967468175389,1.7677510608203677,53.342432814710044,1.0534045261669025,2.0785007072135784,4.5,0.688967468175389,1.5878359264497879,0.8554455445544555,43.4004243281471,0.7792234794908062,3.0106082036775104,3.8,0,1.0,1.0,0,3.0,2.0,6.0,2.0,2.0,2.0
1727739000,A. Italiano,O'Higgins,0.0,1.246023926812104,1.032371569317382,1.4258972554539058,45.288951442646024,1.114948627726953,3.620971147079521,4.5,1.2035467980295567,1.4162889983579638,1.370968801313629,48.02364532019705,1.250543842364532,4.04919540229885,3.8,0,1.0,1.0,0,2.0,0.0,2.0,10.0,1.0,3.0
1727996400,Colo Colo,U. Catolica,0.0,1.9320728291316527,0.688655462184874,2.7983193277310923,61.91344537815126,1.2073515406162465,2.5913165266106444,4.5,0.8600840336134454,1.58921568627451,0.8537815126050421,55.57226890756303,1.1990854341736694,1.4669467787114847,3.8,0,1.0,1.0,0,1.0,0.0,3.0,2.0,0.0,2.0
1728151200,Cobresal,Everton de Vina,0.0,2.1095934959349596,1.5486178861788618,1.9460162601626017,47.64910569105691,2.0457723577235774,2.0702439024390245,4.5,1.716376306620209,1.245993031358885,1.5386759581881533,52.475958188153314,1.1733031358885015,2.6662020905923347,3.8,0,1.0,1.0,0,2.0,1.0,9.0,4.0,1.0,3.0
1728169200,Nublense,Deportes Iquique,0.0,0.7232362459546925,0.8551456310679612,1.0802588996763753,47.65177993527508,0.9471508090614886,3.2825889967637543,4.5,1.201812297734628,1.5899029126213593,1.0220064724919093,50.09488673139158,1.079051132686084,3.0084142394822004,3.8,0,1.0,1.0,0,2.0,0.0,2.0,5.0,4.0,2.0
1728172800,Universidad de Chile,Union La Calera,0.0,1.7635426731078905,0.3343639291465378,2.4678260869565216,62.554653784219006,0.9875774557165863,1.8968760064412238,4.5,0.6868184955141476,1.2466528640441683,1.0227743271221532,45.27715665976535,1.1632532781228433,3.5225672877846788,3.8,0,1.0,1.0,0,1.0,0.0,12.0,4.0,0.0,2.0
1728228600,Palestino,Coquimbo Unido,0.0,2.103434065934066,1.2002747252747252,1.945054945054945,49.2440934065934,1.5542362637362641,2.759203296703297,4.5,0.6802564102564103,1.9365384615384615,0.32717948717948714,42.63884615384615,0.7772320512820512,2.487051282051282,3.8,0,1.0,1.0,0,2.0,0.0,3.0,2.0,3.0,5.0
1728237600,O'Higgins,U. Catolica,0.0,1.2466165413533834,1.5423103212576899,1.260287081339713,51.985645933014354,1.1632125768967874,3.102392344497608,4.5,0.852822966507177,1.416842105263158,0.8464433811802232,52.000063795853265,1.3023617224880384,1.7949601275917064,3.8,0,1.0,1.0,2,0.0,2.0,12.0,3.0,4.0,2.0
1728246600,Union Espanola,Huachipato,0.0,1.7625396825396826,1.2,1.7752380952380953,57.35555555555556,1.7619111111111112,2.4165079365079363,4.5,1.0285714285714285,2.102721088435374,0.6795918367346939,46.99047619047619,1.0721700680272108,2.836734693877551,3.8,0,1.0,1.0,0,3.0,1.0,9.0,3.0,0.0,3.0
1728255600,Colo Colo,A. Italiano,0.0,1.7634755134281201,0.5065402843601896,2.8161137440758295,62.73781990521327,1.207091943127962,2.241579778830964,4.5,1.0265402843601896,1.4168088467614535,0.8468878357030016,46.9688467614534,1.5414230647709322,2.660916271721959,3.8,0,1.0,1.0,0,2.0,1.0,5.0,2.0,2.0,1.0
1728342000,Cobreloa,Deportes Copiapo,0.0,1.2437735849056604,0.679748427672956,1.7769811320754716,55.99358490566038,1.1012075471698115,2.0679245283018868,4.5,1.0264150943396226,2.2837735849056604,0.3261635220125786,39.32641509433962,0.8930880503144653,3.179622641509434,3.8,0,1.0,1.0,0,4.0,1.0,6.0,5.0,3.0,2.0
1728774000,Everton de Vina,Union La Calera,0.0,1.245320813771518,0.8529577464788732,1.604507042253521,44.199999999999996,1.1547912363067292,1.721564945226917,4.5,0.6796244131455399,1.0719874804381846,1.0187793427230047,43.14666666666667,1.1634203442879498,3.5256338028169014,3.8,0,1.0,1.0,2,0.0,1.0,7.0,4.0,0.0,3.0
1728831600,Huachipato,Colo Colo,0.0,1.4176947040498442,1.0261682242990653,1.776822429906542,55.29457943925233,1.0506429906542056,1.8933333333333333,4.5,1.707117181883537,0.4050323508267434,2.3768511861969808,56.79856218547807,0.9437153127246585,2.4987778576563624,3.8,0,1.0,1.0,2,1.0,2.0,4.0,2.0,3.0,2.0
1729116000,Union La Calera,Colo Colo,0.0,1.932890365448505,1.542857142857143,1.9455149501661129,46.156810631229234,0.9908172757475083,2.0717607973421925,4.5,1.3714285714285714,0.3900332225913622,2.3940199335548176,56.586046511627906,0.9415215946843853,2.491029900332226,3.8,0,1.0,1.0,2,0.0,1.0,0.0,3.0,3.0,2.0
1729360800,O'Higgins,Nublense,0.0,0.8964197530864197,1.5465432098765433,1.0814814814814815,48.85407407407407,1.1612839506172838,3.280617283950617,4.5,1.0265432098765432,0.7230864197530864,1.8888888888888888,46.29259259259259,1.423220987654321,2.137654320987654,3.8,0,1.0,1.0,2,1.0,3.0,3.0,2.0,4.0,2.0
1729371600,U. Catolica,Universidad de Chile,0.0,2.109431643625192,1.200983102918587,1.6004915514592934,52.83287250384025,0.98607311827957,2.5882027649769586,4.5,1.5476497695852536,1.4160983102918587,1.370015360983103,61.900460829493085,1.1562224270353303,2.657019969278034,3.8,0,1.0,1.0,2,1.0,2.0,3.0,8.0,4.0,4.0
1729447200,Palestino,Colo Colo,0.0,2.2824464831804283,0.5081345565749236,2.466177370030581,48.148134556574924,1.542330275229358,2.2424464831804283,4.5,1.0281345565749236,0.3757798165137614,2.411131498470948,57.39853211009174,0.9394911314984709,2.8309480122324158,3.8,0,1.0,1.0,2,2.0,3.0,3.0,4.0,2.0,2.0
1729456200,Deportes Copiapo,Everton de Vina,0.0,1.2427397260273974,1.7225570776255708,0.9052054794520548,46.40462709284627,1.5387220700152207,2.762130898021309,4.5,1.895890410958904,1.4160730593607307,1.5455707762557078,50.8220395738204,1.2548937595129377,2.8303196347031965,3.8,0,1.0,1.0,2,3.0,5.0,11.0,4.0,2.0,2.0
1729456200,A. Italiano,Huachipato,0.0,1.5903030303030303,0.8581818181818182,1.9442424242424243,43.63090909090909,1.2317818181818183,3.455151515151515,4.5,1.0315151515151515,2.2836363636363637,0.6799999999999999,42.32909090909091,1.031230303030303,2.8296969696969696,3.8,0,1.0,1.0,2,0.0,2.0,3.0,3.0,4.0,5.0
1729456200,Deportes Iquique,Cobreloa,0.0,1.9360482654600302,1.2053092006033181,1.943288084464555,52.2984012066365,1.200442835595777,2.9360482654600304,4.5,0.5119758672699849,2.6293815987933638,0.1610859728506787,45.79493212669683,1.0242340874811462,2.830889894419306,3.8,0,1.0,1.0,0,4.0,1.0,8.0,3.0,2.0,3.0
1729456200,Union La Calera,Union Espanola,0.0,1.764204204204204,1.3784984984984985,1.9441441441441443,42.42402402402402,0.9871051051051052,2.2424024024024027,4.5,1.3784984984984985,1.4175375375375374,1.3736936936936937,55.669309309309305,1.0137717717717718,2.310870870870871,3.8,0,1.0,1.0,2,0.0,2.0,1.0,6.0,3.0,0.0
1729456200,Coquimbo Unido,Cobresal,0.0,1.243288490284006,1.552286995515695,0.7298654708520179,49.00370702541107,1.5988352765321379,2.0693572496263077,4.5,0.512286995515695,1.5899551569506727,0.508101644245142,45.62295964125561,1.1437100149476829,2.482391629297459,3.8,0,1.0,1.0,0,2.0,0.0,5.0,2.0,2.0,4.0
1730581200,Union Espanola,Palestino,0.0,1.5908482142857143,0.854575892857143,1.7725446428571427,60.87979910714286,1.76503125,2.239732142857143,4.5,1.0295758928571428,1.5908482142857143,0.5006696428571429,49.62020089285714,1.4362957589285714,3.3527901785714285,3.8,0,1.0,1.0,2,2.0,3.0,7.0,7.0,2.0,4.0
1730581200,Everton de Vina,Huachipato,0.0,1.0661111111111112,0.8555555555555556,1.4216666666666664,47.23555555555556,0.9879055555555556,1.7144444444444447,4.5,1.0305555555555554,2.2911111111111113,0.6766666666666667,42.26444444444444,1.0127388888888889,3.5283333333333333,3.8,0,1.0,1.0,0,1.0,0.0,8.0,1.0,3.0,3.0
1730581200,Cobresal,O'Higgins,0.0,1.9408185840707965,1.204867256637168,2.2974557522123895,50.73738938053097,1.9327809734513275,1.889712389380531,4.5,1.029867256637168,1.5908185840707967,1.200995575221239,46.28761061946903,1.2156825221238938,4.228318584070797,3.8,0,1.0,1.0,0,3.0,1.0,8.0,2.0,0.0,1.0
1730581200,Cobreloa,U. Catolica,0.0,1.4166299559471365,0.6797356828193832,1.773237885462555,55.12136563876652,1.1539074889867842,2.4133259911894274,4.5,0.8547356828193833,1.2416299559471367,0.850330396475771,52.228634361233475,1.3031266519823788,1.9522026431718063,3.8,0,1.0,1.0,1,2.0,2.0,6.0,5.0,3.0,3.0
1730581200,A. Italiano,Deportes Copiapo,0.0,1.4168859649122805,1.0301535087719298,1.7729166666666667,43.742105263157896,1.1362850877192983,3.1135964912280705,4.5,1.2051535087719298,2.6418859649122806,0.325219298245614,40.8578947368421,0.8900712719298245,3.1771929824561407,3.8,0,1.0,1.0,0,4.0,1.0,9.0,5.0,0.0,4.0
1730581200,Coquimbo Unido,Union La Calera,0.0,1.243231441048035,1.2050218340611354,1.0736899563318778,51.092248908296945,1.1256637554585154,2.0622270742358078,4.5,0.6800218340611354,0.893231441048035,1.3745633187772923,43.307751091703054,1.1385163755458514,3.3527292576419216,3.8,0,1.0,1.0,1,0.0,0.0,8.0,5.0,5.0,3.0
1730667600,Colo Colo,Deportes Iquique,0.0,1.767391304347826,0.5043478260869565,2.823369565217391,66.14673913043478,0.9522934782608697,1.888586956521739,4.5,1.0293478260869566,1.767391304347826,0.8494565217391306,52.053260869565214,1.5269619565217392,3.177717391304348,3.8,0,1.0,1.0,0,3.0,0.0,8.0,3.0,1.0,0.0
1730667600,Nublense,Universidad de Chile,0.0,0.8931818181818183,0.5036796536796537,1.5991341991341992,47.603896103896105,1.1359242424242424,2.9377705627705626,4.5,1.3786796536796535,1.0681818181818181,1.7238095238095237,60.97110389610389,1.1926580086580088,3.1760822510822515,3.8,0,1.0,1.0,2,1.0,4.0,3.0,10.0,3.0,1.0
1731186000,Deportes Iquique,Union Espanola,0.0,2.4678879310344826,1.2051724137931035,2.298275862068966,53.372521551724134,1.0413060344827587,2.9380387931034484,4.5,1.7301724137931034,1.4178879310344827,1.7247844827586207,56.777478448275865,1.012354525862069,1.95,3.8,0,1.0,1.0,0,2.0,0.0,3.0,3.0,2.0,3.0
1731186000,U. Catolica,Coquimbo Unido,0.0,2.118133047210301,1.3795064377682402,1.4240343347639484,52.13798283261803,1.0271888412017167,2.7627682403433473,4.5,0.6795064377682404,1.7681330472103003,0.32414163090128756,42.61201716738197,0.8705515021459226,3.0,3.8,0,1.0,1.0,2,1.0,2.0,5.0,3.0,4.0,4.0
1731250800,Huachipato,Nublense,0.0,1.4178418803418802,1.20491452991453,1.5981837606837608,49.34348290598291,1.0463226495726494,2.063568376068376,4.5,1.37991452991453,0.8928418803418804,1.9001068376068375,49.0815170940171,1.3027489316239316,1.7755341880341882,3.8,0,1.0,1.0,0,1.0,0.0,10.0,2.0,1.0,2.0
1731250800,Union La Calera,Cobresal,0.0,1.4175531914893615,1.5542553191489363,1.4239361702127658,42.52234042553192,1.0129574468085107,2.4127659574468088,4.5,0.5042553191489362,1.9425531914893617,0.32446808510638303,47.85265957446808,1.0909468085106384,3.0,3.8,0,1.0,1.0,0,3.0,0.0,1.0,5.0,3.0,6.0
1731250800,O'Higgins,Cobreloa,0.0,0.7183262711864407,2.0786016949152546,0.5496822033898305,46.893220338983056,1.158093220338983,3.4630296610169493,4.5,0.32860169491525426,2.8183262711864407,0.14883474576271186,45.58177966101695,1.0681451271186442,2.826588983050847,3.8,0,1.0,1.0,2,0.0,3.0,2.0,6.0,4.0,4.0
1731250800,Palestino,A. Italiano,0.0,1.9425105485232068,0.854535864978903,1.9488396624472575,45.314135021097044,1.0827299578059073,2.5888185654008438,4.5,1.029535864978903,1.4175105485232067,0.849789029535865,40.51086497890296,1.5440938818565402,2.3021097046413503,3.8,0,1.0,1.0,0,2.0,0.0,4.0,7.0,1.0,3.0
1731265200,Universidad de Chile,Everton de Vina,0.0,1.9427521008403361,0.3288865546218488,2.8245798319327733,63.51691176470589,1.0266176470588235,1.5380252100840335,4.5,2.078886554621849,1.767752100840336,1.5491596638655463,51.70808823529412,1.1625430672268906,2.3021008403361347,3.8,0,1.0,1.0,1,1.0,1.0,9.0,9.0,1.0,3.0
1731265200,Deportes Copiapo,Colo Colo,0.0,1.7674686192468618,2.428765690376569,0.8992677824267783,47.07018828451883,1.5917562761506276,2.937238493723849,4.5,1.553765690376569,0.717468619246862,2.774058577405858,61.32981171548118,1.0644926778242678,2.652092050209205,3.8,0,1.0,1.0,1,1.0,1.0,0.0,6.0,1.0,1.0
1739577600,Deportes Iquique,Coquimbo Unido,0.0,2.651470588235294,0.6740196078431373,2.8343137254901962,47.194117647058825,1.0389607843137256,2.7637254901960784,4.5,1.0269607843137254,1.5926470588235295,0.8460784313725491,43.982352941176465,0.9830049019607843,3.353921568627451,3.8,0,1.0,1.0,2,0.0,3.0,6.0,4.0,2.0,2.0
1739653200,Palestino,Cobresal,0.0,1.768367097876495,0.851354649743715,1.9511837930192824,45.96729314132292,1.0813961435196486,2.234073712472541,4.5,0.49841347327312674,1.944837686111789,0.317549426409568,49.444471564559436,1.0914400781059312,3.3534293385403955,3.8,0,1.0,1.0,0,2.0,1.0,2.0,5.0,2.0,4.0
1739653200,O'Higgins,Huachipato,0.0,0.7097715119105494,1.9100631988332524,0.5401069518716578,47.91346621293145,1.0259163830821585,3.469129800680603,4.5,1.0277102576567818,1.768595041322314,0.6699076324744775,42.38065143412737,1.012600875060768,3.3539134662129317,3.8,0,1.0,1.0,1,0.0,0.0,13.0,2.0,3.0,2.0
1739662200,Universidad de Chile,Nublense,0.0,1.4149116436698135,0.49770031469377884,2.4809973372064875,62.73807794722828,1.0263229242314211,1.5282014040183973,4.5,1.2035826676349552,1.0619704671992254,1.3756959573953036,46.9678044057129,0.97880174291939,1.9416606148632292,3.8,0,1.0,1.0,0,5.0,0.0,15.0,2.0,0.0,3.0
1739826000,U. Catolica,A. Italiano,0.0,1.592539454806313,1.733142037302726,0.8923959827833573,53.213773314203735,1.028517455762793,2.7623146819703486,4.5,0.8507890961262554,1.4160688665710186,0.8464849354375897,41.31563845050215,1.1409038737446198,2.6470588235294117,3.8,0,1.0,1.0,0,3.0,1.0,3.0,8.0,2.0,2.0
1739835000,Union La Calera,Union Espanola,0.0,1.593236484877352,1.3800904977375565,1.4224815432245772,44.21576565849012,1.0178137651821861,2.5856156227673255,4.5,1.7330316742081449,1.4167658966420575,1.7282686353893784,61.078351988568706,1.012031436056204,2.2936413431769473,3.8,0,1.0,1.0,0,4.0,0.0,1.0,4.0,2.0,1.0
1740171600,Union Espanola,Palestino,0.0,1.9473434535104364,1.2030360531309299,1.776091081593928,60.62618595825427,1.7712286527514232,2.055977229601518,4.5,1.3795066413662238,1.7708728652751422,0.8453510436432639,47.138519924098674,1.350806451612903,3.527988614800759,3.8,0,1.0,1.0,2,0.0,3.0,7.0,6.0,5.0,4.0
1740171600,A. Italiano,Deportes Iquique,0.0,1.7701393810536261,1.0274037325773684,1.7753366406803686,46.68084101110323,1.028173871958422,2.586581620600047,4.5,0.6744625561067801,2.1230805575242147,0.3167965981573353,49.78974722419088,1.4372289156626505,2.4696432789983462,3.8,0,1.0,1.0,0,4.0,2.0,5.0,6.0,2.0,5.0
1740258000,Coquimbo Unido,U. Catolica,0.0,1.0654117647058823,0.8512941176470589,1.2465882352941178,52.49835294117647,1.0280611764705883,2.5863529411764707,4.5,1.204235294117647,1.5948235294117648,0.8456470588235294,53.32517647058824,1.1565929411764706,2.1176470588235294,3.8,0,1.0,1.0,0,1.0,0.0,6.0,2.0,2.0,2.0
1740267000,Nublense,Deportes Limache,0.0,0.8886805718303259,1.027185376142489,1.4237168971174126,47.90367940004687,1.224253573939536,2.9390672603702837,4.5,1.2310756972111554,1.5537848605577689,1.1832669322709164,48.31872509960159,1.0998804780876492,2.99601593625498,3.8,0,1.0,1.0,1,1.0,1.0,6.0,2.0,3.0,2.0
1740322800,Huachipato,Everton de Vina,0.0,1.5943043884220356,1.2035480859010272,1.9528478057889822,47.906629318394025,0.9177871148459384,1.7040149393090571,4.5,1.9144620811287478,1.7723985890652556,1.1980599647266315,45.188183421516754,1.1464118165784831,2.8213403880070542,3.8,0,1.0,1.0,0,4.0,0.0,5.0,1.0,2.0,1.0
1740344400,Cobresal,D. La Serena,0.0,1.9483840967216925,1.0265054638456172,2.3064403627063474,52.13880492908626,1.4629667519181586,1.1743780516159033,4.5,1.225296442687747,1.5612648221343874,1.1778656126482214,48.3201581027668,1.1013043478260867,2.984189723320158,3.8,0,1.0,1.0,0,3.0,1.0,4.0,3.0,4.0,3.0
1740353400,Universidad de Chile,Union La Calera,0.0,1.951881014873141,0.4916010498687665,2.49002624671916,64.40682414698162,1.823583552055993,0.9875765529308838,4.5,0.6734599351551644,0.537285780453914,1.5497915701713758,42.745715609078275,1.0118712366836498,2.6452061139416396,3.8,0,1.0,1.0,0,1.0,0.0,7.0,7.0,0.0,3.0
1740438000,Colo Colo,O'Higgins,0.0,1.9487889273356402,0.49642445213379477,2.8371395617070356,65.37254901960785,1.0286228373702422,1.7033448673587084,4.5,1.025836216839677,1.4193771626297575,1.1963091118800462,43.27450980392157,1.3012364475201847,3.8805074971164935,3.8,0,1.0,1.0,2,0.0,1.0,6.0,2.0,3.0,2.0
1740783600,Deportes Limache,Coquimbo Unido,0.0,1.3723958333333335,1.1458333333333335,1.40625,53.81510416666667,1.4215625000000003,2.3203125,4.5,1.557638888888889,1.4176215277777777,1.3750868055555554,41.630815972222216,1.3151241319444444,3.175607638888889,3.8,0,1.0,1.0,2,1.0,2.0,8.0,3.0,2.0,2.0
1740841200,D. La Serena,Union Espanola,0.0,1.37094682230869,1.8145265888456552,1.0687418936446176,48.156939040207526,1.160933852140078,2.652399481193256,4.5,1.3801988759187203,1.595157803718115,1.7314310419368784,59.58495460440986,1.0110808473843493,1.7529615218331174,3.8,0,1.0,1.0,0,1.0,0.0,8.0,1.0,2.0,1.0
1740862800,Palestino,A. Italiano,0.0,1.950473729543497,0.8463393626184325,2.312058570198105,49.66046511627906,1.42671834625323,2.230749354005168,4.5,0.8463393626184325,1.7726959517657193,0.6642549526270457,42.33953488372093,1.1408156761412578,2.640999138673557,3.8,0,1.0,1.0,2,0.0,2.0,3.0,2.0,3.0,5.0
1740862800,U. Catolica,Deportes Iquique,0.0,1.772029172029172,1.557786357786358,1.2447018447018448,53.22428142428142,1.0266151866151867,2.942084942084942,4.5,0.8466752466752467,2.483140283140283,0.30948090948090956,49.975718575718574,1.466106392106392,2.9974259974259976,3.8,0,1.0,1.0,0,1.0,0.0,4.0,2.0,3.0,6.0
1740871800,Everton de Vina,Nublense,0.0,1.2407239819004525,0.8488687782805431,1.7773755656108596,48.1,1.0280723981900453,1.8800904977375565,4.5,1.0239316239316238,1.5940170940170941,1.3756410256410254,45.52777777777778,0.886508547008547,2.10982905982906,3.8,0,1.0,1.0,2,1.0,2.0,10.0,2.0,3.0,4.0
1740927600,Huachipato,Colo Colo,0.0,1.9493401447424437,0.8464878671775224,2.3112813963388676,46.6551724137931,0.930411238825032,1.8758620689655172,4.5,1.9131545338441889,1.0604512558535548,2.4430821626223924,65.61149425287356,1.0109110259684972,1.7547041294167733,3.8,0,1.0,1.0,0,2.0,1.0,2.0,7.0,2.0,4.0
1740949200,Cobresal,Universidad de Chile,0.0,2.1273112807463956,1.0241730279898218,2.3118744698897373,53.40313825275658,1.1543104325699745,1.6978795589482614,4.5,2.0844185002245177,1.0642119443197127,2.2568477772788507,60.54961832061069,1.1932734620565781,2.4701392007184553,3.8,0,1.0,1.0,0,2.0,1.0,2.0,11.0,3.0,0.0
1740958200,Union La Calera,O'Higgins,0.0,1.7719476130122518,0.8463033375580905,1.7791297000422475,42.909674693705114,1.0155437262357414,2.9425433037600337,4.5,0.6685255597803127,1.2386142796789186,1.1976341360371778,43.75699197296156,1.3023836079425433,3.353865652724968,3.8,0,1.0,1.0,1,2.0,2.0,3.0,1.0,2.0,8.0
1741388400,Union La Calera,Huachipato,0.0,1.773604465709729,1.0231259968102073,1.4220893141945772,43.92424242424242,1.0247368421052632,2.5874800637958533,4.5,0.8466329966329967,1.2388047138047138,0.8420033670033671,40.735521885521884,0.9307870370370369,3.355976430976431,3.8,0,1.0,1.0,0,1.0,0.0,10.0,3.0,2.0,3.0
1741467600,Nublense,U. Catolica,0.0,1.0607966457023061,1.2016771488469602,1.4238993710691823,50.023480083857436,1.49179035639413,3.29769392033543,4.5,1.0238993710691824,1.4163522012578615,0.8415094339622642,52.820964360587,0.9769685534591196,2.2893081761006293,3.8,0,1.0,1.0,1,1.0,1.0,6.0,0.0,2.0,3.0
1741476600,Deportes Iquique,Palestino,0.0,2.305012531328321,1.0238095238095237,2.312531328320802,48.779949874686714,1.0934703425229741,2.230827067669173,4.5,1.7349206349206348,1.416123642439432,1.374770258980785,45.531161236424396,1.172483709273183,3.7115288220551377,3.8,0,1.0,1.0,2,1.0,3.0,3.0,1.0,3.0,2.0
1741476600,A. Italiano,Deportes Limache,0.0,2.3047856845609656,1.0245526425301708,2.3118601747815233,46.29321681231794,1.0258177278401999,2.5866000832292966,4.5,1.1473158551810239,1.362047440699126,1.1198501872659177,46.107365792759055,1.2506616729088638,2.6666666666666665,3.8,0,1.0,1.0,0,3.0,1.0,6.0,6.0,0.0,4.0
1741532400,Coquimbo Unido,Cobresal,0.0,1.0609452736318408,0.668905472636816,1.6013266998341626,48.248839137645106,1.185721393034826,2.5855721393034825,4.5,0.3133499170812604,1.9498341625207296,0.1305970149253732,46.24004975124378,1.2381815920398007,3.533747927031509,3.8,0,1.0,1.0,1,1.0,1.0,6.0,4.0,4.0,6.0
1741554000,O'Higgins,D. La Serena,0.0,0.5273853779429989,1.7354812061131764,0.5344072697232549,48.42544403139199,1.2140702189178028,3.6528707145807515,4.5,1.1462205700123915,2.0309789343246596,0.7831474597273854,49.78066914498142,1.0635192069392811,3.0099132589838913,3.8,0,1.0,1.0,1,1.0,1.0,9.0,4.0,2.0,2.0
1741563000,Colo Colo,Everton de Vina,0.0,1.5938271604938272,0.49094650205761325,2.3119341563786007,66.73991769547324,1.025530864197531,1.5193415637860082,4.5,1.5598440545808967,2.130994152046784,1.0183235867446394,46.58323586744639,1.1459922027290448,2.6432748538011697,3.8,0,1.0,1.0,0,2.0,0.0,7.0,2.0,5.0,2.0
1741986000,A. Italiano,Universidad de Chile,0.0,2.4890658380268014,1.2014760147601475,2.3171101184696057,48.76651777044086,1.024097883084094,1.514041561468246,4.5,1.5571135711357114,1.4162361623616235,1.729971299712997,60.1020090200902,1.0105084050840507,2.111931119311193,3.8,0,1.0,1.0,1,1.0,1.0,2.0,4.0,1.0,1.0
1741995000,Deportes Limache,Huachipato,0.0,1.2720588235294117,1.3566176470588234,1.0551470588235294,54.154411764705884,1.309044117647059,2.2389705882352944,4.5,0.6645510835913313,1.0572755417956656,0.8388544891640867,43.00959752321982,0.929392414860681,3.1789473684210527,3.8,0,1.0,1.0,2,2.0,3.0,4.0,5.0,3.0,2.0
1742081400,Everton de Vina,Coquimbo Unido,0.0,1.4161986161986162,1.0244200244200243,1.7782661782661782,53.57232397232397,1.0252503052503052,2.2310948310948313,4.5,1.738924233661076,1.4153460574513206,1.7342972816657027,42.120956236745705,1.315882398303451,2.999614420667052,3.8,0,1.0,1.0,1,0.0,0.0,10.0,2.0,3.0,3.0
1742137200,D. La Serena,Union La Calera,0.0,1.27007299270073,1.3576642335766422,1.551094890510949,49.653284671532845,1.1125729927007302,2.490875912408759,4.5,0.4905920519059206,0.526682887266829,1.3750202757502026,42.33260340632603,1.0106447688564477,2.999594484995945,3.8,0,1.0,1.0,0,1.0,0.0,1.0,9.0,3.0,4.0
1742158800,Palestino,Nublense,0.0,1.593492822966507,1.2011483253588517,1.7797129186602871,54.658181818181816,1.426244976076555,2.2298564593301435,4.5,1.2011483253588517,1.593492822966507,1.7337799043062203,41.40497607655503,0.9187846889952153,2.463157894736842,3.8,0,1.0,1.0,0,2.0,0.0,5.0,3.0,0.0,1.0
1742158800,Cobresal,O'Higgins,0.0,1.9515636918382913,1.0217391304347827,2.3170861937452325,53.7700228832952,1.1523699466056445,2.0499618611746757,4.5,1.0217391304347827,1.4147215865751335,1.375438596491228,42.11418764302059,1.0100114416475972,4.0729214340198325,3.8,0,1.0,1.0,1,0.0,0.0,2.0,9.0,2.0,2.0
1742167800,Deportes Iquique,Union Espanola,0.0,1.9509785293558806,1.3791753752612577,1.7800114003420104,50.90579517385522,1.0914429032870987,2.5866235987079613,4.5,0.8423332699980999,1.4141364240927228,1.196427892836785,56.609994299829,1.0099752992589777,1.7462283868516055,3.8,0,1.0,1.0,2,0.0,4.0,7.0,2.0,4.0,0.0
1743110100,Colo Colo,Palestino,0.0,1.5925028398333965,0.4854979174555093,2.316243847027641,65.04346838318818,1.0233585762968573,2.2293070806512687,4.5,1.9170768648239302,1.2346081029912912,1.7339644074214313,44.61968951154866,1.0099394168875426,3.355622870124953,3.8,0,1.0,1.0,1,1.0,1.0,5.0,6.0,3.0,1.0
1743118200,Everton de Vina,Universidad de Chile,0.0,0.8765138653084323,0.6643652141105452,1.4212790039615166,58.423995472552356,0.9606432748538012,2.4084512356159213,4.5,1.5591020562158084,1.5923033389926429,1.3760045274476513,60.54442558007923,1.009903791737408,1.9232974910394267,3.8,0,1.0,1.0,0,2.0,0.0,3.0,6.0,6.0,5.0
1743196500,Union Espanola,U. Catolica,0.0,1.5920634920634922,1.5563492063492064,1.2452380952380953,57.30952380952381,1.6218134920634921,2.4103174603174606,4.5,1.0218045112781955,1.0556390977443608,1.0176691729323308,50.169924812030075,0.9758684210526316,2.460902255639098,3.8,0,1.0,1.0,2,1.0,2.0,4.0,5.0,3.0,3.0
1743204600,Nublense,Deportes Iquique,0.0,1.0554410938377974,1.379996253980146,1.0633077355309983,52.15609664731223,1.491951301741899,2.9468065180745455,4.5,0.485259411874883,2.308072672785166,0.12361865517887244,49.27548230005618,1.467938565274396,3.534594493350815,3.8,0,1.0,1.0,1,1.0,1.0,4.0,6.0,3.0,3.0
1743282000,O'Higgins,Deportes Limache,0.0,0.5184023889511011,1.737812616648003,0.526241134751773,48.75505785740948,1.2127114594998136,3.3048898842851813,4.5,1.104609929078014,1.7624113475177305,0.8368794326241135,46.61347517730496,1.1865425531914893,2.9893617021276597,3.8,0,1.0,1.0,0,3.0,1.0,4.0,8.0,6.0,1.0
1743346800,Huachipato,D. La Serena,0.0,2.129477403756742,1.021945322670634,2.316235819230054,45.35365445415659,1.0228491724009672,2.053561465501209,4.5,1.1042402826855122,1.765017667844523,0.8348056537102474,47.370141342756185,1.047720848056537,2.7358657243816253,3.8,0,1.0,1.0,0,3.0,1.0,2.0,4.0,1.0,0.0
1743368400,Coquimbo Unido,A. Italiano,0.0,1.2352853965900668,0.6639733135656042,1.7799110452186806,50.90148257968866,1.1838213491475167,2.947739065974796,4.5,1.0218680504077093,1.4142327650111193,1.1963676797627874,37.46693847294292,1.0100111193476649,3.1748702742772426,3.8,0,1.0,1.0,0,2.0,1.0,11.0,3.0,5.0,1.0
1743377400,Union La Calera,Cobresal,0.0,1.953684210526316,0.840701754385965,1.9614035087719297,48.91543859649123,1.0215543859649123,2.4112280701754387,4.5,0.48494921514312095,1.9512465373961219,0.30120036934441363,44.98374884579871,1.239028624192059,4.068882733148661,3.8,0,1.0,1.0,0,2.0,1.0,1.0,4.0,1.0,2.0
1744475400,Coquimbo Unido,Huachipato,0.0,1.2338461538461538,0.4806293706293706,2.141888111888112,50.179020979020976,1.1834790209790214,3.490699300699301,4.5,1.0206293706293705,0.8738461538461539,1.3757342657342657,48.38097902097902,0.9284440559440559,2.995104895104895,3.8,0,1.0,1.0,1,0.0,0.0,12.0,1.0,2.0,0.0
1744484400,Cobresal,U. Catolica,0.0,1.9533101045296166,0.8402090592334495,2.501672473867596,52.15909407665505,1.1510041811846687,2.0505226480836236,4.5,1.3802090592334495,1.0533101045296167,1.555679442508711,53.06090592334495,0.975211149825784,2.634076655052265,3.8,0,1.0,1.0,1,1.0,1.0,6.0,6.0,3.0,3.0
1744502400,A. Italiano,O'Higgins,0.0,2.3131250000000003,1.3801388888888888,1.9614583333333333,46.21951388888888,1.021329861111111,1.5106944444444443,4.5,0.840138888888889,1.413125,1.015625,44.60048611111111,1.009378472222222,3.1740972222222226,3.8,0,1.0,1.0,0,1.0,0.0,3.0,5.0,3.0,2.0
1744561800,D. La Serena,Everton de Vina,0.0,1.211764705882353,1.0788927335640137,1.847750865051903,47.09757785467128,1.0850242214532873,2.6034602076124567,4.5,1.3797231833910035,2.1329411764705886,1.0152249134948097,46.225605536332175,1.0633460207612457,2.453771626297578,3.8,0,1.0,1.0,0,2.0,1.0,3.0,4.0,4.0,3.0
1744657200,Palestino,Union La Calera,0.0,1.5931034482758621,1.1996551724137932,1.7824137931034483,58.09172413793104,1.4261827586206897,1.6913793103448276,4.5,0.3049001814882033,0.6980036297640653,0.8366606170598911,46.95607985480943,1.0098039927404718,2.9934664246823957,3.8,0,1.0,1.0,0,1.0,0.0,7.0,7.0,1.0,2.0
1744668000,Union Espanola,Nublense,0.0,1.234653644420329,1.9149936697413636,0.708301682040152,56.44474588533188,1.0222210164586725,2.4114306384517996,4.5,1.0192439862542955,1.9529209621993127,1.1944329896907218,41.187491408934704,0.9174817869415808,2.453470790378007,3.8,0,1.0,1.0,0,3.0,0.0,4.0,8.0,1.0,2.0
1744677000,Deportes Limache,Deportes Iquique,0.0,1.4136986301369863,1.6753424657534246,0.8534246575342466,50.48219178082192,1.240150684931507,2.4013698630136986,4.5,0.6588356164383562,2.133424657534247,0.29404109589041094,48.209452054794525,1.47005,3.173150684931507,3.8,0,1.0,1.0,0,2.0,0.0,6.0,3.0,4.0,6.0
1744927200,Universidad de Chile,D. La Serena,0.0,1.9511406502604633,0.4825579306628346,2.498760553260284,61.45331417280403,1.8244756601401115,0.44300341296928325,4.5,1.0737201365187714,2.0143344709897613,0.6546075085324232,47.31740614334471,1.036013651877133,2.17679180887372,3.8,0,1.0,1.0,0,3.0,1.0,3.0,2.0,1.0,3.0
1745013600,A. Italiano,Union Espanola,0.0,2.499125364431487,1.0174927113702623,2.508843537414966,43.28837058632977,1.0205506964690638,1.324133462908973,4.5,1.1983673469387757,1.4140816326530612,1.193265306122449,53.24721088435374,1.0089727891156461,1.19421768707483,3.8,0,1.0,1.0,0,2.0,0.0,2.0,4.0,7.0,3.0
1745089200,Huachipato,Cobresal,0.0,2.1342372881355933,0.8379661016949154,2.3247457627118644,44.58983050847458,1.0216338983050848,1.871864406779661,4.5,0.6579661016949153,1.9542372881355932,0.2928813559322034,46.05016949152542,1.2394474576271184,4.254237288135593,3.8,0,1.0,1.0,2,0.0,1.0,5.0,1.0,1.0,5.0
1745098200,U. Catolica,Deportes Limache,0.0,1.2354907539118065,1.3767425320056899,1.2465149359886203,51.43328591749644,1.0226955903271693,2.948790896159317,4.5,1.0716216216216217,2.0148648648648653,0.654054054054054,47.71351351351352,1.3000675675675677,2.57972972972973,3.8,0,1.0,1.0,0,2.0,1.0,8.0,5.0,5.0,4.0
1745166600,Everton de Vina,Union La Calera,0.0,0.8738720538720539,0.6578451178451179,1.4246464646464645,55.57744107744107,0.9584882154882155,2.9521885521885523,4.5,0.29784511784511786,0.6938720538720539,0.8331313131313132,48.38255892255892,1.0089865319865319,2.9952861952861953,3.8,0,1.0,1.0,1,1.0,1.0,4.0,7.0,4.0,1.0
1745175600,O'Higgins,Palestino,0.0,1.0536912751677852,1.557785234899329,1.0644295302013422,49.2758389261745,1.1654161073825506,3.672684563758389,4.5,2.097785234899329,1.2336912751677853,1.9130872483221477,47.124161073825505,1.0089563758389262,2.8146308724832214,3.8,0,1.0,1.0,0,1.0,0.0,4.0,8.0,2.0,3.0
1745193600,Nublense,Coquimbo Unido,0.0,1.2335117056856189,1.377391304347826,1.2448829431438126,49.63391304347826,1.4929444816053512,2.9525083612040133,4.5,1.377391304347826,0.8735117056856188,1.9127090301003344,40.28608695652174,1.428326421404682,3.1746488294314386,3.8,0,1.0,1.0,1,0.0,0.0,3.0,1.0,2.0,2.0
1745618400,Union La Calera,A. Italiano,0.0,2.317142857142857,0.6542857142857142,2.5092063492063494,52.8815873015873,1.0201650793650794,2.04984126984127,4.5,1.017,1.7730000000000001,0.6526666666666667,39.02433333333333,1.00891,2.4543333333333335,3.8,0,1.0,1.0,0,1.0,0.0,3.0,4.0,2.0,4.0
1745618400,Nublense,D. La Serena,0.0,0.8693561145388389,1.3777250435057744,0.8810631229235881,51.61531403258979,1.239050466698307,2.592532827084322,4.5,1.0553709856035438,2.176079734219269,0.5409745293466224,46.41306755260244,1.0296013289036545,2.3156146179401995,3.8,0,1.0,1.0,0,2.0,0.0,3.0,4.0,2.0,2.0
1745627400,U. Catolica,Everton de Vina,0.0,1.5929801324503312,1.196225165562914,1.7855629139072848,57.555165562913906,1.0210331125827814,3.4919867549668875,4.5,0.6535477767265846,1.9552191737622202,0.46849574266792815,47.48079470198675,1.0627152317880795,2.6327341532639545,3.8,0,1.0,1.0,0,6.0,0.0,8.0,5.0,3.0,1.0
1745690400,Cobresal,Deportes Limache,0.0,1.7756718528995756,0.8341348420556343,2.148577714914349,51.61735030645922,1.01996542511394,2.4115668709728113,4.5,1.0528052805280528,2.014851485148515,0.5385038503850386,44.90594059405941,1.2494059405940594,2.8124312431243124,3.8,0,1.0,1.0,0,3.0,1.0,7.0,10.0,3.0,1.0
1745697600,Colo Colo,Coquimbo Unido,0.0,1.594934210526316,0.6557894736842106,1.9664473684210526,63.14092105263158,1.0208947368421053,2.772302631578947,4.5,1.3769423558897242,0.5094611528822055,2.0963659147869675,38.97055137844612,1.437231203007519,2.6315162907268173,3.8,0,1.0,1.0,0,2.0,0.0,1.0,4.0,1.0,2.0
1745771400,O'Higgins,Deportes Iquique,0.0,1.0524590163934426,1.0146760343481656,1.6065573770491806,50.53551912568306,1.1645964090554257,3.3160031225604993,4.5,0.6527712724434036,2.1381733021077287,0.2864949258391881,47.11209992193599,0.8943466042154566,3.8978922716627635,3.8,0,1.0,1.0,1,2.0,2.0,2.0,2.0,1.0,5.0
1745780400,Palestino,Universidad de Chile,0.0,1.4145035792094616,0.6530345471521942,2.33015873015873,61.57584811702459,1.4269125427948957,1.5060068471833177,4.5,1.5556862745098041,1.4152287581699345,1.3707843137254903,59.35535947712418,1.008735294117647,2.273464052287582,3.8,0,1.0,1.0,2,2.0,3.0,4.0,5.0,2.0,5.0
1745789400,Huachipato,Union Espanola,0.0,1.9574996122227393,0.6536063285248953,2.329641693811075,49.81585233441911,1.0197052892818366,1.5058476810919807,4.5,0.8345587094772764,1.7765472312703583,0.6489530013959981,52.717480998914226,1.0643874670389328,1.7277493407786568,3.8,0,1.0,1.0,0,2.0,1.0,4.0,10.0,2.0,4.0
1746216000,Deportes Limache,Colo Colo,0.0,1.5183982683982684,1.3874458874458875,1.2218614718614718,50.77272727272728,1.5337445887445886,2.66991341991342,4.5,1.7328776486671225,1.237388926862611,1.9063568010936431,64.66124401913875,1.0091353383458648,2.099453178400547,3.8,0,1.0,1.0,0,1.0,0.0,5.0,6.0,1.0,2.0
1746232200,Union Espanola,Cobresal,0.0,1.7753398058252428,1.7358576051779937,1.246990291262136,53.41605177993527,1.0205566343042072,2.230485436893204,4.5,0.8341501001695177,1.5955617198335648,0.8292186777623671,45.489474495299746,1.2398576051779935,4.4420711974110025,3.8,0,1.0,1.0,2,0.0,1.0,8.0,5.0,4.0,2.0
1746289800,Everton de Vina,Palestino,0.0,1.0522273425499231,0.6531490015360982,1.6061443932411676,54.331490015360984,0.9561812596006145,3.677112135176651,4.5,1.919815668202765,1.0522273425499231,1.9155145929339477,47.29708141321045,1.0082119815668202,2.81321044546851,3.8,0,1.0,1.0,2,1.0,2.0,4.0,4.0,2.0,1.0
1746302400,Universidad de Chile,U. Catolica,0.0,2.134662379421222,0.47607717041800646,2.5059163987138264,58.81524115755627,1.8268244372990354,0.6108038585209004,4.5,1.1962639718266728,1.233011789924973,1.1922829581993568,51.64262746899403,0.9738046241004441,2.8126167508804163,3.8,0,1.0,1.0,0,1.0,0.0,5.0,0.0,2.0,3.0
1746311400,Coquimbo Unido,O'Higgins,0.0,0.8709401709401711,0.47210012210012214,1.7869963369963369,49.80842490842491,1.1822466422466422,3.495848595848596,4.5,0.8340048840048842,1.2328449328449327,1.010989010989011,46.210622710622715,1.0081593406593408,2.9935897435897436,3.8,0,1.0,1.0,0,2.0,0.0,9.0,1.0,1.0,0.0
1746385200,Deportes Iquique,Huachipato,0.0,1.4146325878594248,2.095335463258786,1.246773162939297,54.6738019169329,1.08869392971246,2.590159744408946,4.5,0.6527004411988437,0.8710786551042143,1.0106496272630459,48.56780769815914,0.9267047010497489,2.0879354936862926,3.8,0,1.0,1.0,0,3.0,0.0,2.0,1.0,1.0,0.0
1746394200,A. Italiano,D. La Serena,0.0,2.140995946728431,0.8317892298784019,2.5156340474811816,41.60596409959467,1.0874811812391432,2.5906195715112914,4.5,0.8999090081892631,2.1574158325750683,0.45950864422202,47.095541401273884,1.024322111010009,2.261146496815287,3.8,0,1.0,1.0,0,2.0,1.0,8.0,5.0,2.0,4.0
1746403200,Nublense,Union La Calera,0.0,1.0502164502164502,0.6499278499278499,1.4251082251082252,53.24126984126984,1.2383318903318905,2.4086580086580085,4.5,0.290400604686319,0.8716553287981861,0.46712018140589573,49.6615268329554,1.0080816326530613,2.6302343159486017,3.8,0,1.0,1.0,1,1.0,1.0,6.0,2.0,1.0,3.0
1747440000,Union La Calera,Coquimbo Unido,0.0,1.9591484464902187,0.6498849252013809,2.5158227848101267,54.515535097813576,1.0184666283084005,1.8627733026467204,4.5,1.0135212888377445,0.686421173762946,1.5549482163406214,40.02991944764097,1.4386910241657076,2.265247410817031,3.8,0,1.0,1.0,2,0.0,1.0,2.0,1.0,1.0,1.0
1747508400,Cobresal,A. Italiano,0.0,1.7768855749928305,0.8316604531115572,2.151706337826212,50.15514769142529,1.0184083739604244,2.9532549469457985,4.5,0.8331680937359172,1.5948325071353464,0.6486104852035451,43.32317860898302,1.008126783836563,2.9915878023133544,3.8,0,1.0,1.0,2,0.0,1.0,5.0,4.0,3.0,3.0
1747517400,O'Higgins,U. Catolica,0.0,1.412807318467696,0.8316180674671241,1.7875929102344197,53.25071469411092,1.163805031446541,2.7715837621498,4.5,0.8316180674671241,1.0491709548313322,1.0105774728416237,48.203830760434535,0.9731875357347056,2.810177244139508,3.8,0,1.0,1.0,0,2.0,0.0,2.0,8.0,3.0,2.0
1747594800,Deportes Limache,Palestino,0.0,1.4406627854903717,1.1840573219883566,1.4764890282131662,48.34527541424093,1.456063591580833,2.425436632333184,4.5,1.7403818751781133,0.8674836135651183,1.9193502422342548,50.753776004559704,1.0077087489313195,2.2644628099173554,3.8,0,1.0,1.0,2,0.0,1.0,2.0,7.0,7.0,2.0
1747607400,Universidad de Chile,Huachipato,0.0,2.1369047619047623,0.4708333333333334,2.5107142857142857,59.03095238095238,1.8297708333333333,0.962202380952381,4.5,0.6494318181818182,1.2306818181818182,1.0107954545454545,53.29772727272727,0.9258664772727272,1.5369318181818183,3.8,0,1.0,1.0,0,5.0,1.0,8.0,9.0,0.0,4.0
1747681200,Union Espanola,Everton de Vina,0.0,1.233170152796321,1.7374573505414628,0.7015873015873015,51.97448449784899,1.0190446521287644,2.9519359145527373,4.5,0.4675729255168508,2.8680260549419425,0.2832058906825262,46.933446615689604,1.062206173888417,2.2645143018974796,3.8,0,1.0,1.0,2,0.0,3.0,6.0,7.0,2.0,2.0
1747692000,Colo Colo,Nublense,0.0,1.594616977225673,0.4713398402839397,1.9677610174504585,59.3930198166223,1.018985507246377,2.589884649511979,4.5,0.4713398402839397,2.3184265010351965,0.6496302868973676,39.88317065956817,0.9157148772552499,2.4482697426796802,3.8,0,1.0,1.0,1,2.0,2.0,11.0,3.0,4.0,3.0
1747701000,D. La Serena,Deportes Iquique,0.0,1.348297213622291,1.0505675954592364,2.0531475748194015,46.58617131062952,1.0662435500515997,2.8328173374613,4.5,1.0137911623979736,1.9586265128060794,0.46552209400506617,48.20377146073741,0.8930678300028145,4.809738249366732,3.8,0,1.0,1.0,0,2.0,1.0,4.0,1.0,0.0,2.0
1748037600,Deportes Limache,Universidad de Chile,0.0,1.2865740740740739,1.1878086419753084,1.315895061728395,48.050617283950615,1.3510293209876543,3.172685185185185,4.5,1.7382128159905939,1.5948853615520284,1.3730746619635508,56.88547912992357,1.0079512051734274,2.4480305702527922,3.8,0,1.0,1.0,0,2.0,0.0,3.0,5.0,1.0,3.0
1748113200,Everton de Vina,Cobresal,0.0,1.0497902097902099,1.0134265734265735,1.0606993006993006,52.15888111888112,0.9543188811188812,3.4987412587412585,4.5,1.0134265734265735,1.0497902097902099,1.373986013986014,42.93202797202797,1.240293706293706,3.718601398601398,3.8,0,1.0,1.0,1,2.0,2.0,12.0,3.0,2.0,3.0
1748122200,Colo Colo,Union Espanola,0.0,1.413552704963748,0.8318460680423871,1.605967651979922,58.88957055214724,1.0179001673173453,3.1349693251533743,4.5,1.0136642498605688,1.7771890686001115,0.6466815393195762,52.20133853876185,1.0639068600111545,1.9004461795872838,3.8,0,1.0,1.0,0,4.0,1.0,5.0,5.0,2.0,2.0
1748131200,Coquimbo Unido,Palestino,0.0,1.2324159021406729,0.46816791770920213,2.1517931609674728,45.43703085904921,1.181481790380873,2.7711982207395054,4.5,1.378247573460976,0.8657891237867306,1.9226166733147187,48.19936178699641,1.0071931923946285,1.895838319372424,3.8,0,1.0,1.0,1,0.0,0.0,7.0,6.0,4.0,2.0
1748190600,Nublense,O'Higgins,0.0,1.0479851537645812,0.647507953340403,1.4232767762460234,53.075238600212096,1.084582714740191,2.042417815482503,4.5,0.6496674057649667,1.0501662971175167,1.0099778270509978,52.02134146341463,1.0074972283813748,2.8090354767184036,3.8,0,1.0,1.0,2,0.0,1.0,6.0,3.0,4.0,0.0
1748199600,U. Catolica,D. La Serena,0.0,2.4997249963815316,0.8329425387176148,2.329772760167897,60.665450861195545,1.018581560283688,3.3135620205529017,4.5,0.8864741641337387,2.03677811550152,0.42887537993920977,46.8531914893617,1.0205547112462006,2.372644376899696,3.8,0,1.0,1.0,2,1.0,3.0,11.0,1.0,2.0,5.0
1748217600,Deportes Iquique,Union La Calera,0.0,1.2329004329004327,1.9191919191919191,1.2435786435786436,48.90678210678211,1.0872871572871574,2.4086580086580085,4.5,0.4683195592286502,1.0495867768595042,0.46556473829201106,50.19807162534435,1.065633608815427,2.6269972451790635,3.8,0,1.0,1.0,2,0.0,1.0,5.0,4.0,2.0,0.0
1748302200,A. Italiano,Huachipato,0.0,1.7774596085642977,0.6479180349402338,2.517614606593984,43.2174438460528,1.08625456456062,2.5903848679889663,4.5,0.8305267305924078,2.142676999868646,0.8284250623932747,53.312990936555885,1.0071062655983187,1.894627610665966,3.8,0,1.0,1.0,0,4.0,3.0,7.0,8.0,3.0,5.0
1748709000,Huachipato,Nublense,0.0,2.1407447973713034,0.8324205914567361,2.332420591456736,45.79901423877328,1.017576670317634,1.6809967141292443,4.5,0.8324205914567361,2.504381161007667,0.829408543263965,39.29189485213581,0.9146796276013144,2.626779846659365,3.8,0,1.0,1.0,2,0.0,1.0,0.0,3.0,2.0,5.0
1748709000,D. La Serena,Coquimbo Unido,0.0,1.441012441012441,1.0446160446160446,2.186186186186186,49.360789360789354,1.055075075075075,2.4255684255684256,4.5,0.648361404883144,0.6820472646559603,1.5590547068807938,41.081498890194545,1.1275853244548897,2.0783392087739916,3.8,0,1.0,1.0,2,2.0,4.0,5.0,6.0,2.0,3.0
1748718000,Universidad de Chile,O'Higgins,0.0,2.867719107240065,0.4695155144256941,2.8769733260751225,58.345672291780076,1.8320168753402286,0.7716385410996189,4.5,0.6491017964071857,1.0473834938818016,1.011715699036709,53.31283519916688,1.0070424368653996,2.4435824004165583,3.8,0,1.0,1.0,0,6.0,0.0,3.0,4.0,0.0,2.0
1748736000,Everton de Vina,A. Italiano,0.0,1.2311486048020766,1.0140168721609344,1.2391953277092798,52.16625567813109,0.9527488643737834,3.3200519143413367,4.5,1.0146540027137043,1.2325644504748983,1.1937584803256445,41.289823609226595,1.0073405698778832,2.9907734056987785,3.8,0,1.0,1.0,1,1.0,1.0,4.0,3.0,2.0,2.0
1748804400,Palestino,U. Catolica,0.0,1.4142316017316017,1.1964285714285714,1.7862554112554112,61.8051948051948,1.4264583333333334,1.6799242424242424,4.5,0.8313664596273292,1.2310041407867494,1.0113871635610767,48.56024844720497,1.0070005175983436,2.8083333333333336,3.8,0,1.0,1.0,1,1.0,1.0,1.0,8.0,2.0,4.0
1748813400,Union La Calera,Colo Colo,0.0,1.230860534124629,0.8313249903238292,1.9692942846084376,57.09833569861953,1.0165630241259191,1.6763256354018838,4.5,1.5560237388724036,1.4154896142433233,1.3730563798219584,64.39691394658755,1.008026706231454,2.0899109792284865,3.8,0,1.0,1.0,2,0.0,1.0,3.0,1.0,4.0,4.0
1748901600,Cobresal,Deportes Iquique,0.0,1.2304605093902752,0.8312837664008234,1.6036532029843067,53.992745047594546,1.016514021095961,2.7723694365834834,4.5,0.8312837664008234,1.5956779006946231,0.46400823257010554,43.268124517622844,0.8919156161564188,4.269771031643941,3.8,0,1.0,1.0,0,2.0,1.0,7.0,5.0,4.0,3.0
1748977200,Union Espanola,Deportes Limache,0.0,0.868329310807187,1.741753821399839,0.6950925181013676,49.8010190399571,1.0172137302225799,2.9533386967015285,4.5,1.04551201011378,2.157606405394016,0.4664981036662452,44.196797302991996,1.2113695743784239,2.543615676359039,3.8,0,1.0,1.0,1,2.0,2.0,10.0,3.0,4.0,1.0
1749772800,Deportes Iquique,Colo Colo,0.0,0.8684491978609626,2.105614973262032,0.6949197860962567,50.893850267379676,1.0862540106951872,2.408288770053476,4.5,1.196358543417367,1.0526610644257703,1.3745098039215686,62.311204481792714,1.0075770308123249,2.4473389355742294,3.8,0,1.0,1.0,1,2.0,2.0,6.0,6.0,2.0,3.0
1749859200,Deportes Limache,Union La Calera,0.0,1.434278266536331,0.8809384164222874,1.7649397197784296,44.63610296513522,1.3545434995112413,3.0421635711958293,4.5,0.6490628586000255,0.8655871477750862,1.0114752008160144,51.6728292745123,1.0655774576055081,2.078031365548897,3.8,0,1.0,1.0,2,0.0,1.0,5.0,2.0,3.0,3.0
1749918600,Palestino,D. La Serena,0.0,1.2304093567251462,1.1968471904398676,1.4206458174421561,58.37147215865752,1.0165344520722095,1.677498093058734,4.5,1.1919428200129953,2.055490578297596,0.7194282001299546,46.33957115009746,1.018135152696556,2.821702404158544,3.8,0,1.0,1.0,0,2.0,1.0,7.0,4.0,1.0,3.0
1749927600,U. Catolica,Huachipato,0.0,2.5046382189239336,1.0148423005565863,2.3310363106281473,60.88947786906971,1.0173601908295786,2.9533527696793,4.5,1.3802721088435372,2.6959183673469385,0.8278425655976678,55.5346452866861,1.006737123420797,2.2581632653061225,3.8,0,1.0,1.0,0,1.0,0.0,4.0,0.0,2.0,4.0
1750005000,O'Higgins,Union Espanola,0.0,1.7782103134479272,0.831294236602629,2.151769464105157,49.97462082912032,0.9693417593528818,2.7726491405460063,4.5,1.1965116279069767,1.7782103134479272,0.6461577350859454,50.39059656218402,1.0635247724974723,2.078361981799798,3.8,0,1.0,1.0,0,1.0,0.0,6.0,9.0,1.0,6.0
1750014000,Coquimbo Unido,Universidad de Chile,0.0,1.0476370510396975,0.46578449905482044,1.7868935097668557,45.41020793950851,1.0167712665406428,3.1374921235034656,4.5,1.0142292490118576,1.7770750988142292,0.829776021080369,58.016600790513834,1.007209486166008,2.8100131752305666,3.8,0,1.0,1.0,0,1.0,0.0,1.0,5.0,4.0,2.0
1750032000,Nublense,A. Italiano,0.0,0.8621868978805396,0.6460982658959538,1.2377649325626203,53.997639691714845,1.083859344894027,2.407129094412331,4.5,1.0133199296305604,0.8648906760492587,1.3760241266649913,39.254636843427996,1.006876099522493,2.9919577783362654,3.8,0,1.0,1.0,2,2.0,3.0,8.0,1.0,4.0,4.0
1750118400,Deportes Iquique,Everton de Vina,0.0,1.2302217767197092,1.9268262122541033,0.8737752161383286,43.40335797519108,1.0295950382157624,2.4078185691016163,4.5,0.8311740383410601,2.6910913419371005,0.6460593910537527,48.379250720461094,1.0069540157874952,1.896579376018043,3.8,0,1.0,1.0,2,1.0,2.0,4.0,4.0,5.0,1.0
1750197600,Colo Colo,Cobresal,0.0,2.143128435782109,0.831384307846077,2.151624187906047,57.64837581209395,1.0167641179410296,2.9562718640679657,4.5,1.1966016991504247,1.0474762618690654,1.5595702148925539,42.53423288355822,1.0069340329835081,3.5395802098950524,3.8,0,1.0,1.0,0,4.0,0.0,8.0,2.0,2.0,3.0
1750455000,Union La Calera,U. Catolica,0.0,0.8627507163323783,0.646466093600764,1.7872970391595033,56.57593123209169,1.0160195797516716,2.041308500477555,4.5,0.8297994269340975,1.229417382999045,1.0109837631327603,50.57406876790831,1.0066260744985673,2.9921203438395416,3.8,0,1.0,1.0,1,1.0,1.0,7.0,5.0,2.0,3.0
1750523400,Union Espanola,Coquimbo Unido,0.0,1.23055900621118,1.5614906832298137,0.8735403726708075,52.718757763975155,1.0166683229813664,2.773416149068323,4.5,1.013095238095238,0.8626190476190477,1.560952380952381,39.211190476190474,1.127607142857143,2.258809523809524,3.8,0,1.0,1.0,2,0.0,2.0,2.0,9.0,2.0,2.0
1750532400,Universidad de Chile,Deportes Iquique,0.0,3.056261612783352,0.46604731822123135,2.881828316610925,56.18984268549486,1.0166208348817045,0.7645980428589125,4.5,1.01329534662868,1.7789173789173789,0.4613960113960115,45.07640075973409,0.891088319088319,3.7252611585944915,3.8,0,1.0,1.0,0,3.0,1.0,7.0,1.0,2.0,3.0
1750541400,Huachipato,Palestino,0.0,1.4131422924901187,1.0138339920948616,1.7865118577075099,45.41941699604743,1.0165736166007906,1.67751976284585,4.5,0.8299242424242426,0.6792613636363636,1.561126893939394,51.67305871212121,1.0065696022727273,1.8919507575757577,3.8,0,1.0,1.0,1,2.0,2.0,4.0,2.0,2.0,2.0
1750609800,D. La Serena,Deportes Limache,0.0,1.5881019830028331,1.1903682719546742,2.210764872521246,52.87804532577904,1.0475141643059491,2.2725212464589237,4.5,1.1903682719546742,2.338101983002833,0.43328611898017,43.82195467422096,1.133652974504249,2.3752124645892354,3.8,0,1.0,1.0,1,1.0,1.0,2.0,5.0,3.0,5.0
1750618800,A. Italiano,Colo Colo,0.0,1.9625706214689265,1.0134180790960452,2.5201035781544254,42.46290018832392,1.0854599811676084,3.1409604519774015,4.5,1.3782742681047766,1.231895223420647,1.3757062146892656,61.82229070364664,1.1816718027734976,2.809707241910632,3.8,0,1.0,1.0,0,2.0,1.0,2.0,7.0,1.0,3.0
1750627800,Cobresal,Nublense,0.0,1.2293427230046947,0.8300469483568076,1.6037558685446012,55.6575117370892,1.0157488262910799,2.9572769953051643,4.5,1.013962033067973,1.5958358848744643,1.3764849969381507,43.62694427434171,1.0067973055725659,2.9919167176974892,3.8,0,1.0,1.0,1,1.0,1.0,3.0,11.0,3.0,2.0
1750636800,Everton de Vina,O'Higgins,0.0,1.4125468164794006,1.1966760299625467,1.2369382022471909,52.17233146067416,1.0157045880149813,3.140730337078652,4.5,0.2800093632958802,1.7792134831460673,0.827434456928839,52.41100187265918,1.006495786516854,1.3420411985018728,3.8,0,1.0,1.0,2,0.0,1.0,3.0,7.0,2.0,3.0
1751742000,Union Espanola,Universidad de Chile,0.0,1.0455182072829132,1.5633053221288518,0.869887955182073,54.00242763772176,1.0156605975723623,2.5906162464985996,4.5,0.8312751187431495,1.5953233467299963,0.8290829375228352,58.97137985629034,1.006759225429302,3.1743271221532092,3.8,0,1.0,1.0,2,0.0,2.0,4.0,3.0,4.0,4.0
1751828400,U. Catolica,Colo Colo,0.0,2.1427738644644156,0.8314792324508138,2.333398105416565,61.66465873208647,1.2062088899684236,2.955793053194073,4.5,1.0140879281029875,1.4123390818557202,0.82953606995385,64.08316735487004,1.18204469273743,3.1745931503521985,3.8,0,1.0,1.0,0,2.0,0.0,3.0,1.0,2.0,1.0
1752346800,Universidad de Chile,Colo Colo,0.0,3.428597957288765,0.6465645311049211,2.886490250696379,58.58560817084494,1.0155733519034356,1.1241875580315692,4.5,0.8298978644382545,1.4119312906220984,0.8280408542246983,61.947725162488396,1.182441504178273,2.625208913649025,3.8,0,1.0,1.0,0,2.0,1.0,1.0,4.0,5.0,4.0
1752879600,Everton de Vina,Deportes Limache,0.0,1.0435555555555556,1.3806666666666667,0.6833333333333333,51.80044444444444,1.0149088888888889,2.407777777777778,4.5,1.1907407407407407,2.054320987654321,0.5629629629629629,41.35432098765432,1.1353518518518517,2.5123456790123457,3.8,0,1.0,1.0,1,0.0,0.0,6.0,5.0,1.0,2.0
1752942600,Union Espanola,Union La Calera,0.0,0.49121329639889194,1.932409972299169,0.315191135734072,56.03514681440443,1.0147767313019391,3.1434459833795017,4.5,0.8295937211449678,0.6783471837488457,1.5610803324099725,48.38005540166205,1.0465960295475532,1.891920590951062,3.8,0,1.0,1.0,0,3.0,1.0,10.0,2.0,1.0,4.0
1752951600,Colo Colo,D. La Serena,0.0,2.5120165745856355,0.8295580110497238,2.1536372007366484,60.051933701657454,1.0154926335174954,2.4074125230202577,4.5,1.190939226519337,1.908839779005525,0.7059668508287292,45.7953591160221,0.986078453038674,3.30121546961326,3.8,0,1.0,1.0,0,2.0,1.0,7.0,4.0,1.0,3.0
1752960600,Coquimbo Unido,Deportes Iquique,0.0,1.0454545454545454,0.2795224977043159,2.1539485766758495,43.00404040404041,1.0156450872359963,3.1404040404040408,4.5,1.0123415977961432,2.147636363636364,0.2741377410468319,41.94012121212121,0.8900744903581267,3.7285068870523417,3.8,0,1.0,1.0,0,4.0,1.0,6.0,2.0,4.0,3.0
1753029000,A. Italiano,U. Catolica,0.0,2.1481758241758246,1.0123076923076924,2.8920879120879124,41.86681318681318,1.085330989010989,3.1431208791208793,4.5,0.6443076923076922,1.2281758241758243,0.6418901098901099,53.34918681318681,1.005879120879121,2.9925274725274726,3.8,0,1.0,1.0,1,1.0,1.0,2.0,5.0,3.0,5.0
1753038000,Nublense,Universidad de Chile,0.0,1.0440547945205478,1.0122739726027397,1.051945205479452,58.79441095890411,1.184692602739726,2.591232876712329,4.5,1.012785388127854,1.4125570776255707,1.193607305936073,54.43082191780822,1.0061392694063926,3.7260273972602738,3.8,0,1.0,1.0,1,2.0,2.0,1.0,3.0,1.0,4.0
1753138800,Huachipato,O'Higgins,0.0,1.4126593806921675,1.196311475409836,1.4206284153005464,47.95004553734062,1.0162249544626594,1.6738615664845176,4.5,0.4604590163934426,1.780153005464481,1.1938360655737705,54.455956284153004,1.0060327868852459,1.5212240437158469,3.8,0,1.0,1.0,0,2.0,1.0,5.0,4.0,2.0,2.0
1753484400,Deportes Limache,Nublense,0.0,1.1106267029972752,0.5510626702997276,1.7702452316076296,47.48021798365122,1.4849852861035422,3.0570027247956406,4.5,0.82960944595822,1.5960944595821982,1.0099909173478656,47.28324250681199,1.0062102633969119,2.626067211625795,3.8,0,1.0,1.0,2,0.0,1.0,4.0,6.0,3.0,4.0
1753556400,D. La Serena,Cobresal,0.0,1.588647342995169,1.3455314009661836,1.921497584541063,54.90724637681159,1.0447524154589374,2.419202898550725,4.5,1.012907608695652,1.5957427536231885,1.3770833333333332,38.48478260869565,1.006471920289855,2.992980072463768,3.8,0,1.0,1.0,2,0.0,2.0,11.0,4.0,3.0,3.0
1753565400,Everton de Vina,Huachipato,0.0,0.857285803627267,1.1967062747550552,0.6801751094434021,54.94092140921409,0.9398820095893267,1.8529080675422138,4.5,0.8285745257452575,2.515577235772358,0.27440650406504064,51.14144173441735,0.9382853116531165,2.625279132791328,3.8,0,1.0,1.0,0,4.0,1.0,4.0,8.0,5.0,3.0
1753633800,O'Higgins,Colo Colo,0.0,1.7792792792792793,0.6463963963963963,2.5204954954954957,49.05202702702702,0.9695045045045045,2.5912162162162162,4.5,1.0125405405405405,1.5961081081081083,0.8261621621621622,60.158054054054055,1.1829924324324324,2.9932972972972975,3.8,0,1.0,1.0,1,1.0,1.0,4.0,0.0,0.0,5.0
1753642800,Palestino,Union Espanola,0.0,1.5958221024258763,1.013027852650494,1.9703504043126685,55.653189577717875,1.103291554357592,1.3073225516621743,4.5,1.1963611859838275,1.7791554357592094,0.6438903863432165,50.213477088948785,1.0632506738544474,2.993486073674753,3.8,0,1.0,1.0,0,1.0,0.0,7.0,2.0,3.0,4.0
1753642800,U. Catolica,Coquimbo Unido,0.0,2.3290322580645157,0.8294354838709679,2.337320788530466,59.138351254480284,1.2077096774193548,2.7741039426523297,4.5,1.380258064516129,0.8598709677419355,1.9298924731182796,40.83518279569893,1.0134718279569892,2.0739784946236557,3.8,0,1.0,1.0,2,0.0,3.0,1.0,6.0,4.0,2.0
1753653600,Deportes Iquique,A. Italiano,0.0,1.228686327077748,1.746514745308311,0.8702859696157285,43.556836461126004,1.0296429848078643,2.7744414655942804,4.5,1.196514745308311,1.228686327077748,1.377390527256479,38.476496872207335,1.0781353887399463,2.8101876675603217,3.8,0,1.0,1.0,0,1.0,0.0,2.0,6.0,1.0,1.0
1753740000,Union La Calera,Universidad de Chile,0.0,0.8594224598930482,0.8284064171122996,1.4197647058823528,52.171379679144394,1.016070588235294,2.039144385026738,4.5,1.3804064171122994,1.411422459893048,1.378053475935829,54.26862032085561,1.1370250267379678,3.5453689839572196,3.8,0,1.0,1.0,2,0.0,4.0,4.0,3.0,3.0,2.0
1754089200,A. Italiano,Palestino,0.0,2.1491282051282052,1.197128205128205,2.5263589743589745,44.22953846153847,1.12232,3.1454358974358976,4.5,1.0130133333333333,0.8590933333333334,1.5624533333333335,53.16928,1.0066154666666667,2.073173333333333,3.8,0,1.0,1.0,1,1.0,1.0,5.0,7.0,3.0,3.0
1754152200,Union Espanola,D. La Serena,0.0,1.0413256955810146,1.935556464811784,0.8646890343698854,53.82671849427168,1.129637479541735,2.591693944353519,4.5,1.1931334622823984,1.7522243713733077,0.69642166344294,45.264119922630556,1.0296934235976787,3.3117988394584135,3.8,0,1.0,1.0,0,1.0,0.0,11.0,2.0,3.0,2.0
1754161200,Coquimbo Unido,Deportes Limache,0.0,1.410864721485411,0.27673209549071615,2.155564986737401,42.59690185676392,1.378284774535809,2.9594694960212204,4.5,1.0318302387267904,1.587161803713528,0.7054641909814323,38.607745358090185,0.9173358090185676,2.6624933687002654,3.8,0,1.0,1.0,0,2.0,1.0,7.0,1.0,5.0,4.0
1754170200,Deportes Iquique,U. Catolica,0.0,1.410962962962963,1.0126984126984127,1.4198518518518517,40.39022222222222,1.0088198941798943,2.224,4.5,0.6429792429792429,1.2259259259259259,0.6403337403337404,53.924786324786325,1.032050875050875,3.3627187627187625,3.8,0,1.0,1.0,1,2.0,2.0,3.0,6.0,4.0,5.0
1754238600,O'Higgins,Union La Calera,0.0,1.411060686015831,0.6448759894459103,2.155715039577837,50.69363588390502,1.0163503957783642,1.4883166226912927,4.5,1.0128759894459103,1.0430606860158311,1.561920844327177,49.85836411609498,1.0103776253298153,2.257667546174143,3.8,0,1.0,1.0,0,1.0,0.0,13.0,7.0,3.0,1.0
1754247600,Colo Colo,Huachipato,0.0,2.6989473684210528,0.8286315789473685,2.5240000000000005,60.997052631578946,1.172818947368421,2.040421052631579,4.5,1.0121457489878543,3.25668016194332,0.08623481781376512,51.71052631578947,0.9416862348178139,3.1781376518218623,3.8,0,1.0,1.0,1,2.0,2.0,8.0,4.0,6.0,3.0
1754256600,Nublense,Everton de Vina,0.0,1.4106198263678578,1.3815465374520493,1.0498687664041995,55.861780738946095,1.4149331718150615,2.40880274581062,4.5,1.1966754155730532,2.144838145231846,1.1933945756780402,45.999737532808396,1.0068022747156604,1.8930008748906386,3.8,0,1.0,1.0,0,1.0,0.0,2.0,3.0,2.0,4.0
1754344800,Universidad de Chile,Cobresal,0.0,3.250931937172775,0.644565445026178,2.892146596858639,56.03313089005235,1.016649214659686,1.8570471204188481,4.5,1.196565445026178,1.226931937172775,1.9294240837696335,36.97486910994765,1.1500414659685865,3.177507853403142,3.8,0,1.0,1.0,2,0.0,1.0,11.0,2.0,2.0,3.0
1754679600,Palestino,Deportes Iquique,0.0,1.4106109660574413,1.012532637075718,1.9718015665796345,54.01209399477807,1.0738587989556134,1.856939947780679,4.5,1.1966659971881903,2.517895159670617,0.27097810805382605,42.842217312713395,0.9230769230769229,3.178389234786102,3.8,0,1.0,1.0,0,2.0,0.0,7.0,3.0,3.0,3.0
1754757000,Huachipato,Union La Calera,0.0,1.2267083333333333,1.1962916666666668,1.4200833333333334,47.759875,1.4731679166666667,1.8570416666666667,4.5,0.8272035256410256,1.041065705128205,1.3784455128205129,49.48473557692307,0.8989667467948719,2.255328525641026,3.8,0,1.0,1.0,0,1.0,0.0,10.0,3.0,4.0,2.0
1754766000,Universidad de Chile,Union Espanola,0.0,3.0717282717282717,0.826973026973027,2.3426573426573425,56.61038961038961,1.2044655344655344,1.855144855144855,4.5,0.46005194805194805,1.9625974025974027,0.0893506493506493,49.109194805194804,1.035709090909091,3.7293506493506494,3.8,0,1.0,1.0,0,4.0,1.0,5.0,2.0,1.0,3.0
1754775000,D. La Serena,O'Higgins,0.0,1.4277720207253883,1.6700518134715028,1.45160621761658,60.30756476683938,1.1392279792746114,2.4225906735751295,4.5,0.6423276205659625,1.9645277002789956,1.1933838182542846,51.697090474292544,0.9600278995615782,1.5166998804304503,3.8,0,1.0,1.0,1,3.0,3.0,3.0,9.0,2.0,3.0
1754843400,Everton de Vina,Colo Colo,0.0,1.410565604364054,1.011484352569624,1.2338022777299265,56.0662264331515,1.2234223370657478,2.408268733850129,4.5,1.0119260584376863,1.7802027429934406,0.45489962234148273,58.34661101172729,1.0341323792486583,3.1782548201152854,3.8,0,1.0,1.0,1,1.0,1.0,3.0,7.0,3.0,2.0
1754852400,Cobresal,Coquimbo Unido,0.0,1.411298969072165,1.0123711340206185,1.6043711340206186,54.74927835051546,1.017418556701031,3.1450309278350517,4.5,1.9349722442505948,0.8570182394924662,2.301030927835052,40.256463124504364,1.2426697065820775,2.0703806502775572,3.8,0,1.0,1.0,2,1.0,2.0,5.0,5.0,4.0,5.0
1754953200,Deportes Limache,A. Italiano,0.0,0.7708810469735918,0.7012386071512036,1.2818882916569292,46.25636831035288,1.2264286048142088,2.912129002103295,4.5,1.0125449871465295,1.0431876606683805,1.3774601542416451,40.64719794344473,1.106239177377892,2.809624678663239,3.8,0,1.0,1.0,0,4.0,0.0,3.0,8.0,4.0,3.0
1755284400,Union Espanola,Deportes Iquique,0.0,1.2256410256410257,1.3817663817663817,1.4188034188034189,55.14074074074074,1.1866210826210826,2.7792972459639125,4.5,0.8262108262108263,2.521937321937322,0.08262108262108261,40.78518518518519,0.8360227920227921,2.808926875593542,3.8,0,1.0,1.0,1,2.0,2.0,14.0,3.0,0.0,5.0
1755302400,Union La Calera,D. La Serena,0.0,0.48825496753885494,1.3812315561676176,0.8655518394648829,46.272988392681484,0.8654479638009049,2.408774345858745,4.5,1.1926683716965045,1.591219096334186,0.685848252344416,43.84185848252345,1.066014492753623,3.320971867007673,3.8,0,1.0,1.0,1,1.0,1.0,6.0,7.0,4.0,4.0
1755360000,Nublense,Palestino,0.0,1.22562358276644,1.3818972033257748,1.0481859410430838,57.18046107331822,1.3124640967498111,2.4087301587301586,4.5,1.196585557299843,0.8573783359497644,1.747291993720565,54.651059654631084,0.9955282574568287,2.071428571428571,3.8,0,1.0,1.0,0,1.0,0.0,2.0,5.0,4.0,5.0
1755370800,Colo Colo,U. Catolica,0.0,2.7034253278528086,1.1963593658250147,2.1579956938735565,63.068898023096494,1.5558238402818558,2.9632021922098257,4.5,1.0113090189426068,1.4107058712656677,0.8231080953727264,56.526246348129305,1.261899915182358,3.7358401658656106,3.8,0,1.0,1.0,2,1.0,4.0,15.0,3.0,2.0,3.0
1755383400,O'Higgins,Cobresal,0.0,1.411011323701679,0.6430691136274892,2.1576727840687235,51.25743850058571,1.114550566185084,1.6707926591175322,4.5,1.1969152674736432,1.2263959390862944,1.9320577899258102,35.265638422491214,1.058263959390863,2.8103084732526358,3.8,0,1.0,1.0,0,1.0,0.0,9.0,4.0,4.0,3.0
1755448200,Universidad de Chile,A. Italiano,0.0,2.891983122362869,0.8264416315049227,2.344678856071261,56.44144397562118,1.6790079699953118,2.038818565400844,4.5,1.0120740019474197,1.5955209347614412,1.377994157740993,41.54157740993184,1.1450165530671859,2.6257059396299907,3.8,0,1.0,1.0,2,1.0,3.0,8.0,5.0,4.0,4.0
1755457200,Huachipato,Deportes Limache,0.0,1.4108003108003109,1.0124320124320123,1.972999222999223,49.415578865578865,1.4744662004662004,2.4098290598290597,4.5,1.0293847566574839,1.589164370982553,0.6943067033976125,40.14499540863177,0.8027272727272726,2.661248852157943,3.8,0,1.0,1.0,0,4.0,0.0,5.0,7.0,2.0,2.0
1755466200,Coquimbo Unido,Everton de Vina,0.0,1.7805076535555124,0.45836078279403214,2.527107149777175,43.69288897500484,1.7439627979073826,3.5174191048246466,4.5,1.1966952141057936,1.963727959697733,1.1932695214105795,46.343395465994966,1.014142871536524,2.258760705289673,3.8,0,1.0,1.0,0,2.0,1.0,10.0,1.0,2.0,4.0
1755889200,Palestino,Colo Colo,0.0,1.5959798994974874,1.0121762659451101,1.9735214534209509,56.98364901430228,1.1383826826439893,2.225009663703131,4.5,0.8265401079471432,1.5961287921086917,0.452819653824679,55.963893541782994,0.798857249209008,2.9953471058998695,3.8,0,1.0,1.0,1,0.0,0.0,7.0,3.0,3.0,5.0
1755909000,Deportes Limache,O'Higgins,0.0,1.2573099415204678,0.6925647451963242,1.275689223057644,48.49832915622389,1.2643734335839603,3.4210526315789473,4.5,1.1966954423094776,2.151397011046134,1.378724589250905,51.88963148612272,1.2154989325164762,2.0698041399795786,3.8,0,1.0,1.0,1,2.0,2.0,5.0,3.0,4.0,1.0
1755975600,Cobresal,Union La Calera,0.0,1.4111538461538462,1.1967307692307692,1.419423076923077,57.71788461538462,1.1735153846153847,3.333076923076923,4.5,0.6412962962962963,1.0403703703703704,1.1935185185185186,47.81981481481481,0.8395574074074073,2.0694444444444446,3.8,0,1.0,1.0,0,1.0,0.0,7.0,4.0,2.0,1.0
1755984600,A. Italiano,Coquimbo Unido,0.0,1.966195622055971,1.3818232197284566,2.1596933591946064,43.293155998891656,1.0289008959083772,2.4095317262399556,4.5,2.3077491456543826,0.6698993257596749,2.859979680428558,37.81795511221945,1.495097441581232,2.62464209845756,3.8,0,1.0,1.0,2,0.0,1.0,0.0,10.0,3.0,0.0
1755993600,U. Catolica,Union Espanola,0.0,1.9631840796019902,1.1963383084577115,1.7881393034825872,57.51781094527363,1.0539701492537314,2.594388059701493,4.5,0.6426329889016456,2.3338308457711445,0.0857252200535782,47.26364332185228,1.1356620742441639,3.7327210103329502,3.8,0,1.0,1.0,0,2.0,0.0,2.0,6.0,3.0,4.0
1756053000,D. La Serena,Huachipato,0.0,1.5892623505526733,2.0093390480487257,1.119106699751861,59.03230318069028,1.1763807805098128,2.096548612677645,4.5,1.3815825751309623,3.0771068835584967,0.2675305578531385,44.66832092638544,0.9358073706460803,3.735410348313574,3.8,0,1.0,1.0,2,0.0,2.0,6.0,6.0,1.0,2.0
1756071000,Deportes Iquique,Nublense,0.0,1.225932977913176,1.381035795887281,1.0500761614623,44.06039603960396,1.19550495049505,2.779017517136329,4.5,1.0122772277227723,1.226970297029703,1.5613069306930694,51.68118811881188,1.2329754455445543,3.178059405940594,3.8,0,1.0,1.0,2,0.0,2.0,3.0,4.0,2.0,3.0
1756422000,Everton de Vina,D. La Serena,0.0,1.223809523809524,0.8253968253968254,1.2319223985890653,51.811816578483246,1.3736455026455026,2.594708994708995,4.5,1.1931623931623931,1.4205128205128206,0.8493827160493828,43.943779677113014,1.0652288698955363,3.327065527065527,3.8,0,1.0,1.0,0,3.0,1.0,9.0,5.0,3.0,2.0
1756508400,Union La Calera,Palestino,0.0,0.4842182083561394,1.567049808429119,0.4926108374384237,45.143951833607005,0.8638898011311804,2.7797847108191935,4.5,0.8263090676883781,0.8545885787265098,1.1939427111840906,55.96715927750411,0.9950209815727056,2.8091589126071885,3.8,0,1.0,1.0,2,1.0,2.0,4.0,3.0,4.0,5.0
1756571400,Huachipato,Coquimbo Unido,0.0,1.7804167804167805,0.8264628264628265,1.9737919737919738,52.55100555100555,1.474962234962235,2.40968240968241,4.5,2.3112320112320113,0.6668304668304668,2.865917865917866,38.71867321867322,1.496184275184275,2.437767637767638,3.8,0,1.0,1.0,2,0.0,1.0,5.0,3.0,4.0,4.0
1756580400,O'Higgins,A. Italiano,0.0,1.2245824255628177,0.27087872185911405,2.529048656499637,50.88543936092956,1.1138126361655774,2.2247639796659406,4.5,1.3819898329702252,1.7801379811183733,1.3798111837327522,41.33678286129267,1.1449909222948438,2.8097312999273782,3.8,0,1.0,1.0,0,3.0,2.0,5.0,6.0,3.0,5.0
1756589400,U. Catolica,Cobresal,0.0,1.2258040248260298,1.1968403234906901,1.788113597893549,56.24201617453451,1.053150272710175,2.595034794056799,4.5,1.0117721633614054,1.4100335053880286,1.3796069908539346,35.41139183192973,1.0579389658607263,2.995291134655438,3.8,0,1.0,1.0,0,2.0,1.0,5.0,2.0,5.0,3.0
1756598400,Deportes Iquique,Deportes Limache,0.0,1.2249322493224932,1.5672990063233967,1.0480578139114725,43.850767841011745,1.1952177055103885,2.7808491418247514,4.5,0.8597560975609756,1.7560975609756098,0.6869918699186992,41.00243902439024,0.7969959349593495,2.8227642276422764,3.8,0,1.0,1.0,0,2.0,1.0,9.0,2.0,2.0,3.0
1756666800,Colo Colo,Universidad de Chile,0.0,2.521312066324232,1.5672704334504823,1.9742272686311615,64.96350364963504,1.55646931603136,2.595566369288997,4.5,1.5660116039678083,1.0413625304136254,1.3784016470147857,59.44559236384054,1.3514257907542582,2.995133819951338,3.8,0,1.0,1.0,0,1.0,0.0,6.0,7.0,4.0,3.0
1756679400,Nublense,Union Espanola,0.0,1.2240291262135923,1.1968099861303745,1.4182385575589458,53.302947295423024,1.1880818307905687,2.967406380027739,4.5,0.45595109672779577,2.3360302049622437,0.08270406328658755,44.10805465659834,1.1357317511686444,3.7360661632506287,3.8,0,1.0,1.0,2,1.0,2.0,9.0,7.0,4.0,2.0
1757268000,Cobresal,Palestino,0.0,1.0396377006546498,1.0116581472513677,1.4186171643798762,58.115953726123216,1.173255313424805,3.151645592323559,4.5,1.011241784849533,1.0382220684884123,1.1943618125216189,57.28104462123833,0.9948896575579383,3.366758906952611,3.8,0,1.0,1.0,0,2.0,1.0,8.0,7.0,2.0,0.0
1757710800,Coquimbo Unido,Nublense,0.0,1.7804616210413313,0.6412596171050278,2.5299695831096796,45.1508319914117,1.745439255680802,3.7071032385042044,4.5,1.3813080639167596,0.6720178372352285,2.1167967298402086,52.058751393533996,1.233557785209959,3.3636566332218503,3.8,0,1.0,1.0,0,2.0,1.0,3.0,1.0,2.0,3.0
1757719800,Union La Calera,Everton de Vina,0.0,0.6669535283993115,1.7540447504302925,0.48984509466437176,42.71566265060241,0.8628571428571428,3.3388984509466435,4.5,1.196663577386469,1.9644114921223355,1.1935125115848007,46.336978683966635,1.0137367933271548,2.440593141797961,3.8,0,1.0,1.0,0,1.0,0.0,8.0,2.0,2.0,3.0
1757777400,Union Espanola,A. Italiano,0.0,1.2240041208791208,1.3824175824175824,1.418646978021978,57.386229395604396,1.1859515796703297,2.0388049450549453,4.5,1.5681318681318681,2.1525755494505496,1.1937843406593407,44.65662774725274,1.145056662087912,3.3662774725274724,3.8,0,1.0,1.0,2,3.0,4.0,4.0,3.0,2.0,7.0
1757786400,Palestino,O'Higgins,0.0,1.2251532107647216,0.4563460342836842,2.1597832844835243,56.075850430766494,1.2711715072386536,2.4105160316191494,4.5,1.3829051044878382,2.524254881808839,1.0083932853717026,57.46971565604659,1.215614251455978,2.252689277149709,3.8,0,1.0,1.0,2,1.0,2.0,7.0,0.0,4.0,6.0
1757795400,Cobresal,Huachipato,0.0,1.409876965140123,1.01161995898838,1.9752221462747779,52.9325017088175,1.1728793574846206,2.9675324675324672,4.5,1.5687628161312372,2.152734107997266,0.8230006835269993,44.4674982911825,0.9351719070403282,3.3674982911825015,3.8,0,1.0,1.0,0,3.0,2.0,7.0,6.0,2.0,3.0
1757804400,Deportes Limache,U. Catolica,0.0,1.5910409399669545,0.8561042775839912,1.4394345511290618,43.71503579952268,1.264124472186525,2.929869653020011,4.5,1.7546198431639959,1.2244118649846574,1.3799522673031026,49.853733378793045,1.262015342652574,3.924650528469144,3.8,0,1.0,1.0,2,0.0,1.0,7.0,1.0,4.0,1.0
1758924000,Colo Colo,Deportes Iquique,0.0,1.9670068027210885,1.3831632653061225,1.9751700680272108,66.3028911564626,1.8116649659863946,2.9676870748299318,4.5,1.011734693877551,2.5241496598639457,0.2659863945578231,39.82568027210885,0.8348588435374149,3.367176870748299,3.8,0,1.0,1.0,0,4.0,0.0,4.0,2.0,2.0,1.0
1759082400,D. La Serena,Universidad de Chile,0.0,1.2573238321456848,2.1935866983372923,0.6092636579572446,57.34758511480601,1.1748020585906571,2.2577197149643706,4.5,1.5675200140758336,0.8551068883610452,1.379343714260579,53.54922143045658,1.5077654614234186,2.995249406175772,3.8,0,1.0,1.0,1,1.0,1.0,8.0,6.0,4.0,3.0
1760052600,U. Catolica,Nublense,0.0,1.4105669650693347,0.8267509215376515,2.3447428471125153,57.1881692118659,1.0524679655959277,3.1518342987537302,4.5,1.1971212919080219,0.6698262243285941,1.9348780059680535,55.21923819554151,1.120714411093558,3.365631033877479,3.8,0,1.0,1.0,0,1.0,0.0,2.0,2.0,5.0,3.0
1760281200,Union Espanola,Huachipato,0.0,1.7821635281649955,1.755751202412978,1.4177386484062933,57.59011983370017,1.1856431075242522,2.0383141762452106,4.5,1.3833374093095296,1.9683704247167197,0.821945055840874,44.271949131817074,0.9347211217086493,2.9955979457079973,3.8,0,1.0,1.0,0,4.0,2.0,3.0,6.0,2.0,4.0
1760382000,Universidad de Chile,Palestino,0.0,1.9676549865229112,1.3828840970350404,1.7900269541778977,59.0603436657682,1.6796667789757413,2.782446091644205,4.5,1.1972674040338322,1.4101496421600521,1.0079700715679896,56.93484059856864,0.9942944046844501,2.995770982433312,3.8,0,1.0,1.0,0,2.0,1.0,3.0,3.0,5.0,4.0
1760734800,A. Italiano,Union La Calera,0.0,1.5963025210084034,1.3828571428571428,1.6045378151260503,45.12924369747899,1.0277747899159664,2.5971428571428574,4.5,0.45428571428571424,1.224873949579832,0.6366386554621849,44.656470588235294,0.8385058823529411,2.2529411764705882,3.8,0,1.0,1.0,0,4.0,3.0,6.0,1.0,2.0,3.0
1760743800,Deportes Iquique,O'Higgins,0.0,1.2252850435949028,1.3831656606304494,1.4190476190476191,49.95479543930248,1.3659144869215294,2.782763246143528,4.5,1.7561599481949166,1.5968269386433545,1.5662295612757002,55.6367492310183,1.2160945442771571,2.9959527278614217,3.8,0,1.0,1.0,2,2.0,3.0,4.0,5.0,5.0,2.0
1760810400,D. La Serena,Nublense,0.0,1.0853900198162494,1.702864348765988,0.763502071698793,51.99171320482796,1.1744399207350027,2.5945235092776078,4.5,1.012044161927066,0.8539310806289728,1.3796252927400467,52.275276012044166,1.1210528604884578,2.995650719304115,3.8,0,1.0,1.0,1,1.0,1.0,3.0,8.0,4.0,5.0
1760819400,Deportes Limache,Cobresal,0.0,1.2505340453938585,1.0240320427236316,0.9230307076101469,46.15540720961282,1.265054072096128,3.4525367156208278,4.5,0.8263017356475301,1.410981308411215,1.1938918558077436,34.636582109479306,1.057981308411215,2.9959946595460614,3.8,0,1.0,1.0,0,2.0,0.0,8.0,1.0,0.0,5.0
1760887800,Coquimbo Unido,Colo Colo,0.0,2.153912753912754,0.8261072261072261,2.9045954045954043,46.42107892107892,1.6766257076257078,3.34012654012654,4.5,0.6403929403929404,1.2253413253413252,0.6365634365634365,51.53606393606394,0.7886600066600066,3.3677655677655673,3.8,0,1.0,1.0,0,1.0,0.0,6.0,5.0,1.0,3.0
1760896800,Everton de Vina,U. Catolica,0.0,1.596792301523657,0.8250200481154772,1.6046511627906979,47.33376102646351,1.3742935044105853,2.783319967923015,4.5,1.7560545308740978,1.0381716118684843,1.7523656776263032,48.75589414595028,1.26269286287089,3.3688853247794706,3.8,0,1.0,1.0,2,0.0,3.0,7.0,3.0,6.0,3.0
1761336000,Palestino,Everton de Vina,0.0,1.2249917136228041,0.6405038117335101,1.9759695061319191,60.156678820019884,1.2716967185946304,2.783294663573086,4.5,1.1975595084643809,1.0407321474606857,1.1936065996390823,48.941221964423825,0.891322505800464,2.811033771590616,3.8,0,1.0,1.0,0,2.0,1.0,5.0,3.0,4.0,4.0
1761415200,D. La Serena,A. Italiano,0.0,1.0787037037037037,1.7095238095238094,0.7523809523809524,45.117394179894184,1.322179232804233,2.767063492063492,4.5,1.7563218390804598,2.3414431673052363,1.1938697318007663,47.63987867177523,1.072735312899106,3.9276819923371646,3.8,0,1.0,1.0,0,2.0,1.0,2.0,7.0,1.0,1.0
1761424200,Huachipato,Deportes Iquique,0.0,1.7822830748927747,0.8261629825140218,1.9764104256021116,55.32867040580667,1.4760613658858464,2.783272847245134,4.5,0.8252608107031936,2.900135382655093,0.26265827825117466,35.910249263359084,0.8344919964959784,2.9963367046269016,3.8,0,1.0,1.0,1,1.0,1.0,6.0,5.0,1.0,1.0
1761492600,U. Catolica,Universidad de Chile,0.0,1.4107636603028308,0.8261356155365371,2.3477287689269257,57.001612903225805,0.8594410796576696,3.7115865701119155,4.5,1.7547070441079657,0.8536208031599737,1.5648782093482554,54.14124423963134,1.5093159973666885,3.1815997366688613,3.8,0,1.0,1.0,0,1.0,0.0,8.0,2.0,4.0,5.0
1761505200,Cobresal,Union Espanola,0.0,1.5965120887831947,1.1974633372968688,1.977328577090765,52.73040031708283,1.173170828378914,2.597621878715815,4.5,0.6402298850574712,1.7821018062397374,0.6361247947454843,43.55779967159278,1.3106863711001644,3.739080459770115,3.8,0,1.0,1.0,0,1.0,0.0,4.0,8.0,3.0,3.0
1761514200,O'Higgins,Coquimbo Unido,0.0,1.4105832241153342,0.6400393184796854,2.533879423328965,53.28492791612058,1.1138201179554392,2.226179554390564,4.5,1.7559000316355584,0.2929769060423917,2.8691869661499525,40.00765580512496,1.4974767478645996,2.6239481176842774,3.8,0,1.0,1.0,2,0.0,1.0,4.0,6.0,4.0,3.0
1761514200,Union La Calera,Nublense,0.0,0.8513532707330547,1.5696677976801074,1.046240037875799,42.677029906099584,0.8491547384202635,2.9703306241616034,4.5,1.0110471080249348,0.8513532707330547,1.3798311370630474,55.46090112838317,1.2162608695652175,3.554990925589837,3.8,0,1.0,1.0,0,3.0,0.0,3.0,4.0,5.0,2.0
1761598800,Colo Colo,Deportes Limache,0.0,1.968823807274445,1.3832782239017478,1.9774838608093215,66.3234451267517,1.813814202487797,2.970713273500236,4.5,0.6857744994731296,1.761222339304531,0.5084650509308044,40.58616087109238,0.7068289427467511,3.160800842992624,3.8,0,1.0,1.0,1,2.0,2.0,9.0,1.0,5.0,3.0
1761933600,A. Italiano,Cobresal,0.0,1.5964810305553374,1.383410572618019,1.6049642604665777,42.49040923729479,1.2216421333752256,2.4124734899065277,4.5,0.8247898829628467,1.037860340900165,1.1934333516612992,37.58545283167072,1.0338064566805436,3.3686434686984525,3.8,0,1.0,1.0,2,1.0,2.0,4.0,4.0,2.0,5.0
1761942600,Deportes Iquique,D. La Serena,0.0,1.4101880877742947,1.5697492163009406,1.4184952978056427,47.14670846394984,1.4899874608150472,2.784796238244514,4.5,0.8516233766233767,1.763961038961039,0.3298701298701299,47.33896103896104,1.0656915584415583,2.8214285714285716,3.8,0,1.0,1.0,2,1.0,2.0,2.0,1.0,3.0,3.0
1762030800,Nublense,Colo Colo,0.0,1.4101024317773085,1.383673469387755,1.4182344202048636,53.8519039799828,1.1362569395574322,2.9710688873250453,4.5,0.6388458831808586,1.0376886386738604,0.6354054265384315,54.899820157948234,0.7881165063726641,3.7413871295644694,3.8,0,1.0,1.0,2,0.0,1.0,2.0,3.0,4.0,3.0
1762097400,Huachipato,Universidad de Chile,0.0,1.5960680293337495,0.6388204088001248,1.9765954127008893,57.76102356061788,1.4620159151193635,2.598876579809643,4.5,1.3836479950070213,1.037447339678577,1.0081135902636917,57.69414885317522,1.6225330004680918,3.3689811202995785,3.8,0,1.0,1.0,0,1.0,0.0,1.0,9.0,1.0,1.0
1762115400,Coquimbo Unido,Union La Calera,0.0,2.1546041877481126,0.8248462676111155,2.9078384058535067,44.9104382346073,1.677981785630887,2.784836926909006,4.5,0.8248462676111155,1.9683972911963883,0.07690511403440495,48.57232038608235,1.1327948937495134,2.251436132949327,3.8,0,1.0,1.0,0,2.0,0.0,5.0,2.0,1.0,4.0
1762115400,U. Catolica,O'Higgins,0.0,1.2236408822615719,0.8246660453557006,2.349425287356322,55.523485554520036,0.8828443616029823,4.088039763901833,4.5,2.130510510510511,1.9695195195195194,1.5675075075075076,54.733963963963966,1.2616882882882883,2.8098798798798796,3.8,0,1.0,1.0,2,0.0,2.0,8.0,2.0,2.0,2.0
1762126200,Everton de Vina,Union Espanola,0.0,1.5959550561797753,1.1973033707865168,1.604194756554307,46.199999999999996,1.3747835205992507,3.531685393258427,4.5,0.6385896939170864,1.7820224719101123,0.6356450987989152,44.289655172413795,1.311525765207284,3.182487407981403,3.8,0,1.0,1.0,1,0.0,0.0,3.0,4.0,2.0,3.0
1762207200,Palestino,Deportes Limache,0.0,1.2231637544456473,0.6384103912169476,1.9766506881088604,61.66513066336786,1.1844320395855883,3.3430338642338024,4.5,0.8509929532351057,1.9336963484945549,0.5023702754644459,41.52222934016656,0.7024176809737348,2.8208840486867395,3.8,0,1.0,1.0,0,2.0,1.0,7.0,0.0,2.0,1.0
1762374600,Universidad de Chile,Everton de Vina,0.0,1.7818560518398519,1.3832137622463936,1.790650312427679,53.660742112165394,1.681570932654478,3.3429453058705545,4.5,0.8254713966123362,1.4097794822627037,0.6367209971236817,46.344231383828706,0.8911946308724832,3.181559603707255,3.8,0,1.0,1.0,0,2.0,0.0,7.0,0.0,1.0,4.0
1762556400,Union La Calera,Deportes Iquique,0.0,1.2225297619047617,1.3836011904761905,1.417827380952381,43.40127976190476,1.0162863095238095,3.531279761904762,4.5,0.8236011904761905,2.529196428571429,0.44744047619047617,36.81205357142857,0.8733684523809523,2.622946428571429,3.8,0,1.0,1.0,2,1.0,2.0,5.0,2.0,0.0,0.0
1762615800,D. La Serena,U. Catolica,0.0,1.418233110616184,1.5407869339272457,1.261826280623608,40.36558277654046,1.3771750556792874,2.4217965850037118,4.5,2.130393466963623,0.849116555308092,2.1277208611729774,49.503875278396436,1.2634886414253899,3.3691759465478843,3.8,0,1.0,1.0,2,0.0,1.0,6.0,7.0,3.0,3.0
1762624800,Union Espanola,Colo Colo,0.0,2.528888888888889,1.7570370370370372,1.9773333333333334,55.72222222222222,1.1860696296296296,1.6642962962962964,4.5,0.637037037037037,0.6622222222222222,1.1946666666666665,54.91777777777777,1.0543703703703704,3.5558518518518523,3.8,0,1.0,1.0,2,1.0,2.0,4.0,4.0,5.0,4.0
1762633800,Palestino,Coquimbo Unido,0.0,1.408810051736881,0.8238285291943829,1.9770879526977088,63.18773096821877,1.214169401330377,3.157989652623799,4.5,1.5704951958610496,0.288810051736881,2.874944567627494,38.86560236511456,1.4631352549889134,2.809342202512934,3.8,0,1.0,1.0,2,1.0,2.0,4.0,8.0,2.0,2.0
1762644600,O'Higgins,Nublense,0.0,1.222825755263961,0.824778761061947,1.9760451632590783,54.96801953005799,1.1749761977418371,2.784040280744583,4.5,0.823952802359882,1.408731563421829,0.8218879056047198,56.41091445427729,1.0525840707964602,3.182536873156342,3.8,0,1.0,1.0,0,4.0,2.0,3.0,0.0,1.0,4.0
1762711200,Huachipato,A. Italiano,0.0,1.4090949227373069,0.4507431935246505,1.9770419426048564,54.97724797645328,0.9995449595290655,2.4110080941869017,4.5,1.9440765268579838,2.5290949227373067,1.195055187637969,46.516085356880055,1.1795161147902868,3.9293598233995586,3.8,0,1.0,1.0,0,2.0,1.0,9.0,10.0,1.0,6.0
1762720200,Universidad de Chile,Deportes Limache,0.0,1.782496328928047,1.1973861967694566,1.7905726872246697,58.33609397944199,1.6827130690161527,2.597444933920705,4.5,1.02143906020558,2.284992657856094,0.32311306901615267,40.74114537444934,0.8055395007342143,2.6462848751835537,3.8,0,1.0,1.0,0,4.0,3.0,9.0,3.0,5.0,2.0
1762729200,Cobresal,Everton de Vina,0.0,1.5961904761904762,1.010989010989011,2.3507692307692305,54.04439560439561,1.1730813186813185,2.597802197802198,4.5,0.4527472527472528,1.5960591133004927,0.07730200833649113,44.285107995452826,0.8906449412656309,3.7410382720727546,3.8,0,1.0,1.0,2,1.0,2.0,9.0,5.0,1.0,4.0
1763766000,A. Italiano,Everton de Vina,0.0,1.4094444444444445,1.5711111111111111,1.043859649122807,48.07517543859649,1.509049707602339,2.5975730994152046,4.5,0.8244444444444444,1.5961111111111113,0.6349999999999999,39.79149122807018,0.8826771929824562,3.743157894736842,3.8,0,1.0,1.0,0,2.0,0.0,8.0,5.0,3.0,2.0
1763766000,Deportes Limache,Union Espanola,0.0,1.5923559445660103,0.8485485047410649,1.4347775346462437,46.09908096280088,1.5695031363967906,2.9419401896425965,4.5,0.6376075857038657,1.5961779722830052,0.8215025528811087,50.43045951859956,1.339997665937272,2.9963530269876,3.8,0,1.0,1.0,0,1.0,0.0,6.0,5.0,6.0,4.0
1763766000,Deportes Iquique,Cobresal,0.0,1.4094323144104803,1.9441048034934498,0.8575836972343522,51.99446870451237,1.6265868995633188,3.158136826783115,4.5,0.8241048034934498,1.2227656477438136,1.1946724890829692,39.60553129548762,1.121584861717613,3.743173216885007,3.8,0,1.0,1.0,0,2.0,1.0,6.0,6.0,2.0,3.0
1763845200,Coquimbo Unido,D. La Serena,0.0,1.7828322440087148,0.6374146695715323,2.911111111111111,44.90085693536673,1.3110890341321713,2.2247204066811914,4.5,1.0214960058097313,1.592331154684096,0.8423529411764705,46.10495279593319,1.0238108932461873,2.819694989106754,3.8,0,1.0,1.0,0,2.0,1.0,7.0,4.0,1.0,4.0
1763854200,U. Catolica,Palestino,0.0,1.2228985507246375,0.637391304347826,2.351304347826087,54.79492753623189,1.0386536231884058,3.7178260869565216,4.5,1.0107246376811594,1.4095652173913042,0.8210144927536231,59.01840579710145,0.9946478260869565,3.37,3.8,0,1.0,1.0,0,2.0,1.0,3.0,11.0,1.0,3.0
1763931600,O'Higgins,Universidad de Chile,0.0,1.7829645697758498,1.0107013738250181,2.3514967462039045,55.91276934201013,1.3858918293564717,2.970932754880694,4.5,1.0107013738250181,0.8496312364425163,0.8208532176428055,58.46056399132321,1.491175704989154,2.8100072306579897,3.8,0,1.0,1.0,2,0.0,1.0,8.0,5.0,3.0,2.0
1763940600,Colo Colo,Union La Calera,0.0,1.9694083694083695,1.5706782106782107,1.6045887445887446,66.36640692640694,1.6565272727272728,3.7176623376623374,4.5,0.6373448773448773,1.782741702741703,0.07445887445887443,48.38025974025974,1.1700963924963923,2.2498701298701302,3.8,0,1.0,1.0,0,4.0,1.0,3.0,3.0,1.0,1.0
1764025200,Nublense,Huachipato,0.0,1.0364290856731462,1.0106551475881929,1.418113750899928,48.074096472282214,0.9508961843052556,2.97077033837293,4.5,1.7573218142548597,2.5297624190064796,0.8209647228221743,46.69923686105111,1.003950467962563,2.99625629949604,3.8,0,1.0,1.0,2,0.0,1.0,4.0,1.0,4.0,4.0
1764365400,Cobresal,Colo Colo,0.0,1.596329254727475,1.010289210233593,2.3527808676307007,56.11154060066741,1.01386957730812,2.03642936596218,4.5,0.8231924360400446,0.6608453837597331,1.5689377085650724,57.35942714126808,1.1777463848720802,3.3707174638487207,3.8,0,1.0,1.0,0,3.0,0.0,4.0,8.0,2.0,2.0
1764428400,Huachipato,U. Catolica,0.0,1.5965313909122443,0.6359347901491502,1.9787721123829345,50.86951092611862,0.9988720083246618,1.8492542490461326,4.5,2.1327089836975373,0.6610475199445023,2.5042663891779395,49.878876170655566,1.188960110995491,2.996392646548734,3.8,0,1.0,1.0,1,0.0,0.0,5.0,5.0,1.0,3.0
1764450000,D. La Serena,Palestino,0.0,0.8928648068669529,1.1943133047210301,1.0836909871244635,42.53417381974249,1.3137569742489272,2.5950107296137337,4.5,1.0099681572753703,1.596317319673266,0.6332825695694311,59.233974802713554,1.0149480825141908,3.370593936037657,3.8,0,1.0,1.0,2,0.0,3.0,4.0,8.0,3.0,5.0
1764536400,Union Espanola,O'Higgins,0.0,2.1573944878082476,1.9457069834910548,1.4171582510188574,55.35627547143745,1.2364256406714098,2.4103888927263935,4.5,2.3199005318781514,1.5961041652276025,2.130317054638392,53.99856323823996,1.3086780410306005,2.8095876217448366,3.8,0,1.0,1.0,2,2.0,4.0,11.0,4.0,3.0,5.0
1764536400,Union La Calera,Deportes Limache,0.0,1.4090708574579542,1.0106148331954783,1.4169285911221394,49.369203198235454,1.1690413564929694,2.971739729804246,4.5,1.3705662393162392,2.642574786324786,0.315491452991453,39.7971688034188,0.9215405982905983,2.2941239316239317,3.8,0,1.0,1.0,2,0.0,1.0,4.0,4.0,2.0,1.0
1764536400,Everton de Vina,Deportes Iquique,0.0,1.5959557053442466,1.1976889744824266,1.6037966847788707,39.26558910516542,1.4515281656234953,3.720049521975376,4.5,1.0105922002888783,1.9701492537313432,1.0082536625627623,33.97957218515716,0.9569123048352708,2.0612146640071534,3.8,0,1.0,1.0,2,0.0,1.0,10.0,4.0,2.0,5.0
1764630000,A. Italiano,Nublense,0.0,1.595744680851064,1.3847632120796156,1.4164722031571721,49.74468085106383,1.472079615648593,2.597391901166781,4.5,0.8234728894989706,2.157035003431709,0.2601235415236789,53.0617707618394,1.0672875772134522,3.3711736444749483,3.8,0,1.0,1.0,0,1.0,0.0,0.0,5.0,3.0,5.0
1764709200,Universidad de Chile,Coquimbo Unido,0.0,2.531155400315047,1.5717005684542156,2.3521402643654543,57.78671323881926,1.4926311896445448,3.1587425518800085,4.5,1.384603794260667,0.47309088418601475,2.879323334018218,38.65844805150332,1.3872112868981574,2.8101636874186697,3.8,0,1.0,1.0,1,1.0,1.0,8.0,4.0,3.0,3.0
1764975600,Palestino,Huachipato,0.0,1.2214051394204484,1.1974849644614545,1.416566429743029,61.53018042646255,1.0716344997266265,2.9717058501913614,4.5,1.7587752870420996,1.7826954620010935,1.3825314379442317,44.644013121924544,0.9999092400218699,3.1843630399125207,3.8,0,1.0,1.0,1,2.0,2.0,6.0,7.0,2.0,2.0
1765054800,O'Higgins,Everton de Vina,0.0,1.595662552001637,1.1975993998499626,1.7906703948714453,56.85414990111164,1.28676696446839,2.971629270954102,4.5,0.6363090772693174,1.595662552001637,0.634126713496556,36.971656550501265,0.8820265975584805,3.3713291959353473,3.8,0,1.0,1.0,0,1.0,0.0,3.0,1.0,3.0,3.0
1765054800,U. Catolica,Union La Calera,0.0,1.221396488362597,0.8232475840479108,2.3521437321355654,51.61859262283925,1.1277427521437322,3.345882673199945,4.5,0.8232475840479108,2.3439771335238873,0.07268272764393637,46.510439635225254,1.2822890975908534,2.2487545937117193,3.8,0,1.0,1.0,0,2.0,1.0,8.0,3.0,1.0,5.0
1765054800,Deportes Limache,D. La Serena,0.0,1.766578947368421,0.67,1.9576315789473684,45.163947368421056,1.5076263157894736,3.469736842105263,4.5,1.02,1.5915789473684212,0.8405263157894738,46.78605263157895,1.0015315789473682,2.995,3.8,0,1.0,1.0,0,1.0,0.0,4.0,3.0,0.0,2.0
1765054800,Coquimbo Unido,Union Espanola,0.0,1.782678232583356,0.63597180807807,2.913797777175386,44.70024396855517,1.1090531309297913,1.4743561940905394,4.5,0.44887503388452166,1.0342911358091624,0.8207644348061807,52.86749796692871,1.1811149362970994,3.184386012469504,3.8,0,1.0,1.0,0,4.0,2.0,7.0,4.0,3.0,1.0
1765054800,Deportes Iquique,Universidad de Chile,0.0,1.4088185568404679,1.758666396158788,1.2301075268817205,52.183039156015425,1.4384852911341044,2.7840941367417327,4.5,0.4489889768039495,0.8475282342598229,0.8206127003448976,53.991154392371676,1.2746266315006423,2.80992763914249,3.8,0,1.0,1.0,2,2.0,3.0,2.0,2.0,3.0,2.0
1765141200,Colo Colo,A. Italiano,0.0,2.3443649615332705,1.3847212849237414,1.9782696720205155,64.9044135510865,1.2701962478067217,2.7841544068025375,4.5,2.133108381697935,2.157268187339722,1.1950600620866514,47.256876771494134,1.140028883789985,4.493669860979889,3.8,0,1.0,1.0,2,1.0,2.0,15.0,1.0,3.0,4.0
1765141200,Nublense,Cobresal,0.0,0.6604215772105866,0.8235436729746112,1.2296585628661862,51.62338204592902,0.7743608323792849,3.532601521988013,4.5,0.8235436729746112,1.5959054481783286,0.6340224930971783,42.57661795407098,1.2148564886524345,3.7454239342716678,3.8,0,1.0,1.0,0,5.0,0.0,7.0,1.0,2.0,4.0
1769814000,Universidad de Chile,A. Italiano,1.0,1.971484375,1.57265625,1.97890625,59.68776041666667,1.0133841145833333,3.5346354166666667,4.5,1.94765625,2.158984375,1.1953125,46.49973958333333,1.1401315104166667,4.497265625,3.8,0,1.0,1.0,1,0.0,0.0,2.0,3.0,2.0,2.0
1769871600,Deportes Limache,Colo Colo,1.0,1.2400635930047694,0.6658921364803718,1.9601320777791367,49.35025070319188,1.533254249724838,2.770942888589947,1.0,0.6350051975051975,1.0337837837837838,1.3827962577962578,59.813929313929314,1.2356678794178795,3.372141372141372,2.0,0,1.0,1.0,0,3.0,1.0,3.0,4.0,1.0,2.0
1769893200,Cobresal,Huachipato,1.0,1.9714026915113871,1.0098343685300206,2.3541666666666665,49.74521221532091,1.0133022774327123,2.034549689440994,3.0,1.7598343685300206,1.7839026915113871,1.3825051759834368,45.56728778467909,1.0051319875776397,2.997153209109731,3.3333333333333335,0,1.0,1.0,0,1.0,0.0,6.0,4.0,3.0,3.0
1769979600,D. La Serena,U. Catolica,1.0,0.8872143898881868,1.3711716091395234,1.0787554691298007,37.6968886728245,1.3144749635391348,2.947496353913466,3.5,1.759684917355372,0.2838326446280992,2.5073605371900825,49.69227789256198,0.9562939049586777,2.622159090909091,2.5,0,1.0,1.0,1,2.0,2.0,0.0,3.0,5.0,5.0
1769988600,Palestino,Nublense,1.0,1.5963917525773197,1.5722938144329897,1.4167525773195877,63.24394329896907,0.9365412371134021,2.7849226804123712,3.8,0.6347938144329897,1.9713917525773197,0.25734536082474224,56.06855670103093,1.1813994845360825,3.747422680412371,2.8,0,1.0,1.0,1,1.0,1.0,7.0,8.0,3.0,3.0
1770066000,Everton de Vina,Union La Calera,1.0,0.8463220164609053,1.1972736625514404,1.0416666666666667,42.0570987654321,1.1652893518518521,3.1599794238683128,4.333333333333333,1.0097736625514404,2.5338220164609053,0.06983024691358025,47.0679012345679,1.1889017489711935,2.8099279835390947,2.8333333333333335,0,1.0,1.0,2,0.0,1.0,6.0,2.0,4.0,3.0
1770418800,A. Italiano,Universidad de Concepcion,1.0,1.5961834016393444,1.197233606557377,1.791623975409836,48.056480532786885,1.497173411885246,2.597720286885246,4.5,1.1557377049180328,1.5389344262295082,1.1188524590163935,48.096311475409834,1.0824999999999996,2.9549180327868854,2.75,0,1.0,1.0,0,3.0,0.0,3.0,7.0,3.0,4.0
1770476400,Coquimbo Unido,Palestino,1.0,2.1588701431492843,0.8220858895705522,2.916794478527607,44.680853783231086,1.3455010224948873,1.6602760736196318,4.555555555555555,1.572085889570552,1.4088701431492843,1.1947852760736197,60.756646216768914,1.014444018404908,3.372315950920245,2.7777777777777777,0,1.0,1.0,0,3.0,1.0,6.0,5.0,2.0,4.0
1770498000,O'Higgins,D. La Serena,1.0,1.4087816944959801,1.0092764378478665,1.7922077922077924,60.07012987012987,1.5263178726035869,2.7856524427952998,5.909090909090909,1.0180072028811524,1.5935174069627853,0.8369747899159665,44.134453781512605,0.8948403361344536,2.9951980792316926,3.1,0,1.0,1.0,0,1.0,0.0,3.0,3.0,1.0,4.0
1770507000,Colo Colo,Everton de Vina,1.0,2.3464867617107945,1.0094195519348268,1.9796334012219958,65.11558044806517,1.2707001018329938,2.9725050916496945,4.454545454545454,0.6344195519348269,1.5964867617107943,0.6320010183299389,31.696919551934826,0.8493597250509164,3.372581466395112,3.090909090909091,0,1.0,1.0,0,2.0,0.0,8.0,4.0,1.0,4.0
1770562800,Huachipato,Universidad de Chile,1.0,0.8465447154471545,0.6342733739837398,1.6048018292682926,50.11572662601626,0.9989240345528455,1.6598069105691058,4.666666666666667,1.0092733739837398,1.0340447154471544,1.381859756097561,58.32177337398374,1.28802337398374,2.622713414634146,2.9166666666666665,0,1.0,1.0,0,2.0,1.0,7.0,4.0,2.0,1.0
1770584400,Nublense,Deportes Limache,1.0,1.409102434077079,0.8217545638945233,1.229969574036511,54.61409736308316,0.879022565922921,3.53473630831643,5.0,1.546832120272044,1.946545758262737,0.8361770671757547,40.60875790478464,0.9192256293998329,2.1128743586684164,2.8461538461538463,0,1.0,1.0,1,1.0,1.0,11.0,3.0,1.0,2.0
1770593400,U. Catolica,Concepción,1.0,1.2215334008097165,0.8217358299595141,2.3548836032388665,50.67801113360324,1.1677694838056678,2.5970394736842106,4.857142857142857,1.098515519568151,1.696356275303644,0.7381916329284751,49.43454790823212,1.0856410256410254,2.304993252361674,2.8095238095238098,0,1.0,1.0,0,2.0,0.0,3.0,8.0,2.0,1.0
1770678000,Union La Calera,Cobresal,1.0,1.2215909090909092,1.009090909090909,1.230050505050505,49.73989898989899,1.1697424242424241,2.596969696969697,4.933333333333334,0.821590909090909,2.346590909090909,0.6315656565656566,39.76010101010101,1.2148181818181818,3.9345959595959594,2.7333333333333334,0,1.0,1.0,0,3.0,1.0,3.0,6.0,2.0,3.0
1771016400,Everton de Vina,Huachipato,1.0,0.6574780058651025,1.196676441837732,0.8535434995112414,43.911070381231674,0.9199425708699903,3.348509286412512,4.056818181818182,1.38455522971652,1.9726295210166178,0.8183528836754643,46.13135386119257,0.8919477028347996,3.1850684261974584,0.15909090909090895,0,1.0,1.0,2,0.0,3.0,2.0,7.0,2.0,3.0
1771025400,Palestino,Universidad de Chile,1.0,1.5966831290774954,1.3847814157673313,1.6048533625998416,61.7598195231998,0.9743385159441497,2.596927016645327,6.8680926916221035,1.0090238400097555,1.2209255533199195,1.1943418084263153,57.21593805255777,1.3073577220901162,2.2456801414547893,2.0606060606060606,0,1.0,1.0,1,0.0,0.0,3.0,1.0,3.0,0.0
1771081200,D. La Serena,Coquimbo Unido,1.0,1.0602409638554218,1.549620705042392,1.0754127621597502,39.17947344935297,1.494458277554663,3.1278000892458726,4.969135802469136,1.0088840209322136,0.6571011317999269,1.9458439819885602,41.059681148837775,1.0799415845198976,3.1847146160399173,1.121212121212121,0,1.0,1.0,2,0.0,1.0,4.0,2.0,3.0,2.0
1771102800,Deportes Limache,O'Higgins,1.0,1.4154531284791805,0.4829213983522601,2.3194834112669787,48.95684702738811,1.627629926519706,2.2390113560454243,4.052631578947368,2.5091432865731464,1.4086923847695392,2.50688877755511,50.82427354709419,1.049942384769539,3.184118236472946,3.0526315789473686,0,1.0,1.0,0,2.0,1.0,1.0,5.0,1.0,1.0
1771111800,Cobresal,U. Catolica,1.0,1.7842424242424244,0.820969696969697,2.356242424242424,51.986666666666665,1.0719527272727274,2.221090909090909,4.975757575757576,1.3846060606060606,0.46909090909090906,2.133818181818182,55.34060606060606,1.1250375757575757,2.9964848484848483,3.9424242424242424,0,1.0,1.0,0,3.0,2.0,5.0,11.0,2.0,0.0
1771167600,Universidad de Concepcion,Concepción,1.0,1.3619427811044578,0.7651363938789089,2.1204258150365938,51.49900199600799,1.15290751829674,3.031270791749834,4.507936507936508,0.8238522954091816,1.7714570858283434,0.5528942115768463,50.375748502994014,0.9153792415169659,1.968063872255489,3.0952380952380953,0,1.0,1.0,0,2.0,1.0,5.0,3.0,5.0,2.0
1771189200,Nublense,A. Italiano,1.0,1.408716648557286,1.0089339611251962,0.8535313292285404,59.687456235663404,0.9162617409151275,2.972835929011228,3.118457300275482,1.57257032476156,1.596595436436074,1.382035494386092,48.391331643124474,1.0274869008813232,3.9354098756489195,2.0661157024793386,0,1.0,1.0,0,1.0,0.0,4.0,6.0,3.0,2.0
1771198200,Colo Colo,Union La Calera,1.0,2.5359238508343878,1.008795710584975,1.9809627085969035,62.692222423037535,1.201783239954214,2.409253569492138,6.868247694334651,1.1966744984637627,2.3480450629555993,0.6303873727332971,49.14414121332611,1.207779263811073,3.1837821555515395,2.0737812911725957,0,1.0,1.0,0,1.0,0.0,10.0,3.0,2.0,6.0
1771621200,Union La Calera,Nublense,1.0,1.5964646464646466,0.8207792207792208,1.7932419432419433,49.54194324194324,1.5081339586339588,2.2213083213083213,4.98989898989899,0.8207792207792208,1.9722222222222223,0.44237614237614237,56.47017797017797,1.2001510341510344,3.747787397787398,3.005050505050505,0,1.0,1.0,2,0.0,1.0,5.0,4.0,1.0,4.0
1771630200,Concepción,Cobresal,1.0,1.5386138613861386,1.1425742574257425,1.685148514851485,51.76237623762376,1.229762376237624,2.5485148514851486,4.76,0.8207620762076208,2.535673567356736,0.6304830483048304,43.31743174317432,1.2339717971797182,3.9357935793579357,1.121212121212121,0,1.0,1.0,1,1.0,1.0,9.0,3.0,0.0,4.0
1771686000,Huachipato,Palestino,1.0,1.2204575398251287,0.6328662115223379,2.168714816145646,46.538819020241945,1.186769912564379,1.2814229249011855,8.745920745920746,1.3843813630374895,1.7840939034614927,0.6304707150556952,63.79451431309139,1.032944065157504,3.184405318002156,5.818181818181818,0,1.0,1.0,0,2.0,1.0,3.0,4.0,1.0,3.0
1771707600,O'Higgins,Colo Colo,1.0,1.5963800904977377,0.8201183431952663,2.3580229725026105,57.070518621649846,1.5030131105696718,2.220025525002901,4.993464052287582,0.8207279899587592,1.5962703962703964,1.1939752555137169,64.73340505648197,1.4575526866296096,2.808654593269978,6.7553310886644224,0,1.0,1.0,2,0.0,1.0,6.0,5.0,3.0,2.0
1771716600,U. Catolica,Coquimbo Unido,1.0,1.4082080649009783,0.8207110474827011,2.356549749463135,48.41717967072298,1.355865664519208,2.0328083989501313,5.926406926406926,1.0083371931449745,0.6550254747568318,1.9473135710977305,42.55391384900417,1.0987447892542845,2.80829087540528,2.527310924369748,0,1.0,1.0,0,3.0,1.0,1.0,5.0,5.0,4.0
1771772400,D. La Serena,Universidad de Concepcion,1.0,0.8777168855340709,1.5517319822148692,0.8932271740254369,43.21027815117362,1.2535650915107022,2.952228311446593,2.748638838475499,0.7609692206941717,2.0255402750491163,0.7347740667976426,49.8015717092338,0.8524688932547478,3.2953503601833662,3.0,0,1.0,1.0,1,1.0,1.0,5.0,4.0,1.0,2.0
1771794000,A. Italiano,Everton de Vina,1.0,2.1598336304218657,1.0085561497326203,2.356625074272133,45.97658942364825,1.8370184194890078,2.5965537730243615,4.995959595959596,0.44491978609625665,1.5961972667855022,0.6304218657159832,33.73250148544266,0.7361057635175282,3.372192513368984,1.1232323232323231,0,1.0,1.0,0,1.0,0.0,4.0,1.0,1.0,4.0
1771803000,Universidad de Chile,Deportes Limache,1.0,1.7840123346972663,1.0084208029413508,2.168902330546166,54.055517997983756,0.9201660440016605,3.1600071161714998,1.236559139784946,1.5487714720591435,1.7706892802783214,1.0110893672537509,40.19821700369646,1.0263796477495108,1.9270276146988476,1.2186379928315414,0,1.0,1.0,1,2.0,2.0,5.0,3.0,1.0,2.0
1772226000,Cobresal,D. La Serena,1.0,1.7845358455882352,0.8200367647058824,2.3579733455882352,49.54363511029412,1.4109551930147062,2.2198299632352945,6.40625,0.8378472222222223,1.5930121527777779,0.6555121527777779,43.92868923611111,0.7865581597222222,2.9934895833333335,3.0034722222222223,0,1.0,1.0,2,0.0,1.0,7.0,1.0,3.0,2.0
1772235000,Union La Calera,A. Italiano,1.0,1.4078890035546383,1.0082559339525283,1.2283683063868822,52.36787065703474,1.42781217750258,2.0316477468180256,4.055258467023173,0.8200206398348813,1.2196537094369913,0.8178419905974086,51.77330581355349,0.9312390780873754,2.996445361770439,3.942959001782531,0,1.0,1.0,0,3.0,0.0,6.0,4.0,1.0,3.0
1772290800,Coquimbo Unido,Concepción,1.0,2.347694847305742,0.8204928664072633,2.920292418346893,42.59733521990331,1.756415517038085,1.656667845772904,4.0588235294117645,0.8552529182879377,1.8147859922178988,0.44046692607003896,50.45758754863813,1.0250972762645914,1.975875486381323,2.6235294117647063,0,1.0,1.0,2,0.0,1.0,6.0,3.0,3.0,4.0
1772312400,Deportes Limache,Huachipato,1.0,1.7719979560551866,0.47766990291262135,2.8612161471640265,46.61931527848748,1.8102554931016865,1.6985181400102198,5.438345864661654,1.5728155339805825,1.4078812107367218,1.38263849229012,45.183323814962876,1.2116344945745288,3.184808680753855,4.415126050420168,0,1.0,1.0,0,3.0,0.0,4.0,1.0,1.0,1.0
1772321400,Palestino,O'Higgins,1.0,1.219813041495668,1.1962152302781577,1.2284769721842226,57.45129958960328,0.8803212494300046,2.4078203374373004,4.998366013071895,2.323373267559314,1.4082922245712943,2.321376556260277,49.5107822410148,1.0685135071646699,3.1841202724923656,3.0,0,1.0,1.0,0,4.0,2.0,3.0,2.0,4.0,2.0
1772377200,Universidad de Concepcion,Everton de Vina,1.0,1.5207930367504836,0.8186653771760155,2.343326885880077,50.93810444874275,1.2985154738878144,3.5178916827853,5.763513513513514,0.44337239731482536,1.4083285925588804,0.6294458982819433,36.713164182500854,0.6224744567072477,3.3727158948685854,1.1192368839427664,0,1.0,1.0,2,0.0,3.0,8.0,2.0,3.0,2.0
1772398800,Colo Colo,Universidad de Chile,1.0,1.9728594140358846,1.0082898024074494,1.9813763343175108,61.028253463547586,1.415094026799909,2.408039972745855,5.941176470588235,1.0082898024074494,1.0316829434476493,1.382602770838065,56.665864183511246,1.0819527594821714,1.3020213490801726,2.540247678018576,0,1.0,1.0,2,0.0,1.0,4.0,1.0,2.0,2.0
1772407800,Nublense,U. Catolica,1.0,1.4079791454153916,0.631803241527825,1.4164796554459935,55.75835883486342,0.9274806755071971,2.7844497336506855,2.6455505279034695,1.5729797121160602,1.0315085571800975,1.5710529298424571,57.79458234160716,1.2946607729797124,2.8077978012014055,4.894419306184012,0,1.0,1.0,2,1.0,2.0,3.0,5.0,4.0,7.0
1772830800,D. La Serena,Union La Calera,1.0,0.6934615384615385,1.5542307692307693,0.5276923076923077,46.22692307692307,1.1265096153846155,2.953846153846154,4.0925,0.6319004524886878,1.7843891402714933,0.6300904977375565,43.866515837104075,0.7676945701357466,3.749434389140271,1.1338235294117647,0,1.0,1.0,0,3.0,0.0,2.0,10.0,3.0,5.0
1772839800,Concepción,Nublense,1.0,1.3582853486884199,1.093410108765195,1.452975047984645,56.566858605246324,1.2280614203454898,1.6928982725527835,5.284552845528456,0.8200067743028113,1.7845545895901547,0.8182002935531218,49.8911595348312,1.1233821835836062,3.561431635994129,2.0760401721664277,0,1.0,1.0,2,0.0,2.0,9.0,4.0,2.0,4.0
1772895600,Huachipato,Coquimbo Unido,1.0,1.4079107505070994,0.6318683795357224,2.5456614829839985,45.59177372098265,1.3906276763578995,1.278724363308542,7.815126050420168,1.0081007115489875,1.219113300492611,1.3836015325670497,43.48227695675972,1.1537180076628353,2.996934865900383,3.020408163265306,0,1.0,1.0,2,1.0,3.0,5.0,10.0,2.0,4.0
1772895600,Everton de Vina,Deportes Limache,1.0,0.09020357665054551,1.5732538522101,0.28664942076256894,45.968822404678896,0.8259172196603307,3.1610167585198514,3.575923392612859,1.5521384723759686,1.771943242427292,1.0122773472879139,39.424212538995675,1.1880165039750428,1.7419341853678172,3.0416156670746632,0,1.0,1.0,0,1.0,0.0,5.0,5.0,2.0,4.0
1772917200,A. Italiano,Colo Colo,1.0,1.5960260440053884,0.44371351594072744,2.3573866187696453,49.54463403682083,1.6805008980691511,2.4080152671755726,4.514705882352941,1.0084193982936687,1.4077907498877413,1.7596766951055232,61.749483610237995,1.477461607543781,2.620610687022901,4.903743315508022,0,1.0,1.0,2,0.0,1.0,4.0,5.0,1.0,2.0
1772926200,O'Higgins,U. Catolica,1.0,0.8416870748299321,0.6310204081632653,1.7927074829931973,53.688326530612244,1.1965774149659862,2.5961904761904764,4.036825396825397,1.3853061224489795,1.218829931972789,1.5724625850340137,56.305959183673465,1.4649643537414965,3.5627755102040815,5.219047619047619,0,1.0,1.0,0,1.0,0.0,5.0,4.0,3.0,3.0
1773012600,Palestino,Cobresal,1.0,1.5959152634437808,1.3851819663226506,1.2271374253123304,54.81835958718088,1.3700588810429115,2.784812601846822,5.606211180124224,1.0082755535674346,2.3487363006038917,0.8185864459852382,41.23404160143144,1.277857302616864,3.749921717736524,2.078005115089514,0,1.0,1.0,0,4.0,2.0,2.0,5.0,2.0,4.0
1773097200,Universidad de Chile,Universidad de Concepcion,1.0,1.7843062841835027,1.1966067641477844,1.7927893738140417,59.33191204375488,1.1084417903783905,2.4078356959482083,3.1026282853566958,0.821157495256167,1.7666034155597723,0.8069259962049335,47.32874762808349,0.9175616698292219,2.9753320683111957,3.4308510638297873,0,1.0,1.0,1,1.0,1.0,11.0,5.0,2.0,3.0
1773442800,A. Italiano,Concepción,1.0,1.4075541125541124,0.25383116883116885,2.358636363636364,46.901212121212126,1.2967673160173163,2.218982683982684,3.102380952380952,0.8806818181818182,1.5107323232323233,0.8712121212121212,47.70959595959596,1.0400505050505051,2.316919191919192,2.791666666666667,0,1.0,1.0,0,3.0,0.0,2.0,2.0,2.0,2.0
1773522000,Coquimbo Unido,Universidad de Chile,1.0,2.160880684977205,1.0082286222617591,2.3575669965528743,49.733392638719,1.663728455465362,2.0312465250750584,3.573829531812725,1.1965649473399946,0.8419983796921415,1.9492303537672158,52.72184715095868,1.1010118282473669,1.4885120172832838,3.020991253644315,0,1.0,1.0,2,0.0,1.0,10.0,3.0,2.0,2.0
1773531000,U. Catolica,Everton de Vina,1.0,1.7842397336293008,1.0082130965593785,2.3573806881243065,52.36859045504994,1.6712552719200888,2.219422863485017,6.395294117647058,0.6308355795148248,1.2189757412398923,0.6294339622641509,41.59622641509434,0.942576819407008,2.9969811320754713,3.649142857142857,0,1.0,1.0,1,2.0,2.0,4.0,3.0,5.0,2.0
1773586800,Universidad de Concepcion,Palestino,1.0,1.2131826741996234,1.2564971751412428,1.8696798493408662,51.55706214689266,1.1391826741996236,3.413935969868173,5.2745098039215685,1.3847789963443005,1.7842915697352386,0.6302869170266977,60.80631439016285,1.051923119530298,3.749728592001772,3.961937716262976,0,1.0,1.0,0,1.0,0.0,2.0,5.0,3.0,5.0
1773608400,Cobresal,Deportes Limache,1.0,1.5961117078410312,1.0079484425349088,1.792953813104189,50.86158968850698,1.3174786251342643,2.219183673469388,6.235164835164834,1.3739097744360902,1.5931954887218047,1.0112781954887218,43.332218045112775,1.080140977443609,2.2749248120300756,2.7346153846153847,0,1.0,1.0,2,2.0,5.0,6.0,5.0,1.0,0.0
1773617400,Nublense,D. La Serena,1.0,1.5961618868935943,0.8197909407665506,1.4156311980702223,55.010067006164576,1.047902653444117,2.7847333154650227,2.777358490566038,0.8364569961489089,1.0560876863829367,1.1911918633356373,41.21303446232843,0.8034156216056088,2.9940752443961687,3.0456802383316783,0,1.0,1.0,1,2.0,2.0,9.0,3.0,3.0,4.0
1773694800,Union La Calera,O'Higgins,1.0,1.4076404494382022,1.008453718566078,1.226987693953986,54.82172284644194,1.5986120920278228,1.2762118780096308,4.663492063492064,2.3263494161709626,1.972571050892267,1.7597708746419916,51.58352059925093,1.2386452963207755,2.432099581405596,3.495642701525054,0,1.0,1.0,1,3.0,3.0,7.0,3.0,3.0,4.0
1773703800,Colo Colo,Huachipato,1.0,1.5963684913217624,0.8200801068090788,1.792630173564753,60.47919893190921,1.321578104138852,1.8419759679572763,5.2924675324675325,1.197222963951936,1.2192256341789052,1.3837650200267022,45.36651535380508,1.0995417890520693,2.6198664886515357,3.3412987012987014,0,1.0,1.0,0,2.0,0.0,10.0,3.0,2.0,2.0
1775163600,U. Catolica,Palestino,1.0,2.1621321961620468,1.0085287846481876,2.5470575692963755,54.2566737739872,1.6799439232409383,2.7847761194029848,5.289795918367347,1.1971002132196162,1.5964179104477614,0.629360341151386,59.50904051172708,0.9391823027718551,3.939765458422175,3.654081632653061,0,1.0,1.0,0,6.0,1.0,4.0,6.0,1.0,6.0
1775248200,Coquimbo Unido,Cobresal,1.0,1.7854642192072359,1.1970843309390795,1.7929130087789305,50.485575951050805,1.706764245810056,2.218898643256185,3.406516290726817,1.008512902367651,2.9168927906358073,0.25209896249002395,40.46299547752062,1.2126118648576747,3.562947592444799,3.0240601503759397,0,1.0,1.0,0,3.0,2.0,8.0,5.0,4.0,1.0
1775257200,O'Higgins,A. Italiano,1.0,1.0304626187525816,0.44169764560099134,2.359913258983891,50.861606774060306,1.2354578686493185,2.596303180503924,3.80411877394636,0.6314604354753054,1.4084758364312266,0.8176951672862454,49.890918746680825,0.6828121083377588,3.37416887944769,3.967487684729064,0,1.0,1.0,0,2.0,1.0,6.0,6.0,3.0,4.0
1775334600,Deportes Limache,Union La Calera,1.0,1.9549165120593692,0.4750278293135436,2.8680890538033394,44.97016697588126,1.6867614100185528,1.8734322820037106,5.877966101694915,0.6314444738934535,1.974238006891068,0.6290060959448714,44.79990458521071,0.6545272197190565,3.9399946991783725,2.0794188861985474,0,1.0,1.0,0,4.0,0.0,1.0,12.0,1.0,1.0
1775343600,Everton de Vina,Nublense,1.0,0.2773544973544974,1.0084656084656085,0.8504761904761906,48.598730158730156,0.8642370370370371,2.4075132275132276,3.419047619047619,1.1970370370370371,1.2202116402116403,1.383174603174603,46.68698412698413,1.2276920634920634,3.9397883597883596,3.3342857142857145,0,1.0,1.0,1,0.0,0.0,6.0,1.0,3.0,4.0
1775417400,Concepción,Colo Colo,1.0,1.0254158964879854,1.3230129390018486,1.0910351201478743,56.6862292051756,1.0565064695009245,1.766173752310536,4.4016393442622945,1.0083443358859254,1.4086189595986267,1.7603063110641668,61.58443094797993,1.2276645365724848,2.4313282281489306,3.962529274004684,0,1.0,1.0,2,0.0,1.0,5.0,5.0,4.0,3.0
1775426400,Universidad de Chile,D. La Serena,1.0,1.5970268845545599,1.3854717975751185,1.415940959409594,58.96786505007907,1.146916183447549,2.5962888771744863,4.35668202764977,0.8345756457564576,1.2347970479704797,0.8308856088560886,42.79623616236162,1.0395354243542436,3.174833948339484,3.035483870967742,0,1.0,1.0,0,4.0,0.0,10.0,9.0,4.0,3.0
1775520000,Huachipato,Universidad de Concepcion,1.0,1.408713496448303,1.1967797947908445,1.9817942646671929,49.35042357274402,1.429784793475401,1.465014469876348,5.929251700680272,0.8574585635359115,1.6209944751381216,0.8427255985267035,44.4670349907919,0.9556095764272559,2.979373848987109,3.546031746031746,0,1.0,1.0,0,5.0,1.0,2.0,3.0,3.0,3.0
1775865600,O'Higgins,Huachipato,1.0,1.21939586645469,0.6293720190779014,2.361287758346582,45.74711844197138,1.373679451510334,2.5966812400635932,4.614864864864864,1.0079656862745099,1.5977124183006537,0.8169321895424837,46.30990604575163,0.9860539215686275,2.2415849673202617,3.022569444444444,0,1.0,1.0,2,0.0,2.0,10.0,2.0,4.0,3.0
1775934000,D. La Serena,Everton de Vina,1.0,1.2339012669287899,1.3757099169943205,1.0648318042813456,45.10895587592835,1.4773368283093056,2.956312800349498,4.308241758241758,1.008053007135576,1.219775739041794,0.8171253822629969,40.26422018348624,0.8178878695208972,2.9971457696228336,3.4952991452991453,0,1.0,1.0,0,1.0,0.0,10.0,6.0,3.0,3.0
1775943000,A. Italiano,U. Catolica,1.0,1.5974969474969476,0.2523809523809524,2.36017501017501,45.19135124135124,1.3394523809523808,2.03011803011803,3.1035353535353534,1.1968253968253968,1.4086080586080587,1.005901505901506,58.019759869759866,1.4015170940170938,3.5638176638176637,4.674663299663299,0,1.0,1.0,2,3.0,4.0,3.0,5.0,6.0,4.0
1775952000,Palestino,Deportes Limache,1.0,2.1643103798496854,1.3860044688198252,1.7933373958968108,55.20186877919968,1.9400721105017265,2.786024781637213,6.881426202321724,1.7379124227387481,1.2340558892661269,1.5533037346565686,45.48251066422913,1.67799425437451,1.9095847479759729,3.947405828002843,0,1.0,1.0,0,1.0,0.0,6.0,3.0,4.0,1.0
1776029400,Nublense,Universidad de Chile,1.0,1.9753649635036497,1.008110300081103,1.6045823195458233,53.87783860502839,1.2373992295214926,2.5972830494728307,3.3374183006535945,1.1969991889699918,0.8420316301703163,1.950425790754258,53.29993917274939,1.0558712489862123,1.4859489051094892,3.022875816993464,0,1.0,1.0,0,1.0,0.0,0.0,8.0,4.0,3.0
1776038400,Universidad de Concepcion,Cobresal,1.0,1.1851851851851851,1.0479659987856709,2.061627200971463,50.258044930176084,1.1553582270795388,3.351244687310261,4.603864734299517,1.196883222019834,3.108641975308642,0.2503137016798219,38.94588140052621,1.3825794373608582,3.1859542602712003,3.2570450885668274,0,1.0,1.0,0,1.0,0.0,4.0,6.0,4.0,2.0
1776124800,Union La Calera,Concepción,1.0,1.7863636363636364,1.1967676767676767,1.4159595959595959,53.498282828282825,1.9400535353535358,1.8420202020202021,4.751190476190476,0.7548051948051948,1.7298701298701298,0.7438961038961038,48.06597402597403,1.0129090909090908,2.27012987012987,2.8122448979591836,0,1.0,1.0,0,1.0,0.0,8.0,8.0,1.0,3.0
1776470400,Deportes Limache,Universidad de Concepcion,1.0,2.5003370495203527,0.4704519920490883,2.8752052545155995,44.73857056434189,1.983911502895169,0.9670037161870193,6.332997987927566,0.8799153055051422,2.1845130066545675,0.7005444646098005,46.081669691470054,0.9712946158499696,2.9818511796733214,3.946009389671361,0,1.0,1.0,0,3.0,0.0,8.0,9.0,0.0,3.0
1776547800,Everton de Vina,Universidad de Chile,1.0,0.2753421900161031,1.0076489533011272,0.8495571658615138,52.741566022544276,0.7974023752012883,2.5971618357487927,3.3348765432098766,0.6290638464551508,0.6516842929886408,1.3837641989815903,54.44604386995691,0.7698991382687034,1.672737955346651,2.641141141141141,0,1.0,1.0,1,0.0,0.0,4.0,8.0,2.0,3.0
1776556800,Concepción,D. La Serena,1.0,0.8213381555153707,1.254249547920434,0.8763110307414105,51.88788426763111,0.8827450271247744,2.219168173598553,3.7178082191780817,0.6510117971239128,1.595556703694136,0.828519762335314,44.226694221992595,0.9951332127787823,2.99483337638853,3.264024787997391,0,1.0,1.0,1,3.0,3.0,1.0,5.0,1.0,3.0
1776616200,Coquimbo Unido,Nublense,1.0,1.9753309265944645,1.3854993983152828,1.7938628158844765,50.66153229041316,1.879813277176093,2.7858403529883673,5.223348348348348,0.8188327316486161,0.4642198154833534,1.5721821099077418,49.149578820697954,1.1803788608102688,3.9414360208584034,3.2578828828828827,0,1.0,1.0,1,1.0,1.0,3.0,2.0,3.0,4.0
1776627000,Cobresal,O'Higgins,1.0,1.7863863863863865,1.5743743743743743,1.7937937937937938,45.37167167167167,1.507695695695696,2.2192192192192195,5.694259259259259,2.327927927927928,2.163140283140283,1.3828056628056626,49.33770913770913,1.5139912483912483,2.8084427284427282,4.28152380952381,0,1.0,1.0,2,2.0,3.0,8.0,6.0,2.0,0.0
1776637800,Colo Colo,Palestino,1.0,1.2197641886490806,0.6301159072741807,1.793625099920064,59.726258992805754,1.511546962430056,2.030275779376499,4.5131578947368425,1.1967825739408473,2.353097521982414,0.6279176658673061,56.14040767386091,0.9482084332533973,4.507913669064748,3.2609649122807016,0,1.0,1.0,2,0.0,1.0,10.0,4.0,2.0,3.0
1776645900,Huachipato,A. Italiano,1.0,1.9751645721125075,1.1967684021543985,1.9823459006582884,49.71707560343108,1.668248354278875,1.8413325354079393,7.345959595959596,0.630101735487732,1.4084979054458409,0.8169958108916816,49.14959106323559,0.7007652104528227,2.996808298424097,3.2613636363636362,0,1.0,1.0,0,3.0,2.0,1.0,5.0,4.0,2.0
1776731400,U. Catolica,Union La Calera,1.0,2.9197530864197527,1.0079649542015134,2.5491437674233377,57.65013938669853,2.384140780565512,2.785921943448825,5.693376068376068,0.4412982875348467,1.9753086419753085,0.6279968140183194,48.58319394663481,0.5062009159697333,3.9411589008363204,1.8450854700854702,0,1.0,1.0,2,1.0,2.0,6.0,3.0,5.0,2.0
1776988800,Palestino,Concepción,1.0,1.9759222549920223,1.0078325194604265,2.1719769859304745,49.903447275540294,1.9791567954358658,3.164918048638979,5.93157714676702,0.5862254025044723,1.588640429338104,0.7268336314847943,48.67155635062611,0.9004856887298748,2.53479427549195,2.817088607594937,0,1.0,1.0,2,0.0,1.0,4.0,0.0,3.0,2.0
1777068000,Union La Calera,Coquimbo Unido,1.0,1.9757722007722007,1.0078185328185327,1.9826254826254825,52.55357142857143,2.0017857142857145,1.6514478764478766,4.416216216216216,1.1969246031746033,1.2195436507936508,1.3839285714285714,44.236607142857146,1.310886904761905,3.3743055555555554,3.497916666666667,0,1.0,1.0,2,1.0,2.0,4.0,4.0,5.0,5.0
1777077000,A. Italiano,Deportes Limache,1.0,1.975719034542564,1.0079009490774196,1.7932745579804403,48.3920123331888,1.3017796406031699,2.597629715276774,3.469803136469803,1.5587425052665695,1.4137092853670394,1.0103710905849943,48.20434289418247,1.571764705882353,1.9037433155080214,3.408529741863075,0,1.0,1.0,1,2.0,2.0,1.0,4.0,2.0,2.0
1777143600,Nublense,O'Higgins,1.0,1.219005482350678,1.0079830720400116,1.604020390497259,47.25632393959796,1.275364047321343,2.975954602289122,3.4680290046143707,2.519315935152234,2.5417556346381973,1.3841043890865954,51.98100039541321,1.8361585606959272,2.4299723210755237,4.443766937669377,0,1.0,1.0,2,0.0,2.0,4.0,6.0,2.0,2.0
1777154400,Universidad de Chile,U. Catolica,1.0,1.597158081705151,0.8194000394710874,1.4150779553976711,56.329544108940205,1.216715413459641,2.4085652259719756,4.74313922356091,1.954010849215112,1.9756132686860928,1.384715088089866,58.79828140751764,1.5876914214392013,3.7533963803946038,5.1084337349397595,0,1.0,1.0,0,1.0,0.0,7.0,3.0,4.0,5.0
1777221000,D. La Serena,Huachipato,1.0,1.4134429400386848,0.8315602836879433,1.6067053513862026,49.429561573178596,1.5366150870406192,2.9597034171502257,4.41991341991342,1.0079547632739123,1.218803910293272,1.1954188230783975,45.933774199731644,0.9008683151236343,2.4292696952271418,3.216859716859717,0,1.0,1.0,1,0.0,0.0,7.0,1.0,3.0,2.0
1777230000,Universidad de Concepcion,Colo Colo,1.0,1.1557522123893804,0.8986093552465234,2.1921618204804045,50.065992414664976,1.1618331226295833,3.445006321112516,4.171428571428571,0.8191740412979351,1.219174041297935,1.7619469026548673,63.69272369714847,1.1938800393313667,2.24110127826942,3.973202614379085,0,1.0,1.0,2,1.0,2.0,4.0,5.0,4.0,2.0
1777239000,Everton de Vina,Cobresal,1.0,0.2726578168274282,0.818737465380575,1.0361952058065131,47.44331964473308,0.701962563269984,2.5978416579123293,3.8434946574481454,1.1971158437589533,2.353738897908509,0.24964186801642632,43.28641008499666,1.269798491070576,2.80746824563079,2.839723444374607,0,1.0,1.0,0,3.0,1.0,2.0,4.0,1.0,4.0
1777843800,Colo Colo,Coquimbo Unido,1.0,1.0295533628866962,0.4403451070117737,1.793078793078793,59.362743696077025,1.4172443872443872,1.8409361742695076,4.4106865486175835,1.3862910529577197,1.2187425520758854,1.763048763048763,45.17779684446351,1.4816912150245483,3.7535154201820866,3.976390183286735,0,1.0,1.0,0,3.0,1.0,4.0,3.0,1.0,3.0
1778889600,Palestino,D. La Serena,1.0,1.7868050407709415,1.0076908821349146,1.9828576723498887,51.796163825055594,1.847723313565604,3.1660303928836178,4.98145933014354,1.1951024327784892,1.9590268886043534,1.010403329065301,49.11571702944943,1.373794814340589,3.1763764404609476,3.232438016528926,0,1.0,1.0,0,5.0,1.0,2.0,4.0,0.0,1.0
1778889600,Coquimbo Unido,A. Italiano,1.0,1.4083978530375718,1.1970740512041038,1.4149527383270792,50.28181256828006,1.6806554885289509,2.786491236403363,4.795019738839963,0.6295064836365364,1.78677623141595,0.24932313684510524,53.691160404692916,0.7003909181589322,2.6182016814705746,3.4087458244761617,0,1.0,1.0,0,3.0,0.0,8.0,1.0,1.0,4.0
1778967000,O'Higgins,Universidad de Concepcion,1.0,0.8398891966759003,0.8180978762696215,1.793628808864266,48.76380424746076,1.1280646352723918,2.7867036011080333,4.228654970760234,0.7553884711779448,2.302255639097744,0.6030075187969925,46.93934837092732,0.9301654135338344,2.982456140350877,4.14920634920635,0,1.0,1.0,2,0.0,1.0,16.0,0.0,3.0,4.0
1778976000,Deportes Limache,U. Catolica,1.0,2.8686514886164622,0.4676007005253941,2.8796370004776306,40.33848113357746,2.188352173220825,0.9589237382582392,6.436563436563436,1.5759793529357546,1.7871140197253204,1.1954650198174948,57.67772144898147,1.3041366024518388,3.754760807447691,5.110237131289764,0,1.0,1.0,2,0.0,2.0,2.0,7.0,5.0,2.0
1779035400,Huachipato,Union La Calera,1.0,2.5433755433755434,1.5754110754110755,2.3607068607068604,49.52475902475902,1.726018711018711,2.4082404082404083,6.880141010575794,0.6294651294651294,1.7866187866187866,1.1955206955206954,49.52929502929503,0.651134946134946,3.375070875070875,2.2696827262044654,0,1.0,1.0,0,3.0,1.0,2.0,4.0,4.0,3.0
1779044400,Cobresal,Universidad de Chile,1.0,1.5975661525399747,2.142964954483279,1.2256969010895713,48.010990047639254,1.6976496391679639,2.2191877741615964,5.366753850624819,0.4392027188389823,0.2713144116836595,1.5744833287407,55.02614126940387,0.6372295398181317,2.049416735556168,3.404980192416525,0,1.0,1.0,0,1.0,0.0,5.0,8.0,2.0,1.0
1779053400,Colo Colo,Nublense,1.0,1.2186319457179535,0.6285714285714287,1.7935631762332662,60.88784155510728,1.571333761232349,1.8396845772969008,4.7993281075028,1.0077220077220077,0.4623787550616819,1.762877860438836,46.693568132592524,1.1997834071004803,3.753272436199265,3.7837837837837833,0,1.0,1.0,0,6.0,2.0,4.0,4.0,1.0,0.0
1779062400,Concepción,Everton de Vina,1.0,1.1872463768115942,1.5481159420289854,0.8933333333333333,50.73304347826087,1.206588405797102,2.017101449275362,3.617543859649123,1.0078025851938897,1.2195534665099883,0.8168272620446534,44.61085781433607,0.9216770857814336,2.9962397179788485,3.2159317211948792,0,1.0,1.0,2,0.0,2.0,4.0,9.0,3.0,0.0
1779476400,Everton de Vina,Coquimbo Unido,1.0,0.8399488304093569,0.818201754385965,1.6040570175438598,48.57357456140351,1.1377421418128657,2.0290570175438596,3.8543859649122805,1.5760964912280704,1.5978435672514621,1.7639254385964913,43.27905701754386,1.6016355994152047,3.564491959064328,4.353728070175439,0,1.0,1.0,1,1.0,1.0,5.0,7.0,5.0,3.0
1779553800,A. Italiano,Cobresal,1.0,1.7872662592356108,1.3866095046976192,1.4145215725622549,48.194654747788015,1.150998266897747,2.4082276749065037,2.9054801953336953,1.197135820487093,2.3556873118671895,0.24812551308948286,41.763239989054085,1.2700574660220743,2.9960777159536622,3.7855670103092782,0,1.0,1.0,0,2.0,1.0,4.0,3.0,0.0,1.0
1779562800,Nublense,Universidad de Concepcion,1.0,1.0294117647058825,1.197122564195957,1.414642141686396,44.026079038426516,1.1434851575305047,3.1658896375887817,3.2834586466165416,0.8863321799307959,1.8897058823529411,1.0281141868512111,45.22612456747405,1.0272768166089965,2.9805363321799305,3.88265306122449,0,1.0,1.0,1,2.0,2.0,2.0,5.0,3.0,1.0
1779580800,Union La Calera,Palestino,1.0,1.597872920643578,1.1972002545223162,1.4145804926824834,54.25604945004999,1.7006033996909375,2.2185619489137354,4.231472620946305,0.8187462073472437,2.35457218876908,0.627689866031835,48.01811137562433,0.9671623955561781,4.130747327638519,3.407862407862408,0,1.0,1.0,2,1.0,2.0,5.0,5.0,1.0,2.0
1779640200,Concepción,Huachipato,1.0,1.0167487684729064,1.613793103448276,0.7640394088669951,50.76650246305419,1.4098078817733997,2.157142857142857,3.5114285714285716,1.0078039927404718,1.0294010889292196,1.3850272232304899,45.36406533575318,0.9007313974591652,2.2377495462794923,3.9757894736842103,0,1.0,1.0,0,2.0,0.0,5.0,3.0,2.0,4.0
1779649200,D. La Serena,Deportes Limache,1.0,1.0486417720571728,0.46489560727381585,1.6066452143979646,51.7888049090773,1.2654406944548382,2.595569857068024,4.0688764528626775,1.743156476839033,1.5964678590136947,1.0098780214023797,51.31554291700966,1.7202349771757839,1.8973134775125347,3.7769263882910025,0,1.0,1.0,0,4.0,1.0,4.0,6.0,2.0,0.0
1779660000,U. Catolica,Colo Colo,1.0,2.7331661558465683,1.197083681619764,1.9826321166527352,56.710875824277885,2.3832190953840446,3.5431410792235534,5.557498675145734,1.197083681619764,0.8412742639546764,2.3303612891241756,62.39723228383023,1.3644710690071518,2.2385994241664346,4.163222045574987,0,1.0,1.0,2,1.0,2.0,8.0,1.0,3.0,4.0
1780092000,Cobresal,Nublense,1.0,1.5980319581114022,2.1446059402365263,1.2250428816466552,44.21307213144353,1.6724425385934822,2.028888688272998,5.36821665815023,1.1972375191838946,1.4085582739008757,1.574469621738738,44.41850681592489,1.2020052360747493,3.1850501038187238,3.785487991824221,0,1.0,1.0,2,0.0,1.0,9.0,4.0,2.0,3.0
1780101000,Universidad de Concepcion,Union La Calera,1.0,1.1399828767123288,1.1868150684931507,1.7682363013698632,47.56952054794521,1.1922662671232882,3.4869863013698628,4.344711538461539,0.6288031723143476,2.3557858687815427,0.6272710886806057,49.911679884643114,0.6885320836337419,3.3745313626532085,2.6488866396761135,0,1.0,1.0,1,0.0,0.0,4.0,6.0,3.0,2.0
1780167600,D. La Serena,Colo Colo,1.0,1.7797720797720797,0.46210826210826217,2.155982905982906,49.957692307692305,1.833977207977208,2.4123931623931623,5.347619047619048,1.3865946918578498,0.4609086819613136,2.900944669365722,58.0582995951417,1.3212901484480433,2.6165542060278906,3.5954887218045113,0,1.0,1.0,2,2.0,4.0,2.0,4.0,2.0,1.0
1780176600,Universidad de Chile,Concepción,1.0,1.5977308366386866,0.6297389539710359,1.7929157826768747,53.49524951572733,1.2555843556867448,2.5971773821603175,4.608363080061193,0.7222601441031475,1.2795601061812665,1.1824800910125142,45.58619643534319,1.0036056124383768,2.669169510807736,2.810482180293501,0,1.0,1.0,0,2.0,1.0,8.0,1.0,6.0,3.0
1780245000,Deportes Limache,Coquimbo Unido,1.0,2.326849862973113,0.6478186800977705,2.336626916524702,43.20708095696615,2.0948406784682616,1.6829271905784757,6.257943925233645,1.5769187087756082,1.787629406368759,1.3856025859433014,42.893259948455864,1.6024090333289651,3.754431485606954,4.355044332614426,0,1.0,1.0,2,2.0,3.0,4.0,5.0,1.0,4.0
1780254000,Huachipato,U. Catolica,1.0,2.7347117794486215,1.5764769065520947,2.3614930182599356,51.413587540279266,1.6080991765127102,2.7868958109559614,6.124658869395711,1.5770800627943484,1.2184371184371185,1.7652537938252224,56.366248037676606,1.1946005581719867,4.134013605442177,4.5445394112060775,0,1.0,1.0,2,0.0,3.0,8.0,7.0,1.0,2.0
1780263000,O'Higgins,Everton de Vina,1.0,0.649070567236951,1.0080100996909147,1.2238735797309652,50.65394628009229,0.995617953071264,3.166583953680728,5.367725241119738,1.3871682602090964,0.8398355821642393,1.3855598248592618,44.986739344115804,1.058180859619337,2.2374586721472616,4.1648478995654274,0,1.0,1.0,2,2.0,3.0,5.0,4.0,3.0,2.0
1780272000,Palestino,A. Italiano,1.0,2.736288570186875,1.1979139504563234,2.3621903520208605,52.362538026944804,2.5762442416340723,2.5973924380704045,6.316550116550117,0.6294380017841213,2.3556645851917932,0.05941123996431763,51.42792149866191,0.652850133809099,2.9952720785013383,3.028708133971292,0,1.0,1.0,1,0.0,0.0,5.0,8.0,3.0,2.0
1781308800,A. Italiano,D. La Serena,1.0,1.9771790533211853,1.5773005336457113,1.4134148986940864,47.61784893053929,1.3030633866979042,2.2179443793656994,2.711526911526912,1.3789009048775105,2.6917383947620097,1.0111822261458103,49.856690943868166,1.5528989921283014,2.626837342749945,3.4122209165687427,0,1.0,1.0,1,1.0,1.0,8.0,3.0,2.0,2.0
1781368200,Coquimbo Unido,O'Higgins,1.0,1.4081081081081082,1.0082681365576103,1.4137091038406828,53.49711948790896,1.511452169274538,2.597315078236131,5.556203007518797,2.143626734842951,2.1650840029218408,1.385317750182615,53.127282688093494,2.008126369612856,1.8598429510591672,4.543436293436293,0,1.0,1.0,1,0.0,0.0,7.0,2.0,2.0,1.0
1781377200,Everton de Vina,Palestino,1.0,1.028278635361266,0.43872529943356253,1.792787650797769,48.1874000086479,1.2707316124010897,2.5973364465775934,3.6599954617653734,1.0081654388923404,1.9763912310286678,1.1962190467737641,42.71293157007189,1.1189029910357682,3.752835714919677,2.838938053097345,0,1.0,1.0,2,1.0,2.0,14.0,4.0,2.0,4.0
1781386200,Colo Colo,Cobresal,1.0,2.166692566692567,1.008029008029008,1.7926443926443927,62.22854182854182,1.7830320296986966,1.6485711819045152,5.939271255060728,1.1977725977725977,2.5461797461797464,0.05801605801605806,44.791970991971,1.2707951307951308,2.4259345592678927,3.9766081871345027,0,1.0,1.0,0,3.0,0.0,5.0,2.0,0.0,0.0
1781395200,Nublense,Huachipato,1.0,1.2180995475113123,1.5771600948071536,1.0337858220211162,42.68687782805431,1.3752139625080801,3.166300366300366,4.044593088071349,0.43869855634561516,1.407843137254902,0.816892911010558,47.06696832579186,0.46432449903038137,2.4256841198017667,2.8374581939799333,0,1.0,1.0,1,2.0,2.0,10.0,7.0,1.0,3.0
1781454600,Concepción,Deportes Limache,1.0,1.1384228187919463,1.4890100671140942,1.0144295302013424,47.5761744966443,1.538467281879195,2.4350671140939597,3.3198275862068964,1.563003355704698,1.962807606263982,0.8274328859060404,55.907941834451904,1.5767225950782997,1.5250838926174497,3.2278735632183913,0,1.0,1.0,0,3.0,2.0,7.0,3.0,0.0,1.0
1781463600,Union La Calera,Universidad de Chile,1.0,1.7874930206588497,1.3875617403255593,1.4133316153416655,54.2615470514968,1.8345847184641155,2.2172314564274367,4.42770107385492,0.4388437916076107,0.45928789245372165,1.386015547824593,56.7435811536314,0.7282056436026284,2.235785766439033,3.596844181459566,0,1.0,1.0,1,2.0,2.0,5.0,2.0,2.0,4.0
1781472600,U. Catolica,Universidad de Concepcion,1.0,2.545097694067946,1.576782256644957,1.4136243619081148,57.28915683858476,2.233662559408555,3.7334272135187465,4.997323818019625,1.0353028613898179,2.0570791527313266,1.0282422891118543,49.1568933481977,1.1520765514678557,2.82214790040877,4.055743879472693,0,1.0,1.0,0,5.0,1.0,6.0,3.0,1.0,2.0
1781827200,Universidad de Chile,O'Higgins,1.0,1.976979175819348,0.8188735611984888,2.1716369387575787,58.04725419558914,1.5556198928037959,3.3543449608997453,5.5662096417514375,1.9557156664616466,1.7875054916088218,1.5750109832176435,49.15274580441086,1.8770178367454529,1.8577980845268431,4.354179566563468,0,1.0,1.0,0,2.0,0.0,5.0,3.0,1.0,5.0
1784939400,Colo Colo,Deportes Limache,1.0,2.7381666666666664,0.8178333333333334,2.3631666666666664,65.2855,2.2213975000000006,1.2665,7.279166666666667,1.9325333333333334,2.333066666666667,0.8258666666666667,55.3832,1.8545733333333332,0.9681333333333333,3.594666666666667,0,1.0,1.0,0,3.0,1.0,6.0,8.0,2.0,3.0
1785015000,Huachipato,Cobresal,1.0,2.357216604803959,1.956738768718802,1.7931055079141602,49.89882674175519,1.324689705192201,2.786108622381501,5.758974358974359,0.817820299500832,2.3582861896838603,0.056073211314475915,42.69364392678868,0.9861081530782031,1.665091514143095,3.4072727272727272,0,1.0,1.0,1,3.0,3.0,4.0,1.0,0.0,1.0
1785024000,U. Catolica,D. La Serena,1.0,2.926569554476531,1.5774086378737542,1.4135616321662834,56.3512394582162,2.539176420478747,2.9756367663344405,4.81025641025641,1.379955703211517,2.8806755260243633,0.6434385382059801,51.32090254706534,1.5550681063122924,2.624889258028793,3.7804644808743166,0,1.0,1.0,1,3.0,3.0,6.0,5.0,0.0,2.0
1785092400,Nublense,Palestino,1.0,1.4085240464344941,1.5781260364842455,1.223167495854063,46.09723051409618,1.5282213930348258,2.5960364842454395,4.619593495934959,1.1980779861376876,1.788229791214866,1.7651826338393501,43.26950716502956,1.2710889994472085,3.9434451673257644,3.221013133208255,0,1.0,1.0,0,2.0,0.0,2.0,4.0,1.0,4.0
1785101400,A. Italiano,Universidad de Chile,1.0,2.1685596026490064,1.5780298013245033,1.6032781456953644,48.56733443708609,1.4370201986754967,2.40591059602649,3.4804032258064517,0.6280298013245034,0.8385596026490068,1.0059602649006623,58.65266556291391,0.879962582781457,2.6149503311258275,3.7906451612903225,0,1.0,1.0,2,1.0,2.0,2.0,5.0,2.0,2.0
1785112200,Concepción,O'Higgins,1.0,1.5933884297520662,1.5026629935720845,1.4584022038567492,46.18751147842057,1.909144168962351,2.114967860422406,4.846222222222222,1.5775376139012502,1.4087306632761178,1.5755032845941936,48.202881966518326,1.5937223988133082,2.4255138800593348,4.359794871794872,0,1.0,1.0,0,2.0,0.0,4.0,4.0,3.0,3.0
1785193200,Union La Calera,Everton de Vina,1.0,1.5985478547854786,1.768003300330033,1.0332508250825083,53.31638613861386,1.6840648514851484,2.405907590759076,4.431984126984127,1.9569264618769568,1.0292798510620293,1.9548954895489548,43.27037319116528,1.4949958534314969,1.8562917830244563,4.928367928367929,0,1.0,1.0,1,1.0,1.0,9.0,10.0,3.0,3.0
1785542400,Universidad de Concepcion,A. Italiano,1.0,0.8155592165476844,1.035511623650009,1.458649093904448,49.14435291964122,1.1875830129965224,3.204210140948197,3.6052493438320212,0.6287078105858995,2.1676931525366454,0.2471930046888861,51.80771342880074,0.7891491572677735,2.9947619651079287,2.462265293761357,0,1.0,1.0,2,0.0,1.0,9.0,2.0,2.0,3.0
1785601800,Cobresal,Union La Calera,1.0,1.0290991902834008,1.9568994601889338,0.6544197031039136,50.47041160593792,1.2375794534412956,2.0265688259109313,4.432371794871795,0.6286943319838056,2.1675607287449394,0.8165823211875843,50.28856275303643,0.6923793859649124,2.6152834008097168,3.0304487179487176,0,1.0,1.0,0,4.0,0.0,5.0,5.0,1.0,0.0
1785610800,Everton de Vina,Colo Colo,1.0,1.0285714285714287,0.8178817733990148,1.2231691297208538,49.518834154351396,1.2718784893267652,2.5957799671592774,5.003488372093024,1.9568018188707843,0.8395604395604396,2.9036672140120414,59.96529830322934,1.4000634920634918,2.425295777019915,4.359212880143113,0,1.0,1.0,2,3.0,4.0,7.0,3.0,2.0,1.0
1785619800,Palestino,Coquimbo Unido,1.0,1.978688524590164,0.8181147540983608,1.983032786885246,49.51754098360656,2.1365008196721313,2.4057377049180326,5.954615384615384,1.9581147540983606,1.598688524590164,1.9562295081967214,46.872459016393435,1.9079581967213113,3.7545081967213116,4.17076923076923,0,1.0,1.0,0,2.0,1.0,3.0,3.0,4.0,2.0
1785688200,Concepción,U. Catolica,1.0,1.9148936170212767,1.3524058919803599,1.932569558101473,47.469263502454986,2.217429132569558,1.9434369885433718,6.13526717557252,1.7681014729950901,1.0287234042553193,1.7661374795417348,54.85268412438625,1.3474574468085105,3.1844353518821604,4.361297709923664,0,1.0,1.0,0,3.0,0.0,4.0,4.0,2.0,4.0
1785697200,D. La Serena,O'Higgins,1.0,1.9661437908496733,1.01281045751634,1.973202614379085,45.16977777777778,1.8089262745098045,2.5933071895424837,4.6368484848484846,1.0080065359477124,1.2188398692810458,1.3860457516339868,50.67388888888889,1.1573995098039218,2.2345261437908497,3.601818181818182,0,1.0,1.0,2,1.0,2.0,8.0,7.0,2.0,1.0
1785706200,Universidad de Chile,Huachipato,1.0,1.9782490483958672,0.43905132388003515,2.551913665453633,56.91819132471661,1.5568406742795,3.354640900154766,6.140775014459225,0.8180750407830343,1.2187928221859705,1.0061990212071779,44.78476345840131,0.7489641109298533,2.8043719412724304,3.411578947368421,0,1.0,1.0,0,2.0,0.0,13.0,2.0,1.0,1.0
1786149000,U. Catolica,Cobresal,1.0,3.118827361563518,1.7679804560260586,1.4132247557003257,53.12729641693811,2.761825570032573,2.025651465798046,5.004477611940299,1.0077858107571305,2.3598315722570904,0.2449829188845635,41.35385715420672,1.1384452212600302,1.662651942480337,3.7911903895158354,0,1.0,1.0,0,2.0,0.0,10.0,2.0,1.0,3.0
1786215600,Huachipato,Everton de Vina,1.0,2.738861788617886,1.9578861788617885,1.9833333333333334,51.417804878048784,1.6294813008130082,2.4055284552845526,6.334814814814815,1.5778861788617886,1.218861788617886,1.5760162601626018,41.17219512195122,1.191548780487805,2.044227642276423,4.170740740740741,0,1.0,1.0,2,1.0,4.0,3.0,7.0,3.0,3.0
1786224600,Coquimbo Unido,D. La Serena,1.0,1.4090409590409592,0.8185814185814186,1.6032800532800533,51.79718614718614,1.513304528804529,2.4057109557109557,5.952111613876319,1.5649870129870131,3.0701038961038964,0.6418701298701299,52.25238961038961,1.568228831168831,2.254779220779221,4.894705882352942,0,1.0,1.0,1,1.0,1.0,12.0,0.0,2.0,4.0
1786293000,Concepción,Universidad de Concepcion,1.0,1.9227935759540298,0.8658317371445411,2.2659790776484456,46.06518343892736,2.2387729482834833,2.0928245174598494,6.1573988055739886,1.032414910858995,2.715072933549433,0.8646353322528364,51.2482982171799,1.1549685575364665,2.6573095623987033,3.6128467153284674,0,1.0,1.0,0,1.0,0.0,4.0,3.0,4.0,5.0
1786302000,O'Higgins,Deportes Limache,1.0,1.0287216828478964,1.388009708737864,1.223252427184466,54.0768932038835,1.2817532362459547,3.165647249190939,5.952173913043477,1.1969380134428678,2.5211102813044564,0.27087378640776694,53.374010455563855,1.266899427433408,1.5146128951954194,3.051282051282051,0,1.0,1.0,2,1.0,3.0,9.0,9.0,4.0,2.0
1786311000,Union La Calera,Colo Colo,1.0,1.218219788013712,1.388447141337326,1.0323101777059773,55.22256196067615,1.3806282359431028,2.4056266992395288,4.051938936655554,2.528158319870759,1.408675282714055,2.9062197092084006,61.691873990306945,1.8568130856219711,2.234426494345719,4.934532374100719,0,1.0,1.0,2,1.0,2.0,2.0,12.0,1.0,2.0
1786320000,Universidad de Chile,Palestino,1.0,2.1686290322580644,0.24822580645161296,2.9329838709677416,58.826129032258066,1.709234677419355,3.165645161290323,6.9017857142857135,1.198225806451613,1.9786290322580644,1.7663709677419355,41.553870967741936,1.5224766129032257,3.7543548387096775,3.4160714285714286,0,1.0,1.0,0,2.0,1.0,5.0,4.0,0.0,2.0
1786406400,A. Italiano,Nublense,1.0,1.7889399473704883,1.9592317662307057,1.0322846706727937,48.56217744786144,1.4244684026550414,2.405310082086328,3.8623421553364468,1.1981667286015112,1.4088855856971798,1.5756719930632974,43.08078781122259,1.2031684214872622,2.9941368347165445,4.364211674849973,0,1.0,1.0,1,2.0,2.0,3.0,1.0,2.0,3.0
1786748400,Universidad de Concepcion,D. La Serena,1.0,0.7947909967845659,0.7131189710610932,1.4521543408360127,50.986945337620575,1.1867401929260453,3.061607717041801,3.8983098591549297,1.7511996042542666,2.521073460301756,0.8250309176354192,50.23579025476131,1.6051575562700966,2.437373237694781,4.345395449620802,0,1.0,1.0,2,0.0,2.0,8.0,2.0,1.0,3.0
1786829400,Deportes Limache,Universidad de Chile,1.0,2.3309523809523807,1.0139111824505083,1.7881754949170678,43.546736222578915,2.100699036918138,1.6754681647940077,5.924242424242425,0.8178992287515171,1.0278745644599303,1.0062639470696473,58.85556904044161,0.9847467407900404,2.6139529420976393,3.9849906191369606,0,1.0,1.0,2,1.0,3.0,3.0,6.0,2.0,0.0
1786838400,Everton de Vina,A. Italiano,0.0,1.5985616010006254,1.5790181363352096,1.0319731081926204,47.040759849906195,1.6812781425891181,2.4051125703564726,5.955284552845528,0.8184935897435898,1.5985256410256412,0.8165705128205129,49.34322115384616,0.9223423076923077,2.9940705128205125,1.8961111111111113,0,1.0,1.0,1,1.0,1.0,5.4,4.8,2.3,2.6
1786897800,Nublense,Union La Calera,1.0,1.4082731707317073,1.1985170731707318,1.6026536585365854,45.899317073170735,1.3940007804878052,2.2148526829268294,5.003801513877208,0.62848,2.3584799999999997,0.8165600000000001,48.0132,0.6924408,1.6640480000000002,3.2262068965517243,0,1.0,1.0,0,2.0,1.0,10.0,2.0,0.0,2.0
1786906800,Cobresal,Concepción,1.0,1.788514376996805,1.7684664536741215,1.2228274760383386,49.706661341853035,1.827155431309904,1.645023961661342,5.193527397260274,0.7138658146964856,1.2740575079872203,1.1858785942492012,43.25335463258786,0.8285571884984024,2.81591054313099,2.8252054794520545,0,1.0,1.0,2,0.0,2.0,5.0,2.0,3.0,2.0
1786915800,Colo Colo,O'Higgins,1.0,2.9301357606877505,1.008324580853464,2.3636052437079393,66.63679931536157,2.375649045007197,1.2634768740031899,8.237564294010287,0.8180806784144397,1.0276967362975065,1.3869451900260628,50.86563970902867,1.0058552145330066,2.423324386353911,3.225418948067032,0,1.0,1.0,1,2.0,2.0,9.0,4.0,2.0,2.0
1787013000,Palestino,Huachipato,1.0,1.5984620164672985,0.6279011962094143,1.9830666459530837,46.851763243747094,1.8335070685101758,2.7853891564393347,4.432333553065261,0.8181450986484388,1.2179742115892496,1.0064471026875874,40.592139195277305,0.7490865309926984,2.613500077675936,3.41542518127884,0,1.0,1.0,0,5.0,1.0,4.0,2.0,2.0,2.0
1787358600,A. Italiano,Union La Calera,1.0,1.5987584222878342,1.5796048148989326,1.221667045196457,50.84707396472102,1.65341888106594,1.6428420016655312,4.241706615532119,0.8181317616037846,1.9792159447826592,0.8161153980379232,45.91763154833456,0.8594263445655125,1.8524564736903333,3.7956785071206416,0,1.0,1.0,1,0.0,0.0,6.0,8.0,4.0,4.0
1787434200,Huachipato,Deportes Limache,1.0,1.9790940766550522,2.5302361595044522,1.4123886953155245,51.22872628726287,1.428463027487418,2.4049787069299264,4.24139837398374,1.7533215755437979,2.5238095238095237,0.8244562022339801,47.27489711934157,1.6940811287477953,1.6946031746031747,4.162962962962963,0,1.0,1.0,2,1.0,3.0,5.0,6.0,3.0,3.0
1787443200,U. Catolica,Nublense,1.0,2.3595377063120866,1.579158130725523,1.412260832592478,53.7021452591705,2.155185419968305,2.0245293958486337,4.812114359554191,1.1986370839936609,1.7885261489698892,1.1966561014263073,42.88030110935024,1.2037299524564187,2.8038668779714735,3.6060927152317883,0,1.0,1.0,2,1.0,2.0,2.0,2.0,5.0,3.0
1787500800,Concepción,Coquimbo Unido,1.0,2.0949367088607596,0.5290084388185654,2.774789029535865,43.96308016877637,2.0201002109704644,2.251133966244726,6.003618421052631,1.5792219820932387,1.7887619635690029,1.3871256560666871,48.39129360913863,1.605253164556962,3.374513738808274,4.177727856225931,0,1.0,1.0,1,1.0,1.0,6.0,1.0,2.0,5.0
1787500800,D. La Serena,Cobresal,1.0,1.5975938753189938,1.3825981285696927,1.4190545631303926,44.96881759630575,1.5156631425446594,2.408154089196743,4.262694821518351,1.0082750319717144,2.550891446626044,0.24456480854585125,39.62882720228692,1.139113819303393,1.851470698864064,4.177715530656707,0,1.0,1.0,1,3.0,3.0,5.0,7.0,2.0,3.0
1787511600,Universidad de Chile,Colo Colo,1.0,1.788828191121028,0.43788566592290534,2.9339847657151648,59.5999846118335,1.9250079249057477,2.405131953527737,7.855970858409883,2.720812495191198,1.5985842886820036,2.9090559359852275,62.848795875971376,2.092266369162114,2.0429791490343927,5.700475134621476,0,1.0,1.0,2,1.0,2.0,4.0,6.0,4.0,4.0
1787526000,O'Higgins,Palestino,1.0,1.0278087190320722,1.9599001344344151,0.6509314384482427,59.41021701555598,1.282073362780872,3.356466295371615,6.903792289535798,1.1989245246783176,1.2180526214710965,1.7677357403495295,41.92149030151719,1.5558767044363357,2.9942846168619166,3.227694728560189,0,1.0,1.0,2,0.0,1.0,0.0,3.0,3.0,2.0
1787614200,Everton de Vina,Universidad de Concepcion,1.0,1.7889338125187182,1.7703653788559448,1.0305480682839174,50.08483078766098,1.8153384246780473,2.462301587301587,5.629273504273504,0.8686678101772441,2.085020011435106,0.8620926243567754,52.457918810749,1.0506712407089764,2.9784448256146367,3.3023310023310026,0,1.0,1.0,0,3.0,1.0,8.0,4.0,1.0,6.0
1787781600,Coquimbo Unido,U. Catolica,1.0,1.5984929356357929,0.8188697017268447,1.792182103610675,53.50963893249608,1.5102213500784931,2.405298273155416,6.331687898089172,1.7696289772944824,1.408285790864188,1.7677910939234982,55.23937665122334,1.348568365432477,3.374943523375579,4.748858163740873,0,1.0,1.0,2,1.0,2.0,6.0,2.0,2.0,1.0
1787956200,Cobresal,Palestino,1.0,1.4082422203532379,1.1989601651502408,1.2215154063766342,52.37016591482529,1.5427918036547135,2.024642556770395,5.381197900586601,1.1989849231228542,1.2175697865353037,1.7686968204209583,48.96245708314674,1.708898343036274,2.8039707419017765,3.035262206148282,0,1.0,1.0,0,2.0,0.0,3.0,10.0,4.0,1.0
1788039000,Deportes Limache,Everton de Vina,1.0,1.9655712050078247,1.5661471048513305,1.2354553990610329,41.67584350547731,1.8098631611893583,1.8566009389671363,5.369157232704403,1.9598457956410549,1.0277873201267225,1.9580900034352455,45.1586320088553,1.7937428146112446,2.233192106568953,6.079797514956281,0,1.0,1.0,2,0.0,3.0,2.0,2.0,4.0,3.0
1788048000,Nublense,Concepción,1.0,1.5984375,1.3895089285714286,1.6019345238095237,48.36860119047619,1.5469084821428571,1.4528497023809523,5.000089285714286,0.869034090909091,1.2667613636363635,1.1897727272727272,43.30170454545455,0.9547272727272726,2.4873863636363636,2.807954545454545,0,1.0,1.0,2,0.0,1.0,3.0,2.0,3.0,1.0
1788116400,Universidad de Concepcion,Universidad de Chile,1.0,0.6117713799461069,1.0326194865976457,0.9523755495674373,54.898369025670114,1.0703256275705577,2.7473833498794495,4.507171089779786,1.389495579823193,1.0268925042715995,1.5784117078968873,59.05995096946735,1.4232835599138252,2.041794814649729,5.321502514049098,0,1.0,1.0,0,2.0,1.0,0.0,15.0,4.0,1.0
1788125400,Colo Colo,A. Italiano,1.0,3.312639074321317,1.1990060821836523,2.554294615042279,63.79528259902092,2.6630878207981015,1.2625203975671266,8.237301587301587,0.8184940354076439,1.4080692956462273,1.0070663323455664,48.5853202644176,0.9225809588937012,2.727549578299521,2.4660042155977115,0,1.0,1.0,0,5.0,1.0,4.0,6.0,1.0,0.0
1788214500,Union La Calera,D. La Serena,1.0,1.2176553358512923,1.7704213878397392,0.4591572243205214,51.98644745612086,1.3585536547433905,2.405265496556321,3.6664621676891618,1.5688036403432983,1.9682045965094177,1.1957836530153794,45.98404469788606,1.4595455330914118,2.434836702954899,4.5378323108384455,0,1.0,1.0,2,0.0,1.0,9.0,2.0,2.0,3.0
1788223500,U. Catolica,O'Higgins,1.0,2.360396332446022,1.5799319727891157,1.4114167406092872,50.65380065069506,2.2175399290150843,2.0242753623188405,4.047996515679443,0.8180272108843538,1.4080153800650694,1.0069506063294884,48.96524696835256,1.0061342797988762,2.422404614019521,2.8452380952380953,0,1.0,1.0,0,3.0,2.0,7.0,10.0,2.0,4.0
1788386400,Coquimbo Unido,Universidad de Concepcion,1.0,1.218075250519947,0.8185290224995274,1.2215541690300624,51.79591605218377,1.2063127245225944,2.0248288901493665,4.619896526237989,1.0299741602067183,2.0950904392764857,0.8573643410852714,50.7139534883721,1.121537467700258,3.478708010335917,2.796969696969697,0,1.0,1.0,0,1.0,0.0,12.0,4.0,1.0,3.0
1788395400,Deportes Limache,Nublense,1.0,1.2284353417480351,2.121386044296261,0.680304834484401,43.11762324362944,1.545939271255061,2.408204334365325,4.447219647822058,1.579415540285434,1.979007777693876,1.5776787736917617,44.208336479649624,1.2706876085479122,2.6132900400211434,4.369908903908317,0,1.0,1.0,0,2.0,0.0,4.0,5.0,1.0,2.0
1788568200,Concepción,A. Italiano,1.0,1.9338960884555938,0.6886458209487576,2.4532398050172395,46.71128284389489,1.8123457377244088,2.24681964094638,5.851957623215108,0.627437992198425,1.78906307499816,1.0066975785677486,46.298888643556346,0.9412843158901892,2.3462427320232573,2.65611633875107,0,1.0,1.0,2,0.0,1.0,9.0,2.0,2.0,2.0
1788643800,Everton de Vina,U. Catolica,1.0,1.7892047085845535,1.7709732988802758,1.0299310938845823,50.4626471432673,1.816230979041057,2.4620255526844677,6.394114064230342,1.3893298059964727,1.0270429159318049,1.7687389770723103,54.678718400940625,1.3336632863021753,2.803321575543798,3.7987528344671198,0,1.0,1.0,2,0.0,1.0,7.0,4.0,1.0,2.0
1788652800,Universidad de Chile,Coquimbo Unido,1.0,1.7888326362902633,0.8178883263629027,2.3638564825005504,61.51199647809817,2.1717947024726687,2.404820603125688,7.478529163144547,1.389316897791474,1.7888326362902633,1.0069704306992442,47.63086066475898,1.3012803580600192,3.374686330618534,3.41701887855734,0,1.0,1.0,0,4.0,2.0,5.0,4.0,2.0,3.0
1788708600,D. La Serena,Nublense,1.0,1.9680911680911681,1.939031339031339,1.0476353276353276,45.50119658119658,1.639347008547009,2.2222564102564104,5.191851851851852,1.3893772893772893,2.1699633699633702,1.3878388278388278,43.05875457875458,1.1375274725274722,2.231838827838828,3.7980392156862743,0,1.0,1.0,0,2.0,1.0,4.0,5.0,4.0,3.0
1788716700,O'Higgins,Union La Calera,1.0,0.6461853558627753,1.960792919318265,0.07834101382488488,56.75100577865555,1.1053434276936582,3.3572745227123106,5.9566416040100245,0.43698339550874116,1.789042498719918,0.435374149659864,47.058518030868264,0.6937158949601345,2.2318484383000516,3.4165970481759955,0,1.0,1.0,0,2.0,1.0,2.0,4.0,1.0,3.0
1788724800,Huachipato,Colo Colo,1.0,1.5985977212971079,2.7226847794332456,0.8403447268477944,52.37050832602979,1.4101541045866202,2.214307624890447,4.2426079734219275,2.7226847794332456,1.5985977212971079,2.9114811568799297,58.48663453111306,2.188951942740286,2.4223342097575227,5.70265780730897,0,1.0,1.0,1,0.0,0.0,2.0,9.0,1.0,1.0
1788733800,Palestino,Universidad de Concepcion,1.0,2.360387953037264,0.8178370888937505,1.9831546707503829,53.51133960475461,2.444379056369868,2.404674396558011,5.384062758051198,0.8576275179644246,2.2720226175050064,0.34475203204146543,50.409518200023555,1.0025963010955354,3.3178701849452232,3.286616273899511,0,1.0,1.0,0,2.0,1.0,10.0,7.0,2.0,6.0
1788822000,Deportes Limache,Cobresal,1.0,1.0421338769962623,2.124023105674482,0.6776531883565523,43.09298901347831,1.4617023445463813,2.592400045305244,4.821328224776501,1.3895028803072327,2.552037550672072,0.43437877818078374,40.002076665955485,1.2728760401109451,1.6591138610340659,4.561133386794974,0,1.0,1.0,0,3.0,0.0,6.0,1.0,4.0,1.0
1789227000,Nublense,Everton de Vina,1.0,1.598650807740103,1.1987218178590449,1.6023433339250843,49.51091780578732,1.5476382034439908,1.6418462630924906,5.1966245847176085,2.5320247182842603,0.8367139222101054,2.5303525990548894,46.10548891312251,2.270748818611414,2.2318138858596877,6.65578231292517,0,1.0,1.0,2,1.0,3.0,4.0,2.0,5.0,0.0
1789236000,Cobresal,Coquimbo Unido,1.0,1.4081010452961673,0.6273954703832753,1.7927555168408826,49.32338850174216,1.5435721544715446,2.4049288617886178,5.576920995670996,1.5802467385138967,1.9800056721497448,1.0065229722064661,47.628318207600685,1.406424418604651,3.3750567214974474,3.609355179704017,0,1.0,1.0,0,3.0,2.0,8.0,9.0,1.0,3.0
1789254000,Palestino,U. Catolica,1.0,2.7428975965452547,0.8175144242681676,2.5558104137906623,52.75259636827015,2.7319648861987185,2.2140101235354503,6.721613454211011,1.580305121942586,0.8359208523592085,2.341325970762097,53.3497292131252,1.467502318502,2.2308803228204312,3.2288004204440943,0,1.0,1.0,2,2.0,3.0,6.0,5.0,2.0,4.0
1789322400,D. La Serena,Universidad de Chile,1.0,2.340924880590534,2.1270950933564916,1.4176726009552758,45.485019539730786,1.9193037342596615,2.4071754233608336,5.5656902086677364,1.5804340142786457,1.4080441082915105,1.387969180745034,60.97719657877995,1.5572412525623809,1.6588676044391037,4.945649333681735,0,1.0,1.0,2,0.0,3.0,5.0,6.0,1.0,3.0
1789331400,Colo Colo,Concepción,1.0,3.6963051840350074,1.199167166601969,2.5555775134982532,63.813586477044154,2.9684176871228436,1.2603804213572358,7.8657398986618166,1.0303490136570561,0.7617602427921092,1.6906929691451693,42.867981790591806,0.9940111279716742,2.310976226605969,3.1396648044692737,0,1.0,1.0,1,1.0,1.0,9.0,3.0,0.0,3.0
1789340400,A. Italiano,O'Higgins,1.0,1.2171952078928823,1.1991543340380548,1.2206483439041578,51.99168428470754,1.3684545454545454,2.0229950669485555,4.051757105943152,1.1991543340380548,1.9799859055673008,0.8159971811134602,51.631571529245946,1.1950239605355883,2.993770260747005,4.182428940568476,0,1.0,1.0,0,1.0,0.0,5.0,9.0,4.0,3.0
1789428600,Union La Calera,Deportes Limache,1.0,1.0264574464342258,1.5804665235900504,0.45795306617879883,52.562664039686176,1.2254216655525456,1.832403335327024,4.241911859180265,1.9414307326561486,2.340631078452561,1.195872055327426,45.600194510481955,1.8452074778474172,1.8761616598227793,4.916732438831887,0,1.0,1.0,0,1.0,0.0,1.0,6.0,3.0,4.0
1789592400,Coquimbo Unido,Huachipato,0.0,1.2175226586102719,0.6275356063875701,1.6022874406560208,55.227737016256654,1.206493310315063,1.6427348582937706,5.194740973312403,0.6275356063875701,2.1699036109912244,0.43526111350884766,39.62940584088621,0.8538951230038845,2.422284563372177,3.229722658294087,0,1.0,1.0,2,0.0,1.0,4.8,4.8,2.8,2.6
