timestamp,home_team_name,away_team_name,stats_real,l_gf,l_gc,l_ppg,l_pos,l_xg,l_yc,l_sot,v_gf,v_gc,v_ppg,v_pos,v_xg,v_yc,v_sot,is_cup,home_team_lsi,away_team_lsi,target_1x2,home_team_goal_count,away_team_goal_count,home_team_corner_count,away_team_corner_count,home_team_yellow_cards,away_team_yellow_cards
1709391600,D. La Serena,Magallanes,0.0,1.4285714285714286,0.7142857142857143,1.4285714285714286,53.07142857142857,1.5857142857142856,2.3000000000000003,4.5,0.7142857142857143,1.4285714285714286,1.4285714285714286,46.92857142857143,0.9000000000000001,2.6,3.8,0,1.0,1.0,0,1.0,0.0,5.4,4.2,2.3,2.6
1709499600,Rangers de Talca,Antofagasta,0.0,1.4,1.1,1.3,52.45,1.55,2.3000000000000003,4.5,1.1,1.4,1.6,47.55,1.2100000000000002,2.6000000000000005,3.8,0,1.0,1.0,0,4.0,0.0,7.199999999999999,4.2,2.3,2.6
1709508600,Union San Felipe,Recoleta,0.0,1.6363636363636365,1.0,1.4545454545454546,52.95454545454545,1.7363636363636366,2.3000000000000003,4.5,1.0,1.6363636363636365,1.4545454545454546,47.04545454545455,1.1363636363636365,2.6000000000000005,3.8,0,1.0,1.0,2,0.0,1.0,4.8,4.8,2.3,2.6
1709586000,Santiago Wanderers,Deportes Santa Cruz,0.0,1.5,1.0,1.3333333333333333,52.75,1.6333333333333335,2.3000000000000003,4.5,1.0,1.5,1.5833333333333333,47.25,1.1333333333333335,2.6000000000000005,3.8,0,1.0,1.0,2,1.0,2.0,5.4,5.4,2.3,2.6
1709595000,Barnechea,Curico Unido,0.0,1.4615384615384615,1.0769230769230769,1.2307692307692308,52.57692307692308,1.6,2.3000000000000003,4.5,1.0769230769230769,1.4615384615384615,1.6923076923076923,47.42307692307692,1.1923076923076925,2.6000000000000005,3.8,0,1.0,1.0,0,4.0,1.0,7.199999999999999,4.8,2.3,2.6
1709931600,Deportes Limache,Rangers de Talca,0.0,1.6428571428571428,1.0714285714285714,1.3571428571428572,52.857142857142854,1.742857142857143,2.3000000000000003,4.5,1.0476190476190477,1.0952380952380953,2.0476190476190474,47.92857142857143,1.1571428571428573,2.6000000000000005,3.8,0,1.0,1.0,2,0.0,1.0,4.8,4.8,2.3,2.6
1709931600,Recoleta,Barnechea,0.0,2.022222222222222,1.0444444444444445,1.8444444444444446,53.46666666666667,2.04,2.3,4.5,1.0444444444444445,1.3555555555555556,1.4444444444444446,47.53333333333333,1.1533333333333335,2.6000000000000005,3.8,0,1.0,1.0,2,1.0,2.0,5.4,5.4,2.3,2.6
1709940600,San Marcos de Arica,Santiago Morning,0.0,1.0,1.0833333333333335,0.7916666666666667,51.875,1.2541666666666669,2.3,4.5,1.125,1.5,1.75,47.4375,1.225,2.6000000000000005,3.8,0,1.0,1.0,0,2.0,0.0,6.0,4.2,2.3,2.6
1709940600,Curico Unido,Deportes Santa Cruz,0.0,1.6862745098039218,0.7058823529411765,1.8627450980392157,53.470588235294116,1.7686274509803925,2.3,4.5,1.3725490196078431,1.3529411764705883,2.0980392156862746,48.029411764705884,1.4176470588235295,2.6000000000000005,3.8,0,1.0,1.0,2,1.0,2.0,5.4,5.4,2.3,2.6
1709996400,D. La Serena,Santiago Wanderers,0.0,1.3333333333333333,0.7407407407407408,1.8148148148148149,52.8888888888889,1.4851851851851854,2.3,4.5,1.0740740740740742,2.0,1.1481481481481484,46.611111111111114,1.1777777777777778,2.6000000000000005,3.8,0,1.0,1.0,2,1.0,2.0,5.4,5.4,2.3,2.6
1710018000,Magallanes,Deportes Temuco,0.0,0.9824561403508772,1.105263157894737,0.7719298245614036,51.81578947368422,1.2368421052631582,2.3,4.5,1.105263157894737,0.9824561403508772,2.192982456140351,48.184210526315795,1.2017543859649122,2.6000000000000005,3.8,0,1.0,1.0,0,3.0,1.0,6.6,4.8,2.3,2.6
1710082800,Antofagasta,Universidad de Concepcion,0.0,1.0333333333333334,1.1,0.8333333333333335,51.900000000000006,1.2766666666666668,2.3,4.5,1.15,1.55,1.7,47.4,1.2449999999999999,2.6000000000000005,3.8,0,1.0,1.0,0,3.0,0.0,6.6,4.2,2.3,2.6
1710115200,San Luis,Union San Felipe,0.0,1.619047619047619,1.0952380952380953,1.3333333333333333,52.785714285714285,1.7190476190476187,2.2999999999999994,4.5,0.7301587301587303,1.746031746031746,1.0793650793650795,46.47619047619048,0.9365079365079365,2.6000000000000005,3.8,0,1.0,1.0,0,3.0,1.0,6.6,4.8,2.3,2.6
1710538200,Santiago Morning,D. La Serena,0.0,2.4545454545454546,0.7272727272727273,1.9393939393939394,54.59090909090909,2.378787878787879,2.2999999999999994,4.5,1.0606060606060606,1.1212121212121213,2.0303030303030303,47.909090909090914,1.1666666666666667,2.600000000000001,3.8,0,1.0,1.0,2,2.0,4.0,6.0,6.6,2.3,2.6
1710545400,San Luis,Deportes Limache,0.0,2.130434782608696,1.1449275362318843,1.8985507246376812,53.47826086956522,2.118840579710145,2.2999999999999994,4.5,1.8115942028985508,1.7971014492753623,2.0724637681159424,48.02173913043478,1.7666666666666668,2.600000000000001,3.8,0,1.0,1.0,2,0.0,5.0,4.8,7.2,2.3,2.6
1710622800,Deportes Temuco,Antofagasta,0.0,1.75,1.9166666666666667,0.8611111111111113,51.75,1.8166666666666664,2.2999999999999994,4.5,0.9166666666666667,2.416666666666667,1.1111111111111114,45.75,1.0833333333333333,2.600000000000001,3.8,0,1.0,1.0,0,1.0,0.0,5.4,4.2,2.3,2.6
1710631800,Curico Unido,San Marcos de Arica,0.0,1.55,1.1600000000000001,1.4300000000000002,52.585,1.652,2.2999999999999994,4.5,1.8800000000000001,1.4000000000000001,2.066666666666667,48.72,1.8226666666666667,2.6000000000000005,3.8,0,1.0,1.0,0,1.0,0.0,5.4,4.2,2.3,2.6
1710709200,Union San Felipe,Santiago Wanderers,0.0,1.0512820512820513,1.1794871794871795,0.9487179487179489,51.80769230769231,1.2897435897435898,2.2999999999999994,4.5,1.3846153846153846,1.7884615384615383,1.5192307692307692,47.394230769230774,1.423076923076923,2.6000000000000005,3.8,0,1.0,1.0,2,1.0,2.0,5.4,5.4,2.3,2.6
1710709200,Deportes Santa Cruz,Recoleta,0.0,1.3703703703703705,1.1975308641975309,1.2469135802469138,52.25925925925927,1.5111111111111115,2.2999999999999994,4.5,1.1975308641975309,1.0370370370370372,2.0617283950617287,48.24074074074075,1.2777777777777777,2.6000000000000005,3.8,0,1.0,1.0,2,1.0,2.0,5.4,5.4,2.3,2.6
1710795600,Barnechea,Rangers de Talca,0.0,2.357142857142857,1.2142857142857144,1.880952380952381,53.71428571428572,2.3000000000000003,2.299999999999999,4.5,1.1607142857142856,0.7678571428571429,2.321428571428571,48.589285714285715,1.2428571428571429,2.6,3.8,0,1.0,1.0,0,2.0,1.0,6.0,4.8,2.3,2.6
1710804600,Universidad de Concepcion,Magallanes,0.0,1.367816091954023,1.8735632183908046,0.9195402298850577,51.241379310344826,1.5080459770114945,2.299999999999999,4.5,0.8735632183908046,1.367816091954023,1.0574712643678164,47.258620689655174,1.0505747126436782,2.6,3.8,0,1.0,1.0,0,2.0,1.0,6.0,4.8,2.3,2.6
1711206000,D. La Serena,Barnechea,0.0,1.2833333333333332,1.15,1.4666666666666668,52.2,1.4366666666666668,2.299999999999999,4.5,1.4,1.2833333333333332,1.7666666666666666,48.175,1.4333333333333331,2.5999999999999996,3.8,0,1.0,1.0,1,0.0,0.0,4.8,4.2,2.3,2.6
1711227600,Deportes Santa Cruz,Union San Felipe,0.0,1.2580645161290323,1.379032258064516,0.9596774193548387,51.818548387096776,1.4177419354838712,2.299999999999999,4.5,0.8790322580645161,2.008064516129032,0.7580645161290323,46.306451612903224,1.0427419354838707,2.5999999999999996,3.8,0,1.0,1.0,2,0.0,2.0,4.8,5.4,2.3,2.6
1711227600,Recoleta,Curico Unido,0.0,1.734375,1.390625,1.4375,52.515625,1.8,2.299999999999999,4.5,1.1875,2.3125,1.0416666666666667,46.3125,1.2687499999999998,2.5999999999999996,3.8,0,1.0,1.0,0,2.0,1.0,6.0,4.8,2.3,2.6
1711236600,Rangers de Talca,San Luis,0.0,2.3232323232323235,0.8484848484848486,1.9494949494949496,54.21212121212122,2.2747474747474747,2.299999999999999,4.5,0.8484848484848486,2.3232323232323235,1.0101010101010102,45.78787878787879,1.0303030303030303,2.5999999999999996,3.8,0,1.0,1.0,2,2.0,4.0,6.0,6.6,2.3,2.6
1711292400,Antofagasta,San Marcos de Arica,0.0,1.5,0.9264705882352942,1.4411764705882353,52.86029411764706,1.636764705882353,2.299999999999999,4.5,1.4264705882352942,1.25,1.5294117647058822,48.26470588235294,1.4794117647058822,2.5999999999999996,3.8,0,1.0,1.0,0,2.0,1.0,6.0,4.8,2.3,2.6
1711314000,Santiago Wanderers,Deportes Temuco,0.0,1.342857142857143,1.561904761904762,0.9523809523809526,51.67142857142858,1.48952380952381,2.299999999999999,4.5,1.1714285714285713,1.5071428571428571,1.5071428571428571,47.49642857142857,1.25,2.5999999999999996,3.8,0,1.0,1.0,0,2.0,1.0,6.0,4.8,2.3,2.6
1711314000,Magallanes,Santiago Morning,0.0,1.5138888888888888,1.1666666666666665,1.4861111111111112,52.52083333333333,1.6472222222222224,2.299999999999999,4.5,0.888888888888889,1.6851851851851851,0.9814814814814816,46.80555555555556,1.0611111111111111,2.5999999999999996,3.8,0,1.0,1.0,0,2.0,1.0,6.0,4.8,2.3,2.6
1711323000,Deportes Limache,Universidad de Concepcion,0.0,1.0270270270270272,1.2162162162162162,1.0090090090090091,51.716216216216225,1.2693693693693695,2.299999999999999,4.5,0.882882882882883,2.027027027027027,0.9549549549549551,46.28378378378379,1.055855855855856,2.5999999999999996,3.8,0,1.0,1.0,2,0.0,1.0,4.8,4.8,2.3,2.6
1711746000,Union San Felipe,Deportes Limache,0.0,1.0,1.4078947368421053,0.7368421052631579,51.38815789473684,1.236842105263158,2.299999999999999,4.5,2.6578947368421053,1.25,2.236842105263158,50.11184210526316,2.4381578947368423,2.599999999999999,3.8,0,1.0,1.0,2,2.0,3.0,6.0,6.0,2.3,2.6
1711832400,Curico Unido,D. La Serena,0.0,1.405128205128205,0.9435897435897436,1.7743589743589743,52.69230769230769,1.5333333333333332,2.299999999999999,4.5,1.9294871794871795,1.2564102564102564,2.2564102564102564,49.00961538461539,1.8551282051282052,2.599999999999999,3.8,0,1.0,1.0,2,1.0,2.0,5.4,5.4,2.3,2.6
1711897200,Santiago Wanderers,Magallanes,0.0,1.5,1.4375,1.45,52.09375,1.61125,2.299999999999999,4.5,0.9375,1.5,0.775,47.15625,1.08625,2.599999999999999,3.8,0,1.0,1.0,2,2.0,3.0,6.0,6.0,2.3,2.6
1711897200,Universidad de Concepcion,Recoleta,0.0,1.5060975609756098,1.7073170731707317,1.4329268292682928,51.69817073170732,1.6158536585365855,2.299999999999999,4.5,1.4573170731707317,1.0060975609756098,2.2926829268292686,48.67682926829268,1.476829268292683,2.599999999999999,3.8,0,1.0,1.0,2,0.0,2.0,4.8,5.4,2.3,2.6
1711918800,San Luis,Antofagasta,0.0,1.4880952380952381,2.2142857142857144,1.4166666666666665,50.910714285714285,1.6273809523809524,2.299999999999999,4.5,0.7142857142857143,1.9880952380952381,0.8095238095238095,46.089285714285715,0.9321428571428572,2.5999999999999988,3.8,0,1.0,1.0,1,2.0,2.0,6.0,5.4,2.3,2.6
1711924200,Deportes Temuco,Rangers de Talca,0.0,1.494186046511628,1.4709302325581395,1.4127906976744184,52.03488372093023,1.6069767441860465,2.299999999999999,4.5,1.1767441860465115,0.9953488372093022,1.841860465116279,48.27209302325581,1.2497674418604652,2.599999999999999,3.8,0,1.0,1.0,2,0.0,1.0,4.8,4.8,2.3,2.6
1711926000,San Marcos de Arica,Deportes Santa Cruz,0.0,1.2272727272727273,0.9659090909090909,1.3977272727272727,52.39204545454545,1.419318181818182,2.299999999999999,4.5,1.7159090909090908,1.2272727272727273,2.3181818181818183,48.73295454545455,1.6829545454545454,2.5999999999999988,3.8,0,1.0,1.0,2,3.0,4.0,6.6,6.6,2.3,2.6
1711998000,Santiago Morning,Barnechea,0.0,2.2444444444444445,1.7444444444444445,1.3833333333333333,52.75,2.207777777777778,2.299999999999999,4.5,1.1955555555555555,0.9955555555555555,1.6666666666666667,48.3,1.2844444444444445,2.599999999999999,3.8,0,1.0,1.0,0,3.0,1.0,6.6,4.8,2.3,2.6
1712417400,D. La Serena,Universidad de Concepcion,0.0,1.008695652173913,0.991304347826087,1.3217391304347825,52.02608695652174,1.2365217391304348,2.299999999999999,4.5,0.9891304347826086,1.5108695652173914,1.5652173913043477,47.21739130434783,1.126086956521739,2.5999999999999988,3.8,0,1.0,1.0,0,1.0,0.0,5.4,4.2,2.3,2.6
1712426400,Rangers de Talca,Santiago Wanderers,0.0,2.25531914893617,1.7234042553191489,1.4202127659574468,52.79787234042553,2.2159574468085106,2.299999999999999,4.5,1.578723404255319,1.6042553191489364,1.8382978723404255,47.96170212765958,1.571489361702128,2.5999999999999988,3.8,0,1.0,1.0,0,1.0,0.0,5.4,4.2,2.3,2.6
1712440800,Deportes Limache,Curico Unido,0.0,0.75,1.2083333333333335,0.6875,51.3125,1.0614583333333334,2.299999999999999,4.5,1.2083333333333335,2.25,0.78125,46.4375,1.2781250000000002,2.5999999999999988,3.8,0,1.0,1.0,0,2.0,0.0,6.0,4.2,2.3,2.6
1712507400,Antofagasta,Union San Felipe,0.0,1.6040816326530614,0.9551020408163264,1.7632653061224488,52.9734693877551,1.7122448979591838,2.299999999999999,4.5,1.1551020408163266,1.6040816326530614,1.2122448979591836,47.326530612244895,1.253877551020408,2.5999999999999988,3.8,0,1.0,1.0,0,4.0,1.0,7.199999999999999,4.8,2.3,2.6
1712507400,Recoleta,San Marcos de Arica,0.0,1.824,1.3519999999999999,1.7759999999999998,52.708,1.8679999999999999,2.299999999999999,4.5,1.3519999999999999,1.424,1.2000000000000002,47.891999999999996,1.4112,2.599999999999999,3.8,0,1.0,1.0,2,1.0,2.0,5.4,5.4,2.3,2.6
1712516400,Magallanes,Deportes Santa Cruz,0.0,1.619607843137255,1.156862745098039,1.7647058823529411,52.69411764705882,1.7243137254901963,2.299999999999999,4.5,2.156862745098039,1.619607843137255,2.411764705882353,48.805882352941175,2.0349019607843135,2.599999999999999,3.8,0,1.0,1.0,0,4.0,1.0,7.199999999999999,4.8,2.3,2.6
1712617200,Deportes Temuco,Santiago Morning,0.0,1.2384615384615385,1.353846153846154,1.176923076923077,51.82692307692308,1.4192307692307693,2.299999999999999,4.5,0.9423076923076923,1.7980769230769231,0.75,46.71634615384615,1.0903846153846155,2.5999999999999988,3.8,0,1.0,1.0,2,0.0,1.0,4.8,4.8,2.3,2.6
1712617200,Barnechea,San Luis,0.0,2.2830188679245285,1.1886792452830188,2.2075471698113205,53.64150943396226,2.2377358490566035,2.299999999999999,4.5,1.6886792452830188,2.2830188679245285,1.5141509433962264,47.10849056603774,1.6872641509433963,2.5999999999999988,3.8,0,1.0,1.0,2,2.0,3.0,6.0,6.0,2.3,2.6
1712950200,Recoleta,Deportes Limache,0.0,1.691358024691358,1.4691358024691359,1.462962962962963,52.33333333333333,1.7604938271604937,2.2999999999999994,4.5,2.7629629629629626,1.4296296296296296,2.422222222222222,50.0,2.519259259259259,2.5999999999999988,3.8,0,1.0,1.0,2,0.0,3.0,4.8,6.0,2.3,2.6
1713024000,Santiago Morning,Antofagasta,0.0,2.418181818181818,1.5745454545454547,1.7454545454545454,53.265454545454546,2.3440000000000003,2.299999999999999,4.5,0.9745454545454546,2.0181818181818185,0.8327272727272728,46.43454545454546,1.1283636363636365,2.5999999999999988,3.8,0,1.0,1.0,2,0.0,1.0,4.8,4.8,2.3,2.6
1713043800,Santiago Wanderers,Barnechea,0.0,1.6071428571428572,1.7714285714285714,1.1357142857142857,51.753571428571426,1.6957142857142857,2.299999999999999,4.5,1.1428571428571428,1.3392857142857144,1.369047619047619,47.705357142857146,1.2380952380952381,2.599999999999999,3.8,0,1.0,1.0,1,1.0,1.0,5.4,4.8,2.3,2.6
1713043800,Deportes Santa Cruz,Universidad de Concepcion,0.0,1.0035087719298246,1.568421052631579,0.7333333333333333,51.152631578947364,1.2326315789473685,2.2999999999999994,4.5,0.7684210526315789,1.4035087719298245,1.2385964912280703,47.04736842105263,0.963157894736842,2.5999999999999988,3.8,0,1.0,1.0,0,3.0,0.0,6.6,4.2,2.3,2.6
1713052800,San Marcos de Arica,Rangers de Talca,0.0,1.613793103448276,1.5586206896551724,1.1448275862068966,52.08275862068966,1.7206896551724138,2.2999999999999994,4.5,1.132183908045977,0.8448275862068966,2.0229885057471266,48.43103448275862,1.213218390804598,2.599999999999999,3.8,0,1.0,1.0,2,0.0,1.0,4.8,4.8,2.3,2.6
1713130200,San Luis,D. La Serena,0.0,1.6033898305084746,2.1559322033898303,1.3355932203389829,51.171186440677964,1.7128813559322036,2.2999999999999994,4.5,1.9559322033898305,1.2033898305084745,2.4372881355932203,49.12881355932204,1.873559322033898,2.5999999999999988,3.8,0,1.0,1.0,2,0.0,1.0,4.8,4.8,2.3,2.6
1713130200,Union San Felipe,Deportes Temuco,0.0,1.1933333333333334,1.7533333333333334,0.5266666666666667,51.16,1.3853333333333333,2.2999999999999994,4.5,1.1533333333333333,1.5933333333333333,1.2466666666666666,47.34,1.2313333333333334,2.5999999999999988,3.8,0,1.0,1.0,2,2.0,3.0,6.0,6.0,2.3,2.6
1713304800,Curico Unido,Magallanes,0.0,1.330601092896175,1.1366120218579234,1.4316939890710383,52.290983606557376,1.473224043715847,2.3,4.5,1.3639344262295081,1.59672131147541,1.2557377049180327,47.65081967213115,1.419672131147541,2.5999999999999988,3.8,0,1.0,1.0,1,0.0,0.0,4.8,4.2,2.3,2.6
1713630600,Magallanes,San Marcos de Arica,0.0,1.989247311827957,1.1290322580645162,1.9301075268817205,53.29032258064516,2.017204301075269,2.3,4.5,1.4623655913978495,1.3225806451612903,1.543010752688172,48.20967741935484,1.4940860215053764,2.599999999999999,3.8,0,1.0,1.0,2,0.0,2.0,4.8,5.4,2.3,2.6
1713639600,Deportes Temuco,San Luis,0.0,0.9814814814814815,1.2989417989417988,0.9232804232804233,51.52380952380952,1.228042328042328,2.3,4.5,1.9587301587301589,2.1777777777777776,1.8603174603174604,47.67142857142858,1.8958730158730157,2.5999999999999988,3.8,0,1.0,1.0,2,0.0,3.0,4.8,6.0,2.3,2.6
1713659400,Rangers de Talca,Santiago Morning,0.0,1.96875,1.36875,1.7,52.900000000000006,1.986875,2.3,4.5,0.96875,1.36875,1.26875,47.400000000000006,1.1037500000000002,2.5999999999999988,3.8,0,1.0,1.0,1,0.0,0.0,4.8,4.2,2.3,2.6
1713717000,Antofagasta,Recoleta,0.0,1.9666666666666668,0.9666666666666667,1.9153846153846155,53.5,2.0002564102564104,2.3,4.5,1.56,0.7599999999999999,2.4646153846153847,49.2,1.5572307692307694,2.5999999999999988,3.8,0,1.0,1.0,0,3.0,0.0,6.6,4.2,2.3,2.6
1713735000,Deportes Limache,Santiago Wanderers,0.0,0.9696969696969697,0.9515151515151516,1.1090909090909091,52.02727272727273,1.227878787878788,2.3,4.5,1.2929292929292928,1.474747474747475,1.5454545454545454,47.72727272727273,1.3590909090909093,2.599999999999999,3.8,0,1.0,1.0,1,2.0,2.0,6.0,5.4,2.3,2.6
1713823200,Barnechea,Union San Felipe,0.0,2.1731343283582087,1.555223880597015,1.707462686567164,52.92686567164179,2.1504477611940294,2.3,4.5,1.1293532338308458,1.9776119402985075,1.0422885572139304,46.72761194029851,1.2281094527363186,2.599999999999999,3.8,0,1.0,1.0,0,1.0,0.0,5.4,4.2,2.3,2.6
1713832200,Universidad de Concepcion,Curico Unido,0.0,1.1705882352941177,1.7470588235294118,1.1176470588235294,51.13529411764706,1.368235294117647,2.3000000000000003,4.5,0.9470588235294117,2.1705882352941175,0.6411764705882353,46.16470588235295,1.0876470588235296,2.5999999999999988,3.8,0,1.0,1.0,0,2.0,0.0,6.0,4.2,2.3,2.6
1713832200,D. La Serena,Deportes Santa Cruz,0.0,0.9782608695652174,0.782608695652174,1.606280193236715,52.29347826086956,1.208937198067633,2.3000000000000003,4.5,1.9492753623188406,1.9782608695652173,2.026570048309179,47.95652173913044,1.8681159420289857,2.599999999999999,3.8,0,1.0,1.0,0,2.0,1.0,6.0,4.8,2.3,2.6
1714244400,Deportes Santa Cruz,Antofagasta,0.0,1.3142857142857143,1.2809523809523808,1.1142857142857143,52.05,1.4776190476190478,2.3000000000000003,4.5,0.9476190476190476,1.6476190476190475,1.1857142857142857,46.95,1.1,2.5999999999999988,3.8,0,1.0,1.0,0,2.0,1.0,6.0,4.8,2.3,2.6
1714253400,Curico Unido,Deportes Temuco,0.0,1.1287726358148893,0.9537223340040242,1.3903420523138832,52.26257545271629,1.3253521126760563,2.3000000000000003,4.5,1.4460093896713615,1.6502347417840375,1.511737089201878,47.69366197183099,1.4652582159624414,2.5999999999999988,3.8,0,1.0,1.0,1,0.0,0.0,4.8,4.2,2.3,2.6
1714253400,Santiago Morning,Universidad de Concepcion,0.0,1.9768518518518519,1.4398148148148149,1.4537037037037037,52.80555555555556,2.0078703703703704,2.3000000000000003,4.5,0.6064814814814815,1.6435185185185184,1.0092592592592593,46.44444444444444,0.8439814814814817,2.5999999999999988,3.8,0,1.0,1.0,0,2.0,1.0,6.0,4.8,2.3,2.6
1714262400,San Marcos de Arica,Barnechea,0.0,1.3127853881278537,1.4383561643835616,0.9611872146118722,51.81164383561644,1.493150684931507,2.3000000000000003,4.5,1.0900195694716244,1.2681017612524461,1.2876712328767121,47.732876712328775,1.1937377690802349,2.5999999999999988,3.8,0,1.0,1.0,2,1.0,4.0,5.4,6.6,2.3,2.6
1714321800,Recoleta,Magallanes,0.0,1.4092664092664093,1.6718146718146718,1.247104247104247,51.60617760617761,1.5498069498069498,2.3000000000000003,4.5,1.1171171171171173,1.3108108108108107,1.1756756756756757,47.70945945945946,1.2355855855855857,2.5999999999999988,3.8,0,1.0,1.0,2,0.0,1.0,4.8,4.8,2.3,2.6
1714341600,Union San Felipe,Rangers de Talca,0.0,1.3044444444444445,1.948888888888889,0.44888888888888895,51.03333333333333,1.4700000000000002,2.3000000000000007,4.5,1.099047619047619,0.6895238095238095,2.156190476190476,48.614285714285714,1.1864761904761907,2.5999999999999988,3.8,0,1.0,1.0,2,1.0,2.0,5.4,5.4,2.3,2.6
1714437000,Deportes Limache,D. La Serena,0.0,1.1359649122807018,1.118421052631579,1.1096491228070176,52.026315789473685,1.3517543859649122,2.3000000000000007,4.5,1.7850877192982457,0.9692982456140351,2.5219298245614037,49.223684210526315,1.7364035087719298,2.5999999999999988,3.8,0,1.0,1.0,0,1.0,0.0,5.4,4.2,2.3,2.6
1714840200,Deportes Temuco,Deportes Santa Cruz,0.0,0.8293135435992578,1.5250463821892395,0.8144712430426715,50.95640074211502,1.1144712430426718,2.3000000000000003,4.5,1.810760667903525,1.9721706864564008,1.7272727272727273,47.757884972170686,1.7560296846011134,2.5999999999999988,3.8,0,1.0,1.0,1,1.0,1.0,5.4,4.8,2.3,2.6
1714840200,Magallanes,Barnechea,0.0,1.684981684981685,1.2380952380952381,1.6703296703296704,52.670329670329664,1.7846153846153847,2.3000000000000007,4.5,1.5333333333333334,1.2493589743589744,1.5846153846153848,48.42596153846154,1.5480769230769234,2.599999999999999,3.8,0,1.0,1.0,0,3.0,0.0,6.6,4.2,2.3,2.6
1714849200,Santiago Morning,Santiago Wanderers,0.0,1.976491862567812,1.376130198915009,1.6763110307414104,52.9005424954792,2.0034358047016276,2.3000000000000007,4.5,1.376130198915009,1.5479204339963835,1.433996383363472,47.74231464737794,1.4227848101265825,2.5999999999999988,3.8,0,1.0,1.0,1,1.0,1.0,5.4,4.8,2.3,2.6
1714858200,Universidad de Concepcion,Union San Felipe,0.0,1.3041666666666667,1.4375,1.4541666666666666,51.8,1.4691666666666667,2.3000000000000007,4.5,0.9464285714285715,1.8321428571428573,0.8607142857142857,46.67142857142857,1.0932142857142857,2.5999999999999988,3.8,0,1.0,1.0,0,2.0,1.0,6.0,4.8,2.3,2.6
1714867200,San Luis,Recoleta,0.0,1.3065843621399176,1.9362139917695473,1.1275720164609053,51.05555555555556,1.4876543209876547,2.3000000000000007,4.5,1.2695473251028806,1.139917695473251,1.9979423868312758,48.19444444444444,1.3409465020576135,2.5999999999999988,3.8,0,1.0,1.0,0,1.0,0.0,5.4,4.2,2.3,2.6
1714926600,Antofagasta,Deportes Limache,0.0,2.1184668989547037,0.7979094076655051,2.1149825783972123,53.9808362369338,2.1167247386759582,2.3000000000000007,4.5,2.7642276422764227,1.1382113821138211,2.4918699186991873,50.4390243902439,2.5203252032520327,2.5999999999999988,3.8,0,1.0,1.0,2,1.0,2.0,5.4,5.4,2.3,2.6
1714944600,Rangers de Talca,Curico Unido,0.0,1.6365461847389557,1.1004016064257027,1.6285140562248994,52.804216867469876,1.734738955823293,2.3000000000000007,4.5,0.7670682730923695,2.1365461847389557,0.497991967871486,45.945783132530124,0.9558232931726909,2.5999999999999988,3.8,0,1.0,1.0,2,2.0,3.0,6.0,6.0,2.3,2.6
1715032800,D. La Serena,San Marcos de Arica,0.0,1.119047619047619,0.8061224489795917,1.8197278911564627,52.46938775510205,1.3170068027210886,2.3000000000000007,4.5,1.5204081632653064,1.119047619047619,1.717687074829932,48.60204081632653,1.5380952380952384,2.5999999999999988,3.8,0,1.0,1.0,0,2.0,1.0,6.0,4.8,2.3,2.6
1715209200,San Luis,Universidad de Concepcion,0.0,1.2638655462184873,1.66218487394958,1.3966386554621848,51.40252100840336,1.447058823529412,2.3000000000000007,4.5,0.6621848739495799,1.6924369747899162,0.8554621848739495,46.45462184873949,0.88,2.5999999999999988,3.8,0,1.0,1.0,0,2.0,0.0,6.0,4.2,2.3,2.6
1715382000,Union San Felipe,Santiago Morning,0.0,1.26578073089701,1.9435215946843856,0.40199335548172754,50.98338870431893,1.43421926910299,2.3000000000000007,4.5,0.7674418604651163,1.1434108527131783,1.1589147286821706,47.43604651162791,0.956201550387597,2.5999999999999988,3.8,0,1.0,1.0,1,2.0,2.0,6.0,5.4,2.3,2.6
1715454000,Magallanes,Deportes Limache,0.0,2.15919540229885,1.0775862068965516,2.150574712643678,53.62241379310345,2.1486781609195407,2.3000000000000007,4.5,2.660098522167488,1.1247947454844005,2.5632183908045976,50.302955665024626,2.435632183908046,2.5999999999999988,3.8,0,1.0,1.0,1,2.0,2.0,6.0,5.4,2.3,2.6
1715472000,San Marcos de Arica,Santiago Wanderers,0.0,1.2694805194805194,1.8051948051948052,0.827922077922078,51.19642857142857,1.4512987012987015,2.3000000000000007,4.5,1.3795454545454544,1.2607954545454545,1.5664772727272729,48.178124999999994,1.4251704545454547,2.599999999999999,3.8,0,1.0,1.0,1,0.0,0.0,4.8,4.2,2.3,2.6
1715531400,Barnechea,Antofagasta,0.0,1.9756554307116105,1.2677902621722845,1.9644194756554307,53.061797752808985,1.9891385767790264,2.3000000000000007,4.5,0.9438202247191012,1.693418940609952,0.9887640449438203,46.875601926163725,1.0913322632423759,2.5999999999999988,3.8,0,1.0,1.0,1,0.0,0.0,4.8,4.2,2.3,2.6
1715531400,Recoleta,D. La Serena,0.0,0.952777777777778,1.6722222222222223,0.7972222222222222,50.920833333333334,1.198888888888889,2.3000000000000007,4.5,1.5111111111111113,0.9746031746031747,2.13015873015873,48.804761904761904,1.5311111111111115,2.5999999999999988,3.8,0,1.0,1.0,1,0.0,0.0,4.8,4.2,2.3,2.6
1715549400,Curico Unido,San Luis,0.0,0.7989010989010988,0.9186813186813187,1.0961538461538463,51.82032967032968,1.0759890109890111,2.3000000000000007,4.5,2.0915750915750912,1.7985347985347984,1.9835164835164836,48.43956043956044,1.99945054945055,2.5999999999999988,3.8,0,1.0,1.0,0,1.0,0.0,5.4,4.2,2.3,2.6
1715637600,Universidad de Concepcion,Deportes Temuco,0.0,1.3975155279503104,1.360248447204969,1.6863354037267082,52.05590062111801,1.5400621118012423,2.3000000000000007,4.5,1.2173913043478262,1.3975155279503104,1.4099378881987576,47.72981366459628,1.2965838509316772,2.5999999999999988,3.8,0,1.0,1.0,1,0.0,0.0,4.8,4.2,2.3,2.6
1715646600,Deportes Santa Cruz,Rangers de Talca,0.0,1.3932411674347158,1.2135176651305684,1.3993855606758832,52.26958525345621,1.536866359447005,2.3000000000000007,4.5,1.2118279569892472,0.7940860215053763,2.15752688172043,48.626612903225805,1.2769892473118283,2.599999999999999,3.8,0,1.0,1.0,2,2.0,4.0,6.0,6.6,2.3,2.6
1715814000,Deportes Limache,Santiago Morning,0.0,1.1094224924012157,0.9361702127659575,1.3951367781155015,52.25987841945288,1.324012158054711,2.3000000000000007,4.5,0.9361702127659575,1.2522796352583585,1.127659574468085,47.525835866261396,1.086018237082067,2.5999999999999988,3.8,0,1.0,1.0,1,2.0,2.0,6.0,5.4,2.3,2.6
1716048000,D. La Serena,Union San Felipe,0.0,1.2473684210526315,0.9210526315789475,1.8447368421052632,52.48947368421053,1.4197368421052632,2.3000000000000007,4.5,1.0710526315789473,1.8473684210526315,0.8105263157894737,46.83552631578947,1.1792105263157895,2.599999999999999,3.8,0,1.0,1.0,0,3.0,0.0,6.6,4.2,2.3,2.6
1716058800,Deportes Temuco,Barnechea,0.0,0.6515625,1.2177083333333332,0.9489583333333333,51.150781249999994,0.9730208333333332,2.3000000000000007,4.5,1.2157407407407408,1.5569444444444445,1.0949074074074074,47.488194444444446,1.3104166666666668,2.5999999999999988,3.8,0,1.0,1.0,2,0.0,1.0,4.8,4.8,2.3,2.6
1716076800,San Luis,Deportes Santa Cruz,0.0,1.097938144329897,1.5170103092783507,1.395360824742268,51.371391752577324,1.3153092783505154,2.3000000000000007,4.5,1.6670103092783506,1.997938144329897,1.410824742268041,47.503608247422676,1.641082474226804,2.599999999999999,3.8,0,1.0,1.0,2,1.0,2.0,5.4,5.4,2.3,2.6
1716136200,Antofagasta,Magallanes,0.0,2.2969387755102044,0.9188775510204082,2.1418367346938774,54.0670918367347,2.244438775510204,2.3000000000000007,4.5,1.0787172011661808,1.1107871720116618,1.4169096209912535,47.95189504373178,1.2000000000000002,2.5999999999999988,3.8,0,1.0,1.0,0,2.0,1.0,6.0,4.8,2.3,2.6
1716145200,Santiago Wanderers,Curico Unido,0.0,1.4646464646464648,1.5909090909090908,1.127946127946128,51.81060606060606,1.5808080808080809,2.300000000000001,4.5,1.077922077922078,2.1125541125541125,0.8412698412698412,46.44805194805195,1.1992784992784995,2.5999999999999988,3.8,0,1.0,1.0,1,2.0,2.0,6.0,5.4,2.3,2.6
1716165000,Rangers de Talca,Universidad de Concepcion,0.0,1.6857142857142857,1.3657142857142857,1.3942857142857141,52.480000000000004,1.7705714285714287,2.300000000000001,4.5,0.6200000000000001,1.5500000000000003,0.8099999999999999,46.605000000000004,0.8482500000000002,2.599999999999999,3.8,0,1.0,1.0,2,1.0,2.0,5.4,5.4,2.3,2.6
1716251400,Deportes Limache,San Marcos de Arica,0.0,1.399009900990099,1.0717821782178218,1.5415841584158418,52.49084158415842,1.540891089108911,2.3000000000000007,4.5,1.2217821782178218,1.249009900990099,1.2638613861386139,47.959158415841586,1.2996039603960399,2.5999999999999996,3.8,0,1.0,1.0,2,1.0,3.0,5.4,6.0,2.3,2.6
1716652800,D. La Serena,Rangers de Talca,0.0,1.5538126361655773,0.6008714596949891,2.322875816993464,53.429411764705875,1.6644880174291938,2.3000000000000007,4.5,1.6897603485838781,1.0871459694989107,2.193464052287582,48.90392156862745,1.6581263616557735,2.599999999999999,3.8,0,1.0,1.0,1,0.0,0.0,4.8,4.2,2.3,2.6
1716663600,Magallanes,Union San Felipe,0.0,2.0174757281553397,1.2202804746494067,1.8554476806903992,53.19579288025891,2.035577130528587,2.3000000000000007,4.5,0.9091693635382956,1.8619201725997843,0.7924487594390507,46.57087378640777,1.0649190938511328,2.599999999999999,3.8,0,1.0,1.0,0,2.0,1.0,6.0,4.8,2.3,2.6
1716741000,Santiago Wanderers,Antofagasta,0.0,1.5384615384615385,1.653846153846154,1.1043956043956045,51.82692307692308,1.6384615384615384,2.300000000000001,4.5,0.9221153846153847,1.0961538461538463,1.1129807692307692,47.73894230769231,1.0749038461538465,2.5999999999999996,3.8,0,1.0,1.0,2,1.0,2.0,5.4,5.4,2.3,2.6
1716741000,Recoleta,Deportes Temuco,0.0,0.7735449735449735,1.3767195767195766,0.9227513227513228,51.095238095238095,1.0714285714285714,2.3000000000000007,4.5,1.0738095238095238,1.3952380952380952,1.1166666666666667,47.51785714285714,1.1961904761904765,2.5999999999999996,3.8,0,1.0,1.0,0,2.0,1.0,6.0,4.8,2.3,2.6
1716750000,Curico Unido,Santiago Morning,0.0,0.7748427672955975,0.5983228511530398,1.5484276729559747,52.264779874213836,1.0568553459119499,2.3000000000000007,4.5,1.2231132075471698,1.2466981132075472,1.2632075471698112,47.964622641509436,1.3005660377358492,2.5999999999999996,3.8,0,1.0,1.0,0,2.0,1.0,6.0,4.8,2.3,2.6
1716768000,Deportes Santa Cruz,Deportes Limache,0.0,1.5481308411214956,1.6724299065420563,1.2457943925233643,51.81355140186916,1.6600467289719625,2.3000000000000007,4.5,2.572429906542056,1.0981308411214954,2.30981308411215,50.21144859813084,2.364953271028038,2.5999999999999996,3.8,0,1.0,1.0,1,1.0,1.0,5.4,4.8,2.3,2.6
1716847200,Barnechea,Universidad de Concepcion,0.0,1.6825396825396826,1.0820105820105819,1.8227513227513228,52.90079365079365,1.7677248677248678,2.300000000000001,4.5,0.7526748971193415,1.7086419753086421,0.7855967078189301,46.56604938271605,0.9549794238683129,2.5999999999999996,3.8,0,1.0,1.0,1,0.0,0.0,4.8,4.2,2.3,2.6
1716856200,San Marcos de Arica,San Luis,0.0,1.2440366972477064,1.6688073394495413,0.9440366972477066,51.362844036697254,1.431880733944954,2.300000000000001,4.5,1.7929226736566186,1.6788990825688073,1.6946264744429884,48.171035386631715,1.7710353866317172,2.5999999999999996,3.8,0,1.0,1.0,0,1.0,0.0,5.4,4.2,2.3,2.6
1717259400,Deportes Temuco,D. La Serena,0.0,0.46060606060606063,1.3696969696969696,0.46464646464646464,50.63636363636363,0.8365656565656565,2.3000000000000007,4.5,1.3659090909090907,0.9431818181818183,1.8545454545454545,48.63409090909091,1.4300000000000004,2.5999999999999996,3.8,0,1.0,1.0,2,0.0,1.0,4.8,4.8,2.3,2.6
1717268400,Santiago Morning,Deportes Santa Cruz,0.0,1.5400900900900902,1.5153153153153154,1.3945945945945943,52.03716216216216,1.6538288288288285,2.300000000000001,4.5,1.6802802802802803,2.0134134134134136,1.407207207207207,47.5003003003003,1.6506306306306306,2.5999999999999996,3.8,0,1.0,1.0,0,2.0,1.0,6.0,4.8,2.3,2.6
1717277400,Universidad de Concepcion,Santiago Wanderers,0.0,1.2415178571428571,0.9147321428571429,1.8482142857142856,52.49017857142857,1.429910714285714,2.300000000000001,4.5,1.0575396825396826,1.0813492063492063,1.2488095238095238,47.964285714285715,1.1834920634920634,2.5999999999999996,3.8,0,1.0,1.0,1,1.0,1.0,5.4,4.8,2.3,2.6
1717345800,Antofagasta,Curico Unido,0.0,2.169518190757129,1.0570304818092429,2.175417895771878,53.66873156342183,2.1415142576204524,2.3000000000000007,4.5,1.214159292035398,1.8407079646017699,0.9539823008849558,47.060176991150435,1.3084070796460179,2.6,3.8,0,1.0,1.0,1,1.0,1.0,5.4,4.8,2.3,2.6
1717372800,San Luis,Magallanes,0.0,1.2354775828460038,1.0565302144249513,1.3968810916179337,52.26842105263158,1.409785575048733,2.3000000000000007,4.5,1.2135964912280701,1.2399122807017542,1.4030701754385964,47.96052631578947,1.2928947368421053,2.6,3.8,0,1.0,1.0,2,0.0,1.0,4.8,4.8,2.3,2.6
1717452000,Deportes Limache,Barnechea,0.0,1.5439613526570048,1.3671497584541061,1.5497584541062803,52.26521739130435,1.641159420289855,2.3000000000000007,4.5,1.3704347826086956,1.5495652173913046,1.4052173913043475,47.73130434782609,1.417913043478261,2.6,3.8,0,1.0,1.0,1,2.0,2.0,6.0,5.4,2.3,2.6
1717457400,Rangers de Talca,Recoleta,0.0,1.2383620689655173,1.6646551724137932,0.9426724137931035,51.36056034482759,1.4123706896551724,2.300000000000001,4.5,1.0738916256157636,1.1009852216748768,1.6921182266009853,47.95935960591133,1.1955665024630544,2.6,3.8,0,1.0,1.0,2,1.0,2.0,5.4,5.4,2.3,2.6
1717461000,Union San Felipe,San Marcos de Arica,0.0,1.537606837606838,2.116239316239316,0.4897435897435898,51.13205128205128,1.6367094017094017,2.300000000000001,4.5,1.6811016144349478,1.2334283000949668,1.7190883190883193,48.67150997150997,1.6509591642924977,2.6,3.8,0,1.0,1.0,2,0.0,2.0,4.8,5.4,2.3,2.6
1717614000,Santiago Wanderers,San Luis,0.0,1.5347457627118646,1.6677966101694917,1.086864406779661,51.80042372881356,1.6345762711864407,2.300000000000001,4.5,1.8177966101694916,1.2347457627118643,1.7122881355932205,48.87457627118645,1.7910169491525425,2.6000000000000005,3.8,0,1.0,1.0,0,6.0,0.0,8.399999999999999,4.2,2.3,2.6
1718047800,Santiago Morning,Recoleta,0.0,1.5507002801120449,1.057889822595705,1.858076563958917,52.73921568627451,1.6620915032679735,2.3000000000000007,4.5,1.215126050420168,1.2445378151260504,1.7092436974789917,47.955882352941174,1.3090336134453784,2.6000000000000005,3.8,0,1.0,1.0,0,2.0,1.0,6.0,4.8,2.3,2.6
1720897200,Deportes Temuco,San Marcos de Arica,0.0,0.43666666666666665,1.3716666666666666,0.43499999999999994,50.597500000000004,0.8186666666666664,2.3000000000000007,4.5,1.8516666666666666,0.9166666666666667,2.205,49.4025,1.7868333333333335,2.6,3.8,0,1.0,1.0,1,0.0,0.0,4.8,4.2,2.3,2.6
1720974600,Santiago Morning,Deportes Limache,0.0,1.394380165289256,1.0495867768595042,1.8743801652892562,52.51719008264463,1.5369586776859503,2.3000000000000007,4.5,1.9884297520661158,1.2382001836547292,2.0269972451790634,49.12534435261708,1.8969880624426079,2.6,3.8,0,1.0,1.0,0,1.0,0.0,5.4,4.2,2.3,2.6
1720974600,D. La Serena,Antofagasta,0.0,1.5537704918032789,0.5675409836065574,2.357049180327869,53.47934426229508,1.6644262295081966,2.3000000000000007,4.5,1.2083788706739527,1.0819672131147542,1.5577413479052824,48.18961748633879,1.288633879781421,2.6,3.8,0,1.0,1.0,0,2.0,1.0,6.0,4.8,2.3,2.6
1720983600,Union San Felipe,Curico Unido,0.0,1.394218608852755,2.141282746160795,0.46630532971996386,50.87940379403794,1.5368925022583557,2.3000000000000007,4.5,1.2079494128274617,1.7053297199638664,1.0885275519421862,47.25392953929539,1.3037940379403794,2.6,3.8,0,1.0,1.0,0,3.0,1.0,6.6,4.8,2.3,2.6
1720992600,Universidad de Concepcion,San Luis,0.0,1.086021505376344,0.896415770609319,1.5580645161290323,52.284408602150535,1.3058422939068097,2.300000000000001,4.5,1.20752688172043,1.863799283154122,1.2415770609318997,47.01559139784946,1.3189605734767027,2.6000000000000005,3.8,0,1.0,1.0,0,1.0,0.0,5.4,4.2,2.3,2.6
1721156400,Barnechea,Deportes Santa Cruz,0.0,1.096,0.9060000000000001,1.556,52.285,1.3133999999999997,2.300000000000001,4.5,1.2047999999999999,1.8768,0.9152,46.992,1.2696000000000003,2.6000000000000005,3.8,0,1.0,1.0,0,4.0,2.0,7.199999999999999,5.4,2.3,2.6
1721156400,Rangers de Talca,Magallanes,0.0,1.08994708994709,1.3622574955908289,0.9414462081128747,51.59153439153439,1.2933333333333332,2.300000000000001,4.5,1.2067019400352734,0.9343915343915343,1.8589065255731922,48.40846560846561,1.2872663139329807,2.6000000000000005,3.8,0,1.0,1.0,2,2.0,3.0,6.0,6.0,2.3,2.6
1721165400,Santiago Wanderers,Recoleta,0.0,2.179877515310586,1.520909886264217,1.094488188976378,52.98845144356956,2.149676290463692,2.300000000000001,4.5,1.0542432195975504,1.4020997375328084,1.2395450568678914,47.47821522309711,1.1808048993875766,2.6000000000000005,3.8,0,1.0,1.0,1,1.0,1.0,5.4,4.8,2.3,2.6
1721430000,Deportes Limache,Deportes Temuco,0.0,1.5612500000000002,1.6884375,1.2443749999999998,51.80921875000001,1.65415625,2.3000000000000007,4.5,1.0538194444444444,1.2458333333333333,1.0833333333333333,47.711979166666666,1.180416666666667,2.6000000000000005,3.8,0,1.0,1.0,2,0.0,1.0,4.8,4.8,2.3,2.6
1721493000,Magallanes,D. La Serena,0.0,2.0390697674418607,1.208062015503876,1.882170542635659,53.246511627906976,2.052527131782946,2.3000000000000007,4.5,0.8978466838931956,0.6211886304909561,1.863910422049957,48.414987080103366,1.0555900086132646,2.6000000000000005,3.8,0,1.0,1.0,2,1.0,2.0,5.4,5.4,2.3,2.6
1721502000,San Marcos de Arica,Universidad de Concepcion,0.0,1.087179487179487,1.6769230769230772,0.9333333333333333,51.11538461538461,1.3066666666666664,2.300000000000001,4.5,0.7292307692307691,1.5584615384615386,0.92,46.75615384615385,0.9369230769230771,2.6000000000000005,3.8,0,1.0,1.0,1,1.0,1.0,5.4,4.8,2.3,2.6
1721579400,Antofagasta,Rangers de Talca,0.0,2.0378625954198473,1.048854961832061,1.8793893129770993,53.48351145038168,2.0354809160305343,2.3000000000000007,4.5,1.5288549618320613,0.7578625954198472,2.359389312977099,49.15648854961832,1.544580152671756,2.6000000000000005,3.8,0,1.0,1.0,1,1.0,1.0,5.4,4.8,2.3,2.6
1721588400,Deportes Santa Cruz,Santiago Wanderers,0.0,1.5525252525252524,1.5205387205387204,1.3986531986531985,52.04797979797979,1.663299663299663,2.300000000000001,4.5,0.8884848484848485,1.0772727272727272,0.9187878787878789,47.716818181818184,1.0482424242424244,2.6000000000000005,3.8,0,1.0,1.0,2,1.0,2.0,5.4,5.4,2.3,2.6
1721597400,San Luis,Santiago Morning,0.0,0.9166917293233083,0.889624060150376,1.2366917293233082,52.0406015037594,1.1704661654135335,2.3000000000000007,4.5,1.2106934001670844,1.2407685881370092,1.24578111946533,47.954887218045116,1.2901253132832082,2.6000000000000005,3.8,0,1.0,1.0,2,1.0,3.0,5.4,6.0,2.3,2.6
1721674800,Recoleta,Union San Felipe,0.0,0.7561194029850746,1.3722388059701491,0.9146268656716419,51.075820895522384,1.0579701492537312,2.300000000000001,4.5,0.7322388059701492,2.1961194029850746,0.28358208955223874,45.80417910447761,0.9231641791044776,2.6000000000000005,3.8,0,1.0,1.0,1,0.0,0.0,4.8,4.2,2.3,2.6
1721689200,Curico Unido,Barnechea,0.0,0.9140740740740741,0.7303703703703703,1.5540740740740744,52.275555555555556,1.1684444444444442,2.300000000000001,4.5,1.536700336700337,1.3946127946127946,1.5663299663299664,48.213131313131306,1.550707070707071,2.6000000000000005,3.8,0,1.0,1.0,2,0.0,1.0,4.8,4.8,2.3,2.6
1722020400,Santiago Morning,San Marcos de Arica,0.0,1.5564171122994654,0.8818181818181818,2.3745989304812833,53.01189839572193,1.649946524064171,2.300000000000001,4.5,1.5363636363636366,0.738235294117647,1.8957219251336899,49.19719251336898,1.5504010695187167,2.6000000000000005,3.8,0,1.0,1.0,2,0.0,1.0,4.8,4.8,2.3,2.6
1722034800,Rangers de Talca,Deportes Limache,0.0,1.23007299270073,1.8496350364963503,0.4300729927007299,51.07065693430657,1.4054598540145982,2.300000000000001,4.5,1.5296350364963505,1.07007299270073,1.5675912408759125,48.689343065693436,1.545109489051095,2.6000000000000005,3.8,0,1.0,1.0,0,2.0,0.0,6.0,4.2,2.3,2.6
1722097800,Union San Felipe,San Luis,0.0,1.5510144927536234,1.8478260869565217,0.9124637681159421,51.55478260869565,1.662173913043478,2.300000000000001,4.5,0.7278260869565216,1.7110144927536233,0.7655072463768116,46.525217391304345,0.951768115942029,2.6000000000000005,3.8,0,1.0,1.0,1,0.0,0.0,4.8,4.2,2.3,2.6
1722106800,Barnechea,Recoleta,0.0,1.387849720223821,1.0511590727418065,1.5466027178257393,52.50503597122302,1.547466027178257,2.300000000000001,4.5,0.886043165467626,1.549064748201439,0.9248920863309353,47.00546762589928,1.0464460431654679,2.6000000000000005,3.8,0,1.0,1.0,2,0.0,3.0,4.8,6.0,2.3,2.6
1722106800,Deportes Santa Cruz,Curico Unido,0.0,1.7071428571428573,1.5285714285714287,1.39,52.267857142857146,1.771285714285714,2.300000000000001,4.5,1.3685714285714283,1.8671428571428572,1.0871428571428572,47.25214285714286,1.4164285714285714,2.6000000000000005,3.8,0,1.0,1.0,0,1.0,0.0,5.4,4.2,2.3,2.6
1722115800,Deportes Temuco,Magallanes,0.0,0.406060606060606,1.2061895551257253,0.5748549323017408,50.79980657640232,0.7953320438426819,2.300000000000001,4.5,1.2068085106382977,0.9066666666666667,1.8851063829787233,48.450212765957446,1.2871205673758865,2.6000000000000005,3.8,0,1.0,1.0,0,1.0,0.0,5.4,4.2,2.3,2.6
1722184200,Universidad de Concepcion,Antofagasta,0.0,1.2261971830985914,0.5650704225352112,2.0346478873239437,52.99169014084507,1.4024507042253518,2.300000000000001,4.5,1.0450704225352112,1.0661971830985915,1.4030985915492955,47.968309859154935,1.157830985915493,2.600000000000001,3.8,0,1.0,1.0,1,2.0,2.0,6.0,5.4,2.3,2.6
1722202200,Santiago Wanderers,D. La Serena,0.0,2.0271328671328672,1.2061538461538461,1.234125874125874,53.231468531468536,2.027160839160839,2.300000000000001,4.5,0.8861538461538463,0.587132867132867,1.8825174825174824,48.44853146853147,1.046657342657343,2.600000000000001,3.8,0,1.0,1.0,2,0.0,1.0,4.8,4.8,2.3,2.6
1722380400,Deportes Limache,San Luis,0.0,1.2229797979797978,1.5325757575757577,1.0656565656565657,51.53560606060606,1.3997979797979796,2.300000000000001,4.5,0.22348484848484843,1.713888888888889,0.42247474747474745,45.76439393939393,0.5657828282828283,2.600000000000001,3.8,0,1.0,1.0,0,2.0,1.0,6.0,4.8,2.3,2.6
1722452400,Magallanes,Universidad de Concepcion,0.0,1.5510971786833858,1.3686520376175548,1.3949843260188088,52.27366771159874,1.6622570532915357,2.300000000000001,4.5,0.877742946708464,1.2238244514106582,1.0752351097178683,47.4808777429467,1.040062695924765,2.600000000000001,3.8,0,1.0,1.0,1,0.0,0.0,4.8,4.2,2.3,2.6
1722452400,Recoleta,Deportes Santa Cruz,0.0,0.5676214196762142,1.0398505603985055,1.0672478206724783,51.29165628891656,0.924657534246575,2.300000000000001,4.5,1.367123287671233,1.8767123287671232,0.9110834371108345,47.23561643835616,1.3989290161892902,2.600000000000001,3.8,0,1.0,1.0,0,1.0,0.0,5.4,4.2,2.3,2.6
1722463200,Antofagasta,Deportes Temuco,0.0,1.5490414347557206,1.0383426097711812,1.5601731601731603,52.76604823747681,1.6443042671614099,2.300000000000001,4.5,1.0421768707482992,0.9039455782312926,1.5602721088435376,48.20734693877551,1.1715918367346938,2.600000000000001,3.8,0,1.0,1.0,2,0.0,1.0,4.8,4.8,2.3,2.6
1722463200,Santiago Wanderers,Union San Felipe,0.0,1.8746928746928746,1.2017199017199016,1.0675675675675675,53.009459459459464,1.9212776412776416,2.300000000000001,4.5,0.5471744471744472,1.5474201474201474,0.4203931203931204,46.49963144963145,0.7921130221130221,2.600000000000001,3.8,0,1.0,1.0,0,3.0,0.0,6.6,4.2,2.3,2.6
1722472200,San Marcos de Arica,Curico Unido,0.0,0.7444295302013422,1.2002684563758388,1.076510067114094,51.31624161073825,1.033181208053691,2.300000000000001,4.5,1.3638804148871262,1.713117754728493,1.073215375228798,47.476143990237944,1.412837095790116,2.600000000000001,3.8,0,1.0,1.0,2,2.0,3.0,6.0,6.0,2.3,2.6
1722472200,D. La Serena,Santiago Morning,0.0,1.713939393939394,0.7115151515151514,2.376969696969697,53.50363636363636,1.7926060606060603,2.300000000000001,4.5,1.5226666666666668,1.385333333333333,1.2426666666666666,48.205999999999996,1.54,2.600000000000001,3.8,0,1.0,1.0,0,1.0,0.0,5.4,4.2,2.3,2.6
1722472200,Rangers de Talca,Barnechea,0.0,1.5499096929560507,1.8555087296809152,0.7425647200481637,51.5416014449127,1.6449849488260082,2.300000000000001,4.5,1.534216335540839,1.2207505518763797,1.900662251655629,48.47019867549669,1.5490066225165564,2.600000000000001,3.8,0,1.0,1.0,0,3.0,0.0,6.6,4.2,2.3,2.6
1722711600,Union San Felipe,Deportes Santa Cruz,0.0,1.2246411483253588,1.3631578947368421,1.0717703349282297,51.792224880382776,1.4174641148325355,2.300000000000001,4.5,1.1995614035087718,1.7225877192982455,0.8991228070175439,47.21546052631579,1.281359649122807,2.600000000000001,3.8,0,1.0,1.0,1,1.0,1.0,5.4,4.8,2.3,2.6
1722789000,Santiago Morning,Magallanes,0.0,1.222222222222222,0.8660130718954249,1.8986928104575163,52.53431372549019,1.3990196078431372,2.3000000000000007,4.5,1.1992869875222816,1.0606060606060606,1.7258467023172908,48.20802139037433,1.2812596553773026,2.600000000000001,3.8,0,1.0,1.0,2,0.0,2.0,4.8,5.4,2.3,2.6
1722789000,Barnechea,D. La Serena,0.0,1.0649350649350648,1.0402597402597402,1.5566233766233768,52.037012987012986,1.3055324675324673,2.300000000000001,4.5,0.8729634002361275,0.5681227863046044,1.8913813459268005,48.45726092089728,1.036528925619835,2.600000000000001,3.8,0,1.0,1.0,2,0.0,3.0,4.8,6.0,2.3,2.6
1722798000,Deportes Temuco,Santiago Wanderers,0.0,0.5526881720430108,0.7021505376344086,1.0623655913978496,51.77580645161291,0.8968817204301073,2.3000000000000007,4.5,1.2023460410557183,1.0574780058651025,1.4023460410557185,48.21730205278592,1.2836363636363637,2.600000000000001,3.8,0,1.0,1.0,0,2.0,0.0,6.0,4.2,2.3,2.6
1722895200,Curico Unido,Recoleta,0.0,0.7310023310023309,0.5463869463869464,1.560839160839161,52.27692307692307,1.0390209790209788,2.300000000000001,4.5,1.3645687645687645,1.0582750582750582,1.4006993006993007,48.45944055944056,1.4134965034965035,2.600000000000001,3.8,0,1.0,1.0,0,1.0,0.0,5.4,4.2,2.3,2.6
1722895200,Universidad de Concepcion,Deportes Limache,0.0,1.221540243196294,0.8722640416907933,1.7263462651997685,52.52391430225825,1.3986913723219452,2.300000000000001,4.5,1.035900405327157,1.3851766068326579,1.0718008106543138,47.476085697741745,1.1670063694267516,2.600000000000001,3.8,0,1.0,1.0,0,2.0,0.0,6.0,4.2,2.3,2.6
1722904200,San Luis,Rangers de Talca,0.0,1.0586881472957421,1.1981588032220942,1.2372842347525892,51.790794016110475,1.2683774453394705,2.300000000000001,4.5,1.5254315304948218,0.8950517836593787,2.0520138089758344,48.94556962025317,1.54234752589183,2.600000000000001,3.8,0,1.0,1.0,2,1.0,2.0,5.4,5.4,2.3,2.6
1722904200,San Marcos de Arica,Antofagasta,0.0,1.0583190394511148,1.5263579188107492,1.072041166380789,51.29794168096055,1.2680503144654085,2.300000000000001,4.5,1.1990851915380216,1.3855917667238422,1.072041166380789,47.72024013722127,1.2812349914236707,2.600000000000001,3.8,0,1.0,1.0,1,1.0,1.0,5.4,4.8,2.3,2.6
1723305600,Rangers de Talca,Deportes Temuco,0.0,1.7197916666666666,1.365625,1.2322916666666666,52.53125,1.7804166666666668,2.3000000000000007,4.5,0.7079545454545454,0.5670454545454545,1.5625000000000002,48.21136363636363,0.9046590909090909,2.600000000000001,3.8,0,1.0,1.0,0,1.0,0.0,5.4,4.2,2.3,2.6
1723316400,Deportes Santa Cruz,San Marcos de Arica,0.0,1.384867306606437,1.5247882552230378,1.4006775832862788,51.7901185770751,1.5128627893845281,2.300000000000001,4.5,1.3643892339544514,0.7194616977225672,1.8975155279503106,48.96739130434783,1.413354037267081,2.6000000000000014,3.8,0,1.0,1.0,0,1.0,0.0,5.4,4.2,2.3,2.6
1723393800,Antofagasta,San Luis,0.0,1.0524691358024691,1.1965020576131686,1.0689300411522633,51.78395061728395,1.2631687242798353,2.3000000000000007,4.5,0.3631687242798354,1.8858024691358026,0.3960905349794238,45.71604938271605,0.662448559670782,2.6000000000000014,3.8,0,1.0,1.0,1,1.0,1.0,5.4,4.8,2.3,2.6
1723393800,Barnechea,Santiago Morning,0.0,0.8932515337423313,1.5232571109871724,1.0747350808700502,51.05499163413273,1.1849637479085326,2.300000000000001,4.5,1.5232571109871724,1.547796988287786,1.068042387060792,47.96319018404908,1.540658114891244,2.6000000000000014,3.8,0,1.0,1.0,0,2.0,0.0,6.0,4.2,2.3,2.6
1723402800,Magallanes,Santiago Wanderers,0.0,1.5528455284552847,1.0284552845528454,1.5701219512195124,52.78658536585366,1.6634146341463412,2.3000000000000007,4.5,0.8617886178861789,1.0528455284552845,1.2276422764227641,47.713414634146346,1.028048780487805,2.6000000000000014,3.8,0,1.0,1.0,0,2.0,1.0,6.0,4.8,2.3,2.6
1723411800,D. La Serena,Curico Unido,0.0,1.5535353535353535,0.5282828282828282,2.405050505050505,53.53787878787879,1.6639393939393936,2.3000000000000007,4.5,1.3616161616161617,1.72020202020202,1.0595959595959596,47.46212121212121,1.4112121212121211,2.6000000000000014,3.8,0,1.0,1.0,0,1.0,0.0,5.4,4.2,2.3,2.6
1723489200,Recoleta,Universidad de Concepcion,0.0,0.7198795180722891,0.5271084337349398,1.573293172690763,52.28915662650603,1.030321285140562,2.3000000000000007,4.5,0.6937751004016064,0.8865461847389559,1.2248995983935742,47.71084337349398,0.9103413654618475,2.6000000000000014,3.8,0,1.0,1.0,0,5.0,0.0,7.8,4.2,2.3,2.6
1723500000,Deportes Limache,Union San Felipe,0.0,1.3902195608782435,1.6926147704590817,1.0748502994011977,51.546407185628745,1.5332335329341316,2.3000000000000007,4.5,0.5259481037924152,1.8902195608782435,0.3902195608782435,45.953592814371255,0.7761477045908184,2.6000000000000014,3.8,0,1.0,1.0,2,1.0,2.0,5.4,5.4,2.3,2.6
1723849200,Curico Unido,Deportes Limache,0.0,0.8898809523809523,0.5267857142857143,1.9067460317460319,52.54464285714286,1.1496031746031743,2.3000000000000007,4.5,0.6934523809523809,1.556547619047619,0.558531746031746,46.70535714285714,0.9101190476190477,2.6000000000000014,3.8,0,1.0,1.0,2,0.0,3.0,4.8,6.0,2.3,2.6
1723921200,Deportes Santa Cruz,Magallanes,0.0,1.2218934911242603,1.3619329388560157,1.4053254437869822,51.789940828402365,1.3819526627218932,2.3000000000000007,4.5,1.3619329388560157,1.0552268244575937,1.7268244575936884,48.46005917159763,1.4115384615384619,2.6000000000000014,3.8,0,1.0,1.0,0,3.0,1.0,6.6,4.8,2.3,2.6
1723932000,Santiago Wanderers,Rangers de Talca,0.0,2.0568627450980395,0.861764705882353,1.4068627450980393,53.79264705882353,2.0665686274509807,2.3000000000000007,4.5,1.6950980392156862,1.0568627450980392,2.058823529411765,48.957352941176474,1.678039215686275,2.6000000000000014,3.8,0,1.0,1.0,0,4.0,0.0,7.199999999999999,4.2,2.3,2.6
1723998600,Union San Felipe,Antofagasta,0.0,1.226120857699805,1.1939571150097466,1.2417153996101364,52.04824561403509,1.4186159844054578,2.3000000000000007,4.5,1.1939571150097466,1.226120857699805,1.2241715399610136,47.95175438596491,1.2771929824561403,2.6000000000000014,3.8,0,1.0,1.0,1,1.0,1.0,5.4,4.8,2.3,2.6
1724007600,Santiago Morning,Deportes Temuco,0.0,1.054561717352415,1.0250447227191413,1.7457960644007156,52.04427549194991,1.2815205724508048,2.3000000000000007,4.5,0.693798449612403,0.7257751937984496,1.3905038759689923,47.95203488372093,0.893701550387597,2.6000000000000014,3.8,0,1.0,1.0,0,2.0,1.0,6.0,4.8,2.3,2.6
1724016600,San Marcos de Arica,Recoleta,0.0,1.0597302504816954,1.0269749518304432,1.2427745664739884,52.04913294797688,1.26878612716763,2.3000000000000007,4.5,1.3603082851637764,1.0597302504816954,1.3892100192678227,48.45086705202312,1.4102119460500964,2.6000000000000014,3.8,0,1.0,1.0,0,2.0,1.0,6.0,4.8,2.3,2.6
1724108400,San Luis,Barnechea,0.0,1.0603448275862069,1.5268199233716477,0.7442528735632183,51.30028735632184,1.2692528735632183,2.3000000000000007,4.5,0.8555260831122901,1.563395225464191,1.3888594164456234,46.93819628647214,1.0231299734748012,2.6000000000000014,3.8,0,1.0,1.0,2,0.0,6.0,4.8,7.8,2.3,2.6
1724108400,Universidad de Concepcion,D. La Serena,0.0,1.2257142857142858,0.6980952380952381,1.7428571428571429,52.79142857142857,1.4016190476190475,2.3000000000000007,4.5,1.3647619047619048,0.3923809523809524,2.38952380952381,49.458571428571425,1.4137142857142857,2.6000000000000014,3.8,0,1.0,1.0,2,0.0,1.0,4.8,4.8,2.3,2.6
1724517000,Deportes Temuco,Union San Felipe,0.0,0.7148601398601399,0.5211538461538462,1.4075174825174825,52.290559440559434,1.0267657342657341,2.3000000000000007,4.5,0.6903846153846154,1.730244755244755,0.8840909090909091,46.44020979020979,0.9078846153846153,2.6000000000000014,3.8,0,1.0,1.0,0,4.0,0.0,7.199999999999999,4.2,2.3,2.6
1724517000,Magallanes,Curico Unido,0.0,1.394089526292916,1.197044763146458,1.578096479791395,52.29556714471968,1.5362798783137763,2.3000000000000007,4.5,1.027813993915689,1.5633202955236853,0.8829204693611474,47.19674054758801,1.1609647979139506,2.6000000000000014,3.8,0,1.0,1.0,1,0.0,0.0,4.8,4.2,2.3,2.6
1724526000,Rangers de Talca,San Marcos de Arica,0.0,1.7313742437337942,1.0267934312878133,1.7469317199654277,53.056871218668974,1.7892480553154708,2.3000000000000007,4.5,1.1960242005185826,0.5467588591184097,1.8980121002592913,48.973898012100264,1.2955920484010373,2.6000000000000014,3.8,0,1.0,1.0,1,0.0,0.0,4.8,4.2,2.3,2.6
1724535000,Universidad de Concepcion,Deportes Santa Cruz,0.0,1.222518263859046,0.8565535023635582,1.577309840996992,52.548947142243236,1.399149119037387,2.3000000000000007,4.5,1.1950150408250966,1.7302105715513536,0.8823377739578857,47.19720670391062,1.2779200687580576,2.6000000000000014,3.8,0,1.0,1.0,0,4.0,1.0,7.199999999999999,4.8,2.3,2.6
1724603400,Antofagasta,Santiago Morning,0.0,1.0555555555555556,1.0256410256410255,1.2401709401709402,52.044871794871796,1.2655555555555553,2.3000000000000007,4.5,1.1944444444444444,1.5601851851851853,0.887962962962963,47.451388888888886,1.2942592592592597,2.6000000000000014,3.8,0,1.0,1.0,1,0.0,0.0,4.8,4.2,2.3,2.6
1724612400,D. La Serena,San Luis,0.0,1.3928601784955377,0.34772630684232897,2.4243943901402467,53.56770080747981,1.5354611134721632,2.3000000000000007,4.5,0.5169570760730982,1.9005524861878453,0.5424564385890354,45.92460688482788,0.7693497662558437,2.6000000000000014,3.8,0,1.0,1.0,0,2.0,0.0,6.0,4.2,2.3,2.6
1724621400,Deportes Limache,Recoleta,0.0,1.224175824175824,1.7005917159763313,0.9026204564666104,51.28537616229924,1.4004902789518172,2.3000000000000007,4.5,1.1928994082840236,1.224175824175824,0.8797971259509721,47.9530853761623,1.2763144547759933,2.6000000000000014,3.8,0,1.0,1.0,0,1.0,0.0,5.4,4.2,2.3,2.6
1724713200,Barnechea,Santiago Wanderers,0.0,1.2258652094717668,1.5245901639344264,1.412568306010929,51.55191256830601,1.435245901639344,2.300000000000001,4.5,0.8534678436317781,1.2238755779739385,1.0479192938209332,47.44438839848676,1.0217486338797817,2.6000000000000014,3.8,0,1.0,1.0,0,2.0,1.0,6.0,4.8,2.3,2.6
1725062400,San Marcos de Arica,Magallanes,0.0,1.3936454849498328,1.1918060200668896,1.5821070234113712,52.302759197324406,1.519096989966555,2.3000000000000007,4.5,1.361036789297659,1.2244147157190635,1.7237458193979933,48.20493311036789,1.4108528428093645,2.6000000000000014,3.8,0,1.0,1.0,2,0.0,1.0,4.8,4.8,2.3,2.6
1725121800,Santiago Morning,Rangers de Talca,0.0,1.0501930501930503,1.0208494208494208,1.7536679536679536,52.04401544401544,1.2783783783783782,2.3000000000000007,4.5,1.360914760914761,1.5617463617463618,1.555925155925156,47.698752598752606,1.4276507276507278,2.6000000000000014,3.8,0,1.0,1.0,2,0.0,1.0,4.8,4.8,2.3,2.6
1725130800,Deportes Santa Cruz,D. La Serena,0.0,1.3913978494623656,0.8531017369727047,1.9181141439205955,52.807444168734484,1.5174193548387098,2.3000000000000007,4.5,1.5300248138957817,0.3760132340777502,2.7419354838709675,49.731017369727056,1.5290653432588917,2.6000000000000014,3.8,0,1.0,1.0,1,1.0,1.0,5.4,4.8,2.3,2.6
1725139800,San Luis,Deportes Temuco,0.0,0.7141916906622789,2.5452900041135336,0.2254216371863431,49.253352529823125,1.009477581242287,2.3000000000000007,4.5,0.8529823118058413,1.0526532291238173,1.2185931715343479,47.70049362402304,1.004327437268614,2.6000000000000014,3.8,0,1.0,1.0,1,1.0,1.0,5.4,4.8,2.3,2.6
1725208200,Recoleta,Antofagasta,0.0,1.5600654664484452,0.3451718494271686,2.08657937806874,53.82234042553191,1.6861538461538461,2.3000000000000007,4.5,1.360556464811784,1.390834697217676,1.2183306055646481,47.95458265139116,1.3934369885433715,2.6000000000000014,3.8,0,1.0,1.0,1,2.0,2.0,6.0,5.4,2.3,2.6
1725217200,Union San Felipe,Barnechea,0.0,1.052910052910053,1.0227920227920229,1.24004884004884,52.04517704517704,1.280407000407,2.3000000000000007,4.5,1.8783068783068781,1.0491307634164777,1.9024943310657596,49.2437641723356,1.8243990929705218,2.6000000000000014,3.8,0,1.0,1.0,2,1.0,2.0,5.4,5.4,2.3,2.6
1725226200,Santiago Wanderers,Deportes Limache,0.0,2.5757085020242916,0.5157894736842106,1.9157894736842105,55.08987854251012,2.4817004048582993,2.3000000000000007,4.5,0.8542510121457491,1.2218623481781377,0.8809716599190284,47.44858299595141,1.0391093117408907,2.6000000000000014,3.8,0,1.0,1.0,1,1.0,1.0,5.4,4.8,2.3,2.6
1725321600,Curico Unido,Universidad de Concepcion,0.0,0.8831252517116392,1.023358840112767,1.7461941200161095,51.78964961739831,1.1445348368908577,2.3000000000000007,4.5,0.6848973016512283,1.390817559403947,1.219170358437374,46.941119613370915,0.9036004832863472,2.6000000000000014,3.8,0,1.0,1.0,2,2.0,3.0,6.0,6.0,2.3,2.6
1725726600,Barnechea,San Marcos de Arica,0.0,1.560576923076923,1.7017628205128204,1.7450320512820512,51.78822115384615,1.6864743589743587,2.3000000000000007,4.5,0.6802083333333333,0.3633928571428572,1.561904761904762,48.47522321428572,0.9001339285714286,2.6000000000000014,3.8,0,1.0,1.0,1,1.0,1.0,5.4,4.8,2.3,2.6
1725735600,San Luis,Santiago Wanderers,0.0,0.7059955588452997,2.394374537379719,0.3772020725388602,49.467431532198376,1.0029311621021466,2.3000000000000007,4.5,1.0229459659511473,1.563138415988157,0.8759437453737973,47.18971132494449,1.1400148038490006,2.6000000000000014,3.8,0,1.0,1.0,1,0.0,0.0,4.8,4.2,2.3,2.6
1725753600,D. La Serena,Deportes Limache,0.0,1.2192930780559645,0.3363770250368189,2.4340206185567013,53.32437407952872,1.3964801178203239,2.3000000000000007,4.5,0.8506627393225332,1.2192930780559645,0.875699558173785,47.447054491899856,1.0365243004418263,2.6000000000000014,3.8,0,1.0,1.0,0,2.0,0.0,6.0,4.2,2.3,2.6
1725809400,Antofagasta,Deportes Santa Cruz,0.0,0.7054945054945054,0.8498168498168499,0.8923076923076924,51.783516483516486,1.0025641025641026,2.3000000000000007,4.5,1.0212454212454212,2.2483516483516484,0.3604395604395605,46.15934065934066,1.1387545787545788,2.6000000000000014,3.8,0,1.0,1.0,0,3.0,2.0,6.6,5.4,2.3,2.6
1725818400,Deportes Temuco,Curico Unido,0.0,1.3924198250728863,0.33615160349854234,1.9220116618075802,53.58440233236151,1.552084548104956,2.3000000000000007,4.5,0.8504373177842566,1.3924198250728863,0.8737609329446065,47.18702623906706,1.0363702623906708,2.6000000000000014,3.8,0,1.0,1.0,1,1.0,1.0,5.4,4.8,2.3,2.6
1725829200,Rangers de Talca,Union San Felipe,0.0,1.5635968092820884,0.6788977519941987,1.9216823785351704,53.327048585931834,1.6718636693255982,2.3000000000000007,4.5,0.6788977519941987,1.9064539521392312,0.8735315445975345,46.15866569978245,0.8991153009427122,2.6000000000000014,3.8,0,1.0,1.0,1,1.0,1.0,5.4,4.8,2.3,2.6
1725906600,Universidad de Concepcion,Santiago Morning,0.0,1.7347763347763347,0.8502164502164503,1.9213564213564214,53.32683982683983,1.8087878787878786,2.3000000000000007,4.5,0.8540792540792541,1.222066822066822,0.878943278943279,47.448018648018646,1.0389277389277392,2.6000000000000014,3.8,0,1.0,1.0,2,1.0,2.0,5.4,5.4,2.3,2.6
1726254000,Recoleta,San Luis,0.0,1.9059583632447954,0.6793969849246231,2.0917444364680544,53.839842067480255,1.945714285714286,2.3000000000000007,4.5,0.5079684134960517,1.2202440775305097,0.5316582914572865,46.93158650394831,0.7623259152907393,2.6000000000000014,3.8,0,1.0,1.0,2,1.0,2.0,5.4,5.4,2.3,2.6
1726336800,Curico Unido,Rangers de Talca,0.0,1.0485714285714285,1.5371428571428571,1.2335714285714285,51.26714285714286,1.2769285714285712,2.3000000000000007,4.5,0.8514285714285714,1.22,1.5614285714285716,47.44714285714286,1.0199285714285715,2.6000000000000014,3.8,0,1.0,1.0,2,0.0,2.0,4.8,5.4,2.3,2.6
1726345800,Deportes Santa Cruz,Deportes Temuco,0.0,1.3904761904761904,0.8520255863539447,1.9182658137882018,52.80767590618337,1.5162189054726365,2.3000000000000007,4.5,0.8520255863539447,0.8761904761904762,1.391186922530206,47.9637526652452,1.0032409381663114,2.6000000000000014,3.8,0,1.0,1.0,0,3.0,1.0,6.6,4.8,2.3,2.6
1726354800,San Marcos de Arica,D. La Serena,0.0,1.2202263083451201,1.3661951909476662,1.0622347949080622,51.78104667609619,1.397142857142857,2.3000000000000007,4.5,1.5376237623762377,0.5345120226308346,2.4188118811881187,49.5046676096181,1.5345544554455446,2.6000000000000014,3.8,0,1.0,1.0,1,1.0,1.0,5.4,4.8,2.3,2.6
1726414200,Deportes Limache,Antofagasta,0.0,1.2199859254046446,1.194651653764954,1.4047853624208304,52.03800140745953,1.3969317382125261,2.3000000000000007,4.5,1.3660802251935258,1.5628430682617875,0.8757213230119635,47.70485573539761,1.3972976776917663,2.6000000000000014,3.8,0,1.0,1.0,2,1.0,3.0,5.4,6.0,2.3,2.6
1726423200,Union San Felipe,Universidad de Concepcion,0.0,1.2197478991596638,1.0245098039215685,1.2323529411764707,52.29285714285714,1.3967226890756301,2.3000000000000007,4.5,0.8530812324929973,1.5626050420168067,1.2197478991596638,46.93571428571428,1.0383053221288516,2.6000000000000014,3.8,0,1.0,1.0,0,1.0,0.0,5.4,4.2,2.3,2.6
1726431300,Barnechea,Magallanes,0.0,1.0480836236933797,1.5379790940766551,1.4048780487804877,51.26515679442509,1.2765156794425083,2.3000000000000007,4.5,1.3665505226480836,1.2195121951219512,1.7331010452961673,48.2205574912892,1.414843205574913,2.6000000000000014,3.8,0,1.0,1.0,2,0.0,2.0,4.8,5.4,2.3,2.6
1727289000,Santiago Morning,Union San Felipe,0.0,0.6973462783171521,1.022653721682848,1.2302912621359223,51.512038834951454,1.0134368932038833,2.3000000000000007,4.5,0.6759870550161812,1.737346278317152,1.0453074433656957,46.40796116504855,0.8969320388349515,2.6000000000000014,3.8,0,1.0,1.0,2,0.0,1.0,4.8,4.8,2.3,2.6
1727474400,Deportes Limache,Magallanes,0.0,1.0431561996779388,1.3692109500805154,1.2293719806763286,51.510917874396135,1.2554653784219,2.3000000000000007,4.5,1.195877616747182,0.8698228663446055,1.7397101449275363,48.489082125603865,1.278157809983897,2.6000000000000014,3.8,0,1.0,1.0,1,2.0,2.0,6.0,5.4,2.3,2.6
1727537400,San Luis,Curico Unido,0.0,0.6969230769230769,2.2364102564102564,0.5357692307692308,49.69076923076923,0.9957948717948717,2.3000000000000007,4.5,0.8497435897435898,1.0435897435897437,1.0461538461538462,47.70923076923077,1.0358974358974358,2.6000000000000014,3.8,0,1.0,1.0,2,0.0,2.0,4.8,5.4,2.3,2.6
1727546400,Rangers de Talca,Deportes Santa Cruz,0.0,1.3894098883572568,0.3302711323763955,2.0948644338118023,53.58870813397129,1.5324976076555024,2.3000000000000007,4.5,1.196937799043062,2.429409888357257,0.35387559808612434,46.15129186602871,1.2789665071770335,2.6000000000000014,3.8,0,1.0,1.0,1,1.0,1.0,5.4,4.8,2.3,2.6
1727555400,Deportes Temuco,Universidad de Concepcion,0.0,1.5625396825396825,0.3301587301587301,2.094603174603175,53.84857142857143,1.6709841269841268,2.3000000000000007,4.5,0.8501587301587301,1.7358730158730158,1.046984126984127,46.67142857142858,1.036190476190476,2.6000000000000014,3.8,0,1.0,1.0,0,1.0,0.0,5.4,4.2,2.3,2.6
1727623800,Antofagasta,Barnechea,0.0,1.0423380726698261,1.0227488151658768,1.2289415481832544,52.02938388625593,1.2721390205371248,2.3000000000000007,4.5,2.062748815165877,1.2156714060031595,1.9127962085308057,49.27061611374407,1.9716398104265405,2.6000000000000014,3.8,0,1.0,1.0,0,3.0,2.0,6.6,5.4,2.3,2.6
1727623800,D. La Serena,Recoleta,0.0,1.5633962264150942,0.32993710691823896,2.789937106918239,53.850188679245285,1.6543018867924526,2.3000000000000007,4.5,1.0249326145552562,1.0464959568733154,0.8770889487870621,47.96765498652291,1.158611859838275,2.600000000000002,3.8,0,1.0,1.0,0,1.0,0.0,5.4,4.2,2.3,2.6
1727632800,Santiago Wanderers,San Marcos de Arica,0.0,1.7319919517102615,0.6812877263581489,1.5759892689470156,53.57605633802817,1.8065593561368207,2.3000000000000007,4.5,0.5025352112676056,0.5231924882629108,1.2177777777777778,47.969014084507045,0.7581596244131454,2.6000000000000014,3.8,0,1.0,1.0,0,2.0,0.0,6.0,4.2,2.3,2.6
1727982000,Magallanes,Recoleta,0.0,1.046728971962617,0.851935914552737,1.5770360480640855,52.292189586114816,1.275473965287049,2.3000000000000007,4.5,0.8484735202492212,1.043613707165109,0.6969470404984424,47.70728971962617,1.0349532710280376,2.6000000000000014,3.8,0,1.0,1.0,1,1.0,1.0,5.4,4.8,2.3,2.6
1727985600,Santiago Wanderers,Santiago Morning,0.0,1.910077519379845,0.5017054263565891,1.9249612403100775,54.11255813953488,1.9489302325581397,2.3000000000000007,4.5,1.0232558139534884,1.0465116279069768,1.3893687707641196,47.96511627906977,1.174485049833887,2.600000000000002,3.8,0,1.0,1.0,1,2.0,2.0,6.0,5.4,2.3,2.6
1728151200,Union San Felipe,D. La Serena,0.0,0.8704938271604938,0.8488888888888889,1.231358024691358,52.03240740740741,1.1172469135802467,2.3000000000000007,4.5,1.3688888888888888,0.5238271604938272,2.08320987654321,49.26759259259259,1.3992469135802468,2.6000000000000014,3.8,0,1.0,1.0,1,0.0,0.0,4.8,4.2,2.3,2.6
1728151200,San Marcos de Arica,Deportes Limache,0.0,1.2163440860215053,1.3681720430107527,1.057757296466974,51.77225806451613,1.3939723502304147,2.3000000000000007,4.5,0.8481720430107527,1.3896774193548387,0.8696774193548387,47.18774193548387,1.034715821812596,2.6000000000000014,3.8,0,1.0,1.0,2,0.0,2.0,4.8,5.4,2.3,2.6
1728160200,Universidad de Concepcion,Rangers de Talca,0.0,1.7355351681957187,1.1953516819571866,1.4035474006116209,52.81027522935779,1.8093700305810396,2.3000000000000007,4.5,1.1953516819571866,1.2155351681957187,1.9107033639143731,47.9697247706422,1.2777737003058105,2.6000000000000014,3.8,0,1.0,1.0,0,2.0,1.0,6.0,4.8,2.3,2.6
1728228600,Barnechea,Deportes Temuco,0.0,1.0426179604261796,1.3685844748858447,1.4045053272450532,51.5110502283105,1.272353120243531,2.3000000000000007,4.5,0.8485844748858448,1.3892846270928463,0.8698934550989346,47.188949771689494,1.0003409436834096,2.6000000000000014,3.8,0,1.0,1.0,0,2.0,1.0,6.0,4.8,2.3,2.6
1728237600,Deportes Santa Cruz,San Luis,0.0,1.7363636363636363,0.6751515151515151,2.4454545454545453,53.59181818181818,1.7926666666666666,2.3000000000000007,4.5,0.8484848484848484,1.2163636363636363,1.0424242424242425,47.448181818181816,1.0175757575757576,2.6000000000000014,3.8,0,1.0,1.0,1,1.0,1.0,5.4,4.8,2.3,2.6
1728327600,Magallanes,Antofagasta,0.0,0.8695022624434389,0.8483861236802414,1.2318552036199095,52.0316742081448,1.1338280542986423,2.3000000000000007,4.5,1.715052790346908,1.389502262443439,1.388898944193062,48.4883257918552,1.6761447963800902,2.6000000000000014,3.8,0,1.0,1.0,0,1.0,0.0,5.4,4.2,2.3,2.6
1728327600,Recoleta,Santiago Morning,0.0,1.735975975975976,0.8476876876876877,1.5794594594594595,53.332432432432434,1.8096576576576575,2.3000000000000007,4.5,0.8476876876876877,1.215975975975976,1.0414414414414415,47.44756756756757,1.0342942942942943,2.6000000000000014,3.8,0,1.0,1.0,1,1.0,1.0,5.4,4.8,2.3,2.6
1728342000,Curico Unido,Santiago Wanderers,0.0,0.6957847533632286,1.7142600896860987,0.712526158445441,50.472286995515695,1.0121554559043346,2.3000000000000007,4.5,0.847593423019432,1.389118086696562,0.8679222720478326,47.1877130044843,1.0168669656203289,2.6000000000000014,3.8,0,1.0,1.0,1,2.0,2.0,6.0,5.4,2.3,2.6
1728685800,Universidad de Concepcion,Barnechea,0.0,1.7401785714285714,1.0200892857142858,1.7552455357142858,53.080133928571435,1.8129352678571429,2.3000000000000007,4.5,2.070089285714286,1.3901785714285713,1.7385044642857141,49.019866071428574,1.977421875,2.6000000000000014,3.8,0,1.0,1.0,1,2.0,2.0,6.0,5.4,2.3,2.6
1728685800,Deportes Limache,Deportes Santa Cruz,0.0,1.3905555555555553,1.5455555555555556,1.4049999999999998,51.767500000000005,1.515722222222222,2.3000000000000007,4.5,1.0205555555555557,1.9155555555555557,0.5133333333333334,46.6575,1.1377777777777776,2.6000000000000014,3.8,0,1.0,1.0,2,0.0,1.0,4.8,4.8,2.3,2.6
1728831600,Antofagasta,Santiago Wanderers,0.0,1.3898230088495573,1.1954646017699115,1.579203539823009,52.291537610619464,1.5501769911504422,2.3000000000000007,4.5,0.8454646017699116,1.5648230088495576,0.5142699115044248,46.92096238938053,1.0151880530973452,2.6000000000000014,3.8,0,1.0,1.0,2,1.0,2.0,5.4,5.4,2.3,2.6
1728842400,Santiago Morning,Curico Unido,0.0,0.5146475770925111,1.1959251101321586,0.7034140969162996,50.97808370044052,0.8850220264317179,2.3000000000000007,4.5,1.1959251101321586,0.864647577092511,1.5651982378854628,48.49691629955947,1.2955396475770924,2.6000000000000014,3.8,0,1.0,1.0,2,0.0,1.0,4.8,4.8,2.3,2.6
1728842400,Union San Felipe,Magallanes,0.0,0.8639254385964913,0.8458333333333334,1.2276315789473684,52.02713815789474,1.1119846491228067,2.3000000000000007,4.5,1.5458333333333334,1.0389254385964912,1.9161184210526316,48.76036184210526,1.5404495614035087,2.6000000000000014,3.8,0,1.0,1.0,1,0.0,0.0,4.8,4.2,2.3,2.6
1728842400,Rangers de Talca,D. La Serena,0.0,1.2132096069868996,0.4951965065502184,1.7524017467248907,53.077019650655025,1.391451965065502,2.3000000000000007,4.5,1.1951965065502184,0.5132096069868997,1.7409388646288209,49.022980349344984,1.2774781659388648,2.6000000000000014,3.8,0,1.0,1.0,1,1.0,1.0,5.4,4.8,2.3,2.6
1728851400,Deportes Temuco,Recoleta,0.0,1.7380434782608696,0.3201086956521739,2.4521739130434783,54.126902173913045,1.7938043478260866,2.3000000000000007,4.5,0.49510869565217397,1.2130434782608697,0.3407608695652174,46.92309782608695,0.752391304347826,2.6000000000000014,3.8,0,1.0,1.0,2,2.0,3.0,6.0,6.0,2.3,2.6
1728851400,San Luis,San Marcos de Arica,0.0,0.5134199134199134,2.0711038961038963,0.5264069264069264,49.663474025974025,0.8665909090909089,2.3000000000000007,4.5,0.49610389610389616,0.8634199134199134,1.0416666666666667,47.44902597402597,0.7531709956709955,2.6000000000000014,3.8,0,1.0,1.0,1,1.0,1.0,5.4,4.8,2.3,2.6
1729351800,Magallanes,San Luis,0.0,0.8632543103448277,0.4960129310344828,1.7511853448275863,52.550862068965515,1.1289439655172413,2.3000000000000007,4.5,1.0210129310344827,1.3882543103448275,1.0414870689655173,47.449137931034485,1.1380818965517239,2.6000000000000014,3.8,0,1.0,1.0,0,7.0,1.0,9.0,4.8,2.3,2.6
1729351800,Barnechea,Deportes Limache,0.0,1.3913090128755363,1.020922746781116,1.9270386266094421,52.55557939914163,1.5338733905579398,2.3000000000000003,4.5,1.195922746781116,1.0413090128755365,1.3907725321888411,48.231920600858366,1.2954935622317596,2.6000000000000014,3.8,0,1.0,1.0,0,6.0,0.0,8.399999999999999,4.2,2.3,2.6
1729351800,Recoleta,Rangers de Talca,0.0,1.9188034188034189,1.0202991452991452,1.5778846153846156,53.34775641025641,1.9383547008547006,2.3000000000000003,4.5,1.1952991452991453,1.3938034188034187,1.7400641025641026,47.702243589743595,1.2775320512820514,2.6000000000000014,3.8,0,1.0,1.0,1,2.0,2.0,6.0,5.4,2.3,2.6
1729360800,D. La Serena,Deportes Temuco,0.0,1.3941489361702126,0.14574468085106382,2.802659574468085,53.872606382978724,1.5186170212765955,2.3000000000000003,4.5,0.8457446808510639,1.7441489361702127,0.33989361702127663,46.652393617021275,0.9978723404255321,2.6000000000000014,3.8,0,1.0,1.0,0,4.0,2.0,7.199999999999999,5.4,2.3,2.6
1729438200,Curico Unido,Antofagasta,0.0,1.0455508474576272,1.896186440677966,0.8784957627118645,50.724046610169495,1.274724576271186,2.3000000000000003,4.5,1.371186440677966,1.2205508474576272,1.2141949152542373,48.22595338983051,1.4182097457627119,2.6000000000000014,3.8,0,1.0,1.0,2,0.0,2.0,4.8,5.4,2.3,2.6
1729438200,Santiago Wanderers,Universidad de Concepcion,0.0,2.269831223628692,0.6716244725738397,2.1027426160337557,54.39731012658228,2.21918776371308,2.3000000000000003,4.5,0.6716244725738397,1.744831223628692,0.865084388185654,46.390189873417725,0.9110443037974683,2.6000000000000014,3.8,0,1.0,1.0,2,0.0,3.0,4.8,6.0,2.3,2.6
1729438200,San Marcos de Arica,Union San Felipe,0.0,0.8691176470588236,1.1975840336134453,1.0519957983193278,51.50730042016807,1.1336554621848738,2.3000000000000003,4.5,0.8475840336134455,1.7441176470588236,1.3909663865546218,46.65519957983193,1.0167962184873949,2.6000000000000014,3.8,0,1.0,1.0,2,1.0,2.0,5.4,5.4,2.3,2.6
1729438200,Deportes Santa Cruz,Santiago Morning,0.0,1.7439330543933054,0.8480125523012553,2.101255230125523,53.34388075313807,1.7984937238493721,2.3000000000000003,4.5,1.0230125523012552,1.2189330543933055,1.2168410041841005,47.70611924686193,1.157123430962343,2.6000000000000014,3.8,0,1.0,1.0,2,0.0,1.0,4.8,4.8,2.3,2.6
1731445200,Santiago Morning,Recoleta,0.0,0.5112745098039216,1.1980392156862745,0.6946078431372549,50.96985294117647,0.8827941176470586,2.3000000000000003,4.5,1.0215686274509803,1.393627450980392,0.8637254901960785,47.44191176470588,1.1560294117647059,2.6000000000000014,3.8,0,1.0,1.0,1,1.0,1.0,5.4,4.8,2.3,2.6
1731454200,Deportes Santa Cruz,Rangers de Talca,0.0,1.5699292164998782,1.0214791310715157,1.5767634854771786,52.82267512814254,1.6767634854771782,2.3000000000000003,4.5,1.1979497193068098,1.5699292164998782,1.3929704661947766,47.44203075421039,1.2794727849646081,2.6000000000000014,3.8,0,1.0,1.0,2,1.0,2.0,5.4,5.4,2.3,2.6
1731531600,Deportes Limache,Antofagasta,0.0,1.0403500243072437,1.5512882839086048,0.8701993193971804,51.23359261059796,1.2530870199319397,2.3000000000000003,4.5,1.5512882839086048,1.0403500243072437,1.5702479338842976,48.76640738940203,1.5621293145357318,2.6000000000000014,3.8,0,1.0,1.0,0,2.0,1.0,6.0,4.8,2.3,2.6
1731789000,Recoleta,Santiago Morning,0.0,2.0994916485112567,1.3747276688453158,1.2239167271847011,53.08714596949891,2.0827402565964657,2.3000000000000003,4.5,1.198257080610022,0.8641975308641976,1.746066327765674,48.50108932461874,1.2796901476640037,2.6000000000000014,3.8,0,1.0,1.0,0,2.0,1.0,6.0,4.8,2.3,2.6
1731857400,Antofagasta,Deportes Limache,0.0,1.5703953712632595,1.3746383799421407,1.5776277724204437,52.29363548698167,1.6770973963355833,2.3000000000000003,4.5,1.1981677917068467,1.7468659594985534,1.3924783027965284,47.176952748312445,1.29725168756027,2.6000000000000014,3.8,0,1.0,1.0,2,0.0,4.0,4.8,6.6,2.3,2.6
1731886200,Rangers de Talca,Deportes Santa Cruz,0.0,0.8638655462184874,0.670108043217287,1.4004801920768306,52.2906362545018,1.111908763505402,2.3000000000000003,4.5,1.1995198079231693,1.746218487394958,1.0403361344537816,47.179951980792325,1.2630252100840333,2.6000000000000014,3.8,0,1.0,1.0,1,2.0,2.0,6.0,5.4,2.3,2.6
1732654800,Recoleta,Rangers de Talca,0.0,1.5717253839205059,1.55546522131888,1.2224932249322493,52.02439024390244,1.6603613369467027,2.3000000000000003,4.5,1.55546522131888,1.0383920505871727,1.9268292682926829,48.77560975609756,1.5475790424570912,2.6000000000000014,3.8,0,1.0,1.0,2,0.0,1.0,4.8,4.8,2.3,2.6
1732663800,Deportes Limache,Magallanes,0.0,1.2155645524066578,1.3775978407557354,1.3996401259559152,51.75695006747639,1.3932433648223121,2.3000000000000003,4.5,1.1998094784472495,1.0400095260776376,1.5703738985472733,48.239699928554415,1.280876399142653,2.6000000000000014,3.8,0,1.0,1.0,1,1.0,1.0,5.4,4.8,2.3,2.6
1732998600,Magallanes,Deportes Limache,0.0,2.0986717267552186,0.6703036053130931,2.1053130929791273,54.142552182163186,2.0997628083491464,2.3000000000000003,4.5,1.3775089605734765,1.7487455197132615,1.3940860215053763,47.443145161290325,1.4407437275985662,2.6000000000000014,3.8,0,1.0,1.0,1,1.0,1.0,5.4,4.8,2.3,2.6
1733007600,Rangers de Talca,Recoleta,0.0,1.037483266398929,1.0218652387327087,1.0437304774654173,52.02342704149933,1.2507541276215974,2.3000000000000003,4.5,1.0218652387327087,1.2152610441767069,1.038375725122713,47.709906291834,1.1562159750111558,2.6000000000000014,3.8,0,1.0,1.0,1,0.0,0.0,4.8,4.2,2.3,2.6
1733266800,Deportes Limache,Rangers de Talca,0.0,1.2138947368421054,1.5570526315789475,1.041263157894737,51.485263157894735,1.3918736842105264,2.3000000000000003,4.5,1.5570526315789475,1.0349473684210526,1.9309473684210525,48.78315789473684,1.5486736842105264,2.6000000000000014,3.8,0,1.0,1.0,0,3.0,1.0,6.6,4.8,2.3,2.6
1740180600,Santiago Wanderers,Universidad de Concepcion,0.0,1.7457229903913756,1.1989688305601125,1.5762831028825874,52.82013123974689,1.8174127021326456,2.3000000000000003,4.5,1.1989688305601125,1.7457229903913756,1.2163112256854933,47.17986876025311,1.3154909772674008,2.6000000000000014,3.8,0,1.0,1.0,1,0.0,0.0,4.8,4.2,2.3,2.6
1740258000,Magallanes,Recoleta,0.0,1.9262187088274045,0.6655248133509004,1.755028546332894,53.89104084321476,1.9617830478700045,2.3000000000000003,4.5,1.0199708758061161,1.0353650925733306,1.2143124609943832,47.97690867484918,1.1548034116912835,2.6000000000000014,3.8,0,1.0,1.0,0,3.0,0.0,6.6,4.2,2.3,2.6
1740267000,San Luis,Antofagasta,0.0,0.5111880046136102,1.9044982698961936,0.6941176470588235,49.910034602076124,0.8650749711649364,2.3000000000000003,4.5,1.554248366013072,1.2161220043572984,1.392156862745098,48.50718954248366,1.564400871459695,2.6000000000000014,3.8,0,1.0,1.0,1,0.0,0.0,4.8,4.2,2.3,2.6
1740353400,Deportes Santa Cruz,Rangers de Talca,0.0,1.2153912667531346,1.1980977086035451,1.0440985732814527,52.025940337224384,1.3931171638564634,2.3000000000000003,4.5,1.3782879377431907,1.5738521400778211,1.3926848249027237,47.70665369649806,1.4055486381322957,2.6000000000000014,3.8,0,1.0,1.0,2,0.0,3.0,4.8,6.0,2.3,2.6
1740441600,San Marcos de Arica,Curico Unido,0.0,0.8627450980392157,1.375284997720018,0.8695850433196535,51.231190150478795,1.1287277701778384,2.3,4.5,0.845873233014136,0.5098039215686275,1.5686274509803924,48.50410396716826,1.0154126766985865,2.6000000000000014,3.8,0,1.0,1.0,2,1.0,2.0,5.4,5.4,2.3,2.6
1740776400,Santiago Morning,Deportes Temuco,0.0,0.6813384813384814,1.0214500214500215,0.8651222651222652,51.48983268983269,1.0014500214500213,2.3,4.5,1.377005577005577,2.2813384813384814,0.5044187044187045,46.643500643500644,1.4048219648219646,2.6000000000000014,3.8,0,1.0,1.0,0,2.0,1.0,6.0,4.8,2.3,2.6
1740776400,Recoleta,Deportes Santa Cruz,0.0,1.21417004048583,1.3781376518218622,1.0412955465587044,51.75404858299596,1.3921052631578947,2.3,4.5,1.3769230769230767,1.926068376068376,1.0371794871794873,47.17628205128206,1.4047435897435896,2.6000000000000014,3.8,0,1.0,1.0,0,3.0,2.0,6.6,5.4,2.3,2.6
1740785400,Universidad de Concepcion,Magallanes,0.0,1.7459995492449853,1.3759296822177145,1.39981969799414,52.55510480054091,1.8176470588235292,2.3,4.5,1.1994891443167306,0.682332907620264,1.7477224350787568,48.7757343550447,1.2805619412515963,2.6000000000000014,3.8,0,1.0,1.0,0,2.0,1.0,6.0,4.8,2.3,2.6
1740862800,Rangers de Talca,San Luis,0.0,1.0361591000401769,1.0204901566894335,1.0425873844917637,52.02350341502611,1.2496745680996384,2.3,4.5,1.0229007633587786,2.275707229456668,1.0381679389312977,46.120790300853166,1.1393354288280195,2.6000000000000014,3.8,0,1.0,1.0,1,2.0,2.0,6.0,5.4,2.3,2.6
1740871800,San Marcos de Arica,Cobreloa,0.0,0.6828897338403043,1.5553020701309677,0.3336713138994508,50.691381495564,0.9848669201520912,2.3,4.5,1.1977186311787071,1.3460076045627376,1.3231939163498099,47.77756653992395,1.2866920152091248,2.600000000000013,3.8,0,1.0,1.0,1,1.0,1.0,5.4,4.8,2.3,2.6
1740949200,Antofagasta,Concepción,0.0,1.3938552188552187,1.9107744107744107,1.40016835016835,51.224621212121214,1.553627946127946,2.3,4.5,1.196969696969697,1.3446969696969697,1.321969696969697,47.77840909090909,1.2859848484848477,2.600000000000013,3.8,0,1.0,1.0,0,3.0,1.0,6.6,4.8,2.3,2.6
1740949200,Union San Felipe,Santiago Wanderers,0.0,0.68834628190899,0.6701442841287459,1.2244173140954495,52.027302996670365,0.9891231964483906,2.3,4.5,1.1995560488346282,1.3942286348501662,1.037291897891232,47.70799112097669,1.2806215316315206,2.6000000000000014,3.8,0,1.0,1.0,2,0.0,1.0,4.8,4.8,2.3,2.6
1740958200,Curico Unido,Deportes Copiapo,0.0,0.8642193719593101,2.258292790800531,0.34144183989385235,49.90888987173817,1.14750110570544,2.3,4.5,1.1954887218045114,1.3458646616541354,1.3233082706766917,47.774436090225564,1.2845864661654132,2.600000000000013,3.8,0,1.0,1.0,1,1.0,1.0,5.4,4.8,2.3,2.6
1741381200,Magallanes,San Marcos de Arica,0.0,2.467849398777844,0.6626059530849596,2.1158683224916226,54.70786516853933,2.3771180760890998,2.3,4.5,0.4935007710949549,1.0405375633399427,0.6849526327384887,47.17944481163252,0.7510464860101344,2.6000000000000014,3.8,0,1.0,1.0,2,0.0,1.0,4.8,4.8,2.3,2.6
1741390200,Cobreloa,Universidad de Concepcion,0.0,1.2263681592039801,1.1293532338308458,1.263681592039801,52.1455223880597,1.3992537313432825,2.2999999999999994,4.5,1.1993366500829188,0.859950248756219,1.3920398009950248,48.509079601990045,1.3159121061359869,2.6000000000000014,3.8,0,1.0,1.0,2,0.0,2.0,4.8,5.4,2.3,2.6
1741467600,Deportes Temuco,Union San Felipe,0.0,1.9217144106713318,0.8467089438005686,1.928274655587142,53.612508200306145,1.9406079160288647,2.3,4.5,1.0218917802560925,1.3927302767451466,1.5705080545229246,47.44374225526642,1.1383890954151177,2.6000000000000014,3.8,0,1.0,1.0,0,2.0,1.0,6.0,4.8,2.3,2.6
1741467600,Deportes Copiapo,Rangers de Talca,0.0,1.5580246913580247,1.4641975308641975,1.2641975308641977,52.14074074074074,1.6646913580246903,2.2999999999999994,4.5,1.7425044091710757,1.2130511463844798,1.9361552028218696,48.79417989417989,1.696649029982363,2.6000000000000014,3.8,0,1.0,1.0,0,3.0,0.0,6.6,4.2,2.3,2.6
1741532400,Concepción,Recoleta,0.0,1.5621156211562117,1.4612546125461257,1.2681426814268144,52.15129151291514,1.6678966789667884,2.299999999999999,4.5,1.0191881918819188,1.3943173431734317,1.2124723247232474,47.437306273062724,1.1541549815498158,2.6000000000000014,3.8,0,1.0,1.0,2,0.0,1.0,4.8,4.8,2.3,2.6
1741554000,Santiago Morning,Curico Unido,0.0,0.6777089783281733,1.020123839009288,0.8628482972136222,51.486377708978324,0.99875386996904,2.3,4.5,1.1990196078431372,0.504248366013072,2.1034313725490197,49.0421568627451,1.2800980392156862,2.6000000000000014,3.8,0,1.0,1.0,1,0.0,0.0,4.8,4.2,2.3,2.6
1741563000,San Luis,Deportes Santa Cruz,0.0,0.5037037037037038,0.8429792429792431,0.8661782661782662,51.491086691086686,0.8593894993894993,2.3,4.5,1.5565066512434933,1.7508771929824563,1.0347021399652978,47.70844418739156,1.5481742818584925,2.6000000000000014,3.8,0,1.0,1.0,1,1.0,1.0,5.4,4.8,2.3,2.6
1741647600,Santiago Wanderers,Antofagasta,0.0,1.0369018653690187,1.1984590429845905,1.221573398215734,51.75766423357665,1.2681589618815896,2.3,4.5,1.1985401459854015,0.8560122935074914,1.3924702266615443,48.513791778716865,1.2975797157126392,2.6000000000000014,3.8,0,1.0,1.0,0,4.0,0.0,7.199999999999999,4.2,2.3,2.6
1741986000,Union San Felipe,Deportes Copiapo,0.0,0.5046464646464648,0.6646464646464647,1.0444444444444445,51.760000000000005,0.8601212121212121,2.3,4.5,1.1212121212121213,1.227878787878788,1.2157575757575758,47.84,1.2158787878787878,2.6000000000000094,3.8,0,1.0,1.0,2,0.0,1.0,4.8,4.8,2.3,2.6
1741994100,Universidad de Concepcion,San Luis,0.0,2.104106280193237,1.375684380032206,1.932769726247987,53.09263285024155,2.0863848631239934,2.3,4.5,1.1979066022544285,2.459661835748792,1.036634460547504,46.10736714975845,1.279243156199678,2.6000000000000014,3.8,0,1.0,1.0,2,1.0,2.0,5.4,5.4,2.3,2.6
1742072400,Rangers de Talca,Cobreloa,0.0,1.2135740072202166,1.1984115523465704,1.0389891696750904,52.02274368231047,1.391638989169675,2.2999999999999994,4.5,1.1227436823104693,1.2238267148014441,1.2238267148014441,47.848375451263536,1.2169675090252707,2.6000000000000094,3.8,0,1.0,1.0,1,1.0,1.0,5.4,4.8,2.3,2.6
1742137200,San Marcos de Arica,Santiago Wanderers,0.0,0.8562665656948125,1.556152972358955,0.5040514956455888,50.950170390003784,1.1058235516849677,2.3,4.5,1.1981614708233415,1.0371702637889688,1.5705035971223023,48.24148681055156,1.2794244604316547,2.6000000000000014,3.8,0,1.0,1.0,2,1.0,2.0,5.4,5.4,2.3,2.6
1742167800,Deportes Santa Cruz,Concepción,0.0,1.0350877192982457,1.556461045085833,0.861422373137144,51.21794001131862,1.26676476136578,2.3,4.5,1.1242532855436083,1.8888888888888888,0.893667861409797,46.85304659498208,1.2180406212664276,2.6000000000000094,3.8,0,1.0,1.0,0,2.0,0.0,6.0,4.2,2.3,2.6
1742245200,Antofagasta,Deportes Temuco,0.0,1.9300751879699247,2.092857142857143,1.7567669172932332,51.75582706766918,1.9648496240601505,2.3,4.5,1.3770676691729322,2.4669172932330827,0.31954887218045114,46.365225563909775,1.4046240601503759,2.6000000000000014,3.8,0,1.0,1.0,1,0.0,0.0,4.8,4.2,2.3,2.6
1742245200,Recoleta,Santiago Morning,0.0,1.5730960854092528,1.3777935943060498,1.5787900355871887,52.2929537366548,1.6792526690391458,2.2999999999999994,4.5,1.3766248361116313,1.3927327214834238,1.2141599550477618,47.97583817194231,1.4042966847724292,2.6000000000000014,3.8,0,1.0,1.0,0,1.0,0.0,5.4,4.2,2.3,2.6
1742254200,Curico Unido,Magallanes,0.0,1.0366430260047281,1.9081954294720251,0.5104018912529551,50.692671394799056,1.2679432624113474,2.3,4.5,1.197237775289287,1.0347144456886899,1.2136618141097424,48.2437849944009,1.278708473310937,2.6000000000000014,3.8,0,1.0,1.0,1,1.0,1.0,5.4,4.8,2.3,2.6
1743196500,Cobreloa,Antofagasta,0.0,0.9143109540636042,1.3365724381625441,0.946113074204947,51.36660777385159,1.1702296819787976,2.299999999999998,4.5,0.6573144876325089,1.3928621908127208,0.8528621908127209,46.89667844522968,0.882713780918728,2.6000000000000014,3.8,0,1.0,1.0,0,4.0,2.0,7.199999999999999,5.4,2.3,2.6
1743204600,Universidad de Concepcion,Deportes Santa Cruz,0.0,1.5724240177909563,1.5553743513713862,1.3997776130467012,52.02557449962936,1.6608302446256487,2.3,4.5,1.3776056338028169,1.3938028169014085,1.2123943661971832,47.97570422535212,1.4049366197183097,2.6000000000000014,3.8,0,1.0,1.0,0,1.0,0.0,5.4,4.2,2.3,2.6
1743282000,Union San Felipe,Recoleta,0.0,0.31966759002770084,0.48125577100646355,1.0424746075715605,51.75761772853186,0.7301939058171744,2.2999999999999994,4.5,1.016374269005848,1.213032581453634,1.5732664995822891,47.70501253132832,1.15203007518797,2.6000000000000014,3.8,0,1.0,1.0,1,0.0,0.0,4.8,4.2,2.3,2.6
1743366600,Magallanes,San Luis,0.0,2.293216783216783,0.6567832167832168,1.9402097902097903,54.45465034965035,2.255335664335665,2.2999999999999994,4.5,1.5545086492454914,2.2875966139124033,1.570334928229665,46.90036805299963,1.5466617592933383,2.6000000000000014,3.8,0,1.0,1.0,0,1.0,0.0,5.4,4.2,2.3,2.6
1743377400,Curico Unido,Concepción,0.0,0.8558958371538603,1.5540803227581148,0.6850174216027874,50.95272327159362,1.1234036310287914,2.2999999999999994,4.5,0.8318815331010453,1.9155052264808363,0.6567944250871081,46.37456445993031,1.0051393728222993,2.6000000000000068,3.8,0,1.0,1.0,2,2.0,3.0,6.0,6.0,2.3,2.6
1743453000,Santiago Morning,Rangers de Talca,0.0,0.6733333333333333,0.837013888888889,1.0402777777777779,51.75447916666667,0.995409722222222,2.2999999999999994,4.5,1.3791035353535355,1.393939393939394,1.7563131313131313,47.97774621212121,1.4241161616161615,2.6000000000000014,3.8,0,1.0,1.0,2,0.0,1.0,4.8,4.8,2.3,2.6
1743463800,Deportes Temuco,San Marcos de Arica,0.0,1.9254133025759324,1.0188389081122646,1.9331026528258362,53.3598615916955,1.943406382160707,2.2999999999999994,4.5,0.663283352556709,0.8587466359092657,1.213917723952326,47.706805074971165,0.8694117647058822,2.6000000000000014,3.8,0,1.0,1.0,2,1.0,3.0,5.4,6.0,2.3,2.6
1743463800,Deportes Copiapo,Santiago Wanderers,0.0,1.9137931034482758,1.0879310344827586,1.6965517241379309,53.23879310344827,1.9448275862068958,2.299999999999998,4.5,1.3764065335753175,0.855535390199637,2.1085299455535393,48.781306715063515,1.4220689655172412,2.6000000000000014,3.8,0,1.0,1.0,0,3.0,0.0,6.6,4.2,2.3,2.6
1744416000,San Luis,Union San Felipe,0.0,0.4982456140350877,0.8391390848254657,0.8630132031108699,51.48865979381443,0.8551745342738288,2.2999999999999994,4.5,1.197033821667571,1.0350877192982457,1.5712063664315428,48.24291915355399,1.2607017543859647,2.6000000000000014,3.8,0,1.0,1.0,0,2.0,1.0,6.0,4.8,2.3,2.6
1744473600,Recoleta,Antofagasta,0.0,1.5748206131767777,1.1972602739726026,1.9432485322896282,52.56634050880626,1.6805609915198954,2.2999999999999994,4.5,1.0163078930202218,1.9367253750815394,0.8497064579256361,46.61937377690802,1.1520091324200912,2.6000000000000014,3.8,0,1.0,1.0,2,1.0,2.0,5.4,5.4,2.3,2.6
1744484400,Rangers de Talca,Curico Unido,0.0,1.2128067609296278,1.197529660328295,1.0380302291565089,52.022915650902,1.3909410043881032,2.2999999999999994,4.5,1.197269624573379,0.49836536734327286,2.108173163283636,49.04835638584517,1.2787641458595294,2.6000000000000014,3.8,0,1.0,1.0,2,0.0,1.0,4.8,4.8,2.3,2.6
1744493400,Cobreloa,Magallanes,0.0,1.5319727891156463,1.469387755102041,1.3578231292517007,52.09387755102041,1.6565986394557817,2.299999999999998,4.5,1.0173469387755103,1.2129931972789116,0.8533333333333334,47.706530612244904,1.134768707482993,2.6000000000000014,3.8,0,1.0,1.0,0,2.0,0.0,6.0,4.2,2.3,2.6
1744561800,Concepción,Deportes Copiapo,0.0,1.1661016949152543,1.3347457627118644,0.95,51.747033898305084,1.3716101694915244,2.299999999999997,4.5,1.0847457627118644,0.9161016949152543,1.664406779661017,48.252966101694916,1.1823728813559318,2.6000000000000068,3.8,0,1.0,1.0,0,2.0,0.0,6.0,4.2,2.3,2.6
1744570800,Santiago Wanderers,Deportes Temuco,0.0,1.5720483641536274,1.017425320056899,1.5795163584637268,52.831934566145094,1.6963086770981506,2.2999999999999994,4.5,1.196554054054054,1.9334459459459459,0.49243243243243245,46.894662162162156,1.2781824324324325,2.6000000000000014,3.8,0,1.0,1.0,0,2.0,1.0,6.0,4.8,2.3,2.6
1744581600,Deportes Santa Cruz,Santiago Morning,0.0,0.8536700336700337,1.3764983164983164,0.8610774410774411,51.21575757575758,1.1216632996632996,2.2999999999999994,4.5,1.0164983164983166,1.2136700336700337,1.031986531986532,47.70424242424243,1.1341279461279463,2.6000000000000014,3.8,0,1.0,1.0,2,0.0,2.0,4.8,5.4,2.3,2.6
1744590600,San Marcos de Arica,Universidad de Concepcion,0.0,0.8532214765100672,1.736778523489933,0.3206040268456376,50.6746644295302,1.1033288590604025,2.2999999999999994,4.5,1.0176616036736137,0.49812787001059694,1.3921582479689154,48.77930060049452,1.1708866125044153,2.6000000000000014,3.8,0,1.0,1.0,0,1.0,0.0,5.4,4.2,2.3,2.6
1744993800,Deportes Temuco,San Luis,0.0,1.3927477556768173,1.5540925893328639,1.4011969723640203,51.75798274951593,1.517085020242915,2.2999999999999994,4.5,1.1963879598662208,2.2931103678929765,1.0321070234113712,46.35491638795987,1.2780535117056857,2.6000000000000014,3.8,0,1.0,1.0,2,0.0,1.0,4.8,4.8,2.3,2.6
1744993800,Santiago Wanderers,Recoleta,0.0,1.5726666666666669,1.1963333333333335,1.5806666666666669,52.5645,1.6968999999999999,2.2999999999999994,4.5,0.4693939393939394,0.8478787878787879,1.2115151515151514,47.432272727272725,0.7327272727272726,2.6000000000000014,3.8,0,1.0,1.0,1,1.0,1.0,5.4,4.8,2.3,2.6
1745004600,Curico Unido,Deportes Santa Cruz,0.0,1.2125581395348837,1.736279069767442,0.680531561461794,51.214418604651165,1.3908039867109634,2.2999999999999994,4.5,1.196456256921373,1.3929125138427463,1.0310077519379846,47.705315614617945,1.2780446131941148,2.6000000000000014,3.8,0,1.0,1.0,2,2.0,3.0,6.0,6.0,2.3,2.6
1745080200,Santiago Morning,San Marcos de Arica,0.0,0.6693156732891832,0.8351308735414696,1.0381583096814886,51.75127719962157,0.992355723746452,2.299999999999999,4.5,1.1967235970721506,1.0345067967933077,1.5716974555594283,48.24332520041826,1.2783408853258975,2.6000000000000014,3.8,0,1.0,1.0,2,0.0,1.0,4.8,4.8,2.3,2.6
1745089200,Deportes Copiapo,Cobreloa,0.0,2.1293729372937293,0.8673267326732672,1.9584158415841584,53.8930693069307,2.114587458745874,2.2999999999999976,4.5,1.0841584158415842,1.1617161716171616,1.1683168316831685,47.883663366336634,1.1818481848184814,2.600000000000007,3.8,0,1.0,1.0,1,1.0,1.0,5.4,4.8,2.3,2.6
1745166600,Antofagasta,Union San Felipe,0.0,1.392236842105263,1.7367763157894738,1.3994736842105262,51.48319078947368,1.5525526315789473,2.299999999999999,4.5,1.1967763157894737,1.2122368421052632,1.3935526315789473,47.97680921052632,1.260315789473684,2.600000000000002,3.8,0,1.0,1.0,1,2.0,2.0,6.0,5.4,2.3,2.6
1745175600,Magallanes,Rangers de Talca,0.0,2.297580015612802,0.6543325526932084,1.9422326307572209,54.46487119437939,2.2587822014051526,2.299999999999999,4.5,1.1974340698503207,1.2108339272986457,1.7595153243050605,47.97990021382751,1.2787170349251602,2.6000000000000014,3.8,0,1.0,1.0,1,1.0,1.0,5.4,4.8,2.3,2.6
1745184600,Universidad de Concepcion,Concepción,0.0,1.5723529411764707,1.1969934640522877,1.9392156862745098,52.563039215686274,1.6606274509803922,2.299999999999999,4.5,1.2679738562091503,1.9294117647058826,1.1333333333333333,47.0078431372549,1.3458823529411763,2.600000000000006,3.8,0,1.0,1.0,2,1.0,2.0,5.4,5.4,2.3,2.6
1745683200,Recoleta,Universidad de Concepcion,0.0,1.3929523245484157,1.197512585134735,1.7625111045306485,52.293159609120515,1.5350310926858157,2.2999999999999994,4.5,1.0172638436482084,0.49224755700325734,1.3938762214983713,48.787524429967426,1.1706775244299676,2.600000000000002,3.8,0,1.0,1.0,0,1.0,0.0,5.4,4.2,2.3,2.6
1745683200,Deportes Santa Cruz,Deportes Copiapo,0.0,0.6687074829931973,1.5589363017934448,0.6755102040816325,50.66465677179963,0.9918491032776745,2.299999999999999,4.5,0.8675324675324675,1.1285714285714286,1.3337662337662337,47.608441558441555,1.0255844155844152,2.600000000000006,3.8,0,1.0,1.0,2,0.0,1.0,4.8,4.8,2.3,2.6
1745694000,Rangers de Talca,Santiago Wanderers,0.0,1.0288320094145338,1.1971167990585465,0.8534863195057371,51.747572815533985,1.2619299794057073,2.2999999999999994,4.5,1.3768284789644012,1.391715210355987,1.933980582524272,47.97766990291262,1.4223430420711975,2.600000000000002,3.8,0,1.0,1.0,1,3.0,3.0,6.6,6.0,2.3,2.6
1745703000,Deportes Temuco,Curico Unido,0.0,1.2122580645161292,1.5574193548387099,1.2187096774193549,51.482258064516124,1.390548387096774,2.299999999999999,4.5,1.1974193548387098,0.31225806451612903,2.4738709677419357,49.32774193548387,1.2788064516129032,2.600000000000002,3.8,0,1.0,1.0,1,0.0,0.0,4.8,4.2,2.3,2.6
1745771400,Antofagasta,San Marcos de Arica,0.0,1.2112693308834788,1.740039810136273,1.0367478180983003,51.20684428112081,1.407839534527637,2.299999999999999,4.5,1.197041800643087,0.8518327974276527,1.9337620578778134,48.51781350482315,1.2785273311897107,2.600000000000002,3.8,0,1.0,1.0,2,2.0,3.0,6.0,6.0,2.3,2.6
1745771400,Santiago Morning,Concepción,0.0,0.6655011655011656,0.8342074592074593,1.0346736596736597,51.74694055944056,0.9894522144522144,2.2999999999999994,4.5,1.392094017094017,1.7735042735042734,1.4476495726495726,47.42788461538461,1.4399572649572647,2.600000000000005,3.8,0,1.0,1.0,2,0.0,3.0,4.8,6.0,2.3,2.6
1745780400,Union San Felipe,Magallanes,0.0,0.13162939297124598,0.47821086261980833,0.6776996805111821,51.48012779552715,0.5980830670926516,2.299999999999999,4.5,0.6554389167807698,1.2110756123535675,0.6712612201430093,47.166544956640806,0.863280085197018,2.6000000000000014,3.8,0,1.0,1.0,0,1.0,0.0,5.4,4.2,2.3,2.6
1745789400,San Luis,Cobreloa,0.0,0.8515286624203822,1.0178343949044586,1.2182165605095543,51.750541401273885,1.1199936305732483,2.299999999999999,4.5,1.0713375796178344,1.1261146496815286,1.1375796178343949,47.91783439490446,1.1686624203821652,2.600000000000006,3.8,0,1.0,1.0,1,1.0,1.0,5.4,4.8,2.3,2.6
1746212400,Universidad de Concepcion,Rangers de Talca,0.0,1.3918367346938774,1.3788359788359787,1.398185941043084,52.019501133786854,1.5160997732426302,2.299999999999999,4.5,1.198148148148148,1.3928571428571428,1.3952380952380952,47.70793650793651,1.2792592592592593,2.6000000000000014,3.8,0,1.0,1.0,1,0.0,0.0,4.8,4.2,2.3,2.6
1746298800,Curico Unido,Union San Felipe,0.0,1.2104882459312838,1.9213381555153708,0.4933092224231465,50.93372513562387,1.3891380349608196,2.299999999999999,4.5,1.3784810126582279,1.572393007836046,1.0325497287522605,47.70913200723327,1.405557564798071,2.6000000000000014,3.8,0,1.0,1.0,0,3.0,0.0,6.6,4.2,2.3,2.6
1746307800,Cobreloa,Concepción,0.0,1.6051524710830702,1.2234490010515247,1.6282860147213458,52.57255520504732,1.7100420609884326,2.299999999999997,4.5,1.6200991437584498,1.5187021180712033,1.6678684091933302,48.15209553853087,1.618747183415953,2.600000000000004,3.8,0,1.0,1.0,0,2.0,1.0,6.0,4.8,2.3,2.6
1746316800,San Marcos de Arica,Recoleta,0.0,1.0302485774183887,1.3780772686433063,0.8561844863731657,51.47825696316262,1.2268343815513627,2.299999999999999,4.5,0.46694011484823633,0.845009570686355,1.2115942028985507,47.43289581624282,0.7308777686628384,2.6000000000000014,3.8,0,1.0,1.0,0,2.0,1.0,6.0,4.8,2.3,2.6
1746376200,Santiago Morning,Antofagasta,0.0,0.47997819272182096,1.1973286084230612,0.8517377674798965,50.923974376448136,0.8594248330380263,2.299999999999999,4.5,1.0153889997150185,2.1199772014819036,0.8481048731832431,46.343117697349676,1.1513251638643485,2.6000000000000014,3.8,0,1.0,1.0,1,1.0,1.0,5.4,4.8,2.3,2.6
1746385200,Deportes Copiapo,Deportes Temuco,0.0,1.9395833333333334,0.8895833333333334,1.7979166666666666,53.575,1.9608333333333328,2.299999999999997,4.5,1.1970238095238095,1.9351190476190476,0.4883928571428572,46.89285714285714,1.2784821428571427,2.6000000000000014,3.8,0,1.0,1.0,0,3.0,0.0,6.6,4.2,2.3,2.6
1746394200,Santiago Wanderers,San Luis,0.0,1.3927607179943629,1.0157246699302773,1.5808337041981904,52.565554072096134,1.5530099391781633,2.299999999999999,4.5,1.1966770508826583,2.116570241803887,1.3927607179943629,46.620160213618156,1.2782257825248478,2.6000000000000014,3.8,0,1.0,1.0,2,0.0,1.0,4.8,4.8,2.3,2.6
1746471600,Magallanes,Deportes Santa Cruz,0.0,1.2108977978543196,0.6513269339356296,1.5813099943534727,52.839356295878034,1.3894127611518916,2.2999999999999994,4.5,1.5604178430265387,1.756352343308865,1.0299265951439864,47.70609824957651,1.5691699604743083,2.6000000000000014,3.8,0,1.0,1.0,0,3.0,0.0,6.6,4.2,2.3,2.6
1747499400,Recoleta,Cobreloa,0.0,1.2108762955983308,1.0139991923542873,1.7651635482568313,52.29531565486606,1.3893579216583658,2.299999999999999,4.5,1.0536635706914346,1.108359133126935,1.108359133126935,47.917956656346746,1.1527347781217747,2.600000000000005,3.8,0,1.0,1.0,2,0.0,1.0,4.8,4.8,2.3,2.6
1747499400,Concepción,San Marcos de Arica,0.0,1.328395061728395,1.0641975308641975,1.3580246913580245,52.3962962962963,1.4938271604938262,2.2999999999999963,4.5,1.7390946502057614,0.8496178718400942,2.47907113462669,49.3342151675485,1.694068195179306,2.6000000000000014,3.8,0,1.0,1.0,0,1.0,0.0,5.4,4.2,2.3,2.6
1747508400,Union San Felipe,Rangers de Talca,0.0,0.3066666666666667,0.4720879120879121,1.038095238095238,51.751868131868136,0.7203516483516481,2.299999999999999,4.5,1.0125538461538461,0.8416,1.578092307692308,48.25643076923077,1.149206153846154,2.6000000000000014,3.8,0,1.0,1.0,2,0.0,2.0,4.8,5.4,2.3,2.6
1747517400,San Luis,Curico Unido,0.0,1.0300905638328952,0.8342389716622847,1.3995910020449898,52.29377738825591,1.2448261758691206,2.299999999999999,4.5,0.8342389716622847,0.3062810400233713,2.1172655565293605,48.79193689745837,1.0063862109260882,2.6000000000000014,3.8,0,1.0,1.0,0,1.0,0.0,5.4,4.2,2.3,2.6
1747585800,Universidad de Concepcion,Santiago Morning,0.0,1.028634973589102,1.0141784820683903,1.4000556018904642,52.02168473728107,1.2436196830692243,2.299999999999999,4.5,1.1958060288335517,1.0299985437600117,1.3930682976554536,48.24871122761031,1.2775651667394785,2.6000000000000014,3.8,0,1.0,1.0,0,5.0,1.0,7.8,4.8,2.3,2.6
1747585800,Antofagasta,Deportes Copiapo,0.0,1.3932926829268293,1.9232261640798225,1.0368625277161863,51.20509977827051,1.553519955654102,2.299999999999999,4.5,0.8851626016260163,0.9420731707317074,1.6077235772357723,47.91463414634146,1.0346544715447152,2.600000000000005,3.8,0,1.0,1.0,0,1.0,0.0,5.4,4.2,2.3,2.6
1747594800,Deportes Santa Cruz,Santiago Wanderers,0.0,0.6659298148659851,1.5592705167173253,0.6736667587731417,50.65998894722299,0.9898038132080684,2.299999999999999,4.5,1.5573310175133885,1.5738312346215084,1.9351570415400203,47.975249674337825,1.566796931538573,2.6000000000000014,3.8,0,1.0,1.0,1,2.0,2.0,6.0,5.4,2.3,2.6
1747603800,Deportes Temuco,Magallanes,0.0,1.0311688311688312,1.5575757575757578,0.8580086580086581,51.21038961038961,1.2637518037518036,2.299999999999999,4.5,0.6504132231404959,1.3933884297520662,0.48347107438016534,46.885537190082644,0.8593939393939394,2.6000000000000014,3.8,0,1.0,1.0,0,3.0,0.0,6.6,4.2,2.3,2.6
1748037600,Cobreloa,Deportes Santa Cruz,0.0,1.6663789382822616,1.186016400517911,1.8325420802762191,52.720543806646525,1.755243849805783,2.299999999999997,4.5,1.1957441218967555,1.9419414159989492,0.8447129909365559,46.8807040588467,1.2957178510442664,2.6000000000000014,3.8,0,1.0,1.0,1,1.0,1.0,5.4,4.8,2.3,2.6
1748046600,San Marcos de Arica,San Luis,0.0,1.2119386637458927,1.1955093099671412,1.4011500547645126,52.02464403066813,1.3720427163198246,2.299999999999999,4.5,1.1955093099671412,0.8483023001095291,1.9375684556407449,48.52081051478642,1.277300109529025,2.6000000000000014,3.8,0,1.0,1.0,0,2.0,1.0,6.0,4.8,2.3,2.6
1748104200,Deportes Copiapo,Recoleta,0.0,2.095238095238095,0.7571857571857572,1.9764049764049765,54.00707850707851,2.083998283998284,2.299999999999997,4.5,0.6458458458458458,1.211111111111111,1.0257757757757757,47.1521021021021,0.8558208208208207,2.6000000000000014,3.8,0,1.0,1.0,0,3.0,0.0,6.6,4.2,2.3,2.6
1748104200,Magallanes,Concepción,0.0,1.577245508982036,0.46493100755011724,1.9497526685758917,53.66847175214787,1.682426451444936,2.299999999999999,4.5,1.636676646706587,1.384580838323353,1.6763473053892217,48.378143712574854,1.6318263473053891,2.600000000000004,3.8,0,1.0,1.0,1,0.0,0.0,4.8,4.2,2.3,2.6
1748113200,Rangers de Talca,Deportes Temuco,0.0,1.2116807268007788,1.3776768332251785,0.8539909149902661,51.751005840363405,1.4082543802725502,2.299999999999999,4.5,0.8312075983717775,1.7576662143826323,0.4822252374491181,46.61031207598372,1.0040705563093624,2.6000000000000014,3.8,0,1.0,1.0,2,2.0,3.0,6.0,6.0,2.3,2.6
1748190600,Curico Unido,Antofagasta,0.0,1.7578463203463202,1.5589826839826841,1.0378787878787878,52.29829545454545,1.8087662337662338,2.299999999999999,4.5,1.0129399585921326,1.942287784679089,1.0269151138716357,46.60597826086956,1.1494875776397513,2.6000000000000014,3.8,0,1.0,1.0,0,1.0,0.0,5.4,4.2,2.3,2.6
1748199600,Union San Felipe,Universidad de Concepcion,0.0,0.3032101429727543,0.8314000539519828,0.8564877259239277,51.20771513353116,0.7177771783113027,2.299999999999999,4.5,1.0138476755687438,0.4890772926381235,1.391013141161509,48.787155574395925,1.168246432103999,2.6000000000000014,3.8,0,1.0,1.0,2,1.0,2.0,5.4,5.4,2.3,2.6
1748208600,Santiago Wanderers,Santiago Morning,0.0,1.3940290478752018,0.6498117267348037,1.5833781603012373,53.1163259817106,1.5540613232920923,2.299999999999999,4.5,1.195266272189349,1.9394835933297472,0.8464228079612696,46.8836740182894,1.2771382463690155,2.6000000000000014,3.8,0,1.0,1.0,2,2.0,3.0,6.0,6.0,2.3,2.6
1748631600,Recoleta,San Luis,0.0,1.2113569321533924,1.0127826941986233,1.767748279252704,52.29786135693215,1.3896804326450345,2.299999999999999,4.5,1.013338463511607,0.8466333205078878,1.757881236372964,48.25005771450557,1.1315480312940873,2.6000000000000014,3.8,0,1.0,1.0,0,3.0,1.0,6.6,4.8,2.3,2.6
1748649600,San Marcos de Arica,Deportes Copiapo,0.0,1.3948849104859335,1.0132992327365729,1.9493606138107418,52.57237851662404,1.5182608695652173,2.299999999999999,4.5,0.7579831932773109,0.9546218487394958,1.3747899159663866,47.70504201680673,0.9435294117647055,2.600000000000004,3.8,0,1.0,1.0,2,0.0,1.0,4.8,4.8,2.3,2.6
1748718000,Curico Unido,Universidad de Concepcion,0.0,1.7597602958051766,1.3784776233584088,1.4011730205278592,52.57192400867015,1.810179778146117,2.299999999999999,4.5,0.8320447880565183,0.6670221274326846,1.3924286856838177,48.24753399093575,1.0229005598507064,2.6000000000000014,3.8,0,1.0,1.0,2,1.0,2.0,5.4,5.4,2.3,2.6
1748727000,Deportes Temuco,Cobreloa,0.0,1.212387028176502,1.0140882509303561,1.4008506113769272,52.29744816586921,1.4087453482190322,2.299999999999999,4.5,1.0442773600668338,0.9532163742690059,1.377610693400167,48.136591478696744,1.143943191311612,2.600000000000004,3.8,0,1.0,1.0,0,2.0,0.0,6.0,4.2,2.3,2.6
1748795400,Santiago Morning,Magallanes,0.0,0.29484936831875613,1.1959669582118562,0.4844995140913509,50.64832361516035,0.711472303206997,2.299999999999999,4.5,0.4653568259601978,1.7598428191152236,0.29719863100519717,46.05827101026746,0.729679300291545,2.6000000000000014,3.8,0,1.0,1.0,1,0.0,0.0,4.8,4.2,2.3,2.6
1748795400,Antofagasta,Rangers de Talca,0.0,1.5768958543983822,1.195500505561173,1.583720930232558,52.57209302325582,1.682153690596562,2.299999999999999,4.5,0.8267889087656529,0.8411001788908765,1.5782200357781753,47.978533094812164,1.0006797853309481,2.6000000000000014,3.8,0,1.0,1.0,1,1.0,1.0,5.4,4.8,2.3,2.6
1748804400,Deportes Santa Cruz,Union San Felipe,0.0,0.846376811594203,1.5606805293005672,0.8531821045998741,50.92854442344045,1.1342533081285444,2.299999999999999,4.5,1.0134387351778655,1.9393939393939394,0.4832674571805007,46.61106719367589,1.1316732542819499,2.6000000000000014,3.8,0,1.0,1.0,1,1.0,1.0,5.4,4.8,2.3,2.6
1748813400,Concepción,Santiago Wanderers,0.0,1.2774566473988438,0.882466281310212,1.6368015414258188,52.592485549132945,1.4476878612716757,2.2999999999999963,4.5,1.5588544403573306,1.757488176563321,1.5740935365212823,47.70204939569102,1.5679978980557014,2.6000000000000014,3.8,0,1.0,1.0,1,0.0,0.0,4.8,4.2,2.3,2.6
1749313800,Union San Felipe,San Marcos de Arica,0.0,0.48074176168399957,1.0125297581756671,0.852975817566721,51.2023180052625,0.8417566720962284,2.299999999999999,4.5,1.558553838092743,0.8480482053969086,2.301283730678543,49.065758449043756,1.567775740110034,2.6000000000000014,3.8,0,1.0,1.0,2,1.0,2.0,5.4,5.4,2.3,2.6
1749409200,Rangers de Talca,Recoleta,0.0,1.5772988505747128,1.9288793103448276,0.6670977011494252,51.47262931034482,1.6824473180076627,2.299999999999999,4.5,0.6437241379310344,1.210206896551724,1.0255172413793103,47.150275862068966,0.8541931034482757,2.6000000000000014,3.8,0,1.0,1.0,1,1.0,1.0,5.4,4.8,2.3,2.6
1749918600,Deportes Temuco,Universidad de Concepcion,0.0,1.211012831693036,0.8300984178397908,1.400348822723309,52.57137162077987,1.407699015821602,2.299999999999999,4.5,1.1953158091441385,0.8457954403886883,1.7580914413853244,48.52428055313318,1.295390556870562,2.6000000000000014,3.8,0,1.0,1.0,1,0.0,0.0,4.8,4.2,2.3,2.6
1749927600,Curico Unido,Recoleta,0.0,1.7602380952380952,1.5619047619047621,1.216904761904762,52.2975,1.8104761904761904,2.299999999999999,4.5,0.6417582417582417,1.394065934065934,0.6551648351648351,46.871538461538464,0.8526593406593405,2.6000000000000014,3.8,0,1.0,1.0,1,1.0,1.0,5.4,4.8,2.3,2.6
1749936600,Santiago Wanderers,Cobreloa,0.0,1.7584293323423756,1.194995664560882,1.4001486436269046,52.845150501672244,1.8273826334695902,2.299999999999999,4.5,0.8856125356125357,1.0804843304843303,1.229059829059829,47.70769230769231,1.031039886039886,2.600000000000004,3.8,0,1.0,1.0,0,5.0,1.0,7.8,4.8,2.3,2.6
1749945600,San Marcos de Arica,Deportes Santa Cruz,0.0,1.2110321969696969,1.011837121212121,1.7671875,52.298792613636365,1.3894318181818184,2.299999999999999,4.5,1.011837121212121,1.5776988636363638,1.0260416666666667,47.15120738636364,1.1486458333333334,2.6000000000000014,3.8,0,1.0,1.0,0,2.0,1.0,6.0,4.8,2.3,2.6
1750005000,Antofagasta,Magallanes,0.0,1.2111898016997167,1.1951369216241736,1.2175637393767704,52.024079320113316,1.3895514636449482,2.299999999999999,4.5,0.27847025495750716,1.39452313503305,0.4757318224740322,46.325920679886686,0.598611898016997,2.6000000000000014,3.8,0,1.0,1.0,0,5.0,0.0,7.8,4.2,2.3,2.6
1750014000,Santiago Morning,Union San Felipe,0.0,0.29157062146892654,1.1950734463276838,0.48122033898305083,50.644745762711864,0.7090259887005648,2.299999999999999,4.5,1.0120363547040039,1.9430115450749201,0.47870302137067067,46.60353721444363,1.1305183001719479,2.6000000000000014,3.8,0,1.0,1.0,0,2.0,1.0,6.0,4.8,2.3,2.6
1750023000,Concepción,Rangers de Talca,0.0,1.0989939637826962,0.7537223340040241,1.5484909456740445,52.51790744466801,1.3154929577464785,2.2999999999999967,4.5,1.0102243088158582,0.47010954616588424,1.7630672926447575,48.81017214397496,1.1289306207616066,2.600000000000001,3.8,0,1.0,1.0,2,1.0,2.0,5.4,5.4,2.3,2.6
1750118400,Deportes Copiapo,San Luis,0.0,2.286376404494382,0.4351123595505618,2.303932584269663,54.776896067415734,2.2358426966292138,2.299999999999997,4.5,0.828370786516854,1.212125468164794,1.2088483146067415,47.424367977528085,0.9835346441947566,2.6000000000000014,3.8,0,1.0,1.0,0,3.0,0.0,6.6,4.2,2.3,2.6
1750437000,Union San Felipe,Concepción,0.0,0.6625116713352007,1.1947712418300653,0.8516806722689076,51.201610644257705,0.9689169000933708,2.2999999999999985,4.5,1.6527233115468412,1.0778089013383132,1.8450046685340804,48.862371615312796,1.6444568938686586,2.600000000000003,3.8,0,1.0,1.0,0,2.0,1.0,6.0,4.8,2.3,2.6
1750446000,Cobreloa,Curico Unido,0.0,1.6879888268156424,1.184217877094972,1.856145251396648,52.755656424581005,1.772094972067039,2.2999999999999967,4.5,0.648806500761808,0.4865413915693246,1.5726256983240223,48.24339766378873,0.8763331640426612,2.6000000000000014,3.8,0,1.0,1.0,0,3.0,2.0,6.6,5.4,2.3,2.6
1750446000,Recoleta,Deportes Temuco,0.0,1.2125236768802228,0.827142061281337,1.7703175487465181,52.57807242339833,1.390558217270195,2.299999999999999,4.5,1.0121109361753664,1.7614387792176334,0.8430664890396028,46.87600823543659,1.148826450284607,2.6000000000000014,3.8,0,1.0,1.0,1,2.0,2.0,6.0,5.4,2.3,2.6
1750523400,Magallanes,Santiago Wanderers,0.0,1.0298611111111111,0.46180555555555564,1.5856481481481484,52.852083333333326,1.2627777777777778,2.2999999999999985,4.5,1.377536231884058,1.7615942028985507,1.2082125603864733,47.423913043478265,1.441159420289855,2.6000000000000014,3.8,0,1.0,1.0,1,0.0,0.0,4.8,4.2,2.3,2.6
1750532400,Rangers de Talca,San Marcos de Arica,0.0,1.396365650969529,1.7470803324099724,0.6661274238227146,51.47392797783934,1.5376421052631577,2.299999999999999,4.5,1.7424786221847524,1.0308322293147056,2.3037938094664576,49.06746958930507,1.7148693243406,2.6000000000000014,3.8,0,1.0,1.0,2,1.0,2.0,5.4,5.4,2.3,2.6
1750550400,San Luis,Santiago Morning,0.0,1.0321446509291814,0.649171270718232,1.765695630336514,52.57446007031643,1.2463335007533902,2.299999999999999,4.5,1.5600768676435264,1.9437905356713907,1.3911602209944751,47.4244294979582,1.5689406677876527,2.6000000000000014,3.8,0,1.0,1.0,1,0.0,0.0,4.8,4.2,2.3,2.6
1750609800,Deportes Santa Cruz,Antofagasta,0.0,1.0291551882460974,1.1948117539026628,1.0351239669421488,51.75151515151515,1.2622405876951333,2.2999999999999985,4.5,1.0114784205693297,2.1291551882460973,0.8414600550964189,46.32348484848485,1.1483746556473828,2.6000000000000014,3.8,0,1.0,1.0,0,3.0,0.0,6.6,4.2,2.3,2.6
1750618800,Universidad de Concepcion,Deportes Copiapo,0.0,1.5786430960344005,1.0117056856187292,1.4022455805064502,52.85040611562351,1.6835164835164833,2.2999999999999985,4.5,0.7336538461538461,0.7885989010989011,1.673489010989011,47.917582417582416,0.924546703296703,2.600000000000004,3.8,0,1.0,1.0,0,1.0,0.0,5.4,4.2,2.3,2.6
1751731200,Deportes Santa Cruz,Deportes Temuco,0.0,1.2122739726027398,1.1945205479452055,1.0344109589041095,52.026630136986306,1.408767123287671,2.299999999999999,4.5,1.1942922374429223,1.762785388127854,1.0242009132420091,47.1472602739726,1.2946575342465751,2.6000000000000014,3.8,0,1.0,1.0,0,2.0,0.0,6.0,4.2,2.3,2.6
1751752800,Universidad de Concepcion,Antofagasta,0.0,1.5795992714025502,0.6440346083788706,1.9528688524590163,53.40334699453552,1.6842440801457192,2.2999999999999985,4.5,1.0102732240437158,1.9484153005464482,0.8389508196721311,46.5927868852459,1.1474885245901638,2.6000000000000014,3.8,0,1.0,1.0,2,0.0,1.0,4.8,4.8,2.3,2.6
1751752800,Santiago Wanderers,Curico Unido,0.0,1.9459582198001817,1.377338782924614,1.4025431425976385,52.85292915531335,1.9773478655767487,2.2999999999999985,4.5,0.6459187300082929,0.8479564032697549,1.0253524463926076,47.696943490107806,0.8741950005923467,2.6000000000000014,3.8,0,1.0,1.0,0,2.0,1.0,6.0,4.8,2.3,2.6
1751819400,Cobreloa,Santiago Morning,0.0,2.167391304347826,1.1839371980676328,2.341062801932367,53.47518115942029,2.139891304347826,2.299999999999997,4.5,1.1939764492753622,1.5794384057971016,1.3906702898550725,47.421807065217386,1.2944067028985506,2.6000000000000014,3.8,0,1.0,1.0,2,0.0,1.0,4.8,4.8,2.3,2.6
1751828400,Magallanes,Deportes Copiapo,0.0,1.0279674796747966,0.27418970189701897,1.7704715447154473,53.13066666666667,1.2613420054200544,2.299999999999999,4.5,0.5616380608250526,0.9221318879855465,1.2205962059620596,47.459259259259255,0.8027822944896112,2.600000000000003,3.8,0,1.0,1.0,2,0.0,1.0,4.8,4.8,2.3,2.6
1751837400,San Luis,Concepción,0.0,1.0300822561692127,0.6458284371327849,1.7675675675675675,52.576380728554646,1.2447003525264395,2.2999999999999985,4.5,1.3454054054054052,1.0691891891891891,1.3794594594594594,48.414324324324326,1.398432432432432,2.600000000000003,3.8,0,1.0,1.0,2,0.0,2.0,4.8,5.4,2.3,2.6
1752336000,Union San Felipe,Cobreloa,0.0,1.0273854447439352,1.3783504043126684,1.2178544474393531,51.4735525606469,1.2425078167115904,2.299999999999999,4.5,0.8731955675351901,1.6982929020664872,1.0670859538784068,46.762353998203054,1.020880503144654,2.600000000000003,3.8,0,1.0,1.0,0,3.0,0.0,6.6,4.2,2.3,2.6
1752336000,Curico Unido,San Marcos de Arica,0.0,1.579741935483871,1.1941075268817205,1.4021935483870966,52.57845161290322,1.6659870967741939,2.299999999999999,4.5,1.5605286738351256,1.0288978494623655,2.3081989247311827,48.79744623655914,1.569310035842294,2.6000000000000014,3.8,0,1.0,1.0,0,5.0,3.0,7.8,6.0,2.3,2.6
1752346800,Rangers de Talca,Deportes Santa Cruz,0.0,1.396659104970097,1.9331820994019386,0.4793565683646112,51.195215508352234,1.5378923489379255,2.299999999999999,4.5,1.010509383378016,1.764525469168901,0.8395924932975871,46.868975871313665,1.14765254691689,2.6000000000000014,3.8,0,1.0,1.0,1,2.0,2.0,6.0,5.4,2.3,2.6
1752361200,Universidad de Concepcion,Santiago Wanderers,0.0,1.396663101604278,0.8266951871657755,1.4024385026737967,52.854951871657754,1.5563122994652405,2.299999999999999,4.5,1.0111408199643495,1.5798573975044565,0.8411764705882354,47.14692513368984,1.1664527629233512,2.6000000000000014,3.8,0,1.0,1.0,2,0.0,3.0,4.8,6.0,2.3,2.6
1752424200,Antofagasta,San Luis,0.0,2.1323733333333337,1.1950933333333333,1.5861333333333334,53.405919999999995,2.108096,2.299999999999999,4.5,0.8270933333333333,1.5803733333333334,1.2078933333333333,46.870079999999994,0.9825066666666666,2.6000000000000014,3.8,0,1.0,1.0,2,1.0,2.0,5.4,5.4,2.3,2.6
1752424200,Santiago Morning,Deportes Copiapo,0.0,0.6579787234042553,1.1954582651391161,1.0325286415711947,51.193780687397705,0.9838747954173486,2.299999999999999,4.5,0.7081914893617021,0.5907446808510639,1.7006382978723404,48.17617021276595,0.9046170212765954,2.600000000000003,3.8,0,1.0,1.0,0,1.0,0.0,5.4,4.2,2.3,2.6
1752433200,Recoleta,Magallanes,0.0,1.3963680881452765,1.1952254641909814,1.4020812079167517,52.30171393593144,1.5376576208936954,2.299999999999999,4.5,0.09103448275862065,2.1322228116710877,0.2879787798408488,44.9382175066313,0.4672679045092837,2.6000000000000014,3.8,0,1.0,1.0,0,2.0,0.0,6.0,4.2,2.3,2.6
1752442200,Deportes Temuco,Concepción,0.0,1.029541446208113,0.277910052910053,1.5859347442680778,53.12744708994709,1.280903880070547,2.2999999999999985,4.5,1.3518037518037518,0.9008177008177009,1.3811447811447812,48.67647907647907,1.4033862433862432,2.6000000000000028,3.8,0,1.0,1.0,0,2.0,1.0,6.0,4.8,2.3,2.6
1752942600,Cobreloa,San Marcos de Arica,0.0,1.5512401055408973,1.0269129287598944,1.887071240105541,52.7864907651715,1.662427440633245,2.299999999999997,4.5,1.9307651715039578,1.9484960422163589,1.759430079155673,47.9734036939314,1.8654606860158314,2.6000000000000014,3.8,0,1.0,1.0,0,2.0,0.0,6.0,4.2,2.3,2.6
1752951600,Deportes Santa Cruz,Recoleta,0.0,1.5813765182186235,0.8255060728744938,1.587651821862348,53.133805668016194,1.685647773279352,2.299999999999999,4.5,0.824561403508772,1.582066276803119,0.6510721247563354,46.86374269005847,0.980448343079922,2.6000000000000014,3.8,0,1.0,1.0,1,0.0,0.0,4.8,4.2,2.3,2.6
1752966000,Concepción,Antofagasta,0.0,0.9385826771653545,0.7321522309711286,1.409580052493438,52.309645669291335,1.1876902887139105,2.2999999999999963,4.5,0.825277609529578,1.2118715929739552,1.3914395315970118,47.42010902483343,0.999527559055118,2.6000000000000014,3.8,0,1.0,1.0,1,0.0,0.0,4.8,4.2,2.3,2.6
1753029000,Deportes Copiapo,Curico Unido,0.0,2.32239674229203,0.4057009889470622,2.341593949970913,54.87504363001745,2.2640255962769054,2.2999999999999967,4.5,0.8271378708551484,1.212565445026178,0.8406631762652707,47.42185863874345,1.0009729493891797,2.6000000000000014,3.8,0,1.0,1.0,1,1.0,1.0,5.4,4.8,2.3,2.6
1753038000,Magallanes,Universidad de Concepcion,0.0,0.8422976501305482,0.45579433621209076,1.2181562562763606,52.57975497087769,1.131331592689295,2.299999999999999,4.5,0.8271105308964317,0.8458224543080941,1.3906005221932114,47.971932114882506,1.0192776327241078,2.6000000000000014,3.8,0,1.0,1.0,2,1.0,2.0,5.4,5.4,2.3,2.6
1753047000,Deportes Temuco,Santiago Morning,0.0,1.3959166666666667,0.27420833333333333,2.138583333333334,53.6825625,1.5557208333333332,2.299999999999999,4.5,1.3782083333333333,1.3959166666666667,1.9433333333333334,47.9734375,1.4234458333333333,2.6000000000000014,3.8,0,1.0,1.0,0,2.0,1.0,6.0,4.8,2.3,2.6
1753056000,San Luis,Rangers de Talca,0.0,0.845887445887446,0.8272727272727274,1.5863636363636364,52.02792207792208,1.1156493506493506,2.2999999999999985,4.5,1.1948051948051948,0.6536178107606678,1.7634508348794062,48.811781076066794,1.2766233766233765,2.6000000000000014,3.8,0,1.0,1.0,2,1.0,2.0,5.4,5.4,2.3,2.6
1753144200,Santiago Wanderers,Union San Felipe,0.0,1.947979274611399,1.378362694300518,1.4026113989637305,52.85442487046632,1.9789595854922284,2.299999999999999,4.5,1.0107944732297063,1.9458117443868739,0.4743955094991365,46.59747409326425,1.1295379965457684,2.6000000000000014,3.8,0,1.0,1.0,2,1.0,3.0,5.4,6.0,2.3,2.6
1753470000,Recoleta,Concepción,0.0,1.5813953488372094,0.8247679203751556,1.957699301368552,53.13494114269308,1.68564455928797,2.2999999999999985,4.5,1.0223944875107667,1.2248062015503876,0.8828596037898364,47.696382428940574,1.1397071490094741,2.6000000000000028,3.8,0,1.0,1.0,2,2.0,3.0,6.0,6.0,2.3,2.6
1753547400,Union San Felipe,Deportes Temuco,0.0,1.396193497224425,1.3799365582870737,1.2173275178429817,52.024385408406026,1.5374980174464712,2.299999999999999,4.5,1.1951340206185568,2.1320412371134023,0.8401237113402062,46.59463917525773,1.295360824742268,2.6000000000000014,3.8,0,1.0,1.0,0,1.0,0.0,5.4,4.2,2.3,2.6
1753547400,Deportes Santa Cruz,San Luis,0.0,1.5814529182138437,0.6397219841949919,1.7725411787108445,53.41259640102828,1.6856802818242405,2.2999999999999985,4.5,1.0104805220486455,1.7653549535297608,1.207553885702986,46.86768835277833,1.1292189044888272,2.6000000000000014,3.8,0,1.0,1.0,1,2.0,2.0,6.0,5.4,2.3,2.6
1753556400,Curico Unido,Santiago Morning,0.0,2.1347140039447736,1.195266272189349,1.9560157790927022,53.40917159763313,2.1098422090729785,2.299999999999999,4.5,1.195266272189349,1.765483234714004,1.3921104536489153,47.14467455621302,1.277041420118343,2.6000000000000014,3.8,0,1.0,1.0,2,0.0,1.0,4.8,4.8,2.3,2.6
1753570800,Universidad de Concepcion,Cobreloa,0.0,1.211371237458194,1.010623647452292,1.401888648435963,52.30112138500885,1.426566987999213,2.299999999999999,4.5,0.707621483375959,2.0295652173913044,0.9003580562659848,46.01708439897698,0.9042352941176468,2.600000000000003,3.8,0,1.0,1.0,2,0.0,1.0,4.8,4.8,2.3,2.6
1753633800,Antofagasta,Santiago Wanderers,0.0,1.9495682888540031,1.1952119309262166,1.4016091051805337,53.13153453689168,1.96175431711146,2.299999999999999,4.5,1.5630204081632655,1.0275510204081633,1.3924897959183673,48.80320408163265,1.5896653061224493,2.6000000000000014,3.8,0,1.0,1.0,0,4.0,1.0,7.199999999999999,4.8,2.3,2.6
1753642800,Rangers de Talca,Deportes Copiapo,0.0,1.7667514843087362,2.1212892281594575,0.6611063990198851,51.468193384223916,1.8154179624917541,2.2999999999999985,4.5,0.5340735600277585,0.7365718251214434,1.2186907240342355,47.69625260235947,0.7819014573213042,2.6000000000000028,3.8,0,1.0,1.0,1,0.0,0.0,4.8,4.2,2.3,2.6
1753748100,San Marcos de Arica,Magallanes,0.0,1.3958172588832487,0.826761421319797,2.3219086294416247,52.853583756345174,1.5372467005076142,2.299999999999999,4.5,0.08727059742288162,2.1344396720031242,0.28477157360406086,44.929246388129634,0.46448652869972645,2.6000000000000014,3.8,0,1.0,1.0,1,2.0,2.0,6.0,5.4,2.3,2.6
1754074800,Santiago Morning,Recoleta,0.0,0.8406938584153775,1.010126582278481,1.5868729488982656,51.74585091420535,1.1116174402250352,2.2999999999999985,4.5,0.6383363471971066,1.3963833634719711,0.6500904159132007,46.8629294755877,0.85,2.6000000000000014,3.8,0,1.0,1.0,2,0.0,2.0,4.8,5.4,2.3,2.6
1754152200,Magallanes,Curico Unido,0.0,0.8404414515525628,0.6399176954732511,1.0310512532734755,52.30078563411897,1.129947624392069,2.2999999999999985,4.5,0.8271111111111111,1.3956767676767676,0.47244444444444444,47.14715151515151,1.0009333333333332,2.6000000000000014,3.8,0,1.0,1.0,1,0.0,0.0,4.8,4.2,2.3,2.6
1754161200,Cobreloa,Rangers de Talca,0.0,1.5531944126402566,1.0247309365697275,1.894206549118388,52.79269521410579,1.6639569498511562,2.299999999999997,4.5,1.3817944931816208,0.6512116737600974,2.138261096152176,49.095874229132285,1.4261756275514634,2.6000000000000014,3.8,0,1.0,1.0,0,4.0,1.0,7.199999999999999,4.8,2.3,2.6
1754179200,San Luis,Universidad de Concepcion,0.0,0.6599396984924623,1.0108542713567839,1.0337688442211055,51.47362814070352,0.9669628140703518,2.299999999999999,4.5,1.194854271356784,0.8439396984924623,1.9441206030150755,48.52637185929648,1.2951356783919596,2.6000000000000014,3.8,0,1.0,1.0,0,1.0,0.0,5.4,4.2,2.3,2.6
1754238600,Deportes Temuco,Antofagasta,0.0,1.7652593021014074,0.4563716984769616,2.509697320223636,53.963331405436676,1.8327896664738772,2.2999999999999985,4.5,0.45428385779262975,1.0258052538754292,1.0220922677063027,47.142717905875806,0.7212661282836719,2.600000000000001,3.8,0,1.0,1.0,1,2.0,2.0,6.0,5.4,2.3,2.6
1754247600,Deportes Copiapo,Union San Felipe,0.0,2.0300000000000002,0.547,2.045,54.224500000000006,2.0295,2.2999999999999967,4.5,1.3788,1.764,1.0238,47.422200000000004,1.4238999999999997,2.6000000000000014,3.8,0,1.0,1.0,1,0.0,0.0,4.8,4.2,2.3,2.6
1754265600,Santiago Wanderers,San Marcos de Arica,0.0,1.9497410320352964,1.7486284289276808,1.2172261653558412,52.30166890466142,1.9803836562440058,2.2999999999999985,4.5,1.3793976596969115,1.9497410320352964,1.2074429311337043,47.14448494149242,1.4428198733934394,2.6000000000000014,3.8,0,1.0,1.0,0,1.0,0.0,5.4,4.2,2.3,2.6
1754350200,Concepción,Deportes Santa Cruz,0.0,0.9212824765063571,0.5620784964068546,1.5617468214483141,52.538805970149255,1.1742730790491984,2.2999999999999963,4.5,1.3791810179869881,1.9496747034060466,1.0225794106391122,47.144259471871415,1.424198239571374,2.6000000000000014,3.8,0,1.0,1.0,0,1.0,0.0,5.4,4.2,2.3,2.6
1754694000,San Luis,Magallanes,0.0,0.6573010116434433,0.8251192975758732,1.4024432143538843,51.74827257110136,0.9648826111853408,2.2999999999999985,4.5,0.4538185828508409,2.3218454186196125,0.4659498207885305,45.19795974634684,0.7394449039610328,2.600000000000001,3.8,0,1.0,1.0,2,0.0,1.0,4.8,4.8,2.3,2.6
1754757000,Rangers de Talca,Santiago Morning,0.0,1.21011315417256,1.5661598302687412,0.6591584158415842,51.46592998585572,1.3886421499292787,2.299999999999999,4.5,1.1945361202786946,0.8401173450678402,1.9477447744774476,48.53162816281628,1.2764576457645762,2.600000000000001,3.8,0,1.0,1.0,1,0.0,0.0,4.8,4.2,2.3,2.6
1754766000,Deportes Santa Cruz,Universidad de Concepcion,0.0,1.581305114638448,0.637389770723104,1.77336860670194,53.41587301587302,1.6856084656084656,2.299999999999999,4.5,1.1941120607787274,0.8414055080721747,1.945679012345679,48.52905982905983,1.294624881291548,2.6000000000000014,3.8,0,1.0,1.0,2,1.0,2.0,5.4,5.4,2.3,2.6
1754775000,Santiago Wanderers,Deportes Copiapo,0.0,2.1361065498996537,1.5648604269293926,1.7721218755701516,52.85686918445539,2.1109469074986316,2.2999999999999985,4.5,0.520935960591133,0.55623973727422,1.3830049261083743,47.94704433497537,0.7719622331691293,2.6000000000000023,3.8,0,1.0,1.0,0,1.0,0.0,5.4,4.2,2.3,2.6
1754784000,San Marcos de Arica,Deportes Temuco,0.0,1.5797391797391798,1.194065394065394,1.9559629559629559,52.57851067851068,1.6843885843885844,2.2999999999999985,4.5,1.0094500094500094,1.948969948969949,0.838064638064638,46.59072009072009,1.1653638253638252,2.6000000000000014,3.8,0,1.0,1.0,1,0.0,0.0,4.8,4.2,2.3,2.6
1754843400,Antofagasta,Cobreloa,0.0,2.3209876543209877,0.8237109658678287,1.957516339869281,54.24591503267973,2.258859840232389,2.2999999999999985,4.5,0.6945632798573974,1.878787878787879,1.2171122994652406,46.223663101604274,0.8941265597147945,2.6000000000000023,3.8,0,1.0,1.0,0,3.0,0.0,6.6,4.2,2.3,2.6
1754852400,Recoleta,Union San Felipe,0.0,1.7669577366398883,1.3798113866573525,1.4021655606007684,52.58071952497381,1.8341285365001747,2.299999999999999,4.5,1.0090276471694564,1.3951852548429566,1.022381041940944,47.42076358848975,1.146590182433703,2.600000000000001,3.8,0,1.0,1.0,0,2.0,1.0,6.0,4.8,2.3,2.6
1754861400,Concepción,Curico Unido,0.0,0.7478048780487805,0.5434146341463415,1.566829268292683,52.306585365853664,1.0358048780487805,2.2999999999999967,4.5,0.824390243902439,1.3953095684803003,0.46829268292682924,47.143621013133206,0.9988742964352719,2.600000000000001,3.8,0,1.0,1.0,1,0.0,0.0,4.8,4.2,2.3,2.6
1755275400,Universidad de Concepcion,San Marcos de Arica,0.0,1.2100567721005677,1.1936559430476705,1.217265927728215,52.02460124357934,1.4256736054789583,2.2999999999999985,4.5,1.3788411282328557,1.9507975128413084,1.206452194286744,47.142065423087324,1.442470938091376,2.600000000000001,3.8,0,1.0,1.0,0,4.0,1.0,7.199999999999999,4.8,2.3,2.6
1755284400,Santiago Morning,Deportes Santa Cruz,0.0,0.8387309292649099,0.8224341192787794,1.5883495145631068,52.024445214979195,1.110121359223301,2.299999999999999,4.5,0.823265012585401,1.766091334052499,0.46548004314994607,46.58576051779936,0.9980043149946062,2.600000000000001,3.8,0,1.0,1.0,2,0.0,1.0,4.8,4.8,2.3,2.6
1755293400,Deportes Temuco,Santiago Wanderers,0.0,1.5806654111738858,0.8232445520581114,2.1432158550802622,53.13613128867366,1.6851313783517172,2.2999999999999985,4.5,1.193369342521885,1.210691003911343,1.2067796610169492,47.97401750791581,1.2940584838889924,2.600000000000001,3.8,0,1.0,1.0,2,0.0,2.0,4.8,5.4,2.3,2.6
1755361800,Union San Felipe,San Luis,0.0,1.5804258364644839,1.008588298443371,1.7725890141349079,52.85775630703167,1.6664340669171591,2.2999999999999985,4.5,1.193773483628556,2.1359813920200397,0.8364644838074791,46.58668813741278,1.2758811952048665,2.600000000000001,3.8,0,1.0,1.0,0,1.0,0.0,5.4,4.2,2.3,2.6
1755370800,Curico Unido,Rangers de Talca,0.0,1.5803659080767516,1.3787594823739402,1.4024988844265953,52.30240963855422,1.6848995983935742,2.2999999999999985,4.5,1.567550200803213,1.3956626506024097,1.9526104417670682,48.257831325301204,1.556160642570281,2.6000000000000005,3.8,0,1.0,1.0,2,0.0,1.0,4.8,4.8,2.3,2.6
1755379800,Deportes Copiapo,Concepción,0.0,1.8784965034965035,0.3659965034965035,2.0600524475524478,54.26875,1.9243181818181823,2.2999999999999967,4.5,1.3558431952662722,1.2202662721893491,1.3835798816568048,48.20336538461538,1.406479289940828,2.600000000000002,3.8,0,1.0,1.0,0,2.0,1.0,6.0,4.8,2.3,2.6
1755448200,Antofagasta,Recoleta,0.0,2.6952380952380954,0.8223364165810209,1.959575196985269,54.809352517985616,2.5582117163412126,2.2999999999999985,4.5,0.8215661953196065,1.0229885057471264,1.2062184734970645,47.697866534358724,0.9966774166873398,2.600000000000001,3.8,0,1.0,1.0,1,0.0,0.0,4.8,4.2,2.3,2.6
1755457200,Magallanes,Cobreloa,0.0,0.28072453861927543,0.636431989063568,0.6595010252904989,51.46643882433356,0.7008988380041011,2.2999999999999985,4.5,0.518341307814992,2.38835725677831,0.7149122807017543,45.19497607655503,0.7699760765550234,2.600000000000002,3.8,0,1.0,1.0,2,3.0,4.0,6.6,6.6,2.3,2.6
1755907200,San Marcos de Arica,Santiago Morning,0.0,1.2099354724653055,1.0086626005480421,1.5873773534871387,52.301909307875896,1.4070891894280915,2.2999999999999985,4.5,0.6369246505284691,0.4667234913058302,1.578111148994204,48.25530173883396,0.8489498806682577,2.600000000000001,3.8,0,1.0,1.0,0,2.0,1.0,6.0,4.8,2.3,2.6
1755966600,Union San Felipe,Antofagasta,0.0,1.5811224489795919,0.6369047619047619,2.330952380952381,53.416326530612245,1.6669217687074833,2.2999999999999985,4.5,0.6369047619047619,1.2096938775510204,1.0207482993197279,47.14081632653061,0.8674999999999999,2.600000000000001,3.8,0,1.0,1.0,2,0.0,2.0,4.8,5.4,2.3,2.6
1755966600,Recoleta,Santiago Wanderers,0.0,2.1401752805307566,1.380604472110738,1.9606847407650094,53.13935621263003,2.1141059873863544,2.2999999999999985,4.5,1.1939825811559779,0.8394475235330343,1.5773730975631215,48.53180258643442,1.2945632092900499,2.6000000000000005,3.8,0,1.0,1.0,1,1.0,1.0,5.4,4.8,2.3,2.6
1755975600,Rangers de Talca,Magallanes,0.0,0.836672658931198,1.0081712698153293,0.843373100179768,51.74275208367381,1.1085406112109821,2.2999999999999985,4.5,0.637034529451591,1.7665538253215978,1.020988490182803,46.305721056195,0.8675930941096817,2.600000000000001,3.8,0,1.0,1.0,1,0.0,0.0,4.8,4.2,2.3,2.6
1756053000,Cobreloa,Deportes Copiapo,0.0,1.8881008668242711,1.0193065405831363,1.904649330181245,53.3031914893617,1.9319148936170212,2.299999999999997,4.5,0.34089834515366435,0.7120931078377887,0.8758683396981269,47.44320785597381,0.6452845971994904,2.6000000000000014,3.8,0,1.0,1.0,1,1.0,1.0,5.4,4.8,2.3,2.6
1756062000,Deportes Santa Cruz,Curico Unido,0.0,1.5812296681847757,0.8217631750162655,1.5880611581001953,53.13919973975277,1.6855725439167208,2.2999999999999985,4.5,0.8233752620545074,1.2094689028651293,0.6512928022361985,47.420859538784065,0.9980782669461914,2.6000000000000005,3.8,0,1.0,1.0,0,2.0,0.0,6.0,4.2,2.3,2.6
1756071000,Concepción,Universidad de Concepcion,0.0,0.5689839572192513,0.5296256684491979,1.2419251336898396,52.05903743315508,0.9094545454545455,2.2999999999999967,4.5,1.1935511982570806,0.8392156862745098,1.947363834422658,48.531503267973854,1.294230936819172,2.6000000000000005,3.8,0,1.0,1.0,2,1.0,4.0,5.4,6.6,2.3,2.6
1756162800,San Luis,Deportes Temuco,0.0,0.4687880368631543,1.00886802295253,0.8464614849591376,51.189880020865935,0.8326899669622675,2.2999999999999985,4.5,1.00886802295253,1.39471396278908,1.021735350373848,47.42123109024517,1.164997391757955,2.6000000000000005,3.8,0,1.0,1.0,1,1.0,1.0,5.4,4.8,2.3,2.6
1756494000,Magallanes,Union San Felipe,0.0,0.8364047484454495,1.3806508923524186,0.47077444884115327,51.18363078413955,1.1269401598966327,2.2999999999999985,4.5,1.1940324399340794,1.209471766848816,1.0216844479139562,47.97684100962789,1.276086390840489,2.6000000000000005,3.8,0,1.0,1.0,0,2.0,0.0,6.0,4.2,2.3,2.6
1756508400,Concepción,Santiago Morning,0.0,0.7215732087227413,1.1861370716510904,1.071651090342679,51.30315420560748,1.0153037383177572,2.2999999999999967,4.5,0.8218498227521754,0.8365130518852724,1.392394456977119,47.978005156300355,0.9782919755075733,2.6000000000000005,3.8,0,1.0,1.0,0,4.0,1.0,7.199999999999999,4.8,2.3,2.6
1756571400,Deportes Copiapo,Deportes Santa Cruz,0.0,1.7226107226107226,0.5194250194250194,2.0722610722610724,53.80477855477855,1.7994560994560995,2.2999999999999967,4.5,1.0083250083250084,1.2096903096903098,1.0204795204795205,47.69795204795205,1.1274958374958373,2.6000000000000005,3.8,0,1.0,1.0,0,2.0,0.0,6.0,4.2,2.3,2.6
1756580400,Curico Unido,Deportes Temuco,0.0,1.395514950166113,1.5652823920265782,0.845514950166113,51.745348837209306,1.5555647840531561,2.2999999999999985,4.5,0.6367109634551494,1.2098006644518273,0.6488372093023256,47.14036544850498,0.8673588039867106,2.6000000000000005,3.8,0,1.0,1.0,1,1.0,1.0,5.4,4.8,2.3,2.6
1756657800,Santiago Wanderers,Rangers de Talca,0.0,1.9526019224395095,1.0081206496519721,2.3311567782565463,53.416721909181305,1.964086841233013,2.2999999999999985,4.5,1.3815283287179103,1.3958985105905246,1.9537459770975225,47.978444727191075,1.4072734076790656,2.6000000000000005,3.8,0,1.0,1.0,1,0.0,0.0,4.8,4.2,2.3,2.6
1756666800,Cobreloa,San Luis,0.0,1.8974358974358974,1.017094017094017,1.913105413105413,53.32051282051282,1.9392165242165247,2.299999999999997,4.5,1.007936507936508,1.9523809523809523,0.834457671957672,46.583333333333336,1.1457738095238095,2.6000000000000005,3.8,0,1.0,1.0,1,1.0,1.0,5.4,4.8,2.3,2.6
1756675800,San Marcos de Arica,Antofagasta,0.0,1.2094688221709007,1.0079181788188716,1.5881557241834379,52.30232596502805,1.406730451996041,2.2999999999999985,4.5,1.007645138169945,1.0229354145098353,1.578052082503783,47.97706458549017,1.1455554670701598,2.6000000000000005,3.8,0,1.0,1.0,1,0.0,0.0,4.8,4.2,2.3,2.6
1756767600,Universidad de Concepcion,Recoleta,0.0,1.023535220539829,1.193449637919684,1.2166556945358789,51.74512837393022,1.276566820276498,2.2999999999999985,4.5,0.8205529953917051,0.46196620583717357,1.392073732718894,48.5378801843318,0.9959109062980029,2.6000000000000005,3.8,0,1.0,1.0,0,1.0,0.0,5.4,4.2,2.3,2.6
1757176200,San Luis,Santiago Wanderers,0.0,0.6520525451559934,1.1932676518883416,0.8454844006568144,51.18817733990148,0.9608045977011496,2.2999999999999985,4.5,1.3789819376026273,1.0234811165845648,1.5770114942528737,48.533251231527096,1.4240558292282428,2.6000000000000005,3.8,0,1.0,1.0,0,3.0,2.0,6.6,5.4,2.3,2.6
1757176200,Rangers de Talca,Universidad de Concepcion,0.0,0.6488379204892966,0.820519877675841,0.842691131498471,51.74247706422019,0.9769510703363915,2.2999999999999985,4.5,1.5648427260812583,0.838040629095675,1.9482306684141546,49.09020314547838,1.5913106159895147,2.6000000000000005,3.8,0,1.0,1.0,2,0.0,1.0,4.8,4.8,2.3,2.6
1757185200,Union San Felipe,Curico Unido,0.0,1.3951392724690286,0.6350035508561509,2.3335910991872484,53.14020358241932,1.5366890239090985,2.2999999999999985,4.5,0.45053939195815623,1.0235371036286367,0.6485125858123569,47.14050343249428,0.7184341288002613,2.6000000000000005,3.8,0,1.0,1.0,0,4.0,2.0,7.199999999999999,5.4,2.3,2.6
1757194200,Deportes Temuco,Deportes Copiapo,0.0,1.2096868884540117,1.1935420743639922,1.5886170906718853,52.024217221135025,1.4069145466405741,2.2999999999999985,4.5,0.5013698630136987,0.7050880626223093,1.0394651011089366,47.69442270058709,0.757090671885192,2.600000000000001,3.8,0,1.0,1.0,1,2.0,2.0,6.0,5.4,2.3,2.6
1757259000,Antofagasta,Santiago Morning,0.0,2.5129055062446,0.6352839525567513,1.9613541748487942,54.81643233053177,2.430893095593434,2.2999999999999985,4.5,0.8207744874715263,1.5824753227031132,0.8317084282460137,46.85744874715262,0.9774123006833714,2.6000000000000005,3.8,0,1.0,1.0,0,4.0,0.0,7.199999999999999,4.2,2.3,2.6
1757268000,Deportes Santa Cruz,Magallanes,0.0,1.3962121212121212,0.8206060606060607,1.5895454545454546,52.863409090909094,1.5375151515151515,2.2999999999999985,4.5,0.6351097178683386,1.7684952978056427,1.0188087774294672,46.29992163009405,0.8661598746081505,2.6000000000000005,3.8,0,1.0,1.0,2,0.0,3.0,4.8,6.0,2.3,2.6
1757277000,Concepción,Cobreloa,0.0,1.2215593929879645,1.0174428745857318,1.575370661084947,52.306174777603346,1.4154543868829585,2.299999999999997,4.5,1.1866736438165009,2.5754055468341184,1.2117913832199545,45.91690214547357,1.2881039595325308,2.600000000000001,3.8,0,1.0,1.0,0,4.0,0.0,7.199999999999999,4.2,2.3,2.6
1757354400,Recoleta,San Marcos de Arica,0.0,1.7697435897435898,1.3807239819004524,1.5895625942684766,52.58352941176471,1.8176802413273,2.2999999999999985,4.5,1.1936328377504848,2.510439560439561,0.6481254040077569,46.02478991596639,1.2943438914027148,2.6000000000000005,3.8,0,1.0,1.0,1,0.0,0.0,4.8,4.2,2.3,2.6
1757703600,Santiago Morning,Universidad de Concepcion,0.0,0.6512493189071379,0.8212656651358294,1.402926753327625,51.74497548065697,0.9788230715342104,2.2999999999999985,4.5,1.7523001478944502,0.8374562154588621,2.3222853584494434,49.37226589865338,1.7226870086401491,2.6000000000000005,3.8,0,1.0,1.0,1,0.0,0.0,4.8,4.2,2.3,2.6
1757777400,Magallanes,Deportes Temuco,0.0,1.2093393393393392,1.3803903903903902,0.8427627627627627,51.74342342342343,1.4067117117117118,2.2999999999999985,4.5,0.4486797141969556,1.0234544889717303,0.646380863622243,47.13783783783784,0.7170425598011804,2.6000000000000005,3.8,0,1.0,1.0,0,2.0,0.0,6.0,4.2,2.3,2.6
1757786400,Curico Unido,San Luis,0.0,1.3959705540488183,1.3795428128632312,1.030685780705153,52.024641611778385,1.5559860519178614,2.2999999999999985,4.5,1.007129019759783,1.5821774506005426,1.018597442851608,47.137427353738865,1.145191786129407,2.6000000000000005,3.8,0,1.0,1.0,2,1.0,3.0,5.4,6.0,2.3,2.6
1757862000,Cobreloa,Recoleta,0.0,1.5629724535554133,0.8439461883408073,1.5773862908392058,53.07853939782191,1.6715887251761692,2.299999999999997,4.5,0.6327498915087517,0.4606972370895415,1.2047446839288298,48.25807898162881,0.8644264429336034,2.6,3.8,0,1.0,1.0,0,4.0,0.0,7.199999999999999,4.2,2.3,2.6
1757862000,Rangers de Talca,Union San Felipe,0.0,0.46108104207259876,0.6325900267013063,0.8416251713935197,51.74273652305694,0.8455365519232159,2.299999999999999,4.5,1.0075103867050177,1.3961968680089485,0.8336209651645893,47.4169702780441,1.1454841802492808,2.6000000000000005,3.8,0,1.0,1.0,0,2.0,1.0,6.0,4.8,2.3,2.6
1757881800,Santiago Wanderers,Deportes Santa Cruz,0.0,1.0240147783251232,0.8210283251231528,1.9619766009852218,52.30447967980295,1.239787561576355,2.2999999999999985,4.5,0.8210283251231528,1.3964285714285714,0.8322660098522168,47.136899630541876,0.9963115763546798,2.6000000000000005,3.8,0,1.0,1.0,1,1.0,1.0,5.4,4.8,2.3,2.6
1757881800,San Marcos de Arica,Concepción,0.0,1.21016818984717,0.8210122110436987,1.775700791029875,52.58373396820521,1.4073266262191844,2.2999999999999985,4.5,1.52923958001909,1.5639198218262806,1.2096086541520839,47.947979637289215,1.5280369074132991,2.6000000000000005,3.8,0,1.0,1.0,0,3.0,0.0,6.6,4.2,2.3,2.6
1757977200,Deportes Copiapo,Antofagasta,0.0,1.5617094017094018,0.5080341880341881,2.0847863247863248,53.58051282051282,1.6706324786324789,2.2999999999999967,4.5,1.0068148148148148,0.4634074074074074,1.7642962962962965,48.81511111111111,1.1449629629629627,2.6,3.8,0,1.0,1.0,1,1.0,1.0,5.4,4.8,2.3,2.6
1759530600,Concepción,Magallanes,0.0,1.9071903706050046,1.0145707950586,1.9214444092492873,53.33892936331961,1.946917960088692,2.299999999999997,4.5,1.1934663710273465,0.8366888396156689,1.577590539541759,48.53516629711751,1.2942793791574279,2.6,3.8,0,1.0,1.0,0,2.0,1.0,6.0,4.8,2.3,2.6
1759590000,Recoleta,Deportes Copiapo,0.0,1.3968883813873822,1.006565800742221,1.5905509563231517,52.58548387096774,1.5380331144733088,2.2999999999999985,4.5,0.6669026548672566,1.0469026548672566,0.688141592920354,47.43,0.8898584070796458,2.6000000000000005,3.8,0,1.0,1.0,2,0.0,1.0,4.8,4.8,2.3,2.6
1759600800,Deportes Santa Cruz,Cobreloa,0.0,1.022502314320302,1.3807448550879442,1.0290536210211494,51.462636188848535,1.2572441785943176,2.2999999999999985,4.5,1.0145064648375908,2.421255124566383,1.2092715231788078,45.88987701040681,1.1676695048880477,2.6000000000000005,3.8,0,1.0,1.0,2,1.0,2.0,5.4,5.4,2.3,2.6
1759615200,Universidad de Concepcion,Union San Felipe,0.0,1.024001215251405,1.193346498556889,1.2170439009570106,51.74598207504178,1.2770074434148566,2.2999999999999985,4.5,1.0071396020051648,1.3964150083548534,0.8323256873765761,47.41608689047546,1.145186085371411,2.6000000000000005,3.8,0,1.0,1.0,0,2.0,1.0,6.0,4.8,2.3,2.6
1759678200,Antofagasta,Curico Unido,0.0,2.3299633699633695,0.6335531135531135,1.9633699633699633,54.54461538461538,2.2845128205128207,2.2999999999999985,4.5,0.6347101174687382,1.3965138309965897,0.6459264873057977,46.85729442970822,0.8658582796513828,2.6000000000000005,3.8,0,1.0,1.0,2,0.0,2.0,4.8,5.4,2.3,2.6
1759687200,San Luis,San Marcos de Arica,0.0,1.2101028433151846,1.1934664246823956,1.403266787658802,52.024954627949185,1.388653962492438,2.2999999999999985,4.5,0.8210526315789475,2.327344222625529,0.2737749546279492,45.74056261343013,1.0149274047186931,2.6000000000000005,3.8,0,1.0,1.0,1,1.0,1.0,5.4,4.8,2.3,2.6
1759687200,Santiago Morning,Santiago Wanderers,0.0,0.6497155361050327,0.8203355215171408,1.4030926331145148,51.74407002188184,0.9776542669584246,2.2999999999999985,4.5,1.7520712291556628,1.5824643476948617,1.390975628159662,48.2544103221912,1.70387534897759,2.6000000000000005,3.8,0,1.0,1.0,1,1.0,1.0,5.4,4.8,2.3,2.6
1759696200,Deportes Temuco,Rangers de Talca,0.0,1.5824122873061288,1.5658485167896403,1.5893389549766603,52.02484565577473,1.6864929980424637,2.2999999999999985,4.5,1.1940502183406114,1.209061135371179,1.9542849344978166,47.97748362445415,1.275996179039301,2.6,3.8,0,1.0,1.0,1,1.0,1.0,5.4,4.8,2.3,2.6
1760196600,Magallanes,Santiago Morning,0.0,1.5834984890013355,1.193843558928948,1.4028673835125447,52.58448239510858,1.6873216670180617,2.2999999999999985,4.5,0.6325532363483028,1.9576920373884321,0.830191861690913,46.012291798439804,0.8455281467425679,2.6,3.8,0,1.0,1.0,2,0.0,1.0,4.8,4.8,2.3,2.6
1760214600,Deportes Copiapo,San Marcos de Arica,0.0,1.2201863354037266,0.6720496894409937,1.7487577639751553,52.8222049689441,1.397329192546584,2.299999999999997,4.5,0.4469565217391304,1.5827536231884058,0.45811594202898553,46.296304347826094,0.715695652173913,2.6,3.8,0,1.0,1.0,0,3.0,1.0,6.6,4.8,2.3,2.6
1760223600,Santiago Wanderers,Concepción,0.0,0.8363268257411425,0.8202747650036153,1.589645697758496,52.02407809110629,1.0896080983369487,2.2999999999999985,4.5,1.3605495300072308,1.7393203181489516,1.2091973969631236,47.43184381778742,1.4100245842371655,2.6,3.8,0,1.0,1.0,1,2.0,2.0,6.0,5.4,2.3,2.6
1760283000,Union San Felipe,Deportes Santa Cruz,0.0,1.7697546897546899,0.8204040404040405,2.336248196248196,53.42402597402598,1.8363463203463206,2.2999999999999985,4.5,0.8204040404040405,1.2097546897546896,1.0178932178932178,47.41597402597403,0.9957777777777777,2.6,3.8,0,1.0,1.0,1,0.0,0.0,4.8,4.2,2.3,2.6
1760292000,Cobreloa,Deportes Temuco,0.0,2.259121670266379,0.6671562275017998,2.0990352771778262,54.38794816414688,2.2110698344132467,2.299999999999997,4.5,0.44691144708423325,1.0228941684665227,0.6445212383009359,47.13602591792657,0.715660187185025,2.6,3.8,0,1.0,1.0,0,2.0,1.0,6.0,4.8,2.3,2.6
1760301000,Universidad de Concepcion,Curico Unido,0.0,1.3963218390804597,1.1935632183908045,1.7764080459770115,52.30413793103448,1.5562729885057474,2.2999999999999985,4.5,0.8202298850574713,1.209655172413793,1.0176724137931035,47.41586206896552,1.014310344827586,2.6,3.8,0,1.0,1.0,0,2.0,0.0,6.0,4.2,2.3,2.6
1760396400,Rangers de Talca,Antofagasta,0.0,0.45913978494623653,0.4438172043010753,1.2155913978494624,52.02298387096774,0.8440725806451614,2.299999999999999,4.5,1.006520985084981,0.6481442941380507,1.391120360735345,48.537565036420396,1.1447034339229964,2.6,3.8,0,1.0,1.0,0,2.0,1.0,6.0,4.8,2.3,2.6
1760396400,San Luis,Recoleta,0.0,1.2098426323319025,1.0067238912732475,1.5901859799713878,52.30467811158798,1.3884148783977113,2.2999999999999985,4.5,0.4438036480686695,1.0217274678111588,1.0162285407725322,47.133114270386265,0.7320413090128755,2.6,3.8,0,1.0,1.0,1,0.0,0.0,4.8,4.2,2.3,2.6
1760725800,Recoleta,Rangers de Talca,0.0,1.0215471092077089,1.1936563169164882,1.0282387580299786,51.74183618843683,1.2565042826552464,2.299999999999999,4.5,1.005969761858413,1.2087729543832326,1.5793394328726236,47.69579521121277,1.1255103497501782,2.6,3.8,0,1.0,1.0,2,2.0,3.0,6.0,6.0,2.3,2.6
1760734800,Santiago Morning,Cobreloa,0.0,0.4610421836228289,0.8195202646815551,1.0289495450785773,51.462282878411905,0.826782464846981,2.2999999999999985,4.5,1.3603418803418803,2.0861538461538465,1.7283760683760683,46.91128205128205,1.4272136752136753,2.5999999999999996,3.8,0,1.0,1.0,0,3.0,0.0,6.6,4.2,2.3,2.6
1760801400,San Marcos de Arica,Union San Felipe,0.0,1.3966453447050462,0.6333475479744136,1.7768017057569299,53.14494669509595,1.5565259417199717,2.2999999999999985,4.5,0.6333475479744136,1.583312011371713,0.27067519545131485,46.575053304904046,0.8461577825159913,2.6,3.8,0,1.0,1.0,0,1.0,0.0,5.4,4.2,2.3,2.6
1760801400,Curico Unido,Santiago Wanderers,0.0,1.396595744680851,1.7531914893617022,0.8436879432624114,51.465106382978725,1.5564822695035463,2.2999999999999985,4.5,1.3798581560283687,1.7699290780141845,1.017163120567376,47.41489361702128,1.406042553191489,2.6,3.8,0,1.0,1.0,0,1.0,0.0,5.4,4.2,2.3,2.6
1760887800,Antofagasta,Universidad de Concepcion,0.0,2.1450448599411,0.631970412985412,1.965070885555784,54.26961167043353,2.1552633381275257,2.2999999999999985,4.5,1.3797027600849257,0.6498796886058031,1.9503184713375796,49.09473460721868,1.4432611464968153,2.6,3.8,0,1.0,1.0,0,3.0,0.0,6.6,4.2,2.3,2.6
1760896800,Deportes Copiapo,Magallanes,0.0,1.5668926553672315,0.6657627118644067,2.1015819209039552,53.351694915254235,1.674576271186441,2.299999999999997,4.5,1.380207763805358,0.8355932203389831,1.5775560415527612,48.816921815199564,1.4249808638600325,2.6,3.8,0,1.0,1.0,0,2.0,0.0,6.0,4.2,2.3,2.6
1760905800,Deportes Temuco,Deportes Santa Cruz,0.0,1.3968710359408034,1.5660606060606062,1.217674418604651,51.746215644820296,1.5380239605355885,2.2999999999999985,4.5,0.4445747800586511,0.8356816476846485,1.0160949328241151,47.413339698561,0.7139030212098477,2.6,3.8,0,1.0,1.0,1,0.0,0.0,4.8,4.2,2.3,2.6
1760905800,Concepción,San Luis,0.0,2.086694796061885,1.1851476793248945,1.928551336146273,53.35232067510548,2.0904303797468358,2.299999999999997,4.5,1.5659071729957805,1.2100140646976087,1.5765963431786216,48.53383966244726,1.5735864978902954,2.6,3.8,0,1.0,1.0,1,2.0,2.0,6.0,5.4,2.3,2.6
1761345000,Universidad de Concepcion,Deportes Temuco,0.0,1.7710696095076401,0.6316468590831918,2.33955857385399,53.709134125636666,1.8373718166383703,2.2999999999999985,4.5,0.6316468590831918,1.209779286926995,0.6418336162988116,47.132801358234296,0.8448556876061118,2.5999999999999996,3.8,0,1.0,1.0,0,3.0,2.0,6.6,5.4,2.3,2.6
1761345000,San Luis,Deportes Copiapo,0.0,1.0229059365681756,1.0059636757928978,1.2171862293304418,52.025413391162914,1.25754676063974,2.2999999999999985,4.5,0.8365546218487395,0.8693802521008405,1.2057247899159664,47.95076155462185,1.0083403361344536,2.5999999999999996,3.8,0,1.0,1.0,1,0.0,0.0,4.8,4.2,2.3,2.6
1761406200,Deportes Santa Cruz,San Marcos de Arica,0.0,1.2095125786163523,1.7556341719077568,0.8415880503144654,51.180817610062896,1.3881158280922434,2.299999999999999,4.5,0.6316223710015555,1.7711097585717184,0.45453438831405973,46.29076891864476,0.8448407384865082,2.5999999999999996,3.8,0,1.0,1.0,0,1.0,0.0,5.4,4.2,2.3,2.6
1761406200,Recoleta,Curico Unido,0.0,1.0213008748573602,1.1932040065931278,1.0284011664764803,51.74214530239635,1.2563154558133638,2.2999999999999985,4.5,0.8185720070184911,1.583965447428803,0.8285598596301796,46.851909839384525,1.0131191793764338,2.5999999999999996,3.8,0,1.0,1.0,1,1.0,1.0,5.4,4.8,2.3,2.6
1761406200,Union San Felipe,Santiago Morning,0.0,1.20972456057647,0.818560172402182,1.9656542528116372,52.58674658226143,1.407003838642333,2.2999999999999985,4.5,0.6304801670146137,1.9594206680584552,0.8276356993736952,46.00658924843424,0.8439457202505217,2.5999999999999996,3.8,0,1.0,1.0,0,2.0,0.0,6.0,4.2,2.3,2.6
1761492600,Magallanes,Antofagasta,0.0,1.3970052083333333,1.0053385416666667,1.4044270833333334,52.5875,1.5568489583333336,2.299999999999999,4.5,1.1928385416666667,1.0220052083333333,1.2024739583333333,48.25625,1.2750911458333332,2.5999999999999996,3.8,0,1.0,1.0,0,1.0,0.0,5.4,4.2,2.3,2.6
1761501600,Cobreloa,Santiago Wanderers,0.0,2.268918918918919,0.8353950103950105,2.1092515592515597,54.150285862785864,2.218617463617464,2.299999999999997,4.5,1.1924619408490376,1.2097646033129905,1.0152907249681444,47.97404600630407,1.2748252967607805,2.5999999999999996,3.8,0,1.0,1.0,0,2.0,0.0,6.0,4.2,2.3,2.6
1761519600,Rangers de Talca,Concepción,0.0,0.8334967936627687,0.6291462341254872,1.5925562680749403,52.30652583930592,1.124845970074186,2.2999999999999985,4.5,1.3601141078838173,2.0940871369294607,0.8543049792531121,46.89904045643153,1.4097665975103733,2.5999999999999996,3.8,0,1.0,1.0,0,1.0,0.0,5.4,4.2,2.3,2.6
1761933600,Deportes Temuco,Recoleta,0.0,1.022707540239097,1.3792693514993655,0.8438923395445136,51.4651572831096,1.2573752754958927,2.2999999999999985,4.5,0.4411318150448585,1.0213313256791516,1.0140535792709706,47.12970073404856,0.7300897170462386,2.6,3.8,0,1.0,1.0,0,3.0,0.0,6.6,4.2,2.3,2.6
1761942600,Concepción,Union San Felipe,0.0,2.4444214876033055,1.534555785123967,1.9354338842975207,53.364798553719005,2.3589979338842975,2.299999999999997,4.5,0.6307384697414024,1.7713143161823515,0.07931218341775532,46.28913623033858,0.8441828845641162,2.5999999999999996,3.8,0,1.0,1.0,0,2.0,1.0,6.0,4.8,2.3,2.6
1761951600,San Marcos de Arica,Rangers de Talca,0.0,1.2101097439308282,0.2565347522447623,2.153974060525441,53.4303624875291,1.4072896574659133,2.2999999999999985,4.5,1.1927228623408126,1.3974530018192843,1.5780473013947847,47.69290479078229,1.2749787750151607,2.6,3.8,0,1.0,1.0,0,3.0,0.0,6.6,4.2,2.3,2.6
1762023600,Deportes Copiapo,Universidad de Concepcion,0.0,1.9200102880658436,0.6592592592592593,2.4612139917695472,53.89112654320988,1.9394547325102882,2.299999999999997,4.5,1.3789725209080048,1.0232311164210806,1.9499535377671577,48.53361210673039,1.4427744590468605,2.5999999999999996,3.8,0,1.0,1.0,2,0.0,3.0,4.8,6.0,2.3,2.6
1762034400,Santiago Wanderers,Magallanes,0.0,1.0230509372723058,0.6308405643505333,1.779784063058886,52.58831555938266,1.2389388620255681,2.2999999999999985,4.5,1.004876796714579,0.8348305954825462,1.3892453798767967,48.25506930184805,1.143506160164271,2.5999999999999996,3.8,0,1.0,1.0,2,1.0,2.0,5.4,5.4,2.3,2.6
1762106400,Santiago Morning,San Luis,0.0,0.8347848360655737,0.8174948770491803,1.0302254098360655,52.02593493852459,1.1258068647540984,2.299999999999999,4.5,1.5664463246959281,1.3971972501322052,1.2020359598096246,48.253873611845584,1.574034902168165,2.5999999999999996,3.8,0,1.0,1.0,0,3.0,0.0,6.6,4.2,2.3,2.6
1762106400,Antofagasta,Deportes Santa Cruz,0.0,1.9599948875255624,0.44235685071574643,1.9679192229038855,54.27645705521472,2.0072213701431494,2.2999999999999985,4.5,0.44235685071574643,0.6474948875255624,1.2018149284253579,47.69229294478528,0.7122443762781184,2.5999999999999996,3.8,0,1.0,1.0,0,2.0,1.0,6.0,4.8,2.3,2.6
1762106400,Curico Unido,Cobreloa,0.0,0.6491112574061884,1.1921000658327847,0.8445029624753129,51.18551678736011,0.9584858459512839,2.2999999999999985,4.5,1.1846938775510205,2.6201530612244897,1.2033163265306124,45.8468112244898,1.3044642857142852,2.599999999999999,3.8,0,1.0,1.0,2,0.0,2.0,4.8,5.4,2.3,2.6
1763499600,Concepción,Antofagasta,0.0,2.6304061339403377,1.0093446747334371,2.4690307895052115,54.431592188810356,2.507583562956751,2.2999999999999976,4.5,0.8169351354687404,0.8338455841510831,1.013948034314633,47.974634326976485,0.9931605258285502,2.6,3.8,0,1.0,1.0,0,2.0,1.0,6.0,4.8,2.3,2.6
1763508600,Rangers de Talca,San Marcos de Arica,0.0,1.0211621233859398,0.6281922525107604,1.9699904351984696,52.58945480631277,1.256202773792444,2.2999999999999985,4.5,0.629954268292683,1.772484756097561,0.45172764227642276,46.286204268292686,0.843559451219512,2.5999999999999996,3.8,0,1.0,1.0,2,0.0,2.0,4.8,5.4,2.3,2.6
1763593200,Santiago Wanderers,Cobreloa,0.0,1.0223123732251522,1.0050709939148073,1.2179259634888437,52.025862068965516,1.2383367139959436,2.2999999999999985,4.5,1.538957165016108,2.100823290776757,1.733086743825319,47.15720081135903,1.5703973272879126,2.599999999999999,3.8,0,1.0,1.0,1,2.0,2.0,6.0,5.4,2.3,2.6
1763910000,Antofagasta,Concepción,0.0,1.7732302784934366,0.6292724819040607,1.9688381793644951,53.71593669488406,1.8578407557354928,2.2999999999999985,4.5,1.1862348178137652,1.924505834722553,0.8506787330316743,46.89259347463681,1.2882114789235528,2.599999999999999,3.8,0,1.0,1.0,1,1.0,1.0,5.4,4.8,2.3,2.6
1763910000,San Marcos de Arica,Rangers de Talca,0.0,1.772348484848485,0.25517676767676767,2.5303030303030303,54.275757575757574,1.838358585858586,2.2999999999999985,4.5,1.0047330447330447,1.209004329004329,1.578874458874459,47.69359307359307,1.1434054834054834,2.5999999999999996,3.8,0,1.0,1.0,0,1.0,0.0,5.4,4.2,2.3,2.6
1764190800,San Marcos de Arica,Cobreloa,0.0,1.5852639296187685,0.06549364613880737,2.532600195503422,54.279655425219936,1.6886730205278593,2.2999999999999985,4.5,1.1867383512544802,1.9285394265232974,1.38086917562724,46.88729838709677,1.288664874551971,2.599999999999999,3.8,0,1.0,1.0,0,2.0,1.0,6.0,4.8,2.3,2.6
1764199800,Concepción,Deportes Copiapo,0.0,2.2842387659289067,1.0089425441538118,2.4767717415604737,53.91294433266265,2.230453834115806,2.2999999999999976,4.5,0.8329979879275655,0.8656645756894308,1.2029826014913008,47.9510001183572,1.0056219670966975,2.599999999999999,3.8,0,1.0,1.0,0,1.0,0.0,5.4,4.2,2.3,2.6
1764545400,Cobreloa,San Marcos de Arica,0.0,1.9244034963382943,0.6562721474131822,2.1169383416017014,53.90219702338767,1.9427592723836524,2.2999999999999976,4.5,0.8168674698795181,1.021662407204576,1.01350857977364,47.692807594012415,0.993102105391262,2.5999999999999996,3.8,0,1.0,1.0,0,3.0,1.0,6.6,4.8,2.3,2.6
1764545400,Deportes Copiapo,Concepción,0.0,1.5718495815159732,1.009194860308853,1.9408228221148178,52.84398208181068,1.678356713426854,2.2999999999999976,4.5,0.8309062569583613,1.7511912714317523,0.4911600979737253,46.61957247828991,1.0039991093297704,2.599999999999999,3.8,0,1.0,1.0,1,1.0,1.0,5.4,4.8,2.3,2.6
1764802800,Concepción,Cobreloa,0.0,1.753684210526316,1.0082105263157894,2.4837894736842108,53.11821052631579,1.8058315789473685,2.2999999999999976,4.5,1.3661052631578947,1.5747368421052632,1.3810526315789473,47.68705263157895,1.414294736842105,2.599999999999999,3.8,0,1.0,1.0,1,1.0,1.0,5.4,4.8,2.3,2.6
1765149300,Cobreloa,Concepción,0.0,2.2843646041250834,0.6530938123752495,2.4772233311155465,54.44690618762475,2.2305300510090933,2.2999999999999976,4.5,0.8292467696186574,1.5746612039079735,0.6652169345519487,46.881878348566026,1.0026956613089608,2.599999999999999,3.8,0,1.0,1.0,2,2.0,3.0,6.0,6.0,2.3,2.6
1771628400,San Marcos de Arica,Deportes Santa Cruz,0.0,1.9623857511131944,0.25186313569252405,2.9112959925005857,54.56578392313101,1.9715139442231076,2.2999999999999985,4.5,0.4413135337438126,1.0218519859954123,0.637764095134613,47.129192321622604,0.7114306410720751,2.5999999999999996,3.8,0,1.0,1.0,1,1.0,1.0,5.4,4.8,2.3,2.6
1771686000,Santiago Wanderers,Recoleta,0.0,1.2096873305620819,1.380697632387493,0.8418820410868124,51.743484547261886,1.3881884450870536,2.2999999999999985,4.3,0.06361829025844933,1.585872997310256,0.4483920009355631,45.71661793942229,0.446965267220208,2.5999999999999996,4.0,0,1.0,1.0,2,0.0,2.0,4.8,5.4,2.8,2.6
1771794000,Rangers de Talca,Antofagasta,0.0,1.020892151326934,1.0045172219085263,1.7825183512140033,52.02456239412761,1.2559864483342744,2.300056465273855,6.1,0.62817949314113,1.2097419204836084,0.44831434550104626,47.12765635898628,0.8421553127179724,2.6001162520344105,3.55,0,1.0,1.0,2,0.0,2.0,4.8,5.4,2.8,2.6
1771880400,Cobreloa,Deportes Temuco,0.0,2.46991297140489,1.008288437629507,2.304641525072524,54.192436800663074,2.378810609200166,2.3002072109407354,5.5,1.0049212598425197,1.7727608267716535,0.4514025590551181,46.848240649606296,1.1247785433070863,2.600184547244094,3.6999999999999997,0,1.0,1.0,0,3.0,1.0,6.6,4.8,2.3,3.1
1771889400,Curico Unido,Magallanes,0.0,0.6479616895874263,1.3799115913555993,0.843565815324165,50.90207514734774,0.957576129666012,2.3001227897838885,5.8428571428571425,1.1926415431327022,1.0222658808120497,1.389093290468536,48.25556349348098,1.293713163064833,2.6002381377626955,3.742857142857143,0,1.0,1.0,2,1.0,2.0,5.4,5.4,2.8,2.6
1772226000,Recoleta,Union Espanola,0.0,0.8333333333333334,1.192964244521338,0.6525951557093426,51.46055363321799,1.1059169550173014,2.3001730103806213,5.6499999999999995,1.080392156862745,1.3666666666666667,1.223529411764706,47.57058823529412,1.1976470588235268,2.6039215686274426,4.0,0,1.0,1.0,0,2.0,1.0,6.0,4.8,2.3,3.1
1772235000,Deportes Santa Cruz,Cobreloa,0.0,1.0222973373658304,1.38062029294906,1.2180039138943246,51.46251556662516,1.238274328411315,2.3001779042874917,5.699999999999999,1.188023483365949,1.5767906066536206,1.0221135029354207,47.41684931506849,1.2717455968688842,2.6004892367906063,4.0,0,1.0,1.0,1,0.0,0.0,4.8,4.2,2.3,2.6
1772312400,Union San Felipe,Santiago Wanderers,0.0,1.3978271484375,0.8173828125,1.968505859375,52.87066650390625,1.5574707031250004,2.3001831054687485,5.38,0.8173828125,1.5853271484375,0.4512939453125,46.84808349609375,0.9934936523437499,2.6003051757812496,3.8200000000000003,0,1.0,1.0,1,1.0,1.0,5.4,4.8,2.3,2.6
1772321400,Deportes Copiapo,Rangers de Talca,0.0,1.396058046350444,1.1864414121724063,1.5883474117392247,52.31442495126706,1.5376564868962532,2.300324886289796,5.281818181818181,0.8154429283084254,1.398029023175222,1.0122373835824128,47.12612085769981,1.0108728611652589,2.600270738574832,3.8363636363636364,0,1.0,1.0,0,2.0,0.0,6.0,4.2,2.3,3.1
1772377200,Antofagasta,D. Puerto Montt,0.0,1.9626916914625772,0.8162279697871366,1.9704737926298925,53.71969558251316,1.9905790798809802,2.3001716639963363,5.349999999999999,1.075875486381323,1.3657587548638133,1.2178988326848248,47.56517509727627,1.1941634241245112,2.605836575875477,3.7000000000000006,0,1.0,1.0,2,1.0,2.0,5.4,5.4,2.8,2.6
1772407800,Deportes Temuco,Deportes Iquique,0.0,1.2103155339805824,1.0048543689320388,1.2184466019417475,52.30819174757281,1.4074514563106797,2.3002427184466008,5.269230769230768,1.0776699029126213,1.3650485436893205,1.221359223300971,47.56893203883495,1.1955339805825218,2.605825242718437,3.8615384615384616,0,1.0,1.0,1,1.0,1.0,5.4,4.8,2.3,2.6
1772485200,Magallanes,San Marcos de Arica,0.0,1.585717641531595,1.004698144233028,1.7814658210007048,52.87152924594785,1.6890063424947146,2.30023490721165,5.199999999999998,1.0045599635202918,1.5861377108983128,0.8247606019151847,47.12763337893297,1.1244322845417234,2.6003419972640214,3.8714285714285714,0,1.0,1.0,1,1.0,1.0,5.4,4.8,2.3,2.6
1772494200,San Luis,Curico Unido,0.0,1.0227272727272727,0.817335589941973,1.4058268858800773,52.30808752417795,1.2573742746615089,2.3002417794970973,5.139999999999999,1.004835589941973,1.7727272727272727,0.8262814313346228,46.84816247582205,1.1434477756286263,2.6003626692456474,3.8800000000000003,0,1.0,1.0,1,1.0,1.0,5.4,4.8,2.3,2.6
1772830800,Union San Felipe,Antofagasta,0.0,1.3977535977535978,1.0046800046800046,1.5934713934713935,52.589610389610385,1.5574166374166376,2.3002340002339987,4.347727272727272,1.0044125758411473,1.2093105350248208,0.8240044125758412,47.69265306122449,1.1242846111417537,2.6003309431880854,5.690714285714286,0,1.0,1.0,0,2.0,0.0,6.0,4.2,2.3,3.1
1772917200,Cobreloa,Curico Unido,0.0,2.2964161849710982,1.187514450867052,2.3095183044315992,53.66335260115607,2.2398304431599234,2.300385356454718,7.624705882352941,1.192433000525486,1.5857067787703627,1.0131955392071,47.41008933263269,1.2747544812284697,2.60040871139137,3.9871657754010696,0,1.0,1.0,0,5.0,1.0,7.8,4.8,2.3,3.1
1772926200,Deportes Iquique,San Marcos de Arica,0.0,2.5807692307692305,0.7166666666666667,1.9987179487179487,54.79615384615386,2.4825641025641043,2.3025641025640877,7.499999999999999,1.0042857142857142,1.586923076923077,0.8237362637362639,47.12604395604396,1.124186813186813,2.60043956043956,3.9885714285714284,0,1.0,1.0,1,0.0,0.0,4.8,4.2,2.3,2.6
1773003600,D. Puerto Montt,Recoleta,0.0,1.579014715291107,0.7152911068458094,1.998080614203455,53.29558541266795,1.6812539987204111,2.3025591810620454,5.594736842105262,0.4384535234439266,1.586772689882095,0.8237126405264602,46.27752125034275,0.7280998080614202,2.6004387167534957,5.680902255639098,0,1.0,1.0,0,3.0,1.0,6.6,4.8,2.3,3.1
1773012600,Rangers de Talca,San Luis,0.0,1.0206470838654746,1.1929331630481055,1.7833333333333332,51.74157088122605,1.2557960834397617,2.394657300979139,2.665,1.192290723325206,1.7740392430047605,1.0128874956461162,47.12737722048067,1.2934285382561246,2.694461859979101,2.292727272727273,0,1.0,1.0,1,1.0,1.0,5.4,4.8,2.3,2.6
1773090000,Santiago Wanderers,Deportes Santa Cruz,0.0,1.210055111910921,1.7572151613991678,0.6528849398267912,51.17925992576763,1.38845349229558,2.394342593634011,2.6714285714285717,0.6278033966932853,0.8335845236756271,0.8242492408053087,47.69132830952649,0.8418468113822966,2.6005061297941734,3.984873949579832,0,1.0,1.0,0,3.0,2.0,6.6,5.4,2.3,3.1
1773099000,Deportes Copiapo,Deportes Temuco,0.0,1.576215347529128,1.0078344716753715,1.9475693049417437,52.852571313780636,1.6816994777018885,2.300401767778222,6.039712918660287,1.0045107564191533,2.1499421697894983,0.261207494795281,46.28185287994449,1.1244089752486697,2.694517696044413,3.990082644628099,0,1.0,1.0,1,1.0,1.0,5.4,4.8,2.3,2.6
1773180000,Union Espanola,Magallanes,0.0,1.5822222222222222,0.7161904761904763,2.000634920634921,53.29904761904763,1.6836825396825414,2.302539682539668,5.682608695652173,1.569075630252101,1.2101960784313726,1.765266106442577,48.538319327731095,1.576033613445378,2.6005602240896355,5.684910485933505,0,1.0,1.0,2,1.0,2.0,5.4,5.4,2.8,2.6
1773435600,Recoleta,Union San Felipe,0.0,1.0212927756653993,1.1929168929929386,1.0284627919608909,51.74256382400869,1.2562802824551875,2.3002715915263425,6.061428571428571,0.6288512501440258,2.3377347620693625,0.07351077313054494,45.43667473211199,0.8426615969581748,2.6945154971770937,2.3045454545454547,0,1.0,1.0,0,2.0,0.0,6.0,4.2,2.3,3.1
1773444600,Deportes Iquique,Cobreloa,0.0,1.9369070208728654,0.5370018975332068,1.7504743833017078,54.09985768500949,1.9879032258064528,2.3023719165085277,6.225999999999999,1.1880003614348964,1.0356013373091173,1.2010120177103099,48.22859853618866,1.2716580825878736,2.600993945965482,2.357714285714286,0,1.0,1.0,2,1.0,2.0,5.4,5.4,2.8,2.6
1773522000,Magallanes,Deportes Temuco,0.0,1.2101827094474154,0.4397504456327986,1.9704768270944741,53.155648395721926,1.3885405525846704,2.300334224598929,4.365158371040724,1.0044563279857397,2.1513591800356506,0.25964795008912656,46.279645721925135,1.1243382352941174,2.6947303921568624,3.9959276018099548,0,1.0,1.0,2,0.0,1.0,4.8,4.8,2.8,2.6
1773531000,San Luis,Deportes Copiapo,0.0,1.0224551755742681,0.8167039010139199,1.4057741880048118,52.30862691184052,1.2571667525920833,2.3004009852781104,4.36060606060606,0.6500646701820715,1.0390010944184658,1.022883295194508,47.41659536364541,0.8772181872450501,2.6905681026763495,2.3824561403508775,0,1.0,1.0,1,2.0,2.0,6.0,5.4,2.3,2.6
1773586800,Antofagasta,Union Espanola,0.0,1.3983827493261454,1.1929919137466307,1.4053908355795146,52.30808625336927,1.5390943396226417,2.394663072776279,4.358775510204081,1.0515723270440254,1.5811320754716982,0.8113207547169813,47.20566037735849,1.1632704402515708,2.7735849056603694,4.0,0,1.0,1.0,0,2.0,1.0,6.0,4.8,2.3,3.1
1773608400,Curico Unido,Rangers de Talca,0.0,0.8347200821777093,1.5683159276379617,0.8422530388632083,50.899606231809614,1.0881846715745023,2.3943388689151384,4.363949843260188,0.8149844760014252,1.776912505726065,0.822415635974958,46.55710795541304,1.0105257800173055,2.6952053748663913,2.2972972972972974,0,1.0,1.0,0,1.0,0.0,5.4,4.2,2.3,3.1
1773617400,D. Puerto Montt,Deportes Santa Cruz,0.0,1.9360902255639099,0.7875939849624061,2.25,53.722744360902254,1.9622180451127833,2.303289473684199,6.16,0.8157250268528464,1.2098388829215898,0.6349946294307197,47.40882921589688,0.9921847475832437,2.6949838882921586,4.845142857142857,0,1.0,1.0,0,2.0,0.0,6.0,4.2,2.3,3.1
1773703800,San Marcos de Arica,Santiago Wanderers,0.0,1.5870490485124633,0.43846689895470387,2.5373036719378184,53.72287322433664,1.6711616188689362,2.3003752345215744,4.359723502304147,0.8165558019216556,1.5862641423617034,0.4490988686110637,46.84543748933992,0.9928330206378986,2.6007959520154635,3.9929618768328448,0,1.0,1.0,1,0.0,0.0,4.8,4.2,2.3,2.6
1774049400,Union Espanola,D. Puerto Montt,0.0,1.4353932584269664,1.0355805243445693,1.500936329588015,52.5997191011236,1.5617041198501886,2.428277153558041,5.2281249999999995,1.3807740324594258,1.2471910112359552,1.8064918851435707,48.20037453183521,1.426841448189761,2.608739076154799,4.487500000000001,0,1.0,1.0,0,2.0,1.0,6.0,4.8,2.3,3.1
1774126800,Rangers de Talca,Recoleta,0.0,0.8309168982066178,1.1930285425612528,1.4056579944430412,51.456832533468045,1.1040161656984089,2.3949482192472833,3.501719901719902,0.6261682242990654,1.9651090342679127,0.8226375908618899,45.99158878504672,0.8594496365524402,2.695223260643821,4.840909090909092,0,1.0,1.0,2,2.0,4.0,6.0,6.6,2.8,2.6
1774135800,Deportes Santa Cruz,Curico Unido,0.0,0.8337137840210711,1.0044995610184373,1.40599209833187,51.743821334503956,1.1061874451273048,2.300438981562773,2.665051903114187,1.0044995610184373,1.7748902546093064,1.0124012291483757,46.844413959613696,1.1243766461808602,2.6949407374890253,4.0,0,1.0,1.0,0,4.0,2.0,7.199999999999999,5.4,2.3,3.1
1774191600,Santiago Wanderers,Antofagasta,0.0,1.5873157754722003,1.9473264166001596,1.0288374567704177,51.45998403830806,1.6902314445331206,2.3947113594040954,5.213224489795919,0.8154562383612664,1.398779226153528,0.6338092282226361,47.12501551831161,0.9919842747775708,2.695272087730188,4.002857142857143,0,1.0,1.0,1,2.0,2.0,6.0,5.4,2.3,2.6
1774213200,Deportes Copiapo,Deportes Iquique,0.0,1.217918215613383,1.0079925650557622,1.5903717472118961,52.31488847583643,1.3949925650557624,2.3007434944237892,5.225,1.053283767038414,1.2527881040892195,1.1387856257744735,47.70074349442379,1.164684014869887,2.609913258983883,4.066666666666667,0,1.0,1.0,0,2.0,0.0,6.0,4.2,2.3,3.1
1774222200,Deportes Temuco,San Luis,0.0,1.3988081182886378,0.8168437622983078,1.4064541519086973,52.87294653398549,1.5394422893124193,2.3004497666835313,4.37076167076167,1.1928189457601222,1.7753137618683836,1.0121139364836844,47.12625777583761,1.293855724107825,2.6950452908436096,3.1558028616852143,0,1.0,1.0,1,1.0,1.0,5.4,4.8,2.3,2.6
1774299600,Union San Felipe,San Marcos de Arica,0.0,1.775272331154684,0.6281045751633987,2.159150326797386,53.72075163398693,1.8405991285403054,2.300435729847493,5.2139318885448915,0.8154320987654321,1.021090534979424,1.0114197530864197,47.691512345679016,0.9919650205761316,2.6008744855967074,3.1526315789473682,0,1.0,1.0,1,1.0,1.0,5.4,4.8,2.3,2.6
1774308600,Cobreloa,Magallanes,0.0,2.84561218202623,1.1883460962943402,2.314725816389402,54.485899128597836,2.6790071296540803,2.3007041633658982,9.29120879120879,1.3815790863480326,1.3987958806443093,1.766010034327964,47.97417480855558,1.4260110905730128,2.600897808291523,5.69978021978022,0,1.0,1.0,1,1.0,1.0,5.4,4.8,2.3,2.6
1774645200,Recoleta,Deportes Temuco,0.0,1.3987904879048791,1.1931939319393194,1.405760557605576,52.308394833948334,1.539387043870439,2.3004100041000397,6.06,1.1929994728518714,1.7758987875593042,0.8231312598840275,47.12565102793885,1.2562867685819712,2.6951818661043747,4.002571428571429,0,1.0,1.0,2,1.0,5.0,5.4,7.2,2.8,2.6
1774710000,San Marcos de Arica,Union Espanola,0.0,1.3987517904644977,0.4380396971557193,2.1611622672396154,53.44106813996317,1.5393533865357072,2.3004604051565365,3.5085365853658534,1.0423572744014733,1.6887661141804788,0.6040515653775322,47.030386740331494,1.150368324125229,2.857826887661135,4.109756097560975,0,1.0,1.0,0,2.0,0.0,6.0,4.2,2.3,3.1
1774731600,D. Puerto Montt,Santiago Wanderers,0.0,1.9514705882352943,0.6330882352941176,2.401470588235294,53.97757352941177,1.9716911764705896,2.3033088235294024,6.168571428571428,0.44016003460207614,1.0222750865051904,0.6356401384083045,47.126827422145325,0.7105449826989617,2.600973183391003,3.1630252100840335,0,1.0,1.0,2,0.0,2.0,4.8,5.4,2.8,2.6
1774740600,Curico Unido,Deportes Copiapo,0.0,0.8338909875876956,1.38143550998381,1.2177010253642742,51.17868321640583,1.0874905558553698,2.3946573124662693,4.359097127222982,0.6484403669724771,1.0376146788990825,1.0209174311926605,47.416238532110086,0.8760550458715592,2.6916513761467877,4.02093023255814,0,1.0,1.0,1,1.0,1.0,5.4,4.8,2.3,2.6
1774796400,Antofagasta,Deportes Iquique,0.0,1.7764143264143264,1.0046805046805047,1.9722222222222223,53.157600732600734,1.8225966625966632,2.3949531949531937,5.204545454545454,0.7921245421245421,1.4377289377289377,0.8543956043956044,47.0315934065934,0.9751831501831489,2.7332417582417516,3.6522727272727273,0,1.0,1.0,0,4.0,0.0,7.199999999999999,4.2,2.3,3.1
1774818000,Cobreloa,Union San Felipe,0.0,2.670932358318099,1.3711151736745886,1.9547947482133954,53.949725776965266,2.5391391058667114,2.300830978893134,7.67090909090909,0.4401333476717927,2.340015055382299,0.07097537369609637,45.15017743843424,0.710523712227121,2.78925690934509,2.315294117647059,0,1.0,1.0,0,2.0,0.0,6.0,4.2,2.3,3.1
1774827000,San Luis,Deportes Santa Cruz,0.0,0.8341992271361099,0.8164877629884071,1.0297337913267497,52.02656719622155,1.1065521683125807,2.3005367110347774,5.211508951406649,0.8155717761557177,1.5878548256285483,0.44468775344687755,46.84157542579075,0.9920802919708028,2.789902676399026,4.006521739130434,0,1.0,1.0,0,3.0,2.0,6.6,5.4,2.3,3.1
1774904400,Magallanes,Rangers de Talca,0.0,0.8333905802758262,0.6275409836065574,1.406182669789227,52.308774395003894,1.1059255789747595,2.394806141035648,3.5170820668693006,0.6253666954270923,1.7781229028856294,0.6316939890710384,46.2708656888122,0.8778276291822451,2.790480299108426,2.302799552071669,0,1.0,1.0,0,3.0,2.0,6.6,5.4,2.3,3.1
1775865600,Union Espanola,Cobreloa,0.0,1.5549090909090908,1.0334545454545454,1.8043636363636364,52.78218181818181,1.6544000000000012,2.403636363636354,5.5,1.1894214876033058,1.2170247933884297,1.2,47.95859504132231,1.2727272727272725,2.6018181818181807,4.017045454545454,0,1.0,1.0,1,1.0,1.0,5.4,4.8,2.3,2.6
1775934000,Union San Felipe,Curico Unido,0.0,1.2106611355976147,0.43905626134301273,1.783427534353124,53.15740731138191,1.3888794399792588,2.3005185377236175,4.9328862973760925,1.0047705470572985,2.5306611355976147,0.44569354420534096,45.711164117189526,1.1245610578169558,2.78971221156339,4.576209912536443,0,1.0,1.0,1,0.0,0.0,4.8,4.2,2.3,2.6
1775943000,Deportes Santa Cruz,Magallanes,0.0,1.2105175983436853,1.3818012422360246,1.4062318840579708,51.743074534161494,1.4076293995859213,2.3005175983436836,6.0609142857142855,1.382306763285024,1.2102254428341386,1.9555152979066022,48.25812198067632,1.4265760869565214,2.6011070853462153,5.141333333333334,0,1.0,1.0,1,2.0,2.0,6.0,5.4,2.3,2.6
1775952000,Deportes Iquique,D. Puerto Montt,0.0,1.7540687160940325,0.8332730560578661,1.4032549728752262,53.38119349005425,1.8337432188065113,2.403616636528019,5.831764705882353,1.2915913200723326,1.4425858951175408,1.3494575045207957,47.77350813743219,1.3498191681735972,2.734945750452072,4.538235294117648,0,1.0,1.0,1,0.0,0.0,4.8,4.2,2.3,2.6
1776011400,Deportes Copiapo,Recoleta,0.0,1.2173972838232765,1.0077359463641051,1.591163830153,52.31449200618876,1.3945229499742138,2.300859549596009,5.487912087912088,1.3827690506390868,1.5882525124402382,1.3891111327934433,47.69177480729827,1.4458483754512634,2.6956678700361008,6.277754677754679,0,1.0,1.0,2,2.0,4.0,6.0,6.6,2.8,2.6
1776020400,Santiago Wanderers,San Luis,0.0,1.587987987987988,1.9492492492492492,1.028028028028028,51.45810810810811,1.6907407407407409,2.3949949949949936,5.4937106918239,0.8163706563706564,1.7762162162162163,0.6343886743886744,46.56023166023166,0.9927052767052766,2.6954182754182745,3.4478706199460913,0,1.0,1.0,0,3.0,1.0,6.6,4.8,2.3,3.1
1776029400,Deportes Temuco,Antofagasta,0.0,1.2109818027930597,0.6286077020736353,1.4063055438002539,52.87356115107914,1.3891536182818454,2.30058188743123,4.366666666666666,1.0046665370406378,1.3992805755395683,0.8216021777172857,47.408078942251606,1.143359906669259,2.6957126190939134,4.5801801801801805,0,1.0,1.0,1,3.0,3.0,6.6,6.0,2.3,2.6
1776038400,Rangers de Talca,San Marcos de Arica,0.0,0.83103089861098,1.7626192950959085,0.8371728243409242,50.6026174052726,1.1040990267409998,2.4899933856184435,4.362009569377991,1.0048522490174197,1.021058760735601,1.1999611820078606,47.97569023242273,1.1245863457712646,2.601116017274006,3.4483538083538083,0,1.0,1.0,2,2.0,3.0,6.0,6.0,2.8,2.6
1776470400,Rangers de Talca,Union Espanola,0.0,1.0200349232607298,2.332984100726036,0.2668504733020862,50.03057623380204,1.2553184449958645,2.5851668045216423,4.787912087912088,0.8372759856630825,1.7562724014336917,0.4810035842293907,46.62150537634409,1.003010752688171,2.9082437275985598,3.7814285714285716,0,1.0,1.0,1,1.0,1.0,5.4,4.8,2.3,2.6
1776529800,Recoleta,Curico Unido,0.0,1.5886476816709376,1.9509742300439974,1.40555045206208,51.45651017744041,1.6723299327950494,2.3951747812212916,5.498293029871977,1.0051679586563307,2.154999006161797,0.6334525939177102,46.2752534287418,1.124851918107732,2.7900318028224995,4.019298245614035,0,1.0,1.0,1,2.0,2.0,6.0,5.4,2.3,2.6
1776538800,Magallanes,Santiago Wanderers,0.0,1.0217261904761905,1.0052579365079366,1.405654761904762,52.02470238095238,1.2566071428571433,2.3950396825396814,4.932183908045976,0.628265306122449,0.8337755102040817,1.011530612244898,47.69173469387755,0.8610612244897958,2.601173469387754,4.02128078817734,0,1.0,1.0,2,2.0,3.0,6.0,6.0,2.8,2.6
1776547800,San Marcos de Arica,Cobreloa,0.0,1.2103868574456809,0.4377318494965554,2.1621139856433973,53.158982511923696,1.3886351592233948,2.30062629474394,4.364315162620247,1.0085251491901108,1.0341005967604433,1.200434007595133,47.9616368286445,1.1279330388281792,2.601782531194295,4.037140751658069,0,1.0,1.0,0,2.0,1.0,6.0,4.8,2.3,3.1
1776556800,Deportes Santa Cruz,Union San Felipe,0.0,1.5885132463424279,1.194325820482404,1.5945432977461447,52.59128113879004,1.6911427441676552,2.3006425464610505,6.0666666666666655,0.2513065582104728,2.342470767666497,0.06873411286222676,44.86325368581596,0.5783446873411284,2.884077275038128,2.326857142857143,0,1.0,1.0,2,1.0,3.0,5.4,6.0,2.8,2.6
1776627000,Antofagasta,Deportes Copiapo,0.0,1.9671643224041093,1.0054726129326486,1.9729249675963707,53.442537564207186,1.975133214920071,2.3952666698670235,6.634071776694727,0.647737460881333,1.2183371394739066,0.6577180072739575,47.14410048211114,0.8755882601708533,2.692506132115367,4.044964871194379,0,1.0,1.0,0,1.0,0.0,5.4,4.2,2.3,3.1
1776636000,San Luis,Deportes Iquique,0.0,1.2109625126646404,1.0056737588652482,1.4058156028368793,52.307933130699084,1.4079635258358663,2.3007092198581542,6.063502304147464,0.6397163120567375,1.9567375886524823,0.6815602836879433,46.024468085106385,0.8648936170212757,2.808865248226944,3.454193548387097,0,1.0,1.0,0,2.0,1.0,6.0,4.8,2.3,3.1
1776729600,D. Puerto Montt,Deportes Temuco,0.0,1.6309734513274337,0.8663716814159292,2.0014749262536875,53.14690265486726,1.7300589970501488,2.3874631268436497,5.590476190476191,1.9499508357915438,1.5884955752212389,1.3889872173058013,48.54218289085546,1.8617797443461157,2.6957227138643063,5.723809523809524,0,1.0,1.0,0,1.0,0.0,5.4,4.2,2.3,3.1
1777134600,Deportes Copiapo,San Marcos de Arica,0.0,1.581111468037263,1.1906521040796658,1.5915515579826536,52.5856890459364,1.6672341792483139,2.3920334082878227,5.632102272727273,1.1945880602566488,1.39959084991631,1.1999814022689232,47.69249581551051,1.2763474056165145,2.601255346847684,4.447039473684209,0,1.0,1.0,2,0.0,3.0,4.8,6.0,2.8,2.6
1777134600,Union San Felipe,Magallanes,0.0,1.2105428179502253,0.4389182833627278,1.783578287281991,53.15743680188125,1.3887634724671765,2.3007348618459713,4.361538461538462,1.7621907621907622,1.2102578769245436,2.1460984794318128,48.82789932789933,1.7115258115258112,2.6012870012870004,5.300977130977132,0,1.0,1.0,2,0.0,1.0,4.8,4.8,2.8,2.6
1777161600,Curico Unido,D. Puerto Montt,0.0,0.8335613682092556,1.0057344064386318,1.405814889336016,51.74174044265594,1.0871951710261571,2.395090543259556,4.360779220779221,1.0401408450704226,1.1549295774647887,1.282394366197183,47.827816901408454,1.165211267605633,2.709507042253515,4.174545454545455,0,1.0,1.0,0,2.0,1.0,6.0,4.8,2.3,3.1
1777163400,Deportes Temuco,Rangers de Talca,0.0,1.587908611599297,1.0057243283956816,1.405965352749184,52.873276424805425,1.6906703489831787,2.3008034145116727,5.492835820895523,0.43590644856022714,1.9686359334865486,0.06173674011986847,45.700905772610525,0.7262989500247847,2.885877157406155,3.4528128587830085,0,1.0,1.0,0,2.0,1.0,6.0,4.8,2.3,3.1
1777221000,Recoleta,Antofagasta,0.0,1.588919667590028,1.763157894736842,1.595106186518929,51.73864265927978,1.6725023084025858,2.3954755309325932,5.636068111455109,1.5736842105263158,1.7783933518005541,1.0106186518928901,47.692936288088646,1.5796121883656509,2.6960757156048007,5.301238390092879,0,1.0,1.0,2,0.0,2.0,4.8,5.4,2.8,2.6
1777230000,Cobreloa,San Luis,0.0,2.494525241757405,1.1914414071423132,1.9569024594532856,53.95462575192264,2.397889286530116,2.3012944490976905,7.266824196597353,0.6278653434520335,1.9659466822338976,0.4447168709865733,45.9928779918272,0.8418797431406887,2.7902996691963406,3.59963768115942,0,1.0,1.0,0,3.0,1.0,6.6,4.8,2.3,3.1
1777248000,Union Espanola,Deportes Santa Cruz,0.0,1.4632867132867133,1.0337995337995338,1.6689976689976689,52.644230769230774,1.5793123543123553,2.388286713286705,5.260000000000001,1.1946701946701945,2.156208656208656,0.2542052542052542,46.55769230769231,1.2764127764127764,2.885201285201284,4.44930501930502,0,1.0,1.0,0,2.0,0.0,6.0,4.2,2.3,3.1
1777334400,Deportes Iquique,Santiago Wanderers,0.0,1.4636416521233275,0.699825479930192,1.3365328679464805,53.145724258289704,1.612914485165795,2.3882780686445524,5.263380281690142,1.1944153577661432,1.0217180531316656,1.577816560015513,48.25904595695171,1.295123133604809,2.601502811712235,4.872535211267606,0,1.0,1.0,0,2.0,1.0,6.0,4.8,2.3,3.1
1777593600,Union Espanola,Curico Unido,0.0,1.5405674464907917,0.8855151816824292,1.8606271777003485,52.98257839721254,1.639870582379294,2.375659532105518,5.385714285714286,1.1945569262642433,2.3455127601469066,0.6323570957717299,46.27356624917601,1.2763254543742348,2.7906959224032386,4.3621621621621625,0,1.0,1.0,0,2.0,0.0,6.0,4.2,2.3,3.1
1777757400,Deportes Santa Cruz,Deportes Iquique,0.0,1.5888131609870741,1.3836427732079906,1.5953936545240894,52.30775558166862,1.6913701527614573,2.3953936545240877,5.63700481303221,0.6991304347826087,1.9643478260869567,0.5655072463768116,46.10217391304348,0.9035362318840573,2.8595652173912987,3.5232876712328767,0,1.0,1.0,1,2.0,2.0,6.0,5.4,2.3,2.6
1777766400,Rangers de Talca,D. Puerto Montt,0.0,1.2097048611111112,2.1449479166666667,0.4556944444444445,50.59713541666666,1.3880572916666667,2.5857378472222208,4.697945945945946,1.0329861111111112,1.2980324074074074,1.0653935185185186,47.60243055555556,1.1539351851851845,2.776215277777772,4.12972972972973,0,1.0,1.0,2,0.0,1.0,4.8,4.8,2.8,2.6
1777825800,Magallanes,Deportes Copiapo,0.0,1.3995503302262402,1.383718206941777,1.4060143332240387,52.02374818492669,1.539964401142911,2.4900323200149876,5.209729729729729,0.6453442571293524,1.3992437371986766,0.4726642508271625,46.86915077989601,0.87378288955412,2.7844178351977296,3.6258181818181816,0,1.0,1.0,2,2.0,3.0,6.0,6.0,2.8,2.6
1777834800,Santiago Wanderers,Deportes Temuco,0.0,1.9671747872439913,1.7622743851117553,1.5950621902178996,52.30735060319835,1.9940615355840277,2.3954830262788724,6.061593172119488,1.5730851959225662,1.2104180304872345,1.3893201159637145,48.544000748153,1.5791452352005986,2.7907322547460947,5.044665718349929,0,1.0,1.0,1,2.0,2.0,6.0,5.4,2.3,2.6
1777843800,Cobreloa,Antofagasta,0.0,2.6828151986183073,0.8253022452504318,2.5089810017271157,54.78626943005182,2.5484110535405877,2.3013672999424273,7.361558441558441,1.764288561179753,1.3996811478676763,1.5795934635312874,48.546911119968115,1.7320703246091844,2.6963332004782776,5.388931068931068,0,1.0,1.0,0,2.0,0.0,6.0,4.2,2.3,3.1
1777932000,San Luis,Union San Felipe,0.0,1.5886015325670497,1.1945402298850574,1.7839080459770116,52.591091954022986,1.6912068965517242,2.3009099616858224,6.061538461538461,0.8167624521072797,2.3441570881226053,0.6333333333333333,45.70890804597702,1.0118869731800766,2.884961685823754,3.5980769230769227,0,1.0,1.0,0,4.0,0.0,7.199999999999999,4.2,2.3,3.1
1777941000,San Marcos de Arica,Recoleta,0.0,1.399963764833771,0.626306730682127,2.163837304103633,53.16048555122747,1.5402771990216506,2.300860585197933,4.787475016655564,2.1420962043663376,1.96838481746535,1.7683123471328925,48.26056708035148,2.034345502309992,2.6963221306277734,7.004596935376416,0,1.0,1.0,0,1.0,0.0,5.4,4.2,2.3,3.1
1778284800,D. Puerto Montt,Magallanes,0.0,1.54246440844379,0.7422680412371134,2.1472754050073637,53.200294550810014,1.6556210112911152,2.376092292587131,5.399285714285716,1.5735756918068369,1.0209802857659613,2.1471513836136737,48.82889310906131,1.560587809730512,2.601627780792186,5.042105263157895,0,1.0,1.0,0,2.0,0.0,6.0,4.2,2.3,3.1
1778284800,Deportes Iquique,Rangers de Talca,0.0,1.5427591276647883,0.7417299681450624,1.5765743690271994,53.201543739279586,1.670129870129871,2.376084293065418,5.401587301587303,0.624802744425386,1.779982847341338,0.059691252144082385,46.267229845626076,0.8584888507718696,2.9815866209262425,3.589166666666667,0,1.0,1.0,1,1.0,1.0,5.4,4.8,2.3,2.6
1778344200,Recoleta,Deportes Santa Cruz,0.0,1.3999473129610116,1.9536354056902,1.4060063224446786,51.16946786090622,1.5402493853178787,2.4905778011942385,5.041613508442778,1.0050468637346792,2.1578406633020912,0.2522891131939438,46.270809300648885,1.14366258111031,2.98061463590483,4.017329910141207,0,1.0,1.0,0,1.0,0.0,5.4,4.2,2.3,3.1
1778353200,Deportes Temuco,Union Espanola,0.0,1.966571699905033,1.1941120607787274,1.7844254510921178,53.158689458689466,1.9746818613485282,2.300902184235516,5.637650602409639,0.8646723646723647,1.6327635327635326,0.5638176638176638,46.847863247863245,1.0194017094017087,2.860826210826205,3.801204819277108,0,1.0,1.0,2,0.0,1.0,4.8,4.8,2.8,2.6
1778371200,Santiago Wanderers,Cobreloa,0.0,1.9682054966768456,1.7628345608047422,1.595634991916652,52.30805640380815,1.9948679719777265,2.3956349919166504,6.062781954887218,1.007821387940842,1.0329920364050058,1.1995449374288965,47.962244027303754,1.127335039817975,2.6943686006825924,4.025,0,1.0,1.0,0,5.0,1.0,7.8,4.8,2.3,3.1
1778430600,Deportes Copiapo,Union San Felipe,0.0,1.4001777646100289,1.5559736315828459,1.4103992296866898,51.76630619954078,1.5406399525961043,2.4840900674024127,5.058670076726344,0.6266863115244716,2.7244348266494773,0.6320272572402044,44.8533772273125,0.8788019706247986,2.980174041162115,3.3349443561208267,0,1.0,1.0,0,2.0,1.0,6.0,4.8,2.3,3.1
1778430600,Antofagasta,San Luis,0.0,1.779108485499463,0.8154493376297889,1.9748478338703903,53.44548872180451,1.8246383816684568,2.3956319369853194,6.066952264381885,0.8158668872954588,1.9677330391616106,0.44272844272844275,46.27220077220077,0.9733866519580806,2.885622357050927,3.675298554368321,0,1.0,1.0,0,3.0,1.0,6.6,4.8,2.3,3.1
1778544000,Curico Unido,San Marcos de Arica,0.0,1.0225429164308621,1.1940765893227694,1.4069232220335786,51.74269949066214,1.2383474816072444,2.3953876627051485,4.791666666666667,1.5740194157851204,0.8310652561925906,1.7686387183840495,49.11443123938879,1.5798702712115276,2.6017848591702575,5.03946949602122,0,1.0,1.0,1,2.0,2.0,6.0,5.4,2.3,2.6
1778949000,Magallanes,Recoleta,0.0,1.5898305084745763,1.9523639607493308,0.8380909901873328,51.456199821587866,1.6921587867975023,2.585102586975913,5.386674641148326,2.1433289873967842,1.5900912646675358,1.7686223381138635,48.82985658409387,2.035315080399826,2.7915254237288125,6.064965034965035,0,1.0,1.0,0,3.0,2.0,6.6,5.4,2.3,3.1
1778958000,Cobreloa,Deportes Copiapo,0.0,2.5047580372250424,0.6397157360406092,2.5140981387478853,54.79756345177665,2.4058504230118447,2.301353637901859,7.048296629213483,1.1909953652615317,1.5834326491576547,1.016184801000515,47.411344074155814,1.2921577282424777,2.785698521297725,4.356834391792867,0,1.0,1.0,0,4.0,1.0,7.199999999999999,4.8,2.3,3.1
1778958000,Union San Felipe,Rangers de Talca,0.0,0.8331811541271001,0.6268261504747991,1.2177684441197953,52.309532505478444,1.1057615047479914,2.395507669831993,4.028648648648649,0.814452867501648,1.7811634805537244,0.24800593276203037,46.549934080421885,0.9912013843111405,2.9822593935398802,3.6731707317073177,0,1.0,1.0,0,2.0,1.0,6.0,4.8,2.3,3.1
1778967000,Curico Unido,Santiago Wanderers,0.0,1.4008021512237363,1.1943849414338452,1.5962809352354042,52.309625814684836,1.5220181395560823,2.395506130076112,5.050579150579151,1.3835741306230345,1.022423772845358,1.5774121507679688,48.54172553666652,1.4275374868966773,2.6965999726539347,4.698188298188299,0,1.0,1.0,2,0.0,3.0,4.8,6.0,2.8,2.6
1779044400,San Luis,D. Puerto Montt,0.0,2.3466193466193466,1.1945581945581945,2.163709163709164,53.72809172809173,2.278678678678679,2.3009555009554994,6.751468860164511,1.0283790283790284,1.1178451178451179,1.3386243386243386,47.865800865800864,1.1462722462722457,2.753439153439148,4.100621118012422,0,1.0,1.0,0,4.0,1.0,7.199999999999999,4.8,2.3,3.1
1779053400,San Marcos de Arica,Antofagasta,0.0,1.2111182934712346,0.4358543417366947,2.1656970480499895,53.16289592760181,1.3891790562378799,2.300904977375564,4.7080397022332505,1.3849579831932772,1.7808403361344538,1.0091596638655462,47.40617647058823,1.4475882352941176,2.7918907563025197,4.70141935483871,0,1.0,1.0,1,1.0,1.0,5.4,4.8,2.3,2.6
1779145200,Deportes Santa Cruz,Deportes Temuco,0.0,1.779795125397386,1.7631049099258214,1.2173790180148358,52.02503532320735,1.8441257506181565,2.3956640762981265,5.7317357222844345,1.7631049099258214,1.0219003885552809,1.5780466266336985,49.11180678205581,1.7311356411162133,2.696723772518544,5.382351623740201,0,1.0,1.0,2,2.0,3.0,6.0,6.0,2.8,2.6
1779145200,Union Espanola,Deportes Iquique,0.0,1.5542713567839197,0.8755443886097154,1.8819095477386933,53.01809045226131,1.6497822445561148,2.3796063651591224,5.432105263157895,0.8863364441253889,1.9763101220387653,0.6245513280689161,46.365039483129934,1.046877243359655,2.8250538406317243,3.8511278195488727,0,1.0,1.0,0,2.0,1.0,6.0,4.8,2.3,3.1
1779390000,Recoleta,Cobreloa,0.0,1.2109030100334448,1.7651003344481606,1.406505016722408,51.16870401337793,1.3889933110367894,2.4909197324414705,4.7066875,1.0081605351170568,1.769444816053512,1.0147157190635452,46.85807357859532,1.1275103678929763,2.7870769230769215,4.03,0,1.0,1.0,1,2.0,2.0,6.0,5.4,2.3,2.6
1779494400,Rangers de Talca,Santiago Wanderers,0.0,1.2106844741235392,1.9562685777108189,0.45508367604544164,50.88162384461908,1.3888098049594855,2.5862616556048685,4.7058033693739,1.763342412793252,0.832580616817503,1.9570336525788594,49.396142693963625,1.7313171074598015,2.696757754151655,5.384720564297341,0,1.0,1.0,2,0.0,2.0,4.8,5.4,2.8,2.6
1779571800,Deportes Iquique,Curico Unido,0.0,0.9541666666666668,0.8762500000000001,1.2816666666666665,52.116875,1.199708333333334,2.37979166666666,4.346836734693879,1.0055263157894736,2.537719298245614,0.4414035087719299,45.701710526315786,1.1440087719298246,2.8862280701754375,4.021267454350161,0,1.0,1.0,1,1.0,1.0,5.4,4.8,2.3,2.6
1779580800,Deportes Temuco,Union San Felipe,0.0,1.4008634258218284,1.3840446103341277,1.21761028915771,52.02522822323155,1.5409857444799213,2.395628906776992,5.048894348894349,0.8160434363779666,2.1587354409317805,0.6308608459584903,45.985961993169276,1.0113670198791487,2.980961555302565,3.6799999999999997,0,1.0,1.0,0,5.0,0.0,7.8,4.2,2.3,3.1
1779640200,Antofagasta,Deportes Santa Cruz,0.0,2.1600988159127694,0.8155379504216713,2.355294318085016,54.01684129823665,2.129382400545192,2.3958514353863176,6.416615384615384,0.8155379504216713,2.1600988159127694,0.060737711900502644,45.98315870176335,1.0110060482153505,3.0763608484538705,3.6778461538461533,0,1.0,1.0,1,1.0,1.0,5.4,4.8,2.3,2.6
1779649200,D. Puerto Montt,San Marcos de Arica,0.0,1.5553067993366503,0.7257048092868987,2.1818407960199004,53.24440298507463,1.6655887230514104,2.3797678275290153,5.4352475247524765,1.7651409618573797,1.0210613598673302,1.7692039800995025,49.11611940298508,1.732721393034826,2.601948590381425,5.386712871287128,0,1.0,1.0,2,0.0,2.0,4.8,5.4,2.8,2.6
1779667200,San Luis,Magallanes,0.0,2.916782851167654,1.1949634018821889,2.543412338794005,54.5827291739282,2.73476821192053,2.3010456605088865,7.777399380804954,1.1950925454236712,1.2112243165223298,1.5788249278315503,47.97580234335201,1.2766955340465274,2.696867040244523,4.361447963800905,0,1.0,1.0,0,2.0,1.0,6.0,4.8,2.3,3.1
1779753600,Deportes Copiapo,Union Espanola,0.0,1.4016528925619833,1.7420110192837466,1.4106060606060606,51.48946280991735,1.5417768595041326,2.4849862258953146,5.066310679611651,0.8868949232585597,1.4056670602125148,0.9100354191263282,47.22184179456907,1.032963400236127,2.8256198347107375,3.8527045769764214,0,1.0,1.0,0,3.0,1.0,6.6,4.8,2.3,3.1
1780158600,Recoleta,San Luis,0.0,1.2108508411816792,2.1465346534653467,1.025839169282782,50.596474281574494,1.388944699347984,2.491209852692585,4.70575984990619,1.0054715997915582,2.1590759075907595,0.44121938509640446,46.2695935383012,1.1060621851658852,2.8863383706791716,4.020040485829959,0,1.0,1.0,1,0.0,0.0,4.8,4.2,2.3,2.6
1780158600,Santiago Wanderers,Union Espanola,0.0,2.9189794280403834,1.5744688041228403,2.165581041693068,54.016765935876315,2.736493051155325,2.3010138132049156,7.780439560439561,0.8755354200988469,1.55502471169687,0.8957166392092257,46.98076606260296,1.023459637561779,2.8350906095551838,3.8199999999999994,0,1.0,1.0,1,2.0,2.0,6.0,5.4,2.3,2.6
1780167600,Union San Felipe,D. Puerto Montt,0.0,1.0221606648199446,0.6265062326869807,1.5962084487534627,52.59348164819945,1.256965027700831,2.3957756232686966,4.367030784508441,0.875904605263158,1.555263157894737,0.8956414473684211,46.980962171052624,1.0237417763157892,2.835074013157889,3.823396226415094,0,1.0,1.0,0,1.0,0.0,5.4,4.2,2.3,3.1
1780185600,San Marcos de Arica,Deportes Temuco,0.0,1.2110180623973728,0.43509031198686376,2.166518883415435,53.16389162561576,1.3890870279146144,2.300985221674875,4.705084112149533,2.143682371268578,1.2113005768178182,1.9579807166014063,49.39857269167614,2.035570712812093,2.6969769693907617,6.0673472322070445,0,1.0,1.0,2,0.0,1.0,4.8,4.8,2.8,2.6
1780245000,Magallanes,Deportes Iquique,0.0,1.9701555275325766,2.1436738125262718,1.2168137873055906,51.739722572509464,1.996410256410257,2.585666246321983,6.070940170940171,0.8754098360655739,2.154508196721311,0.4459016393442623,46.081352459016394,1.0383606557377045,2.910245901639339,3.817500000000001,0,1.0,1.0,0,4.0,3.0,7.199999999999999,6.0,2.3,3.1
1780263000,Cobreloa,Rangers de Talca,0.0,2.324789122497797,0.6388266398086365,2.517713710185069,54.528943724033745,2.2617952914515924,2.3015737127030067,6.723966125617501,1.004987919881537,1.7820123139272075,0.2467461616397787,46.8344634089315,1.124565505416569,2.9829397552801797,4.018086500655308,0,1.0,1.0,0,2.0,0.0,6.0,4.2,2.3,3.1
1780354800,Curico Unido,Antofagasta,0.0,1.2117475060199518,1.3843653250773993,1.5964568283453733,51.74107327141383,1.3896869625043,2.3958118335053307,4.70822966507177,1.5757532281205167,1.5913757372867847,1.1990116371751953,47.9765662362506,1.5811971943248844,2.6971943248844243,5.044878048780488,0,1.0,1.0,0,1.0,0.0,5.4,4.2,2.3,3.1
1780354800,Deportes Santa Cruz,Deportes Copiapo,0.0,2.1601288325595016,2.333391893587652,1.0274396620236752,51.74010540845778,2.1294081231438495,2.4907893085707102,6.414095634095633,1.375095160413268,1.9518760195758564,1.0148178357803155,47.13482871125612,1.421101141924959,2.7869358346927657,4.6883783783783795,0,1.0,1.0,1,1.0,1.0,5.4,4.8,2.3,2.6
1780704000,San Luis,San Marcos de Arica,0.0,2.9190679027812574,1.005178317881901,2.9248308694562763,54.870834377349034,2.7365572538210974,2.301044015701995,7.77967032967033,2.1463891316437596,1.020576785572416,2.1501231429252403,49.68871851910701,2.018684356876142,2.6021053467863657,6.07109756097561,0,1.0,1.0,0,1.0,0.0,5.4,4.2,2.3,3.1
1780763400,D. Puerto Montt,Cobreloa,0.0,1.0935862691960252,0.8664859981933153,1.7414634146341466,52.34065040650407,1.3116169828364956,2.460072267389335,4.576106194690266,1.3768605378361476,2.1400875547217013,1.0135084427767354,46.85515947467167,1.403977485928705,2.7879924953095667,4.689121851599729,0,1.0,1.0,1,1.0,1.0,5.4,4.8,2.3,2.6
1780763400,Deportes Copiapo,Santiago Wanderers,0.0,1.7696363636363637,1.743922077922078,1.778857142857143,52.03857142857143,1.8361350649350652,2.4856233766233746,5.723326315789473,2.1435397935397935,0.8318181818181818,2.337196137196137,49.96758241758242,2.016488511488511,2.6971195471195464,6.065425101214575,0,1.0,1.0,0,1.0,0.0,5.4,4.2,2.3,3.1
1780792200,Rangers de Talca,Deportes Santa Cruz,0.0,1.0199891950297137,2.147487844408428,0.26371845334568195,50.30875202593193,1.2552905765223434,2.6819171104422312,4.358136645962733,0.6248622366288493,1.7809886547811993,0.24867098865478127,46.265810372771476,0.8585105348460289,2.9822285251215543,3.330869565217391,0,1.0,1.0,2,0.0,1.0,4.8,4.8,2.8,2.6
1780792200,Deportes Iquique,Recoleta,0.0,1.09277238403452,1.0215749730312838,1.2745774901114706,52.10679611650485,1.2954189140596917,2.3824523552678833,4.565517241379311,2.1448543689320387,2.160873786407767,1.1988187702265372,47.9759708737864,2.036501618122977,2.88722491909385,6.066741379310344,0,1.0,1.0,1,1.0,1.0,5.4,4.8,2.3,2.6
1780860600,Antofagasta,Magallanes,0.0,2.160840064620355,0.6248465266558966,2.546736672051696,54.30399030694669,2.1299402261712443,2.301050080775443,6.411230769230768,1.0048465266558966,1.4008400646203554,1.0088045234248788,47.406009693053306,1.124492730210016,2.7922213247172847,4.014615384615385,0,1.0,1.0,1,0.0,0.0,4.8,4.2,2.3,2.6
1780961400,Union Espanola,Union San Felipe,0.0,1.714336917562724,0.7100358422939068,2.3630824372759855,53.50645161290322,1.7771326164874557,2.3046594982078794,5.677627118644068,0.815136476426799,2.7289495450785775,0.6295285359801489,45.129280397022335,1.0106947890818858,2.981761786600495,3.6725423728813555,0,1.0,1.0,1,2.0,2.0,6.0,5.4,2.3,2.6
1780961400,Deportes Temuco,Curico Unido,0.0,2.158708365115688,1.194558860920417,1.5964742774811427,53.44622425629291,2.1472531570472073,2.395838630392405,6.407616099071207,1.0049547875634832,1.7802799454973368,0.6295140179198151,46.83701226309922,1.1435724018332711,2.7920145340435183,4.014738202973497,0,1.0,1.0,2,0.0,1.0,4.8,4.8,2.8,2.6
1784939400,Deportes Iquique,Deportes Temuco,0.0,1.082636655948553,0.8592926045016078,1.4261093247588423,52.33501607717042,1.2872218649517693,2.304340836012856,4.528,2.1448231511254017,1.2106591639871382,1.9589228295819936,49.401245980707394,2.036474276527331,2.697210610932475,6.066249999999999,0,1.0,1.0,0,1.0,0.0,5.4,4.2,2.3,3.1
1784997000,Santiago Wanderers,Union San Felipe,0.0,2.7306260032102725,1.5747351524879616,1.786645264847512,53.733836276083466,2.585776886035313,2.3010834670947014,7.434528925619835,1.1947351524879615,2.7306260032102725,0.8188282504012842,45.696163723916534,1.2954093097913322,2.8872471910112347,4.355388429752066,0,1.0,1.0,0,2.0,0.0,6.0,4.2,2.3,3.1
1785006000,Curico Unido,San Luis,0.0,1.2109467455621301,1.3842537804076265,1.596679815910585,51.74003944773176,1.3890384615384617,2.395981262327415,4.699798234552333,0.8150230111768574,1.969921104536489,0.4397271531886917,46.267652859960556,0.9726610782380014,2.886957593688362,3.6713240857503147,0,1.0,1.0,2,1.0,2.0,5.4,5.4,2.8,2.6
1785015000,Cobreloa,Deportes Santa Cruz,0.0,2.512059259259259,0.4514370370370371,2.8913185185185184,55.09093333333333,2.4115318518518523,2.301659259259257,7.0501355013550135,0.8143609756097562,1.4006243902439024,0.818419512195122,47.12060487804879,0.9911219512195122,2.8875902439024377,3.670410469958358,0,1.0,1.0,0,4.0,2.0,7.199999999999999,5.4,2.3,3.1
1785083400,Rangers de Talca,Deportes Copiapo,0.0,0.637996879411546,1.5765510067612751,0.2620997102310721,50.59216880897541,0.9687881714837657,2.6824355449884827,3.667501875468867,1.191667731629393,1.7693546325878595,1.0140575079872205,47.1334696485623,1.274328434504792,2.787706070287538,4.353264516129032,0,1.0,1.0,1,0.0,0.0,4.8,4.2,2.3,2.6
1785083400,D. Puerto Montt,Antofagasta,0.0,0.9229346092503987,1.0188197767145135,1.426858054226475,51.85617224880383,1.1754513556618826,2.4644657097288625,4.23952,1.1949570896939319,1.40069871648819,1.0083542188805348,47.69138755980862,1.295610237715501,2.7926786663628755,4.355200000000001,0,1.0,1.0,0,3.0,2.0,6.6,5.4,2.3,3.1
1785101400,San Marcos de Arica,Magallanes,0.0,1.210594997669722,0.624172751281653,1.9773963026254466,52.8796333695821,1.3887432033556006,2.396209414323441,4.698885017421603,0.8144166537206774,1.210594997669722,1.008466677023458,47.40573248407643,0.9911666925586453,2.7925353425508765,3.670801393728223,0,1.0,1.0,0,2.0,0.0,6.0,4.2,2.3,3.1
1785193200,Union Espanola,Recoleta,0.0,1.7236248012718602,0.8587599364069953,2.067790143084261,53.2972972972973,1.7839872813990467,2.3044515103338576,5.6844409448818904,2.146039008879755,1.7813719027492343,1.3888634689208577,48.54700065919578,2.037445422466943,2.7925704757842476,6.067078932206645,0,1.0,1.0,0,2.0,1.0,6.0,4.8,2.3,3.1
1785535200,San Luis,Rangers de Talca,0.0,2.5409523809523806,0.6246825396825397,2.9270634920634917,54.87440476190476,2.4340317460317458,2.3011111111111093,7.094359375,1.0043558508674788,1.9729789590254707,0.24510889627168694,46.547065337763016,1.1240679217423402,2.9836471022517523,4.011773255813954,0,1.0,1.0,1,1.0,1.0,5.4,4.8,2.3,2.6
1785544200,San Marcos de Arica,Deportes Iquique,0.0,1.2103992151535734,0.6235001131990039,1.9781148592559052,52.88034865293186,1.3885744472115313,2.3962946192740158,4.698006644518272,1.3318894171509068,2.4929741151611196,0.4154604683923226,46.258372952984686,1.388286670188413,2.921852438809644,4.615813953488373,0,1.0,1.0,1,1.0,1.0,5.4,4.8,2.3,2.6
1785610800,Antofagasta,Union San Felipe,0.0,1.7813522692188948,0.4338221673355975,2.1677832664402596,54.02129515282495,1.84534115467737,2.301080580426056,5.725816135084428,0.6240660697746218,2.922815683853041,0.2472831120716271,44.551875578882374,0.8579083050324174,2.9828419265205297,3.3272795497185745,0,1.0,1.0,0,5.0,1.0,7.8,4.8,2.3,3.1
1785619800,Curico Unido,Cobreloa,0.0,1.211169036334913,1.574660347551343,1.4070932069510267,51.454763033175354,1.3891990521327016,2.491105845181673,4.701770992366412,1.1920894037797671,2.142472646422094,0.6420338189690481,46.57442513603651,1.2560704464337957,2.7888128254636926,4.351653944020357,0,1.0,1.0,1,0.0,0.0,4.8,4.2,2.3,2.6
1785688200,Magallanes,Union Espanola,0.0,2.7310567823343845,2.524574132492113,1.7870504731861199,52.3097239747634,2.5861151419558364,2.491104100946371,7.436636363636364,1.020329477742727,1.5602523659305993,1.0371538731160181,47.19011566771819,1.139039607430774,2.7664213109008005,4.051515151515152,0,1.0,1.0,0,3.0,2.0,6.6,5.4,2.3,3.1
1785697200,Recoleta,D. Puerto Montt,0.0,1.020172478440195,1.1949006374203224,1.216347956505437,51.73790776152981,1.2554405699287592,2.396287964004498,4.35671321160043,0.7095363079615048,1.4052493438320208,0.8811898512685914,46.956430446194226,0.9059492563429568,2.844356955380572,3.4941353383458646,0,1.0,1.0,2,0.0,1.0,4.8,4.8,2.8,2.6
1785706200,Deportes Santa Cruz,Santiago Wanderers,0.0,1.5910691823899372,2.144638364779874,0.6470440251572327,51.1696462264151,1.6741289308176104,2.491139937106917,5.384432835820896,1.7646383647798742,1.0210691823899372,1.7684119496855346,49.11535377358491,1.7323301886792455,2.792476415094338,5.380089552238806,0,1.0,1.0,2,1.0,3.0,5.4,6.0,2.8,2.6
1785801600,Deportes Temuco,Deportes Copiapo,0.0,1.9702934428209153,1.194654429819265,1.4071005917159765,53.16345851950248,2.0154876625206297,2.4909511733687544,6.067179487179486,1.007366260113513,1.5862093950006038,1.01316266151431,47.131735297669366,1.1453037072817291,2.7884192730346555,4.02051282051282,0,1.0,1.0,2,1.0,4.0,5.4,6.6,2.8,2.6
1786140000,Union Espanola,Antofagasta,0.0,1.8945568538045028,0.8546024508406954,2.4065545739526932,53.55993160444571,1.9202621829581084,2.304417212881158,5.982085561497326,1.0046657432383175,1.4009331486476633,0.8173944740103521,47.40559889188598,1.1433739155792082,2.8883429321280154,4.014158686730506,0,1.0,1.0,2,0.0,3.0,4.8,6.0,2.8,2.6
1786149000,Deportes Santa Cruz,D. Puerto Montt,0.0,1.400870262223749,2.336745677315928,0.4552998206038399,50.59618687736173,1.5219405320813773,2.5865872743234464,5.039996439380452,0.8606572769953053,1.4035680751173707,1.1953677621283254,47.185633802816895,1.0109733959311422,2.849859154929572,3.7776934306569343,0,1.0,1.0,1,0.0,0.0,4.8,4.2,2.3,2.6
1786206600,Union San Felipe,Recoleta,0.0,0.8315705128205129,0.6257211538461539,1.5965544871794872,52.308774038461536,1.104519230769231,2.3961538461538447,4.015317725752508,1.576264880952381,1.7816964285714285,0.8179315476190476,47.691852678571436,1.5815997023809523,2.8880580357142844,5.043478260869565,0,1.0,1.0,1,0.0,0.0,4.8,4.2,2.3,2.6
1786215600,Santiago Wanderers,San Marcos de Arica,0.0,2.7323617822761688,1.1951143411590122,2.1674137209390816,54.30587116167573,2.5871450858034324,2.3012176096799957,7.435013160203545,1.957135428274274,1.0196865017457841,1.960775573880098,49.406173389792734,1.8863011663323677,2.6975781888418386,5.72846865364851,0,1.0,1.0,1,1.0,1.0,5.4,4.8,2.3,2.6
1786224600,Cobreloa,Deportes Iquique,0.0,2.886626613262127,0.8214063195371606,2.8950823319982195,55.09783044058745,2.7111370716510907,2.3017801513128595,7.720000000000001,1.4999376947040501,2.0425545171339565,0.555202492211838,47.186074766355134,1.5064299065420559,2.849813084112144,4.9231428571428575,0,1.0,1.0,1,1.0,1.0,5.4,4.8,2.3,2.6
1786233600,Deportes Temuco,Magallanes,0.0,1.5906065318818041,1.3849766718506997,1.21651632970451,52.30844479004665,1.7117682737169522,2.5862441679626733,5.379617021276596,0.4333111160482856,1.2101014589350514,0.8178923202251351,46.83481448566985,0.7053321484114641,2.8880471006443003,2.985410334346504,0,1.0,1.0,2,3.0,4.0,6.6,6.6,2.8,2.6
1786293000,Deportes Copiapo,San Luis,0.0,1.5857381748686097,1.7464644051600573,1.7790731008122314,51.75891065456283,1.6890229335881513,2.4865862398471075,5.380780065005418,1.0052018633540372,1.9707298136645963,0.8189285714285715,46.55170807453416,1.1247763975155278,2.887445652173912,4.0164788732394365,0,1.0,1.0,1,1.0,1.0,5.4,4.8,2.3,2.6
1786302000,Rangers de Talca,Curico Unido,0.0,0.25517970401691326,1.0047216349541932,0.4512332628611698,50.87568710359408,0.6816701902748415,2.5875264270613094,2.9746598855689768,0.8151937984496125,1.0206976744186047,1.1989147286821704,47.69174418604651,0.9917674418604652,2.697441860465115,3.6743636363636365,0,1.0,1.0,1,0.0,0.0,4.8,4.2,2.3,2.6
1786489200,D. Puerto Montt,Union Espanola,0.0,1.402139037433155,1.0185758513931888,1.9138755980861244,52.57534477905995,1.5427469743878421,2.386462144666474,5.082272727272728,1.3404334365325077,1.7223529411764706,1.0356037151702786,47.42712074303405,1.3788173374612998,2.769752321981419,4.6385000000000005,0,1.0,1.0,2,0.0,1.0,4.8,4.8,2.8,2.6
1786561200,Magallanes,Cobreloa,0.0,2.7321747653334336,2.526927281637577,1.7865344743091944,52.307871225543785,2.5869989067742303,2.4915256154107124,7.432817493692179,1.0072863766835947,1.9578273349525281,0.6414881872378009,46.5741885625966,1.1267078825347758,2.7891918745859994,4.0221674876847295,0,1.0,1.0,1,2.0,2.0,6.0,5.4,2.3,2.6
1786572000,Recoleta,Rangers de Talca,0.0,0.6376973873097903,1.00480907263853,1.0243324720068907,51.44933247200689,0.9685658914728684,2.491917886879126,3.6622300095571836,0.8137906846240179,1.5913860830527498,0.43547979797979797,46.8336069023569,0.9715895061728396,2.888573232323231,3.67093399750934,0,1.0,1.0,0,4.0,2.0,7.199999999999999,5.4,2.3,3.1
1786581000,San Marcos de Arica,Union San Felipe,0.0,1.0192783172680688,0.6234779804350162,1.5965313362238864,52.593700505249586,1.235689253592289,2.396567169527357,4.350118652112007,0.8145131704453739,3.1149754200601656,0.24660650084378904,44.54930662557781,0.9912392692053709,2.983300315503704,3.672886297376093,0,1.0,1.0,2,0.0,1.0,4.8,4.8,2.8,2.6
1786581000,Antofagasta,Santiago Wanderers,0.0,1.972014652014652,0.624029304029304,2.167765567765568,54.02197802197803,1.9978901098901105,2.3012820512820498,6.064671814671814,1.766078799249531,0.8298686679174485,1.7698311444652908,49.40431519699813,1.733455909943715,2.7926454033771093,5.385774555042847,0,1.0,1.0,1,0.0,0.0,4.8,4.2,2.3,2.6
1786658400,San Luis,Deportes Temuco,0.0,2.3517140609194107,0.6245326139897344,2.5474279719755724,54.590772170394516,2.282637593196208,2.3013113034356136,6.7477524963169095,1.1952643213068075,1.2102506462852647,1.3893297366153383,47.977520512532315,1.295833801655989,2.792641714435576,4.357760680962515,0,1.0,1.0,1,1.0,1.0,5.4,4.8,2.3,2.6
1786667400,Deportes Iquique,Deportes Copiapo,0.0,1.2380925822643614,0.855047406581149,1.7493586168432795,52.57456776352482,1.3951868377021759,2.3048800892359123,4.782181818181818,1.7483526471256534,1.5858895705521474,1.5689615996364463,48.24369461486026,1.7195864576232673,2.6962281299704594,5.356444444444445,0,1.0,1.0,0,4.0,0.0,7.199999999999999,4.2,2.3,3.1
1786667400,Curico Unido,Deportes Santa Cruz,0.0,0.829925671385351,1.3854181451462293,1.0255481268442088,51.16676128935869,1.1032517835132412,2.491551189631344,4.0093135196252625,0.8143367607379859,1.5911179173047474,0.8180558594034858,46.83482826514986,0.9911033326040983,2.88808429956975,3.6713339640491967,0,1.0,1.0,2,1.0,2.0,5.4,5.4,2.8,2.6
1786820400,Rangers de Talca,Magallanes,0.0,0.06279306829765538,0.8134420659191302,0.44984029901461087,50.874026503567784,0.5469384981311588,2.5878899082568796,2.6268421052631576,1.0047649527060665,1.7819927458928952,0.8177654505369462,46.83415831021975,1.16252186899936,2.8883578692838334,4.014320685434517,0,1.0,1.0,2,2.0,3.0,6.0,6.0,2.8,2.6
1786838400,Union Espanola,San Marcos de Arica,0.0,1.5689567430025446,1.3508905852417303,1.9198473282442747,52.32709923664122,1.6761323155216292,2.3880407124681886,5.376470588235294,1.5769927214628086,0.8285460678146636,1.58068524764779,49.12266998047222,1.5821622581217822,2.6976566660749146,5.045088919288646,0,1.0,1.0,0,2.0,1.0,6.0,4.8,2.3,3.1
1786897800,Santiago Wanderers,D. Puerto Montt,0.0,2.3530778164924504,1.1954849012775841,1.7867305458768874,53.736389372822295,2.2836890243902443,2.3013429152148652,6.750649350649351,0.6918514412416851,1.0753880266075388,1.3605321507760533,47.42469512195122,0.8920565410199555,2.7727827050997735,3.470413223140496,0,1.0,1.0,1,1.0,1.0,5.4,4.8,2.3,2.6
1786906800,Union San Felipe,Cobreloa,0.0,0.6407001522070015,0.4352511415525115,1.596027397260274,52.308173515981736,0.970846270928463,2.3964079147640778,3.6688387096774187,1.1934498504172573,1.9595864168372434,0.8263895449535507,46.85079515037002,1.2755954442869888,2.696567469689811,4.357597330367074,0,1.0,1.0,2,0.0,1.0,4.8,4.8,2.8,2.6
1786924800,Deportes Iquique,Antofagasta,0.0,1.5686423505572442,0.6841438703140831,1.7530395136778116,53.32674772036474,1.6592198581560291,2.304812563323197,5.373076923076923,1.19567560099475,1.4005388228792484,0.8175186515612047,47.69270516717326,1.2961798839458414,2.8886432716219934,4.358321678321678,0,1.0,1.0,1,1.0,1.0,5.4,4.8,2.3,2.6
1787004000,Deportes Copiapo,Curico Unido,0.0,1.4008317877817118,1.1929410442308774,1.964255606137245,52.31183611532625,1.5410948125667403,2.394728263924013,5.043099787685775,0.8148636144935046,1.0200599578074687,1.1992745845516117,47.692205485029056,0.991501535956179,2.6975646767089816,3.6732204443063536,0,1.0,1.0,0,4.0,0.0,7.199999999999999,4.2,2.3,3.1
1787004000,Deportes Santa Cruz,San Luis,0.0,1.2102453102453103,1.7668109668109668,0.6437950937950938,51.165151515151514,1.3884704184704186,2.4918470418470404,4.693309222423147,1.0050258684405027,1.5909830007390984,1.0089430894308944,47.12106430155211,1.124611973392461,2.7927198817442704,4.015004631058969,0,1.0,1.0,2,0.0,2.0,4.8,5.4,2.8,2.6
1787013000,Deportes Temuco,Recoleta,0.0,1.7811224678056161,1.9563115752186266,0.6447511161949744,51.737216338880486,1.8642087007859491,2.681926866167299,5.720561435803037,0.8141575484642719,1.4006051437216338,0.4365619392745312,47.12032860711396,0.990957323294515,2.888403757520317,3.671487494515138,0,1.0,1.0,1,1.0,1.0,5.4,4.8,2.3,2.6
1787358600,San Marcos de Arica,Rangers de Talca,0.0,0.8278357594067564,0.813828618511398,1.0234825597363362,52.02101071134304,1.1016245536940403,2.4922480087887933,4.003409090909091,1.0046324269889224,1.973883853642162,0.4349244712990936,46.54612286002014,1.1242403491104396,2.888915743538099,4.014,0,1.0,1.0,2,1.0,2.0,5.4,5.4,2.8,2.6
1787416200,Recoleta,Deportes Copiapo,0.0,1.4005347593582889,1.0047991224461812,1.5961058549293843,52.59360345536816,1.5597819827231594,2.39682572329631,5.034025974025974,1.1932557638439991,1.9579831932773109,1.013466925231631,46.85290885585003,1.2940314587373412,2.789323421676361,4.357444543034606,0,1.0,1.0,0,2.0,1.0,6.0,4.8,2.3,3.1
1787425200,Magallanes,Deportes Santa Cruz,0.0,2.7339357429718874,2.3383534136546182,1.9769793459552496,52.5933734939759,2.588374928284567,2.3966724039013183,7.434920634920635,1.1956010086859064,1.400588400112076,1.3900812552535722,47.69251891286075,1.277035584197254,2.793079293919864,4.358242894056848,0,1.0,1.0,0,1.0,0.0,5.4,4.2,2.3,3.1
1787425200,D. Puerto Montt,Deportes Iquique,0.0,1.2353383458646616,1.1839598997493734,1.4197994987468672,52.07706766917293,1.4258897243107775,2.471679197994983,4.771165644171778,1.5097744360902257,1.8930963773069036,0.7063568010936432,47.42501708817498,1.5136431989063568,2.773069036226926,4.9398549916341326,0,1.0,1.0,2,0.0,4.0,4.8,6.6,2.8,2.6
1787434200,Cobreloa,Union Espanola,0.0,2.5179248213730974,0.8212488350419386,2.52527700113907,54.54501397949674,2.4161209485347412,2.302122812467638,7.051017661900756,1.346928746928747,1.5654381654381657,1.3613977613977615,47.67223587223587,1.383357903357903,2.773054873054868,4.650953436807097,0,1.0,1.0,2,0.0,1.0,4.8,4.8,2.8,2.6
1787518800,Antofagasta,Deportes Temuco,0.0,1.7817579582301872,0.6236253966040235,1.7867089710958475,53.73719884243924,1.8647522750252785,2.3014643840870246,5.719196617336152,1.3860926679517385,1.209895052473763,1.580495466552438,48.26429642321696,1.4294424216463195,2.6977011494252863,4.701818181818181,0,1.0,1.0,0,3.0,1.0,6.6,4.8,2.3,3.1
1787527800,Curico Unido,Union San Felipe,0.0,0.6385799828913602,1.3860849729113203,0.8341174793270603,50.87874251497006,0.9501924721984606,2.5872112917023085,3.6623063683304644,0.8143155549366383,2.735357192591561,0.8180754769530706,45.118437543517615,0.9910750591839577,2.888483498120038,3.672378817595965,0,1.0,1.0,0,2.0,0.0,6.0,4.2,2.3,3.1
1787614200,San Luis,Santiago Wanderers,0.0,1.781479108833369,0.814577550003559,2.1675564097088764,53.45035233824471,1.8264146914371129,2.3014947683109104,5.719674935842601,1.5764823119083209,0.44814577550003565,1.9612783828030464,49.692504804612426,1.6008043277101571,2.697764965477969,5.0439692044482465,0,1.0,1.0,2,0.0,1.0,4.8,4.8,2.8,2.6
1788021000,Union San Felipe,Deportes Santa Cruz,0.0,0.6394612304331999,0.624681470695304,1.4056789224608663,52.022169639606844,0.96990899162723,2.4918092464506723,3.6637282229965153,1.1957259158751696,1.4004070556309363,1.3904341926729986,47.692978290366355,1.277123473541384,2.793317503392129,4.358246753246753,0,1.0,1.0,1,0.0,0.0,4.8,4.2,2.3,2.6
1788030000,Santiago Wanderers,Magallanes,0.0,2.1631095553322015,1.004852181748865,1.7867743388902368,53.737386060375,2.1317006897029773,2.301490312965721,6.405110774735104,1.577469177618209,1.782129792711015,1.3904213521203088,47.6930090773608,1.6016136024928875,2.793313914103779,5.04494889725659,0,1.0,1.0,0,2.0,1.0,6.0,4.8,2.3,3.1
1788039000,Union Espanola,Rangers de Talca,0.0,1.5704212454212456,1.5237179487179489,1.9258241758241759,52.07005494505495,1.677266483516484,2.3895375457875416,5.365339366515837,1.1958333333333333,1.9742494824016563,0.8168478260869565,46.83237577639751,1.2771881469979296,2.889285714285713,4.357698209718671,0,1.0,1.0,2,0.0,1.0,4.8,4.8,2.8,2.6
1788048000,Deportes Iquique,San Luis,0.0,1.5700994399359929,0.6775402903188936,1.7562464281632186,53.33883872442564,1.6601028688993036,2.305029146188131,5.362834008097165,1.1954291374796575,1.0193164933135215,1.5804853888063397,48.2641689662492,1.276912191325267,2.6977853251255914,4.357393483709274,0,1.0,1.0,2,0.0,1.0,4.8,4.8,2.8,2.6
1788107400,Deportes Copiapo,Antofagasta,0.0,2.1431114879186097,0.6359898261975413,2.522382365409072,54.2606824925816,2.116364985163205,2.3023844849512485,6.3737375415282385,1.38683811407847,1.2090471480382459,1.0085723705901748,48.26668644906034,1.4299993405868776,2.793484998351466,4.701488372093024,0,1.0,1.0,2,0.0,4.0,4.8,6.6,2.8,2.6
1788116400,Deportes Temuco,D. Puerto Montt,0.0,1.9714991181657848,1.9575308641975309,0.8338624338624339,52.02095238095238,1.9975026455026461,2.587336860670193,6.0588769611891,0.6846913580246913,1.2335802469135801,1.0325925925925925,47.17666666666666,0.8863950617283948,2.7755555555555507,3.455491329479769,0,1.0,1.0,0,3.0,1.0,6.6,4.8,2.3,3.1
1788125400,Curico Unido,Recoleta,0.0,1.018783542039356,0.8143250309618825,1.4052704004403467,52.30668776661621,1.2353213155359848,2.4922801706343733,4.344266238973536,1.004908552985476,1.4001748251748252,0.6269903173749327,47.407100591715974,1.1244634211941904,2.7933633674018274,4.015047021943574,0,1.0,1.0,1,0.0,0.0,4.8,4.2,2.3,2.6
1788220800,Cobreloa,San Marcos de Arica,0.0,2.1467848350566228,1.0070901033973412,1.967503692762186,53.70954209748892,2.13785721319547,2.3955982274741485,6.378399999999999,1.195743252316369,1.209171478447697,1.00879548811602,47.979857660803006,1.2771357593661876,2.793359742178057,4.35812987012987,0,1.0,1.0,0,2.0,0.0,6.0,4.2,2.3,3.1
1788559200,Rangers de Talca,Deportes Temuco,0.0,0.44359368988072334,1.1958573810439912,0.44846735924073355,50.871604463255096,0.8325445684237529,2.588431447992817,3.307865612648221,1.1955683611168277,1.4001234821979829,1.3903135075804347,47.693167318378265,1.2770131028332303,2.793235919599367,4.357526427061311,0,1.0,1.0,0,1.0,0.0,5.4,4.2,2.3,3.1
1788559200,Santiago Wanderers,Deportes Iquique,0.0,1.5910028116213684,1.0046860356138707,1.7871334850716294,52.87947516401125,1.6740005355469276,2.3015396974159845,5.373436055469954,1.8505154639175259,1.5670103092783505,1.031664212076583,48.42525773195876,1.7857633775159545,2.7758713794796224,5.549152542372881,0,1.0,1.0,0,1.0,0.0,5.4,4.2,2.3,3.1
1788568200,D. Puerto Montt,Curico Unido,0.0,0.8925339366515838,1.861764705882353,0.910633484162896,50.54615384615385,1.1688461538461545,2.559049773755652,4.138513396715644,0.43340336134453783,1.4000700280112044,1.0089635854341736,46.550000000000004,0.7053991596638655,2.7931372549019593,2.984911717495987,0,1.0,1.0,0,2.0,0.0,6.0,4.2,2.3,3.1
1788625800,Magallanes,Union San Felipe,0.0,2.544295324932555,1.7674350305638085,2.549827544991975,53.16529044155312,2.436658812280163,2.3015708773008217,7.089543978173314,0.8136296889600855,2.163743158456815,0.8175677479642237,45.9748297957549,0.9905539981310906,2.888933386730742,3.668704926358558,0,1.0,1.0,1,0.0,0.0,4.8,4.2,2.3,2.6
1788634800,Deportes Santa Cruz,Union Espanola,0.0,0.8279206165177658,1.7673600218236378,0.4521175748482575,50.59084089204119,1.101703607720112,2.587615085589578,3.9995348837209304,1.349706744868035,1.5667155425219943,1.3643695014662758,47.674486803519066,1.385166177908113,2.7760752688171992,4.643333333333334,0,1.0,1.0,1,1.0,1.0,5.4,4.8,2.3,2.6
1788643800,San Luis,Cobreloa,0.0,1.018591031359597,0.8138649596513331,1.5962681739248867,52.30708910756239,1.2351683748169842,2.396915114576593,4.342554284980084,1.1932064421669106,1.0266471449487555,1.3857296242069301,48.24983894582723,1.2753889702293801,2.6037579306978995,4.353237569060774,0,1.0,1.0,0,4.0,2.0,7.199999999999999,5.4,2.3,3.1
1788652800,San Marcos de Arica,Deportes Copiapo,0.0,0.8268226120857699,1.0044184535412606,0.8320857699805068,51.733606237816765,1.1008499025341132,2.588161143599739,3.9977582417582416,1.193063117564025,1.5864488808227466,1.012704174228675,47.40992135511191,1.2939201451905626,2.790139140955836,4.353588480485032,0,1.0,1.0,0,2.0,1.0,6.0,4.8,2.3,3.1
1788708600,Antofagasta,Recoleta,0.0,1.7820172528201725,0.6226940942269409,1.7874585268745853,53.738984737889844,1.8649900464499007,2.301526211015261,5.717466467958271,0.6221897810218978,0.8268613138686131,0.8169991889699919,47.69299270072993,0.8374079480940795,2.6981184103811833,3.3238032786885245,0,1.0,1.0,2,1.0,2.0,5.4,5.4,2.8,2.6
1788901200,D. Puerto Montt,Rangers de Talca,0.0,1.229112869637651,1.5286547271970012,1.4174094127446897,51.55068721366098,1.421324448146606,2.4763223656809625,4.7427329192546575,1.1957694932076175,1.591650642019726,1.3908566466100118,47.40617827678184,1.277135413435891,2.7939395819117907,4.356336725254394,0,1.0,1.0,2,1.0,2.0,5.4,5.4,2.8,2.6
1788910200,Curico Unido,Union Espanola,0.0,0.8274182876802963,0.8137223766044727,1.0236204843191743,52.020543866613735,1.1013073971152576,2.492497022628026,3.998820638820639,1.354137274661292,1.2312618967640803,1.5365804501175682,48.18431306684582,1.3882588735863841,2.693460978613813,4.652640332640334,0,1.0,1.0,0,2.0,1.0,6.0,4.8,2.3,3.1
1788910200,Deportes Temuco,Santiago Wanderers,0.0,1.5908869659275284,2.148918334234722,0.8335722011898323,51.16295294753921,1.6929962141698218,2.5876690102758237,5.373428357089272,1.1954299621416982,0.44670091941590045,1.9621416982152515,49.1230935640887,1.2959775554353705,2.6980530016224975,4.356309077269318,0,1.0,1.0,0,3.0,0.0,6.6,4.2,2.3,3.1
1788987600,Recoleta,San Marcos de Arica,0.0,1.5913949363005966,1.1955620061280439,1.5966199000161265,52.59374939525883,1.7124992743105953,2.3971036929527485,5.37435294117647,0.8133397839058216,1.2091727140783743,0.8170811159490404,47.406250604741174,0.990326076439284,2.8892791485244302,3.6679786096256684,0,1.0,1.0,0,2.0,1.0,6.0,4.8,2.3,3.1
1788996600,Deportes Copiapo,Magallanes,0.0,1.7729135432283858,1.193103448275862,1.9673163418290855,52.86971514242879,1.8387506246876564,2.39550224887556,5.706720469552458,1.5777777777777777,1.7825442834138487,1.3903381642512076,47.6928502415459,1.6018743961352657,2.7937520128824462,5.043914893617022,0,1.0,1.0,1,1.0,1.0,5.4,4.8,2.3,2.6
1788996600,Deportes Iquique,Deportes Santa Cruz,0.0,1.4009510026876164,0.6714078974571015,1.5893322307215216,53.09431465784578,1.5416249741575363,2.3906760388670625,5.053197278911564,1.0044380125422094,1.2091847563917029,1.3903264190384306,47.69287988422576,1.1432005145521789,2.793748191027495,4.011851851851852,0,1.0,1.0,2,0.0,1.0,4.8,4.8,2.8,2.6
1789081200,Antofagasta,Cobreloa,0.0,1.78242774566474,0.8133204881181759,1.5965831727681439,53.453660886319845,1.8653269107257553,2.39712909441233,5.717684210526316,1.1935297408167072,1.400298340481074,1.1990303934365094,47.68984710050346,1.2756032071601713,2.6973708745105336,4.353887945670629,0,1.0,1.0,1,0.0,0.0,4.8,4.2,2.3,2.6
1789313400,Magallanes,D. Puerto Montt,0.0,1.9728453364817002,1.38627836809655,2.1691984782893874,52.87985045257773,1.99856093401548,2.3016069788797044,6.060161827701095,0.6766344766344766,1.0619380619380618,1.0284160284160284,47.422044622044616,0.8801043401043398,2.7783327783327736,3.429915424889247,0,1.0,1.0,0,2.0,0.0,6.0,4.2,2.3,3.1
1789322400,San Marcos de Arica,Curico Unido,0.0,1.208846009272021,1.0041974689888484,1.4054128555318883,52.30697281042475,1.3873474501942114,2.4928392432026047,4.684701086956521,0.4323972924066751,1.4001608471282083,1.0085114938677033,46.5483546679177,0.7046283761142014,2.793478989343876,2.98156976744186,0,1.0,1.0,0,3.0,0.0,6.6,4.2,2.3,3.1
1789419600,Deportes Santa Cruz,Recoleta,0.0,0.6366252452583387,1.3861347285807717,0.6421190320470895,50.87573577501635,0.9486723348593855,2.4925114453891424,3.6555440414507765,0.8128245229903034,0.8263371911166718,1.1991867375664687,47.97973099781045,0.9899280575539569,2.6982796371598363,3.6657895922505066,0,1.0,1.0,1,0.0,0.0,4.8,4.2,2.3,2.6
1789428600,Rangers de Talca,Deportes Iquique,0.0,0.634201516263145,0.8124847150892639,1.0223771093176817,51.732575201760824,0.9659268769870386,2.4929872829542665,3.6501206404913353,1.6912908930150308,1.4005747126436783,1.0278514588859418,48.43607427055703,1.6749513704686116,2.778514588859412,5.252720063441712,0,1.0,1.0,2,1.0,2.0,5.4,5.4,2.8,2.6
1789506000,San Luis,Antofagasta,0.0,1.4001434720229555,1.0043041606886658,1.5965305856267118,52.593758967001435,1.5403991130820405,2.397084909351766,5.029230769230769,1.9606387623978543,1.01752853845674,1.3905932256253508,49.41466533591167,1.889051213274281,2.7939242717235344,5.731772575250836,0,1.0,1.0,0,2.0,1.0,6.0,4.8,2.3,3.1
1789515000,Union Espanola,Deportes Temuco,0.0,1.2291444944740073,1.5277936962750718,1.417969709373721,51.5520261972984,1.4213467048710606,2.476545231273021,4.741078717201165,0.6224798124511591,1.2092732482417297,0.8173612920031258,47.11980984631414,0.8376374055743683,2.889131284188589,3.3231632653061225,0,1.0,1.0,1,1.0,1.0,5.4,4.8,2.3,2.6
