timestamp,home_team_name,away_team_name,stats_real,l_gf,l_gc,l_ppg,l_pos,l_xg,l_yc,l_sot,v_gf,v_gc,v_ppg,v_pos,v_xg,v_yc,v_sot,is_cup,home_team_lsi,away_team_lsi,target_1x2,home_team_goal_count,away_team_goal_count,home_team_corner_count,away_team_corner_count,home_team_yellow_cards,away_team_yellow_cards
1724432400,Celta Vigo,Valencia,0.0,1.5333333333333334,1.2000000000000002,1.8,52.5,1.6266666666666667,2.366666666666667,4.5,1.3,1.3,1.2,48.0,1.35,2.7000000000000006,3.8,0,1.0,1.0,0,3.0,1.0,6.6,4.8,2.3,3.1
1724441400,Sevilla,Villarreal,0.0,1.4545454545454546,1.2727272727272727,1.3636363636363635,52.27272727272727,1.5636363636363635,2.390909090909091,4.5,1.2727272727272727,1.4545454545454546,1.0909090909090908,47.72727272727273,1.3272727272727274,2.736363636363637,3.8,0,1.0,1.0,2,1.0,2.0,5.4,5.4,2.8,2.6
1724511600,Osasuna,Mallorca,0.0,1.277777777777778,1.2222222222222223,1.1666666666666667,52.08333333333334,1.4222222222222225,2.3833333333333337,4.5,1.3333333333333333,1.4166666666666667,1.25,47.875,1.375,2.725000000000001,3.8,0,1.0,1.0,0,1.0,0.0,5.4,4.2,2.3,3.1
1724518800,Barcelona,Athletic Club,0.0,1.3846153846153846,1.2307692307692308,1.3846153846153846,52.23076923076923,1.5076923076923074,2.4153846153846157,4.5,1.2307692307692308,1.3846153846153846,1.1538461538461537,47.76923076923077,1.2999999999999998,2.7538461538461547,3.8,0,1.0,1.0,0,2.0,1.0,6.0,4.8,2.3,3.1
1724527800,Espanyol,Real Sociedad,0.0,1.4285714285714286,1.2142857142857142,1.5,52.32142857142857,1.5428571428571427,2.4071428571428575,4.5,1.2142857142857142,1.4285714285714286,1.0714285714285714,47.67857142857143,1.2857142857142858,2.7785714285714294,3.8,0,1.0,1.0,2,0.0,1.0,4.8,4.8,2.8,2.6
1724527800,Getafe,Rayo Vallecano,0.0,1.3333333333333333,1.2,1.4,52.2,1.4733333333333332,2.433333333333333,4.5,1.4666666666666668,1.2222222222222223,1.8,48.36666666666667,1.4822222222222223,2.711111111111112,3.8,0,1.0,1.0,1,0.0,0.0,4.8,4.2,2.3,2.6
1724598000,Real Madrid,Valladolid,0.0,1.25,1.125,1.375,52.1875,1.4124999999999999,2.425,4.5,1.125,1.25,1.1875,47.8125,1.21875,2.756250000000001,3.8,0,1.0,1.0,0,3.0,0.0,6.6,4.2,2.3,3.1
1724605200,Leganes,Las Palmas,0.0,1.3529411764705883,1.0588235294117647,1.4705882352941178,52.44117647058823,1.4941176470588236,2.4176470588235293,4.5,1.0588235294117647,1.3529411764705883,1.1176470588235294,47.55882352941177,1.1705882352941175,2.776470588235295,3.8,0,1.0,1.0,0,2.0,1.0,6.0,4.8,2.3,3.1
1724606100,Alaves,Real Betis,0.0,1.3888888888888888,1.0555555555555556,1.5555555555555556,52.5,1.5222222222222221,2.4111111111111105,4.5,1.0555555555555556,1.3888888888888888,1.0555555555555556,47.5,1.1666666666666667,2.7944444444444456,3.8,0,1.0,1.0,1,0.0,0.0,4.8,4.2,2.3,2.6
1724614200,Atletico Madrid,Girona,0.0,1.3157894736842106,1.0,1.5263157894736843,52.473684210526315,1.4684210526315788,2.405263157894736,4.5,1.0,1.210526315789474,1.0350877192982457,47.684210526315795,1.117543859649123,2.7228070175438606,3.8,0,1.0,1.0,0,3.0,0.0,6.6,4.2,2.3,3.1
1724700600,Villarreal,Celta Vigo,0.0,1.6,1.3,1.4000000000000001,52.45,1.69,2.3666666666666663,4.5,0.95,1.4,1.0,47.325,1.0899999999999999,2.800000000000001,3.8,0,1.0,1.0,0,4.0,3.0,7.199999999999999,6.0,2.3,3.1
1724778000,Mallorca,Sevilla,0.0,1.3492063492063493,1.0317460317460319,1.4444444444444446,52.47619047619048,1.488888888888889,2.363492063492063,4.5,1.3650793650793651,1.6825396825396828,0.9682539682539684,47.523809523809526,1.411111111111111,2.7428571428571438,3.8,0,1.0,1.0,1,0.0,0.0,4.8,4.2,2.3,2.6
1724787000,Rayo Vallecano,Barcelona,0.0,1.4545454545454546,1.0,1.6363636363636365,52.68181818181818,1.5818181818181818,2.39090909090909,4.5,1.3333333333333335,1.3030303030303032,1.6363636363636365,48.04545454545455,1.3878787878787877,2.736363636363637,3.8,0,1.0,1.0,2,1.0,2.0,5.4,5.4,2.8,2.6
1724864400,Valladolid,Leganes,0.0,1.289855072463768,0.6956521739130436,2.0434782608695654,52.89130434782609,1.4434782608695653,2.3724637681159413,4.5,1.028985507246377,1.289855072463768,1.028985507246377,47.608695652173914,1.143478260869565,2.7304347826086968,3.8,0,1.0,1.0,1,0.0,0.0,4.8,4.2,2.3,2.6
1724864400,Athletic Club,Valencia,0.0,1.25,1.0,1.3611111111111112,52.375,1.4138888888888892,2.3694444444444436,4.5,1.0,1.9166666666666667,0.6944444444444445,46.625,1.1222222222222222,2.8916666666666675,3.8,0,1.0,1.0,0,1.0,0.0,5.4,4.2,2.3,3.1
1724873400,Real Sociedad,Alaves,0.0,1.2400000000000002,1.3066666666666666,1.0666666666666669,51.900000000000006,1.4053333333333335,2.5333333333333328,4.5,0.9733333333333334,1.5733333333333335,0.6666666666666667,47.1,1.1026666666666665,2.9000000000000004,3.8,0,1.0,1.0,2,1.0,2.0,5.4,5.4,2.8,2.6
1724873400,Atletico Madrid,Espanyol,0.0,1.8974358974358976,0.6666666666666667,2.0256410256410255,53.846153846153854,1.930769230769231,2.3769230769230765,4.5,0.6666666666666667,1.2307692307692308,0.717948717948718,47.15384615384616,0.8897435897435895,2.8948717948717952,3.8,0,1.0,1.0,1,0.0,0.0,4.8,4.2,2.3,2.6
1724950800,Girona,Osasuna,0.0,1.2962962962962963,0.9629629629629629,1.5185185185185186,52.5,1.4592592592592595,2.4111111111111097,4.5,0.9629629629629629,1.2962962962962963,1.0740740740740742,47.5,1.107407407407407,2.785185185185185,3.8,0,1.0,1.0,0,4.0,0.0,7.199999999999999,4.2,2.3,3.1
1724959800,Las Palmas,Real Madrid,0.0,1.5952380952380953,1.2857142857142858,1.380952380952381,52.46428571428572,1.6904761904761907,2.3714285714285706,4.5,0.9523809523809526,1.2619047619047619,1.023809523809524,47.53571428571429,1.0880952380952378,2.730952380952381,3.8,0,1.0,1.0,1,1.0,1.0,5.4,4.8,2.3,2.6
1725116400,Barcelona,Valladolid,0.0,1.5862068965517242,0.9540229885057472,2.0344827586206895,52.94827586206897,1.6827586206896554,2.3689655172413784,4.5,0.6206896551724138,1.9195402298850577,0.6896551724137933,46.05172413793104,0.8551724137931032,2.8931034482758617,3.8,0,1.0,1.0,0,7.0,0.0,9.0,4.2,2.3,3.1
1725123600,Athletic Club,Atletico Madrid,0.0,1.2833333333333332,0.7,1.8,52.875,1.436666666666667,2.349999999999999,4.5,1.2666666666666666,1.7111111111111112,1.0,47.333333333333336,1.3399999999999999,2.7333333333333334,3.8,0,1.0,1.0,2,0.0,1.0,4.8,4.8,2.8,2.6
1725124500,Espanyol,Rayo Vallecano,0.0,1.0107526881720432,0.935483870967742,1.0322580645161292,52.11290322580646,1.2569892473118283,2.541935483870967,4.5,0.9516129032258065,1.0080645161290323,1.532258064516129,47.91532258064516,1.1056451612903224,2.6967741935483867,3.8,0,1.0,1.0,0,2.0,1.0,6.0,4.8,2.3,3.1
1725132600,Leganes,Mallorca,0.0,1.6875,0.9375,2.0625,53.125,1.7645833333333338,2.372916666666666,4.5,0.6041666666666667,1.3541666666666667,0.6875000000000001,46.875,0.8416666666666665,2.9020833333333327,3.8,0,1.0,1.0,2,0.0,1.0,4.8,4.8,2.8,2.6
1725132600,Valencia,Villarreal,0.0,1.3232323232323233,1.2727272727272727,1.0303030303030305,52.07575757575758,1.4747474747474754,2.5474747474747463,4.5,1.2727272727272727,1.3232323232323233,1.7272727272727273,47.92424242424242,1.3424242424242423,2.731313131313131,3.8,0,1.0,1.0,1,1.0,1.0,5.4,4.8,2.3,2.6
1725202800,Alaves,Las Palmas,0.0,0.9803921568627453,0.607843137254902,1.3529411764705883,52.55882352941177,1.2333333333333338,2.3784313725490187,4.5,0.9411764705882353,1.647058823529412,0.7254901960784313,46.94117647058824,1.076470588235294,2.894117647058823,3.8,0,1.0,1.0,0,2.0,0.0,6.0,4.2,2.3,3.1
1725202800,Osasuna,Celta Vigo,0.0,1.2428571428571429,0.6928571428571428,1.7857142857142856,52.825,1.4057142857142861,2.3571428571428563,4.5,1.5904761904761906,2.323809523809524,0.7047619047619048,46.900000000000006,1.597142857142857,2.8999999999999995,3.8,0,1.0,1.0,0,3.0,2.0,6.6,5.4,2.3,3.1
1725210000,Sevilla,Girona,0.0,1.3518518518518519,1.2777777777777777,1.0740740740740742,52.111111111111114,1.496296296296297,2.54074074074074,4.5,0.7083333333333333,1.7638888888888888,0.7638888888888888,46.41666666666667,0.909722222222222,2.8291666666666657,3.8,0,1.0,1.0,2,0.0,2.0,4.8,5.4,2.8,2.6
1725210900,Getafe,Real Sociedad,0.0,0.9909909909909911,0.6306306306306307,1.3783783783783785,52.54054054054055,1.2423423423423428,2.38108108108108,4.5,0.9639639639639641,0.9909909909909911,1.720720720720721,47.95945945945946,1.0945945945945943,2.7351351351351347,3.8,0,1.0,1.0,1,0.0,0.0,4.8,4.2,2.3,2.6
1725219000,Real Madrid,Real Betis,0.0,1.9649122807017545,0.6140350877192983,2.0350877192982457,54.026315789473685,1.9894736842105267,2.3789473684210516,4.5,0.6140350877192983,0.9649122807017545,1.0526315789473686,47.473684210526315,0.8491228070175436,2.7315789473684204,3.8,0,1.0,1.0,0,2.0,0.0,6.0,4.2,2.3,3.1
1726254000,Real Betis,Leganes,0.0,1.3076923076923077,0.9316239316239316,1.393162393162393,52.56410256410257,1.4632478632478638,2.3769230769230756,4.5,0.6987179487179487,0.9807692307692307,1.0256410256410255,47.57692307692308,0.903205128205128,2.702564102564102,3.8,0,1.0,1.0,0,2.0,0.0,6.0,4.2,2.3,3.1
1726315200,Mallorca,Villarreal,0.0,0.9875,0.6875,1.3125,52.45,1.2275000000000003,2.3562499999999993,4.5,1.1875,1.2375,1.5125,47.925,1.2699999999999998,2.706249999999999,3.8,0,1.0,1.0,2,1.0,2.0,5.4,5.4,2.8,2.6
1726323300,Espanyol,Alaves,0.0,1.2317073170731707,0.9512195121951219,1.5426829268292683,52.420731707317074,1.4225609756097564,2.4859756097560965,4.5,1.201219512195122,1.4817073170731707,1.2865853658536586,47.579268292682926,1.2804878048780486,2.828658536585365,3.8,0,1.0,1.0,0,3.0,2.0,6.6,5.4,2.3,3.1
1726331400,Sevilla,Getafe,0.0,1.0,1.4642857142857144,0.8095238095238095,51.30357142857143,1.2369047619047622,2.6095238095238082,4.5,0.9523809523809526,1.3333333333333333,1.0317460317460319,47.42857142857143,1.087301587301587,2.742857142857142,3.8,0,1.0,1.0,0,1.0,0.0,5.4,4.2,2.3,3.1
1726340400,Real Sociedad,Real Madrid,0.0,1.244186046511628,1.4534883720930232,0.8255813953488372,51.68604651162791,1.4069767441860468,2.60813953488372,4.5,0.9534883720930232,1.244186046511628,1.0116279069767442,47.56395348837209,1.0825581395348833,2.7104651162790687,3.8,0,1.0,1.0,2,0.0,2.0,4.8,5.4,2.8,2.6
1726401600,Celta Vigo,Valladolid,0.0,1.9772727272727273,0.9659090909090908,2.3068181818181817,53.51704545454545,1.994318181818182,2.362499999999999,4.5,0.4659090909090909,3.2272727272727275,0.5340909090909091,43.85795454545455,0.7420454545454542,2.9579545454545446,3.8,0,1.0,1.0,0,3.0,1.0,6.6,4.8,2.3,3.1
1726409700,Girona,Barcelona,0.0,2.325925925925926,0.6222222222222223,2.0962962962962965,54.55555555555556,2.2770370370370374,2.3814814814814804,4.5,1.4666666666666668,1.2444444444444445,2.022222222222222,48.33333333333333,1.492222222222222,2.7111111111111104,3.8,0,1.0,1.0,2,1.0,4.0,5.4,6.6,2.8,2.6
1726417800,Las Palmas,Athletic Club,0.0,1.4891304347826086,1.25,1.3043478260869565,52.358695652173914,1.6032608695652177,2.3652173913043466,4.5,1.0,1.6521739130434783,0.7246376811594203,47.02173913043478,1.12463768115942,2.9115942028985495,3.8,0,1.0,1.0,2,2.0,3.0,6.0,6.0,2.8,2.6
1726426800,Atletico Madrid,Valencia,0.0,1.4946808510638299,0.5212765957446809,1.7872340425531914,53.46010638297872,1.6324468085106387,2.3691489361702116,4.5,0.7712765957446809,1.7446808510638299,0.5638297872340425,46.53989361702128,0.9601063829787232,2.9563829787234033,3.8,0,1.0,1.0,0,3.0,0.0,6.6,4.2,2.3,3.1
1726513200,Rayo Vallecano,Osasuna,0.0,1.3472222222222223,1.3472222222222223,1.0694444444444446,52.0,1.4930555555555558,2.556944444444443,4.5,0.6805555555555556,2.3472222222222223,0.7361111111111113,45.5,0.9027777777777775,2.9124999999999988,3.8,0,1.0,1.0,0,3.0,1.0,6.6,4.8,2.3,3.1
1726592400,Mallorca,Real Sociedad,0.0,1.0204081632653061,1.0081632653061225,1.0530612244897959,52.018367346938774,1.2453061224489796,2.4530612244897947,4.5,0.7602040816326531,0.7755102040816326,1.5408163265306123,47.977040816326536,0.9515306122448978,2.7122448979591827,3.8,0,1.0,1.0,0,1.0,0.0,5.4,4.2,2.3,3.1
1726678800,Real Betis,Getafe,0.0,1.52,0.75,1.83,53.155,1.6270000000000002,2.364999999999999,4.5,0.75,1.27,0.78,47.22,0.9439999999999997,2.839999999999999,3.8,0,1.0,1.0,0,2.0,1.0,6.0,4.8,2.3,3.1
1726765200,Leganes,Athletic Club,0.0,1.2745098039215685,1.0,1.593137254901961,52.41176470588235,1.4553921568627453,2.488725490196077,4.5,1.5,1.7745098039215685,1.2696078431372548,47.58823529411765,1.518627450980392,2.842647058823528,3.8,0,1.0,1.0,2,0.0,2.0,4.8,5.4,2.8,2.6
1726858800,Alaves,Sevilla,0.0,1.2596153846153846,0.5096153846153846,1.8269230769230769,53.125,1.4442307692307694,2.3673076923076914,4.5,1.0096153846153846,1.2596153846153846,1.0384615384615383,47.625,1.1509615384615381,2.715384615384614,3.8,0,1.0,1.0,0,2.0,1.0,6.0,4.8,2.3,3.1
1726920000,Valladolid,Real Sociedad,0.0,1.0141509433962264,0.5094339622641509,1.8396226415094339,52.757075471698116,1.2476415094339623,2.3660377358490554,4.5,0.6075471698113207,0.8113207547169812,1.2226415094339622,47.69433962264151,0.8403773584905658,2.794339622641509,3.8,0,1.0,1.0,1,0.0,0.0,4.8,4.2,2.3,2.6
1726928100,Osasuna,Las Palmas,0.0,1.6,1.0,2.066666666666667,52.9,1.6896296296296298,2.351851851851851,4.5,0.75,1.75,0.5277777777777778,46.5,0.9435185185185183,2.9657407407407392,3.8,0,1.0,1.0,0,2.0,1.0,6.0,4.8,2.3,3.1
1726936200,Valencia,Girona,0.0,1.2545454545454544,1.25,1.0954545454545455,52.00681818181818,1.4154545454545457,2.488636363636363,4.5,1.0,1.4036363636363636,1.2145454545454544,47.39454545454545,1.1345454545454543,2.794545454545454,3.8,0,1.0,1.0,0,2.0,0.0,6.0,4.2,2.3,3.1
1726945200,Real Madrid,Espanyol,0.0,2.008928571428571,0.49107142857142855,2.357142857142857,54.276785714285715,2.0187500000000003,2.362499999999999,4.5,0.49107142857142855,1.0089285714285714,0.7589285714285714,47.223214285714285,0.7616071428571427,2.845535714285713,3.8,0,1.0,1.0,0,4.0,1.0,7.199999999999999,4.8,2.3,3.1
1727006400,Getafe,Leganes,0.0,0.7807017543859649,0.49122807017543857,1.368421052631579,52.434210526315795,1.0859649122807018,2.361403508771929,4.5,0.5929824561403508,1.224561403508772,0.8,47.05263157894737,0.8291228070175437,2.798245614035087,3.8,0,1.0,1.0,1,1.0,1.0,5.4,4.8,2.3,2.6
1727014500,Athletic Club,Celta Vigo,0.0,1.0206896551724138,0.7931034482758621,1.489655172413793,52.341379310344834,1.2455172413793105,2.4482758620689653,4.5,1.7413793103448276,2.5258620689655173,0.5,46.82327586206897,1.7112068965517238,2.9706896551724125,3.8,0,1.0,1.0,0,3.0,1.0,6.6,4.8,2.3,3.1
1727022600,Villarreal,Barcelona,0.0,2.288135593220339,1.7415254237288136,1.8728813559322033,52.81991525423729,2.2415254237288136,2.3593220338983047,4.5,1.9932203389830507,1.230508474576271,2.1932203389830507,49.14406779661017,1.9088135593220334,2.698305084745762,3.8,0,1.0,1.0,2,1.0,5.0,5.4,7.2,2.8,2.6
1727031600,Rayo Vallecano,Atletico Madrid,0.0,1.7833333333333332,1.275,1.6083333333333334,52.7625,1.8375000000000001,2.4875,4.5,1.275,1.2833333333333332,1.5083333333333333,47.9875,1.3375,2.720833333333332,3.8,0,1.0,1.0,1,1.0,1.0,5.4,4.8,2.3,2.6
1727118000,Real Betis,Mallorca,0.0,1.6229508196721312,0.819672131147541,2.081967213114754,53.204918032786885,1.7068852459016397,2.349180327868852,4.5,0.7745901639344263,1.028688524590164,1.2581967213114753,47.618852459016395,0.961885245901639,2.843852459016392,3.8,0,1.0,1.0,2,1.0,2.0,5.4,5.4,2.8,2.6
1727197200,Valencia,Osasuna,0.0,1.4193548387096775,1.0258064516129033,1.4709677419354839,52.590322580645164,1.5438709677419356,2.451612903225806,4.5,0.782258064516129,2.524193548387097,0.5241935483870968,45.38709677419355,0.9677419354838708,2.9669354838709663,3.8,0,1.0,1.0,1,0.0,0.0,4.8,4.2,2.3,2.6
1727197200,Sevilla,Valladolid,0.0,1.0095238095238095,1.2190476190476192,1.2666666666666666,51.68571428571428,1.2365079365079368,2.5507936507936506,4.5,0.6190476190476191,3.2095238095238092,0.4190476190476191,44.114285714285714,0.8492063492063491,2.9920634920634908,3.8,0,1.0,1.0,0,2.0,1.0,6.0,4.8,2.3,3.1
1727204400,Real Madrid,Alaves,0.0,2.4124999999999996,0.61875,2.4749999999999996,54.690625000000004,2.33875,2.35,4.5,1.41875,1.8125,1.0125,47.409375,1.44875,2.893749999999999,3.8,0,1.0,1.0,0,3.0,2.0,6.6,5.4,2.3,3.1
1727283600,Girona,Rayo Vallecano,0.0,2.026923076923077,1.5307692307692307,1.603846153846154,52.74423076923077,2.0323076923076924,2.4865384615384616,4.5,1.0246153846153847,1.2215384615384615,1.2061538461538461,47.70461538461538,1.153230769230769,2.7953846153846147,3.8,0,1.0,1.0,1,0.0,0.0,4.8,4.2,2.3,2.6
1727290800,Barcelona,Getafe,0.0,3.015151515151515,0.7727272727272727,2.3484848484848486,55.36363636363636,2.8234848484848487,2.360606060606061,4.5,0.8181818181818181,1.412121212121212,0.6060606060606061,47.10909090909091,0.9884848484848484,2.8939393939393927,3.8,0,1.0,1.0,0,1.0,0.0,5.4,4.2,2.3,3.1
1727370000,Las Palmas,Real Betis,0.0,1.608955223880597,1.6119402985074627,1.0865671641791046,51.9955223880597,1.6961194029850748,2.4477611940298507,4.5,0.5149253731343284,1.2611940298507462,0.75,46.88059701492537,0.7798507462686566,2.844402985074625,3.8,0,1.0,1.0,1,1.0,1.0,5.4,4.8,2.3,2.6
1727370000,Espanyol,Villarreal,0.0,1.6058823529411765,1.2117647058823529,1.8823529411764706,52.59117647058824,1.7135294117647062,2.447058823529412,4.5,1.4117647058823528,1.2058823529411766,1.8000000000000003,48.30882352941177,1.4435294117647057,2.6941176470588224,3.8,0,1.0,1.0,2,1.0,2.0,5.4,5.4,2.8,2.6
1727377200,Celta Vigo,Atletico Madrid,0.0,2.2028985507246377,1.017391304347826,2.472463768115942,53.778260869565216,2.1710144927536237,2.349275362318841,4.5,1.2173913043478262,1.2028985507246377,1.4115942028985506,48.02173913043478,1.2878260869565215,2.6927536231884046,3.8,0,1.0,1.0,2,0.0,1.0,4.8,4.8,2.8,2.6
1727463600,Valladolid,Mallorca,0.0,0.7942857142857143,0.4171428571428572,1.6628571428571428,52.565714285714286,1.0845714285714287,2.351428571428572,4.5,1.0171428571428571,0.9942857142857142,1.6228571428571428,48.034285714285716,1.1474285714285712,2.79142857142857,3.8,0,1.0,1.0,2,1.0,2.0,5.4,5.4,2.8,2.6
1727524800,Getafe,Alaves,0.0,0.7915492957746478,0.6225352112676056,1.2535211267605635,52.25352112676056,1.0822535211267608,2.3535211267605636,4.5,1.5187793427230045,1.9929577464788732,0.8615023474178405,47.2887323943662,1.5262910798122065,2.9251173708920177,3.8,0,1.0,1.0,0,2.0,0.0,6.0,4.2,2.3,3.1
1727532900,Rayo Vallecano,Leganes,0.0,1.5944444444444446,1.2166666666666668,1.461111111111111,52.56666666666666,1.6844444444444449,2.4527777777777784,4.5,0.6805555555555556,1.1620370370370372,0.8564814814814815,47.27777777777778,0.8893518518518518,2.759722222222221,3.8,0,1.0,1.0,1,1.0,1.0,5.4,4.8,2.3,2.6
1727541000,Real Sociedad,Valencia,0.0,0.9917808219178081,1.6164383561643836,0.6575342465753424,51.063013698630144,1.2221917808219183,2.652054794520548,4.5,0.6164383561643836,1.9917808219178084,0.4273972602739726,45.93698630136986,0.846849315068493,2.990410958904108,3.8,0,1.0,1.0,0,3.0,0.0,6.6,4.2,2.3,3.1
1727550000,Osasuna,Barcelona,0.0,1.6666666666666665,1.009009009009009,2.2207207207207205,52.986486486486484,1.740540540540541,2.3427927927927934,4.5,2.509009009009009,1.1666666666666665,2.3513513513513513,50.013513513513516,2.3189189189189188,2.6765765765765757,3.8,0,1.0,1.0,0,4.0,2.0,7.199999999999999,5.4,2.3,3.1
1727611200,Celta Vigo,Girona,0.0,1.8444444444444446,1.0133333333333334,2.06,53.24666666666667,1.8993333333333338,2.425555555555556,4.5,0.8466666666666667,1.511111111111111,1.0133333333333334,47.00333333333333,1.0222222222222221,2.844444444444443,3.8,0,1.0,1.0,1,1.0,1.0,5.4,4.8,2.3,2.6
1727619300,Athletic Club,Sevilla,0.0,1.3421052631578947,0.8464912280701755,1.7236842105263157,52.743421052631575,1.4973684210526321,2.4250000000000007,4.5,1.0157894736842106,1.4105263157894736,0.8157894736842105,47.40789473684211,1.1463157894736842,2.7921052631578935,3.8,0,1.0,1.0,1,1.0,1.0,5.4,4.8,2.3,2.6
1727627400,Real Betis,Espanyol,0.0,1.5064935064935066,1.0129870129870129,1.7207792207792207,52.740259740259745,1.6121212121212123,2.424458874458875,4.5,0.6155844155844156,1.6077922077922078,0.6155844155844156,46.51168831168831,0.845974025974026,2.8909090909090898,3.8,0,1.0,1.0,0,1.0,0.0,5.4,4.2,2.3,3.1
1727636400,Atletico Madrid,Real Madrid,0.0,1.8051282051282052,0.41025641025641024,2.071794871794872,54.0923076923077,1.8723076923076927,2.3487179487179493,4.5,1.2102564102564102,1.005128205128205,1.4102564102564101,48.30769230769231,1.282051282051282,2.6923076923076907,3.8,0,1.0,1.0,1,1.0,1.0,5.4,4.8,2.3,2.6
1727722800,Villarreal,Las Palmas,0.0,2.0025316455696203,2.410126582278481,1.4683544303797467,51.38860759493671,2.010126582278481,2.4481012658227854,4.5,0.8101265822784809,1.8025316455696203,0.410126582278481,46.51139240506329,0.9817721518987341,2.9911392405063273,3.8,0,1.0,1.0,0,3.0,1.0,6.6,4.8,2.3,3.1
1728068400,Leganes,Valencia,0.0,1.01,1.21,1.275,51.7,1.2560000000000002,2.5475000000000008,4.5,0.5083333333333333,2.175,0.3375,45.5,0.7679166666666666,3.010416666666665,3.8,0,1.0,1.0,1,0.0,0.0,4.8,4.2,2.3,2.6
1728129600,Espanyol,Mallorca,0.0,1.5020576131687244,1.337448559670782,1.5596707818930042,52.24691358024691,1.6253086419753089,2.5057613168724284,4.5,1.1707818930041152,1.0020576131687244,1.837448559670782,48.25308641975309,1.2648148148148148,2.7594650205761306,3.8,0,1.0,1.0,0,2.0,1.0,6.0,4.8,2.3,3.1
1728137700,Getafe,Osasuna,0.0,1.0040650406504066,0.5040650406504066,1.565040650406504,52.75,1.2434959349593497,2.338617886178863,4.5,0.6048780487804878,2.004878048780488,0.6,45.900000000000006,0.837560975609756,2.892682926829267,3.8,0,1.0,1.0,1,1.0,1.0,5.4,4.8,2.3,2.6
1728145800,Las Palmas,Celta Vigo,0.0,1.502008032128514,1.504016064257028,1.0622489959839359,51.99698795180723,1.608433734939759,2.4214859437751013,4.5,1.6048192771084338,2.602409638554217,0.4,46.50361445783132,1.597349397590361,2.9915662650602393,3.8,0,1.0,1.0,2,0.0,1.0,4.8,4.8,2.8,2.6
1728145800,Valladolid,Rayo Vallecano,0.0,0.8293650793650794,0.6706349206349207,1.3888888888888888,52.23809523809524,1.103968253968254,2.4230158730158737,4.5,0.8373015873015873,0.996031746031746,1.1746031746031744,47.76190476190476,1.0142857142857142,2.758730158730158,3.8,0,1.0,1.0,2,1.0,2.0,5.4,5.4,2.8,2.6
1728154800,Real Madrid,Villarreal,0.0,2.4941176470588236,0.8411764705882353,2.549019607843137,54.47941176470589,2.4023529411764706,2.3411764705882363,4.5,1.507843137254902,1.1607843137254903,2.015686274509804,48.52058823529412,1.5172549019607842,2.6745098039215676,3.8,0,1.0,1.0,0,2.0,0.0,6.0,4.2,2.3,3.1
1728216000,Girona,Athletic Club,0.0,1.5953488372093023,1.2046511627906975,1.4651162790697674,52.58604651162791,1.704651162790698,2.4488372093023267,4.5,1.6046511627906976,1.3953488372093021,1.613953488372093,48.31395348837209,1.5972093023255813,2.7906976744186034,3.8,0,1.0,1.0,0,2.0,1.0,6.0,4.8,2.3,3.1
1728224100,Alaves,Barcelona,0.0,1.3977011494252873,0.6045977011494253,2.071264367816092,53.189655172413794,1.5464367816091955,2.3482758620689665,4.5,2.431855500821018,1.5697865353037768,2.006568144499179,49.29310344827586,2.255008210180624,2.7371100164203606,3.8,0,1.0,1.0,2,0.0,3.0,4.8,6.0,2.8,2.6
1728232200,Sevilla,Real Betis,0.0,1.1590909090909092,1.178030303030303,1.5530303030303032,51.97159090909091,1.3511363636363638,2.508333333333334,4.5,0.6136363636363636,1.190909090909091,0.8181818181818181,47.13409090909091,0.844090909090909,2.7909090909090897,3.8,0,1.0,1.0,0,1.0,0.0,5.4,4.2,2.3,3.1
1728241200,Real Sociedad,Atletico Madrid,0.0,1.3239700374531835,1.3408239700374533,1.058052434456929,51.9747191011236,1.4829588014981276,2.59119850187266,4.5,1.1741573033707864,0.9906367041198503,1.6779026217228465,48.2752808988764,1.2505617977528087,2.6767790262172273,3.8,0,1.0,1.0,1,1.0,1.0,5.4,4.8,2.3,2.6
1729278000,Alaves,Valladolid,0.0,1.1555555555555554,1.0074074074074073,1.7222222222222223,52.22222222222222,1.3648148148148147,2.424074074074075,4.5,0.674074074074074,2.988888888888889,0.3444444444444445,44.52777777777778,0.8837037037037037,3.0092592592592577,3.8,0,1.0,1.0,2,2.0,3.0,6.0,6.0,2.8,2.6
1729339200,Athletic Club,Espanyol,0.0,1.2778649921507064,0.8697017268445841,1.6138147566718997,52.61224489795919,1.4425431711146,2.4075353218210367,4.5,0.5146520146520147,1.4908424908424909,0.5183150183150184,46.535714285714285,0.7727106227106227,2.925091575091574,3.8,0,1.0,1.0,0,4.0,1.0,7.199999999999999,4.8,2.3,3.1
1729347300,Osasuna,Real Betis,0.0,2.0,1.15527950310559,2.3322981366459627,53.267080745341616,2.0059006211180126,2.3357142857142867,4.5,0.5144927536231885,1.1666666666666665,0.6811594202898551,47.02173913043478,0.7724637681159421,2.842753623188405,3.8,0,1.0,1.0,2,1.0,2.0,5.4,5.4,2.8,2.6
1729355400,Girona,Real Sociedad,0.0,1.6648745519713262,1.1845878136200716,1.71505376344086,52.72043010752688,1.7553763440860215,2.4263440860215066,4.5,0.5179211469534051,0.6648745519713262,1.1881720430107525,47.77956989247312,0.7750896057347669,2.7586021505376337,3.8,0,1.0,1.0,2,0.0,1.0,4.8,4.8,2.8,2.6
1729364400,Celta Vigo,Real Madrid,0.0,1.7082066869300911,1.0151975683890577,1.8936170212765957,53.03951367781155,1.7869300911854105,2.409422492401217,4.5,1.1843971631205674,0.9929078014184398,1.3617021276595744,48.287234042553195,1.258156028368794,2.6744680851063825,3.8,0,1.0,1.0,2,1.0,2.0,5.4,5.4,2.8,2.6
1729425600,Mallorca,Rayo Vallecano,0.0,0.9912280701754386,0.8543859649122807,1.3701754385964913,52.205263157894734,1.2166666666666668,2.4289473684210536,4.5,1.0180451127819548,0.9924812030075189,1.4586466165413536,48.03834586466165,1.15203007518797,2.734586466165413,3.8,0,1.0,1.0,0,1.0,0.0,5.4,4.2,2.3,3.1
1729433700,Atletico Madrid,Leganes,0.0,1.65625,0.5173611111111112,1.875,53.70833333333333,1.7486111111111113,2.34513888888889,4.5,0.7291666666666666,1.1339285714285714,0.8839285714285715,47.39285714285714,0.9211309523809523,2.735416666666666,3.8,0,1.0,1.0,0,3.0,1.0,6.6,4.8,2.3,3.1
1729441800,Villarreal,Getafe,0.0,2.161512027491409,2.183848797250859,1.7130584192439862,51.96649484536083,2.136082474226804,2.428006872852235,4.5,0.6838487972508591,1.3281786941580755,0.5274914089347079,47.03350515463917,0.8910652920962199,2.925601374570446,3.8,0,1.0,1.0,1,1.0,1.0,5.4,4.8,2.3,2.6
1729450800,Barcelona,Sevilla,0.0,2.5918367346938775,0.6204081632653061,2.4530612244897956,54.957142857142856,2.481632653061224,2.3530612244897977,4.5,1.0170068027210883,1.3265306122448979,0.8605442176870749,47.535714285714285,1.1408163265306122,2.758163265306122,3.8,0,1.0,1.0,0,5.0,1.0,7.8,4.8,2.3,3.1
1729537200,Valencia,Las Palmas,0.0,1.1717171717171717,0.8501683501683502,1.3821548821548821,52.48232323232323,1.3607744107744106,2.4271043771043783,4.5,0.8501683501683502,2.005050505050505,0.35690235690235694,46.26767676767677,1.0072390572390573,3.0090909090909084,3.8,0,1.0,1.0,2,2.0,3.0,6.0,6.0,2.8,2.6
1729882800,Espanyol,Sevilla,0.0,1.5771428571428574,1.3057142857142856,1.7514285714285713,52.40714285714285,1.6817142857142855,2.4814285714285726,4.5,1.02,1.862857142857143,0.74,46.73571428571429,1.139142857142857,2.807142857142857,3.8,0,1.0,1.0,2,0.0,2.0,4.8,5.4,2.8,2.6
1729944000,Valladolid,Villarreal,0.0,0.8585572842998586,0.8797736916548798,1.1753889674681754,51.96817538896747,1.1213578500707213,2.4824611032531836,4.5,1.3083451202263083,1.287128712871287,1.7454031117397455,48.03182461103253,1.3697312588401698,2.735077793493635,3.8,0,1.0,1.0,2,1.0,2.0,5.4,5.4,2.8,2.6
1729952100,Rayo Vallecano,Alaves,0.0,1.5,1.196078431372549,1.3660130718954249,52.455882352941174,1.6068627450980393,2.430718954248367,4.5,1.3109243697478992,2.0,0.7507002801120448,46.96638655462185,1.3717086834733894,2.948739495798319,3.8,0,1.0,1.0,0,1.0,0.0,5.4,4.2,2.3,3.1
1729960200,Las Palmas,Girona,0.0,1.2843273231622745,1.4507628294036063,0.8890429958391123,51.750346740638,1.4475728155339804,2.483079056865466,4.5,0.8793342579750347,1.4271844660194175,1.0332871012482663,47.17822468793343,1.0409153952843273,2.8066574202496533,3.8,0,1.0,1.0,0,1.0,0.0,5.4,4.2,2.3,3.1
1729969200,Real Madrid,Barcelona,0.0,2.4258241758241756,0.7335164835164835,2.607142857142857,54.53846153846154,2.3464285714285715,2.339835164835166,4.5,2.6668269230769233,1.4225961538461536,2.0764423076923073,49.86634615384616,2.441394230769231,2.731490384615385,3.8,0,1.0,1.0,2,0.0,4.0,4.8,6.6,2.8,2.6
1730030400,Leganes,Celta Vigo,0.0,0.8253968253968255,1.0317460317460319,1.2031746031746033,51.69047619047619,1.1173015873015872,2.5142857142857156,4.5,1.5317460317460316,2.1587301587301586,0.8746031746031746,47.05952380952381,1.5358730158730156,2.924603174603175,3.8,0,1.0,1.0,0,3.0,0.0,6.6,4.2,2.3,3.1
1730038500,Getafe,Valencia,0.0,0.9973045822102427,0.5956873315363882,1.463611859838275,52.602425876010784,1.2323450134770888,2.3404312668463625,4.5,0.4528301886792453,1.8544474393530996,0.46091644204851756,45.897574123989216,0.7285714285714284,2.9504043126684634,3.8,0,1.0,1.0,1,1.0,1.0,5.4,4.8,2.3,2.6
1730046600,Real Betis,Atletico Madrid,0.0,1.42456608811749,0.8811748998664887,1.890520694259012,52.8150867823765,1.5455273698264351,2.411481975967958,4.5,1.1668891855807741,0.9959946595460615,1.6034712950600802,48.25634178905207,1.2425901201602136,2.6640854472630178,3.8,0,1.0,1.0,0,1.0,0.0,5.4,4.2,2.3,3.1
1730059200,Real Sociedad,Osasuna,0.0,1.2804232804232805,1.306878306878307,1.0370370370370372,51.96031746031746,1.4444444444444444,2.5539682539682556,4.5,0.6913580246913581,1.8271604938271604,0.7006172839506173,46.2962962962963,0.8972222222222224,2.842283950617284,3.8,0,1.0,1.0,2,0.0,2.0,4.8,5.4,2.8,2.6
1730145600,Mallorca,Athletic Club,0.0,0.9908256880733946,0.7378768020969855,1.6041939711664484,52.379423328964606,1.212975098296199,2.41205766710354,4.5,1.5275229357798163,1.489296636085627,1.3730886850152906,48.05733944954129,1.5327217125382264,2.8415902140672786,3.8,0,1.0,1.0,1,0.0,0.0,4.8,4.2,2.3,2.6
1730491200,Alaves,Mallorca,0.0,1.2727272727272727,1.3064935064935064,1.4597402597402598,51.94935064935065,1.4529870129870128,2.4831168831168844,4.5,1.1636363636363636,1.12987012987013,1.6051948051948053,48.05064935064935,1.2545454545454546,2.806493506493507,3.8,0,1.0,1.0,0,1.0,0.0,5.4,4.2,2.3,3.1
1730552400,Osasuna,Valladolid,0.0,2.012612612612613,1.3157657657657655,2.205405405405405,53.04527027027028,2.0154954954954953,2.409909909909911,4.5,1.018018018018018,2.8429858429858426,0.7451737451737451,45.262548262548265,1.1525096525096528,2.95006435006435,3.8,0,1.0,1.0,0,1.0,0.0,5.4,4.2,2.3,3.1
1730560500,Girona,Leganes,0.0,1.413265306122449,1.1581632653061225,1.4668367346938775,52.38265306122449,1.5653061224489793,2.482397959183675,4.5,0.7133928571428572,1.4116071428571426,0.7245535714285714,46.952678571428564,0.9091964285714287,2.806919642857143,3.8,0,1.0,1.0,0,4.0,3.0,7.199999999999999,6.0,2.3,3.1
1730638800,Atletico Madrid,Las Palmas,0.0,1.8482932996207333,0.5916561314791404,2.0417193426042983,53.884955752212385,1.8989886219974716,2.3391908975979785,4.5,1.1630847029077116,1.9911504424778763,0.7395701643489254,46.757901390644754,1.2543615676359041,2.951453855878635,3.8,0,1.0,1.0,0,2.0,0.0,6.0,4.2,2.3,3.1
1730646900,Barcelona,Espanyol,0.0,2.991228070175439,0.6871345029239766,2.5526315789473686,55.45614035087719,2.8,2.345321637426902,4.5,0.5889724310776943,1.849624060150376,0.45112781954887216,46.10902255639098,0.823809523809524,2.9521303258145366,3.8,0,1.0,1.0,0,3.0,1.0,6.6,4.8,2.3,3.1
1730655000,Sevilla,Real Sociedad,0.0,1.1391304347826088,1.017391304347826,1.7627329192546584,52.18260869565218,1.3315527950310557,2.481366459627331,4.5,0.5888198757763976,0.5677018633540373,1.4484472049689443,48.03167701863354,0.8236024844720498,2.738509316770187,3.8,0,1.0,1.0,2,0.0,2.0,4.8,5.4,2.8,2.6
1730664000,Athletic Club,Real Betis,0.0,1.7185344827586206,0.8672413793103448,1.9137931034482758,53.27693965517241,1.795215517241379,2.409482758620691,4.5,0.7339901477832511,1.1354679802955665,1.0246305418719213,47.39778325123152,0.9396551724137933,2.8093596059113306,3.8,0,1.0,1.0,1,1.0,1.0,5.4,4.8,2.3,2.6
1730750400,Celta Vigo,Getafe,0.0,1.5675213675213677,1.167094017094017,1.462393162393162,52.600641025641025,1.674358974358974,2.4841880341880356,4.5,0.7338217338217338,1.277167277167277,0.5958485958485958,47.184981684981686,0.9251526251526252,2.880219780219781,3.8,0,1.0,1.0,0,1.0,0.0,5.4,4.2,2.3,3.1
1731096000,Rayo Vallecano,Las Palmas,0.0,1.4188861985472154,1.0169491525423728,1.6174334140435835,52.60290556900727,1.5411622276029053,2.410169491525425,4.5,1.0148305084745763,2.0165254237288135,0.7190677966101695,46.49745762711865,1.1503389830508477,2.9582627118644074,3.8,0,1.0,1.0,2,1.0,3.0,5.4,6.0,2.8,2.6
1731157200,Real Madrid,Osasuna,0.0,2.015546218487395,1.3189075630252098,2.2117647058823526,53.044957983193285,2.0326890756302523,2.4096638655462197,4.5,0.8787515006002402,1.5606242496998801,1.0264105642256902,46.97719087635054,1.0411764705882354,2.8088835534213694,3.8,0,1.0,1.0,0,4.0,0.0,7.199999999999999,4.2,2.3,3.1
1731165300,Villarreal,Alaves,0.0,1.9952380952380955,2.019047619047619,1.6166666666666667,51.964285714285715,2.002142857142857,2.4107142857142874,4.5,1.1666666666666665,1.8708333333333333,0.7208333333333332,46.943749999999994,1.271875,2.958333333333334,3.8,0,1.0,1.0,0,3.0,0.0,6.6,4.2,2.3,3.1
1731182400,Leganes,Sevilla,0.0,1.1416765053128688,0.8736717827626919,1.4769775678866588,52.40200708382526,1.3621015348288075,2.4818181818181833,4.5,1.0144628099173554,1.5739669421487605,1.018595041322314,47.1607438016529,1.1352479338842976,2.8088842975206614,3.8,0,1.0,1.0,0,1.0,0.0,5.4,4.2,2.3,3.1
1731243600,Real Betis,Celta Vigo,0.0,1.422950819672131,0.7122950819672131,2.2200819672131145,53.06598360655738,1.543483606557377,2.4088114754098373,4.5,1.2997658079625292,2.2833723653395785,0.7330210772833723,46.52459016393443,1.3641686182669788,2.953629976580797,3.8,0,1.0,1.0,1,2.0,2.0,6.0,5.4,2.3,2.6
1731251700,Mallorca,Atletico Madrid,0.0,0.8239837398373984,0.5642276422764227,1.61869918699187,52.38963414634146,1.0942682926829268,2.4085365853658547,4.5,0.8642276422764228,0.8239837398373984,1.466260162601626,48.06036585365853,1.0151219512195124,2.7339430894308956,3.8,0,1.0,1.0,2,0.0,1.0,4.8,4.8,2.8,2.6
1731259800,Valladolid,Athletic Club,0.0,0.8209677419354838,1.1641129032258064,0.7153225806451613,51.485282258064515,1.0920161290322579,2.5592741935483887,4.5,1.30184331797235,1.2811059907834101,1.3087557603686635,48.03110599078341,1.3656682027649771,2.8096774193548395,3.8,0,1.0,1.0,1,1.0,1.0,5.4,4.8,2.3,2.6
1731259800,Getafe,Girona,0.0,1.12,0.714,1.4639999999999997,52.609,1.3161999999999998,2.3340000000000014,4.5,0.714,1.42,0.8700000000000001,46.940999999999995,0.9248000000000002,2.883000000000001,3.8,0,1.0,1.0,2,0.0,1.0,4.8,4.8,2.8,2.6
1731268800,Real Sociedad,Barcelona,0.0,1.117063492063492,1.3138888888888887,1.0107142857142857,51.7047619047619,1.3290079365079361,2.5597222222222236,4.5,3.0345679012345683,1.2596119929453262,2.11005291005291,50.66243386243386,2.735238095238095,2.7289241622574965,3.8,0,1.0,1.0,0,1.0,0.0,5.4,4.2,2.3,3.1
1732305600,Getafe,Valladolid,0.0,1.1032370953630797,0.8549431321084864,1.300787401574803,52.37244094488189,1.302869641294838,2.408398950131235,4.5,1.0118110236220472,2.616141732283465,0.7216535433070865,45.593503937007874,1.1481102362204725,2.958070866141733,3.8,0,1.0,1.0,0,2.0,0.0,6.0,4.2,2.3,3.1
1732366800,Valencia,Real Betis,0.0,1.2767857142857142,1.1540178571428572,1.1897321428571428,52.18415178571429,1.441741071428571,2.4819196428571444,4.5,0.8597656250000001,1.2671875,1.01953125,47.3888671875,1.0266015625000002,2.808593750000001,3.8,0,1.0,1.0,0,4.0,2.0,7.199999999999999,5.4,2.3,3.1
1732374900,Atletico Madrid,Alaves,0.0,1.722093023255814,0.5616279069767443,2.068604651162791,53.740697674418605,1.7979069767441858,2.333914728682172,4.5,0.8547803617571059,2.1974160206718345,0.23772609819121443,45.986046511627904,1.0382428940568478,3.0414298018949193,3.8,0,1.0,1.0,0,2.0,1.0,6.0,4.8,2.3,3.1
1732383000,Las Palmas,Mallorca,0.0,1.123076923076923,1.1615384615384614,1.1711538461538462,51.9423076923077,1.318653846153846,2.4836538461538478,4.5,1.1615384615384614,1.123076923076923,1.6153846153846154,48.0576923076923,1.2528846153846154,2.8096153846153853,3.8,0,1.0,1.0,2,2.0,3.0,6.0,6.0,2.8,2.6
1732383000,Girona,Espanyol,0.0,1.4240458015267174,1.6152671755725192,1.4679389312977098,51.71316793893129,1.574389312977099,2.4843511450381692,4.5,0.7152671755725191,2.1740458015267174,0.41908396946564885,45.8118320610687,0.9108015267175573,2.9591603053435125,3.8,0,1.0,1.0,0,4.0,1.0,7.199999999999999,4.8,2.3,3.1
1732392000,Celta Vigo,Barcelona,0.0,1.27003367003367,1.0134680134680134,1.4626262626262625,52.38484848484848,1.436127946127946,2.485858585858587,4.5,2.4521212121212117,1.263030303030303,1.6536363636363638,49.78363636363636,2.284515151515151,2.8077272727272735,3.8,0,1.0,1.0,1,2.0,2.0,6.0,5.4,2.3,2.6
1732453200,Osasuna,Villarreal,0.0,2.048621553884712,1.3261487050960734,2.239264828738513,53.08370927318296,2.043408521303258,2.407852965747704,4.5,1.3169172932330826,1.2796992481203007,1.7669172932330828,48.05582706766917,1.3769924812030077,2.734210526315791,3.8,0,1.0,1.0,1,2.0,2.0,6.0,5.4,2.3,2.6
1732461300,Sevilla,Rayo Vallecano,0.0,0.9805970149253732,1.0186567164179103,1.767910447761194,51.9429104477612,1.219514925373134,2.4835820895522405,4.5,0.7186567164179104,0.9805970149253732,1.0167910447761195,47.60708955223881,0.9283208955223883,2.8087686567164187,3.8,0,1.0,1.0,0,1.0,0.0,5.4,4.2,2.3,3.1
1732469400,Leganes,Real Madrid,0.0,0.9796296296296297,0.7166666666666666,1.4703703703703703,52.39444444444444,1.2337037037037035,2.4833333333333347,4.5,1.3047619047619048,1.0052910052910053,1.5883597883597884,48.44920634920635,1.3535449735449736,2.667724867724869,3.8,0,1.0,1.0,2,0.0,3.0,4.8,6.0,2.8,2.6
1732478400,Athletic Club,Real Sociedad,0.0,1.734967320261438,1.0179738562091503,1.615359477124183,53.075490196078434,1.8081045751633984,2.4080065359477136,4.5,0.7202205882352941,0.5268382352941177,1.4683823529411766,48.29007352941177,0.9296323529411766,2.733823529411766,3.8,0,1.0,1.0,0,1.0,0.0,5.4,4.2,2.3,3.1
1732910400,Mallorca,Valencia,0.0,0.8008110300081103,0.7051094890510948,1.4619626926196267,52.14355231143552,1.0763017031630169,2.485563665855638,4.5,0.41824817518248175,1.5759124087591243,0.5664233576642337,46.263503649635034,0.7031751824817519,2.884306569343067,3.8,0,1.0,1.0,0,2.0,1.0,6.0,4.8,2.3,3.1
1732971600,Barcelona,Las Palmas,0.0,3.0020703933747415,0.7349896480331263,2.6252587991718426,55.400621118012424,2.807453416149068,2.338302277432714,4.5,1.482769726247987,1.890499194847021,1.1684380032206119,47.38840579710145,1.509339774557166,2.886473429951692,3.8,0,1.0,1.0,2,1.0,2.0,5.4,5.4,2.8,2.6
1732979700,Alaves,Leganes,0.0,1.4258992805755395,1.3197841726618704,1.769064748201439,52.1591726618705,1.560755395683453,2.484172661870505,4.5,1.1731414868105516,2.0452438049560353,0.5493205435651478,46.69184652278177,1.2615827338129497,2.8860911270983225,3.8,0,1.0,1.0,1,1.0,1.0,5.4,4.8,2.3,2.6
1732987800,Espanyol,Celta Vigo,0.0,1.5750000000000002,1.4696428571428573,1.767857142857143,52.15803571428572,1.6799999999999995,2.483928571428573,4.5,1.169642857142857,2.0250000000000004,0.8678571428571429,46.71696428571428,1.2591071428571428,2.8839285714285725,3.8,0,1.0,1.0,0,3.0,1.0,6.6,4.8,2.3,3.1
1732996800,Valladolid,Atletico Madrid,0.0,0.957919621749409,1.3284475965327027,0.6846335697399527,51.444208037825064,1.1863041765169422,2.563278171788811,4.5,0.8617809298660363,0.8023640661938534,1.4808510638297872,48.08912529550827,1.012387706855792,2.7305752561071723,3.8,0,1.0,1.0,2,0.0,5.0,4.8,7.2,2.8,2.6
1733058000,Villarreal,Girona,0.0,2.175,1.7764084507042255,1.9172535211267605,52.59788732394367,2.145105633802817,2.4093309859154943,4.5,0.8679186228482003,0.9555555555555555,1.3283255086071986,47.86854460093897,1.0328012519561818,2.807981220657278,3.8,0,1.0,1.0,1,2.0,2.0,6.0,5.4,2.3,2.6
1733066100,Real Madrid,Getafe,0.0,2.356332556332556,1.335975135975136,2.2365190365190366,53.53053613053613,2.305128205128205,2.4080808080808094,4.5,0.577972027972028,1.2758741258741257,0.41923076923076924,46.95314685314685,0.8155944055944057,2.958566433566435,3.8,0,1.0,1.0,0,2.0,0.0,6.0,4.2,2.3,3.1
1733074200,Rayo Vallecano,Athletic Club,0.0,1.426736111111111,1.1760416666666667,1.6184027777777779,52.37604166666666,1.546423611111111,2.408854166666668,4.5,1.3260416666666666,1.1267361111111112,1.4673611111111113,48.29895833333334,1.3841666666666668,2.7340277777777797,3.8,0,1.0,1.0,2,1.0,2.0,5.4,5.4,2.8,2.6
1733083200,Real Sociedad,Real Betis,0.0,1.1118773946360152,1.024521072796935,1.45823754789272,52.13103448275862,1.3250574712643675,2.4862068965517254,4.5,1.1800766283524904,1.578544061302682,1.018390804597701,47.40229885057471,1.2669731800766284,2.8076628352490434,3.8,0,1.0,1.0,0,2.0,0.0,6.0,4.2,2.3,3.1
1733169600,Sevilla,Osasuna,0.0,1.112633181126332,0.7117199391171993,2.2380517503805173,52.6013698630137,1.3100761035007609,2.4082191780821933,4.5,0.8756849315068493,1.5767123287671234,1.018835616438356,46.948458904109586,1.0389383561643837,2.8090753424657544,3.8,0,1.0,1.0,1,1.0,1.0,5.4,4.8,2.3,2.6
1733248800,Mallorca,Barcelona,0.0,0.9406802721088436,0.5404081632653062,1.9333333333333333,52.60040816326531,1.1884897959183671,2.4072108843537423,4.5,2.000371057513915,1.4188002473716759,1.340878169449598,48.87235621521336,1.9227210884353743,2.8063079777365503,3.8,0,1.0,1.0,2,1.0,5.0,5.4,7.2,2.8,2.6
1733342400,Athletic Club,Real Madrid,0.0,1.9,0.8656756756756757,2.0910810810810814,53.55148648648648,1.9239189189189185,2.3277027027027035,4.5,1.6320945945945946,0.825,1.9219594594594596,49.21064189189188,1.6139527027027025,2.6582770270270286,3.8,0,1.0,1.0,0,2.0,1.0,6.0,4.8,2.3,3.1
1733515200,Celta Vigo,Mallorca,0.0,1.1006711409395973,1.185503355704698,1.1328859060402685,51.87275167785235,1.3004295302013422,2.4875167785234913,4.5,1.4950037285607756,1.4229679343773303,1.6401193139448174,48.10805369127516,1.5188665175242357,2.8077554064131256,3.8,0,1.0,1.0,0,2.0,0.0,6.0,4.2,2.3,3.1
1733576400,Las Palmas,Valladolid,0.0,1.268148148148148,1.4933333333333334,0.9940740740740741,51.66222222222222,1.43437037037037,2.563703703703705,4.5,1.0266666666666666,1.8903703703703703,0.7051851851851851,46.70444444444444,1.1598518518518521,2.9637037037037053,3.8,0,1.0,1.0,0,2.0,1.0,6.0,4.8,2.3,3.1
1733584500,Real Betis,Barcelona,0.0,1.4244297277409859,1.0264900662251655,1.9293598233995586,52.59690949227373,1.543811626195732,2.407947019867551,4.5,2.5198675496688745,0.9183222958057395,1.8443708609271523,50.4023178807947,2.3380794701986756,2.723068432671083,3.8,0,1.0,1.0,1,2.0,2.0,6.0,5.4,2.3,2.6
1733592600,Valencia,Rayo Vallecano,0.0,1.7282894736842107,1.18125,1.6194078947368422,52.82055921052631,1.8024013157894734,2.4087171052631593,4.5,0.7166666666666667,1.1140350877192982,0.8590643274853802,47.40394736842105,0.927309941520468,2.885964912280703,3.8,0,1.0,1.0,2,0.0,1.0,4.8,4.8,2.8,2.6
1733601600,Girona,Real Madrid,0.0,1.8896151053013799,1.1831517792302106,1.925925925925926,53.05969498910676,1.94716049382716,2.408278867102398,4.5,1.6498184458968774,0.9562817719680465,1.7952069716775598,49.04030501089325,1.6271169208424112,2.730065359477126,3.8,0,1.0,1.0,2,0.0,3.0,4.8,6.0,2.8,2.6
1733662800,Leganes,Real Sociedad,0.0,0.9541125541125541,1.0303030303030303,1.4568542568542568,51.885714285714286,1.2144300144300142,2.486580086580088,4.5,0.7191919191919192,0.643001443001443,1.3313131313131312,48.114285714285714,0.9292352092352094,2.807503607503609,3.8,0,1.0,1.0,2,0.0,3.0,4.8,6.0,2.8,2.6
1733670900,Athletic Club,Villarreal,0.0,1.7425219941348975,0.8633431085043989,2.099120234604106,53.31876832844574,1.7977712609970675,2.3258064516129044,4.5,1.499641577060932,1.4186379928315411,1.8007168458781362,48.12150537634408,1.5224372759856633,2.729390681003586,3.8,0,1.0,1.0,0,2.0,0.0,6.0,4.2,2.3,3.1
1733679000,Osasuna,Alaves,0.0,1.8974358974358974,1.348205128205128,1.9307692307692308,52.82384615384615,1.9220512820512818,2.4082051282051293,4.5,0.7082051282051282,2.0574358974358975,0.2192307692307692,45.97615384615385,0.9211025641025641,3.0467948717948734,3.8,0,1.0,1.0,1,2.0,2.0,6.0,5.4,2.3,2.6
1733688000,Atletico Madrid,Sevilla,0.0,2.0423213021939137,0.721443736730361,2.388818117480538,53.98131634819533,2.0383864118895962,2.331139419674453,4.5,1.0325548478414721,1.7312101910828026,0.8656758669497523,46.952016985138,1.148818117480538,2.884996461429584,3.8,0,1.0,1.0,0,4.0,3.0,7.199999999999999,6.0,2.3,3.1
1733774400,Getafe,Espanyol,0.0,1.26126582278481,0.711645569620253,1.6116455696202534,52.824430379746836,1.4290632911392402,2.4078481012658237,4.5,0.8796061884669479,2.8236286919831226,0.2419127988748242,45.08396624472574,1.0264135021097047,3.040928270042196,3.8,0,1.0,1.0,0,1.0,0.0,5.4,4.2,2.3,3.1
1734120000,Valladolid,Valencia,0.0,0.9406289308176101,2.150188679245283,0.4933333333333333,50.185660377358495,1.1725283018867922,2.647672955974844,4.5,0.5668763102725367,1.7340321453529002,0.5515024458420685,46.24926624737945,0.8074353598881903,2.88574423480084,3.8,0,1.0,1.0,0,1.0,0.0,5.4,4.2,2.3,3.1
1734181200,Espanyol,Osasuna,0.0,1.7333333333333334,1.4986111111111111,1.7722222222222224,52.35208333333333,1.8066666666666664,2.4861111111111125,4.5,0.8763888888888889,1.2666666666666666,1.1722222222222223,47.41458333333333,1.0395833333333335,2.7305555555555574,3.8,0,1.0,1.0,1,0.0,0.0,4.8,4.2,2.3,2.6
1734189300,Mallorca,Girona,0.0,0.92557876905703,1.3521174477696216,1.4492377188029362,51.36019198193111,1.1769169960474306,2.488481084133259,4.5,0.8673291925465839,1.2581366459627328,1.0149068322981367,47.413788819875776,1.0325714285714287,2.8072049689441005,3.8,0,1.0,1.0,0,2.0,1.0,6.0,4.8,2.3,3.1
1734197400,Sevilla,Celta Vigo,0.0,1.0987654320987654,0.8671604938271605,1.9358024691358025,52.34740740740741,1.2990864197530863,2.4071604938271616,4.5,1.0301783264746227,2.043072702331962,0.8595336076817559,46.48065843621399,1.1471056241426612,2.886145404663925,3.8,0,1.0,1.0,0,1.0,0.0,5.4,4.2,2.3,3.1
1734206400,Rayo Vallecano,Real Madrid,0.0,1.10906612133606,1.3397409679618266,1.152692569870484,51.653987730061345,1.2917518745739602,2.4855487389229736,4.5,1.8257668711656443,0.9381595092024541,1.8122699386503067,49.33141104294479,1.767361963190184,2.727852760736198,3.8,0,1.0,1.0,1,3.0,3.0,6.6,6.0,2.3,2.6
1734267600,Atletico Madrid,Getafe,0.0,2.2199999999999998,1.1880487804878048,2.4165853658536585,53.54792682926829,2.180024390243902,2.326829268292684,4.5,0.5644986449864499,1.422222222222222,0.3913279132791328,46.71341463414634,0.8057181571815719,2.9639566395663977,3.8,0,1.0,1.0,0,1.0,0.0,5.4,4.2,2.3,3.1
1734275700,Alaves,Athletic Club,0.0,1.265993265993266,1.4962962962962962,1.4646464646464645,51.65454545454545,1.4327946127946125,2.4851851851851867,4.5,1.1851851851851851,0.9548821548821549,1.4787878787878788,48.34545454545455,1.2712457912457915,2.730976430976433,3.8,0,1.0,1.0,1,1.0,1.0,5.4,4.8,2.3,2.6
1734283800,Real Sociedad,Las Palmas,0.0,1.4187951807228913,0.7065060240963855,1.9373493975903615,53.06843373493976,1.555012048192771,2.4065060240963865,4.5,1.6665060240963856,1.7387951807228916,1.650843373493976,47.89156626506025,1.655951807228916,2.8075903614457847,3.8,0,1.0,1.0,1,0.0,0.0,4.8,4.2,2.3,2.6
1734283800,Villarreal,Real Betis,0.0,1.8855622089155024,1.6501663339986694,1.618363273453094,52.35309381237525,1.9129740518962073,2.407052561543581,4.5,1.0251497005988024,1.7370059880239521,0.8507784431137726,46.93221556886227,1.1589461077844312,2.887305389221558,3.8,0,1.0,1.0,2,1.0,2.0,5.4,5.4,2.8,2.6
1734292800,Barcelona,Leganes,0.0,2.9205357142857142,0.8827380952380953,2.2181547619047617,55.05669642857143,2.7414880952380947,2.4084821428571446,4.5,1.346190476190476,1.8964285714285714,0.693095238095238,47.17464285714286,1.383738095238095,2.8070238095238107,3.8,0,1.0,1.0,2,0.0,1.0,4.8,4.8,2.8,2.6
1734553800,Villarreal,Rayo Vallecano,0.0,1.8946745562130178,1.1860355029585798,1.612544378698225,53.06295857988166,1.9198816568047334,2.407218934911244,4.5,0.7060355029585799,0.7746745562130177,1.3353846153846152,47.89704142011835,0.9195739644970413,2.806745562130179,3.8,0,1.0,1.0,1,1.0,1.0,5.4,4.8,2.3,2.6
1734553800,Espanyol,Valencia,0.0,1.2541176470588233,1.1858823529411764,1.4517647058823528,52.10235294117647,1.439411764705882,2.487058823529413,4.5,0.5458823529411765,1.4141176470588235,0.5352941176470588,46.69764705882353,0.7914117647058823,2.8864705882352957,3.8,0,1.0,1.0,1,1.0,1.0,5.4,4.8,2.3,2.6
1734724800,Girona,Valladolid,0.0,1.8935672514619883,1.6657309941520468,1.7709941520467838,52.34175438596491,1.9509473684210523,2.4869005847953227,4.5,1.0257309941520467,1.7335672514619884,0.695204678362573,46.93824561403508,1.1592514619883043,2.9661988304093585,3.8,0,1.0,1.0,0,3.0,0.0,6.6,4.2,2.3,3.1
1734786000,Getafe,Mallorca,0.0,1.0866807610993656,0.6949260042283297,1.611416490486258,52.587632135306556,1.2894080338266383,2.4061310782241025,4.5,1.1844186046511627,1.5753488372093025,1.173953488372093,47.41360465116279,1.286279069767442,2.8865116279069785,3.8,0,1.0,1.0,2,0.0,1.0,4.8,4.8,2.8,2.6
1734794100,Celta Vigo,Real Sociedad,0.0,1.412401471361009,1.022070415133999,1.60966894377299,52.58549658434052,1.5337046768260638,2.406516027325277,4.5,1.1842774566473988,0.4536416184971098,1.816184971098266,49.09595375722543,1.2861271676300579,2.726242774566476,3.8,0,1.0,1.0,0,2.0,0.0,6.0,4.2,2.3,3.1
1734802200,Osasuna,Athletic Club,0.0,1.903866248693835,1.5118077324973878,1.6110762800417975,52.58808777429467,1.926854754440961,2.4063740856844316,4.5,1.0229885057471264,1.0942528735632184,1.174942528735632,47.893103448275866,1.1411724137931034,2.726551724137933,3.8,0,1.0,1.0,2,1.0,2.0,5.4,5.4,2.8,2.6
1734811200,Barcelona,Atletico Madrid,0.0,1.881904761904762,1.0266666666666666,1.766984126984127,53.28285714285715,1.9256507936507936,2.4860317460317476,4.5,1.5040000000000002,0.6137142857142857,1.8171428571428572,49.33542857142857,1.5259428571428573,2.726285714285716,3.8,0,1.0,1.0,2,1.0,2.0,5.4,5.4,2.8,2.6
1734872400,Valencia,Alaves,0.0,1.5702020202020202,1.1833333333333333,1.4537878787878786,52.58030303030303,1.6918181818181814,2.4864898989899005,4.5,0.6954545454545453,1.9028925619834711,0.3630165289256198,46.18884297520661,0.9115495867768596,2.9691115702479354,3.8,0,1.0,1.0,1,2.0,2.0,6.0,5.4,2.3,2.6
1734880500,Real Madrid,Sevilla,0.0,2.0537853107344635,1.1859887005649716,2.247683615819209,53.30169491525424,2.06309604519774,2.4076836158192103,4.5,1.3459887005649716,2.0537853107344635,0.8592090395480226,46.93830508474576,1.399457627118644,2.8857627118644085,3.8,0,1.0,1.0,0,4.0,2.0,7.199999999999999,5.4,2.3,3.1
1734888600,Leganes,Villarreal,0.0,0.9366292134831462,1.1869662921348314,1.4492134831460672,51.624494382022476,1.2013483146067414,2.4875280898876415,4.5,1.1869662921348314,1.5766292134831463,1.3379775280898876,47.41550561797753,1.2882022471910113,2.8060674157303387,3.8,0,1.0,1.0,2,2.0,5.0,6.0,7.2,2.8,2.6
1734888600,Las Palmas,Espanyol,0.0,1.2572067039106145,1.1912849162011172,1.4473743016759775,52.09888268156425,1.4257877094972065,2.487932960893856,4.5,0.7112849162011172,2.3772067039106144,0.22011173184357538,45.50111731843575,0.9076201117318436,3.045810055865924,3.8,0,1.0,1.0,0,1.0,0.0,5.4,4.2,2.3,3.1
1734897600,Real Betis,Rayo Vallecano,0.0,1.4166666666666665,1.19,1.608888888888889,52.34,1.5373333333333332,2.407777777777779,4.5,0.8636363636363636,0.9242424242424243,1.3444444444444446,47.90909090909091,1.0296969696969698,2.805555555555557,3.8,0,1.0,1.0,1,1.0,1.0,5.4,4.8,2.3,2.6
1735934400,Valencia,Real Madrid,0.0,1.576132596685083,1.5098342541436467,1.1281767955801105,52.09944751381215,1.6968839779005522,2.4876243093922668,4.5,2.172576594676042,1.2510296333500752,1.8352586639879458,49.382320441988945,2.044088397790055,2.7235057759919656,3.8,0,1.0,1.0,2,1.0,2.0,5.4,5.4,2.8,2.6
1736539200,Rayo Vallecano,Celta Vigo,0.0,1.4156043956043955,1.6707692307692308,1.1263736263736264,51.61725274725275,1.5364395604395602,2.488021978021979,4.5,0.8707692307692309,1.7356043956043958,0.860879120879121,46.70274725274725,1.0352087912087913,2.885604395604397,3.8,0,1.0,1.0,0,2.0,1.0,6.0,4.8,2.3,3.1
1736600400,Alaves,Girona,0.0,1.0961748633879782,1.510601092896175,1.1278688524590164,51.37836065573771,1.2968743169398904,2.487868852459018,4.5,1.0278191753601589,1.2510680576254347,1.0178837555886737,47.665126676602085,1.1445802285146547,2.8053651266766035,3.8,0,1.0,1.0,2,0.0,1.0,4.8,4.8,2.8,2.6
1736608500,Valladolid,Real Betis,0.0,0.9223320158102767,1.8458498023715415,0.9509881422924902,50.614723320158106,1.1578853754940708,2.57114624505929,4.5,1.3549407114624505,1.740513833992095,1.3470355731225296,47.42164031620553,1.4062450592885378,2.8051383399209504,3.8,0,1.0,1.0,0,1.0,0.0,5.4,4.2,2.3,3.1
1736616600,Espanyol,Leganes,0.0,1.249140049140049,1.0265356265356265,1.606879606879607,52.33390663390663,1.4356756756756754,2.4073710073710086,4.5,1.3538083538083538,1.7400491400491402,1.0186732186732186,47.420638820638814,1.3890417690417691,2.8054054054054074,3.8,0,1.0,1.0,1,1.0,1.0,5.4,4.8,2.3,2.6
1736625600,Sevilla,Valencia,0.0,0.9214076246334311,0.6991202346041056,1.9335288367546433,52.33343108504398,1.1571065493646135,2.4072336265884666,4.5,0.6991202346041056,1.0850439882697946,0.6913000977517105,47.42111436950147,0.8979863147605083,2.8051808406647134,3.8,0,1.0,1.0,1,1.0,1.0,5.4,4.8,2.3,2.6
1736686800,Las Palmas,Getafe,0.0,1.2482255712202235,1.026251823043267,1.7692756441419544,52.33296062226543,1.4185415653864848,2.4889158969372884,4.5,0.3888770053475935,1.2530481283422459,0.3803208556149732,46.70374331550802,0.6816256684491978,2.9654545454545476,3.8,0,1.0,1.0,2,1.0,2.0,5.4,5.4,2.8,2.6
1736694900,Atletico Madrid,Osasuna,0.0,2.2295938104448743,1.0270793036750483,2.749516441005803,53.80377176015474,2.1872533849129594,2.325628626692458,4.5,0.8697872340425533,1.2525531914893615,1.1823404255319148,47.42585106382979,1.0343191489361705,2.725212765957449,3.8,0,1.0,1.0,0,1.0,0.0,5.4,4.2,2.3,3.1
1736798400,Real Sociedad,Villarreal,0.0,0.92005772005772,0.6987012987012986,1.6053872053872056,52.33203463203463,1.172332852332852,2.4073112073112086,4.5,1.6805194805194805,1.7382395382395384,1.3465127465127464,47.913419913419915,1.683107263107263,2.8050024050024067,3.8,0,1.0,1.0,0,1.0,0.0,5.4,4.2,2.3,3.1
1737144000,Espanyol,Valladolid,0.0,1.0763157894736841,1.0228070175438597,1.2728070175438595,52.080263157894734,1.2976315789473682,2.4065789473684225,4.5,0.861244019138756,1.9014354066985646,0.6909090909090909,46.43971291866029,1.044114832535885,2.9688995215311023,3.8,0,1.0,1.0,0,2.0,1.0,6.0,4.8,2.3,3.1
1737205200,Girona,Sevilla,0.0,2.0655878153260354,1.5156592099000479,1.7716325559257498,52.82489290813898,2.0887196573060445,2.4888624464540707,4.5,1.5156592099000479,2.556496906235126,0.6898619704902427,46.43874345549739,1.5348881485007142,2.9691575440266558,3.8,0,1.0,1.0,2,1.0,2.0,5.4,5.4,2.8,2.6
1737213300,Leganes,Atletico Madrid,0.0,1.2469696969696968,2.007386363636364,1.2791666666666666,50.859375,1.4338068181818178,2.5710227272727284,4.5,1.6801136363636364,0.756060606060606,1.8371212121212122,49.38607954545454,1.6664204545454546,2.7234848484848504,3.8,0,1.0,1.0,0,1.0,0.0,5.4,4.2,2.3,3.1
1737221400,Real Betis,Alaves,0.0,1.4101742816768723,1.024493641073952,1.7713612812058408,52.57852096090438,1.5316250588789444,2.325435704192182,4.5,1.0224525043177892,1.9093264248704664,0.5164075993091537,46.66968911917098,1.1568221070811744,2.888428324697756,3.8,0,1.0,1.0,2,1.0,3.0,5.4,6.0,2.8,2.6
1737230400,Getafe,Barcelona,0.0,0.9089347079037801,0.6907216494845361,1.4390034364261168,52.327319587628864,1.1636597938144329,2.4902920962199326,4.5,2.376050753370341,1.2390166534496432,1.5243457573354482,49.70555114988105,2.2228390166534497,2.7199048374306125,3.8,0,1.0,1.0,1,1.0,1.0,5.4,4.8,2.3,2.6
1737291600,Celta Vigo,Athletic Club,0.0,1.5752136752136754,0.8572649572649573,1.9384615384615385,53.07692307692308,1.663333333333333,2.406837606837608,4.5,1.1897435897435897,0.9184149184149184,1.6741258741258742,48.406993006993005,1.2741258741258743,2.6414918414918436,3.8,0,1.0,1.0,2,1.0,2.0,5.4,5.4,2.8,2.6
1737299700,Real Madrid,Las Palmas,0.0,2.22708719851577,1.1905380333951763,2.2586270871985157,53.554823747680885,2.2014656771799626,2.407792207792209,4.5,1.5178107606679037,1.2452690166975882,1.839517625231911,48.40881261595547,1.5529128014842306,2.7230983302411893,3.8,0,1.0,1.0,0,4.0,1.0,7.199999999999999,4.8,2.3,3.1
1737307800,Osasuna,Rayo Vallecano,0.0,1.410321489001692,1.5245346869712353,1.104906937394247,51.828680203045685,1.5313874788494075,2.49035532994924,4.5,0.6912013536379018,0.9103214890016921,1.018612521150592,47.67131979695432,0.8917089678510999,2.804737732656516,3.8,0,1.0,1.0,1,1.0,1.0,5.4,4.8,2.3,2.6
1737316800,Valencia,Real Sociedad,0.0,1.7381083562901747,1.844811753902663,0.9502295684113866,51.83994490358127,1.8102479338842972,2.5711662075298456,4.5,1.1902662993572084,0.7562901744719925,1.6747474747474749,48.65096418732782,1.2908172635445363,2.8049586776859523,3.8,0,1.0,1.0,0,1.0,0.0,5.4,4.2,2.3,3.1
1737403200,Villarreal,Mallorca,0.0,1.5740520785746919,1.1892188213796253,1.2787574234810415,52.5772498857926,1.662622201918684,2.4074006395614447,4.5,1.0255824577432617,1.410415714938328,1.1828232069438098,47.422750114207396,1.1591320237551395,2.887026039287348,3.8,0,1.0,1.0,0,4.0,0.0,7.199999999999999,4.2,2.3,3.1
1737748800,Las Palmas,Osasuna,0.0,1.4116666666666666,1.1891666666666667,1.7733333333333332,52.33375,1.5324166666666663,2.490000000000001,4.5,0.6972727272727273,1.249090909090909,1.018181818181818,47.17227272727273,0.912909090909091,2.8054545454545474,3.8,0,1.0,1.0,1,1.0,1.0,5.4,4.8,2.3,2.6
1737810000,Mallorca,Real Betis,0.0,1.077943615257048,1.5223880597014927,1.439469320066335,51.333333333333336,1.2987562189054724,2.489883913764512,4.5,1.0223880597014925,1.7446102819237148,0.8499170812603649,46.916666666666664,1.1567164179104479,2.888142620232174,3.8,0,1.0,1.0,2,0.0,1.0,4.8,4.8,2.8,2.6
1737818100,Atletico Madrid,Villarreal,0.0,1.91006600660066,0.8556105610561056,2.7714521452145213,53.58168316831683,1.931188118811881,2.3235148514851494,4.5,1.6889438943894388,1.5767326732673268,1.3514851485148516,48.168316831683164,1.68993399339934,2.8046204620462065,3.8,0,1.0,1.0,1,1.0,1.0,5.4,4.8,2.3,2.6
1737826200,Sevilla,Espanyol,0.0,0.909688013136289,0.8555008210180624,1.6042692939244665,52.08128078817734,1.1475369458128075,2.40673234811166,4.5,0.6969099865651589,2.392386923421406,0.20152261531571872,45.45678459471563,0.896166592028661,3.050291088222125,3.8,0,1.0,1.0,1,1.0,1.0,5.4,4.8,2.3,2.6
1737835200,Valladolid,Real Madrid,0.0,0.9093137254901961,1.522058823529412,1.4370915032679739,51.080882352941174,1.147222222222222,2.489950980392158,4.5,2.188725490196078,1.2426470588235294,1.8513071895424837,49.41911764705882,2.0563725490196076,2.720915032679741,3.8,0,1.0,1.0,2,0.0,3.0,4.8,6.0,2.8,2.6
1737896400,Rayo Vallecano,Girona,0.0,1.5725055432372508,1.6802660753880267,1.4390243902439024,51.83835920177384,1.661463414634146,2.489356984478937,4.5,1.0235772357723576,1.0747967479674796,1.3528455284552847,47.923170731707316,1.1408943089430894,2.8040650406504084,3.8,0,1.0,1.0,0,2.0,1.0,6.0,4.8,2.3,3.1
1737904500,Real Sociedad,Getafe,0.0,0.9085760517799353,0.5234627831715211,1.9368932038834952,52.57766990291262,1.1633495145631065,2.4067961165048555,4.5,0.6983230361871138,1.2457193292144748,0.8566637246248897,47.17890556045896,0.9135745807590466,2.886496028243603,3.8,0,1.0,1.0,2,0.0,3.0,4.8,6.0,2.8,2.6
1737912600,Athletic Club,Leganes,0.0,1.9074074074074074,0.6916264090177133,2.4355877616747184,53.82367149758454,1.9291465378421897,2.3237520128824487,4.5,1.35829307568438,1.7407407407407407,1.0201288244766507,47.42632850241546,1.3919484702093396,2.804106280193239,3.8,0,1.0,1.0,1,0.0,0.0,4.8,4.2,2.3,2.6
1737921600,Barcelona,Valencia,0.0,1.8875,1.3488461538461536,1.2821153846153845,52.80798076923077,1.9299423076923077,2.568365384615386,4.5,0.8573717948717949,1.2395833333333333,0.686698717948718,47.42668269230769,1.0079326923076923,2.803926282051284,3.8,0,1.0,1.0,0,7.0,1.0,9.0,4.8,2.3,3.1
1738008000,Alaves,Celta Vigo,0.0,1.0843845150065246,1.189734667246629,1.112222705524141,51.84197477163985,1.2874380165289254,2.4892996955197924,4.5,0.8624619399739017,2.0662026968247065,0.3663331883427577,46.19438886472379,1.0285254458460202,2.9681600695954784,3.8,0,1.0,1.0,1,1.0,1.0,5.4,4.8,2.3,2.6
1738353600,Leganes,Rayo Vallecano,0.0,0.9103174603174603,2.0238095238095237,1.269047619047619,50.32976190476191,1.1648412698412696,2.5734126984127,4.5,0.8527472527472528,0.9018315018315018,1.1868131868131868,47.926373626373625,1.0040293040293042,2.719047619047621,3.8,0,1.0,1.0,2,0.0,1.0,4.8,4.8,2.8,2.6
1738414800,Getafe,Sevilla,0.0,0.9007655851257748,0.6834123222748815,1.4317900109369304,52.32602989427633,1.1575209624498721,2.4911046299671904,4.5,1.6903633491311216,1.9091627172195893,1.1872037914691942,47.671800947867304,1.6742496050552926,2.887124802527648,3.8,0,1.0,1.0,1,0.0,0.0,4.8,4.2,2.3,2.6
1738422900,Villarreal,Valladolid,0.0,2.074685534591195,1.0227987421383649,1.60062893081761,53.57783018867924,2.06312893081761,2.406918238993712,4.5,0.5227987421383647,1.9080188679245282,0.1871069182389937,45.92216981132075,0.7735849056603774,3.0536163522012596,3.8,0,1.0,1.0,0,5.0,1.0,7.8,4.8,2.3,3.1
1738431000,Atletico Madrid,Mallorca,0.0,1.7484290357529795,1.0209461899602745,2.4477428674611774,53.09122426868906,1.8018490429758032,2.3216684723726986,4.5,0.8560250391236307,1.744131455399061,1.18622848200313,46.667840375586856,1.0401408450704226,2.8871674491392816,3.8,0,1.0,1.0,0,2.0,0.0,6.0,4.2,2.3,3.1
1738440000,Espanyol,Real Madrid,0.0,1.410352264557872,0.8508986340762043,1.771818835370237,52.8391804457225,1.5482961897915164,2.3215672178289006,4.5,2.204744787922358,1.2411214953271028,1.8634076204169663,49.44543493889288,2.0687562904385337,2.7191229331416267,3.8,0,1.0,1.0,0,1.0,0.0,5.4,4.2,2.3,3.1
1738501200,Barcelona,Alaves,0.0,2.2300211416490487,1.350105708245243,1.2769556025369977,53.31987315010571,2.204016913319239,2.5708245243128975,4.5,1.5270125223613595,1.9177101967799641,1.0164579606440072,47.41395348837209,1.5435420393559929,2.803935599284438,3.8,0,1.0,1.0,0,1.0,0.0,5.4,4.2,2.3,3.1
1738509300,Valencia,Celta Vigo,0.0,1.5771604938271606,1.3533950617283952,1.4382716049382716,52.33564814814815,1.6817129629629626,2.489814814814816,4.5,1.0200617283950617,1.7438271604938271,0.5169753086419753,46.91435185185185,1.1381944444444443,2.8878086419753104,3.8,0,1.0,1.0,0,2.0,1.0,6.0,4.8,2.3,3.1
1738517400,Osasuna,Real Sociedad,0.0,1.410067352002836,1.3568947181850408,1.2670684154555123,52.07975895072669,1.5311024459411553,2.4058844381425035,4.5,1.0199692780337941,0.9109062980030722,1.182795698924731,48.16359447004608,1.1714285714285715,2.888018433179725,3.8,0,1.0,1.0,0,2.0,1.0,6.0,4.8,2.3,3.1
1738526400,Real Betis,Athletic Club,0.0,1.4113149847094801,1.5198776758409787,1.2737003058103975,51.83715596330275,1.532339449541284,2.4062691131498477,4.5,1.5198776758409787,1.0779816513761469,2.015290519877676,48.662844036697244,1.521330275229358,2.6382262996941916,3.8,0,1.0,1.0,1,2.0,2.0,6.0,5.4,2.3,2.6
1738612800,Girona,Las Palmas,0.0,2.2450532724505328,1.687214611872146,1.7732115677321156,52.83675799086758,2.215981735159817,2.489497716894978,4.5,1.187214611872146,1.5783866057838662,1.3485540334855404,47.41324200913242,1.2885083713850838,2.8047184170471864,3.8,0,1.0,1.0,0,2.0,1.0,6.0,4.8,2.3,3.1
1738958400,Rayo Vallecano,Valladolid,0.0,1.7454545454545454,1.8537878787878788,1.440909090909091,51.8375,1.799621212121212,2.48939393939394,4.5,0.6804195804195804,2.5958041958041957,0.16713286713286715,45.12692307692308,0.8831468531468532,3.0583916083916103,3.8,0,1.0,1.0,0,1.0,0.0,5.4,4.2,2.3,3.1
1739019600,Celta Vigo,Real Betis,0.0,1.5800904977375567,0.8488687782805431,1.946397493908806,53.096832579185524,1.6670657848938388,2.405499477897669,4.5,1.0180995475113122,1.5800904977375567,1.1817612252001393,47.15701357466064,1.1533379742429515,2.889349112426037,3.8,0,1.0,1.0,0,3.0,2.0,6.6,5.4,2.3,3.1
1739027700,Athletic Club,Girona,0.0,1.2426888426888427,0.511018711018711,2.1165627165627168,53.0975051975052,1.4140540540540538,2.3207900207900214,4.5,1.187941787941788,1.2426888426888427,1.3502425502425504,47.91787941787942,1.2553430353430353,2.804920304920307,3.8,0,1.0,1.0,0,3.0,0.0,6.6,4.2,2.3,3.1
1739035800,Las Palmas,Villarreal,0.0,1.4129699896516041,1.3563987581924801,1.4405657123145912,52.08485684718869,1.533342531907554,2.4899275612280105,4.5,1.5256295274232494,1.5822007588823732,1.011038289065195,47.91514315281131,1.5593859951707485,2.8051052086926545,3.8,0,1.0,1.0,2,1.0,2.0,5.4,5.4,2.8,2.6
1739044800,Real Madrid,Atletico Madrid,0.0,2.580357142857143,1.353422619047619,2.2760416666666665,53.840401785714285,2.484151785714285,2.4060267857142863,4.5,1.5200892857142858,0.7470238095238095,1.6800595238095237,49.159598214285715,1.5548363095238094,2.805357142857145,3.8,0,1.0,1.0,1,1.0,1.0,5.4,4.8,2.3,2.6
1739106000,Alaves,Getafe,0.0,0.9133333333333333,0.8533333333333334,1.2755555555555556,52.09,1.1505185185185183,2.4059259259259265,4.5,1.02,1.08,1.18,47.91,1.1714074074074075,2.8885185185185205,3.8,0,1.0,1.0,2,0.0,1.0,4.8,4.8,2.8,2.6
1739114100,Valencia,Leganes,0.0,1.242069434989789,1.1876106194690266,1.43784887678693,52.08168822328115,1.4135738597685499,2.490333560245065,4.5,1.1876106194690266,1.242069434989789,1.1828454731109597,47.91831177671885,1.2719809394145678,2.7200136147038823,3.8,0,1.0,1.0,0,2.0,0.0,6.0,4.2,2.3,3.1
1739122200,Real Sociedad,Espanyol,0.0,0.9039647577092511,0.6791596069129109,1.9464588275160963,52.33720772619451,1.1599999999999997,2.4056252117926133,4.5,0.6857562408223201,1.9126284875183555,0.3472834067547724,46.159691629955944,0.8873715124816446,2.9718795888399434,3.8,0,1.0,1.0,0,2.0,1.0,6.0,4.8,2.3,3.1
1739131200,Sevilla,Barcelona,0.0,1.073549257759784,0.6790823211875843,1.7781376518218623,52.5917004048583,1.2618083670715248,2.3209176788124157,4.5,1.8734335839598997,1.411152882205514,1.1827067669172933,48.69342105263158,1.8205263157894735,2.718922305764413,3.8,0,1.0,1.0,2,1.0,4.0,5.4,6.6,2.8,2.6
1739217600,Mallorca,Osasuna,0.0,1.0732280819617064,1.6964057776284849,1.2693315418206248,51.065233456499826,1.295384615384615,2.575008397715822,4.5,0.5211062590975255,1.4126637554585153,0.6812227074235807,46.66266375545851,0.7722707423580786,2.805240174672491,3.8,0,1.0,1.0,1,1.0,1.0,5.4,4.8,2.3,2.6
1739563200,Girona,Getafe,0.0,1.9190635451505016,1.3578595317725752,1.7765886287625419,52.84180602006688,1.9551170568561873,2.490301003344482,4.5,1.188628762541806,0.9036789297658863,1.6903010033444814,48.427424749163876,1.2896989966555186,2.8046822742474937,3.8,0,1.0,1.0,2,1.0,2.0,5.4,5.4,2.8,2.6
1739624400,Leganes,Alaves,0.0,0.7341325341325341,2.2045954045954046,0.7601065601065601,49.79430569430569,1.0410056610056606,2.6597735597735603,4.5,1.5328385899814472,1.5816944959802104,1.0136054421768708,47.926716141001855,1.5479901051329623,2.8042053184910345,3.8,0,1.0,1.0,1,3.0,3.0,6.6,6.0,2.3,2.6
1739632500,Osasuna,Real Madrid,0.0,1.5826354679802956,1.5339901477832514,1.2625615763546798,52.072967980295566,1.6688177339901475,2.405418719211823,4.5,2.0482758620689654,1.0683497536945814,1.8706896551724137,49.46988916256158,1.9603201970443351,2.7183497536945835,3.8,0,1.0,1.0,1,1.0,1.0,5.4,4.8,2.3,2.6
1739640600,Atletico Madrid,Celta Vigo,0.0,1.7537706928264867,0.848191293684856,2.462170447578173,53.358369098712444,1.8057142857142856,2.3196198651134274,4.5,0.8518983162759988,1.7502145922746781,0.337603169362826,46.652525586001985,1.0033278309673161,2.9734565863321247,3.8,0,1.0,1.0,1,1.0,1.0,5.4,4.8,2.3,2.6
1739649600,Villarreal,Valencia,0.0,2.4268244575936886,1.1902695595003288,1.6049967126890206,53.85483234714004,2.344352399737015,2.4056541748849445,4.5,0.8518080210387903,2.257593688362919,0.5067718606180145,45.891321499013806,1.003234714003945,2.8886916502301134,3.8,0,1.0,1.0,1,1.0,1.0,5.4,4.8,2.3,2.6
1739710800,Espanyol,Athletic Club,0.0,1.0674772036474165,0.676595744680851,1.7756838905775076,52.58632218844985,1.2737993920972643,2.319452887537994,4.5,1.6978723404255318,1.2418985270049099,2.029787234042553,48.68396072013093,1.6631423895253685,2.634697217675943,3.8,0,1.0,1.0,1,1.0,1.0,5.4,4.8,2.3,2.6
1739718900,Valladolid,Sevilla,0.0,0.7338983050847457,1.6977835723598436,1.434941329856584,50.55417209908735,1.0238331160365055,2.4900912646675364,4.5,1.3593220338983052,1.9185136897001305,0.8451108213820079,47.16121251629726,1.4261277705345503,2.8883963494133003,3.8,0,1.0,1.0,2,0.0,4.0,4.8,6.6,2.8,2.6
1739727000,Mallorca,Las Palmas,0.0,1.2377335744424351,1.7068113321277878,1.4314647377938519,51.296383363471975,1.4100421940928267,2.491018685955395,4.5,1.3611814345991562,1.5790976955533917,1.3540408958130477,47.673125608568654,1.410671859785784,2.803635183382021,3.8,0,1.0,1.0,0,3.0,1.0,6.6,4.8,2.3,3.1
1739736000,Real Betis,Real Sociedad,0.0,1.5800904977375567,1.8687782805429864,0.9270846800258565,51.566968325791855,1.6669812540400772,2.4056237879767295,4.5,0.8533936651583711,1.2416289592760181,0.6764059469941823,47.417647058823526,1.038267614738203,2.973044602456369,3.8,0,1.0,1.0,0,3.0,0.0,6.6,4.2,2.3,3.1
1739822400,Barcelona,Rayo Vallecano,0.0,1.912831241283124,1.1903765690376569,1.2719665271966527,53.0836820083682,1.9500697350069736,2.572663877266388,4.5,1.0203227734608489,0.7252839210998208,1.698864315600717,48.44255827854155,1.12074118350269,2.6322773460848796,3.8,0,1.0,1.0,0,1.0,0.0,5.4,4.2,2.3,3.1
1740168000,Celta Vigo,Osasuna,0.0,1.925,1.1910714285714286,1.9482142857142857,53.10089285714286,1.942678571428571,2.405059523809524,4.5,0.6826923076923077,0.903846153846154,0.8442307692307692,47.66826923076923,0.8848717948717948,2.7195512820512846,3.8,0,1.0,1.0,0,1.0,0.0,5.4,4.2,2.3,3.1
1740229200,Alaves,Espanyol,0.0,0.7343121608681775,1.020427705075008,0.7604851579955314,51.57082668368975,1.0241685285668685,2.4899776571975742,4.5,0.6819661666134695,1.7496967762527929,0.3358442387488031,46.39840408554102,0.8843345036706032,2.9735716565592103,3.8,0,1.0,1.0,2,0.0,1.0,4.8,4.8,2.8,2.6
1740237300,Rayo Vallecano,Villarreal,0.0,1.7487603305785124,1.3588048315321042,1.9440559440559442,52.58493324856961,1.8019326128417033,2.4055944055944054,4.5,1.5331759149940969,1.4095631641086186,1.3558441558441559,48.18541912632822,1.5653719008264466,2.803896103896106,3.8,0,1.0,1.0,2,0.0,1.0,4.8,4.8,2.8,2.6
1740245400,Valencia,Atletico Madrid,0.0,1.5801293356848913,1.0188124632569078,1.947089947089947,52.84197530864198,1.666866549088771,2.405408583186361,4.5,1.6971826527382081,0.7324469768914212,1.8613485280151947,49.44710351377017,1.6795441595441598,2.719436530547644,3.8,0,1.0,1.0,2,0.0,3.0,4.8,6.0,2.8,2.6
1740254400,Las Palmas,Barcelona,0.0,1.2364168618266977,1.191334894613583,1.4318501170960187,52.067622950819676,1.3919437939110066,2.4913348946135834,4.5,2.5785792349726777,1.4073224043715846,1.7075409836065574,49.75688524590164,2.367071038251366,2.630054644808745,3.8,0,1.0,1.0,2,0.0,2.0,4.8,5.4,2.8,2.6
1740315600,Athletic Club,Valladolid,0.0,1.5784256559766765,0.3346938775510204,2.459475218658892,53.86559766763848,1.6827405247813407,2.3201166180758017,4.5,0.6775510204081633,2.4355685131195335,0.1591836734693878,45.362973760932945,0.8808163265306124,3.0606413994169115,3.8,0,1.0,1.0,0,7.0,1.0,9.0,4.8,2.3,3.1
1740323700,Real Madrid,Girona,0.0,2.764853033145716,0.8526579111944966,2.4495309568480303,54.86829268292682,2.61494684177611,2.321575984990619,4.5,1.0203252032520325,1.7530778164924505,0.8442508710801394,46.90087108013937,1.1378745644599302,2.889372822299653,3.8,0,1.0,1.0,0,2.0,0.0,6.0,4.2,2.3,3.1
1740331800,Getafe,Real Betis,0.0,0.8962406015037595,0.5053788316946213,1.6039329091960672,52.5862926547137,1.1541122035858875,2.4056680161943316,4.5,1.0196645459803355,1.4105263157894736,1.1864661654135338,47.41370734528629,1.1545286292654713,2.88953152111047,3.8,0,1.0,1.0,2,1.0,2.0,5.4,5.4,2.8,2.6
1740340800,Real Sociedad,Leganes,0.0,1.0673963133640554,0.8487327188940093,1.945852534562212,52.327995391705066,1.2910253456221195,2.405875576036866,4.5,0.6773041474654378,0.8959677419354839,1.1875576036866358,47.672004608294934,0.8806221198156683,2.717972350230417,3.8,0,1.0,1.0,0,3.0,0.0,6.6,4.2,2.3,3.1
1740427200,Sevilla,Mallorca,0.0,1.0682730923694779,1.3623637406769937,1.2609294320137694,51.55886402753873,1.257429718875502,2.405794606999426,4.5,0.8517763361136855,1.9196787148594376,1.1859128822984244,46.39814643188137,1.0370713623725674,2.888755020080323,3.8,0,1.0,1.0,1,1.0,1.0,5.4,4.8,2.3,2.6
1740772800,Valladolid,Las Palmas,0.0,0.5537142857142858,2.2194285714285713,1.2605714285714287,49.501428571428576,0.8971999999999998,2.5771428571428574,4.5,1.0194285714285714,1.925142857142857,0.8440000000000001,46.64142857142857,1.1372,2.889428571428573,3.8,0,1.0,1.0,1,1.0,1.0,5.4,4.8,2.3,2.6
1740834000,Girona,Celta Vigo,0.0,1.4105862265224816,1.5336368810472396,1.2602162777461583,51.815424018212866,1.548400682982356,2.5770631758679565,4.5,0.847922595332954,1.4105862265224816,0.5010813887307912,47.156004553215716,0.9999772339214572,2.889299943084805,3.8,0,1.0,1.0,1,2.0,2.0,6.0,5.4,2.3,2.6
1740842100,Rayo Vallecano,Sevilla,0.0,1.582312925170068,1.1912698412698413,1.945578231292517,52.586564625850336,1.685770975056689,2.4055555555555554,4.5,2.0484126984126982,1.7537414965986393,1.3581632653061224,48.442006802721096,1.9603514739229027,2.8034580498866233,3.8,0,1.0,1.0,1,1.0,1.0,5.4,4.8,2.3,2.6
1740850200,Real Betis,Real Madrid,0.0,1.7534726143421795,1.5340485601355167,1.2595143986448334,52.32913608130999,1.805544889892716,2.405477131564088,4.5,1.7117786561264823,1.236574440052701,1.5342292490118576,48.71280632411067,1.6909196310935444,2.716442687747038,3.8,0,1.0,1.0,0,2.0,1.0,6.0,4.8,2.3,3.1
1740859200,Atletico Madrid,Athletic Club,0.0,1.2368503937007873,0.49837270341207346,2.1229396325459318,53.10771653543307,1.39205249343832,2.318372703412073,4.5,1.5339707536557932,1.239482564679415,1.7003374578177728,48.441732283464574,1.5316197975253094,2.632058492688416,3.8,0,1.0,1.0,0,1.0,0.0,5.4,4.2,2.3,3.1
1740920400,Leganes,Getafe,0.0,1.2392156862745098,2.2190476190476187,0.9182072829131653,50.53025210084034,1.4284033613445375,2.5767507002801118,4.5,1.5333333333333334,0.7249299719887956,2.214005602240896,49.212605042016804,1.5482913165266108,2.7179271708683497,3.8,0,1.0,1.0,0,1.0,0.0,5.4,4.2,2.3,3.1
1740928500,Barcelona,Real Sociedad,0.0,1.9188701923076923,0.8506009615384615,1.7742788461538461,53.60240384615385,1.9549639423076923,2.4902644230769226,4.5,0.8469866071428572,1.5818080357142859,0.6705357142857142,46.89776785714285,1.0335379464285714,2.975223214285716,3.8,0,1.0,1.0,0,4.0,0.0,7.199999999999999,4.2,2.3,3.1
1740936600,Mallorca,Alaves,0.0,1.4109987029831388,1.709935149156939,1.4317509727626458,51.551595330739296,1.5486744487678339,2.4914915693904023,4.5,1.8832684824902723,1.7576653696498055,1.18526588845655,48.1884046692607,1.8282023346303506,2.717016861219198,3.8,0,1.0,1.0,1,1.0,1.0,5.4,4.8,2.3,2.6
1740945600,Osasuna,Valencia,0.0,1.4107493540051679,1.363204134366925,1.2580878552971577,52.071317829457364,1.5311317829457363,2.4047545219638238,4.5,0.8462901439645626,2.0972314507198226,0.6698781838316722,46.12358803986711,0.9987153931339979,2.8038205980066464,3.8,0,1.0,1.0,1,3.0,3.0,6.6,6.0,2.3,2.6
1741438800,Celta Vigo,Leganes,0.0,1.7581981981981982,0.8441698841698841,2.297760617760618,53.37104247104247,1.8090810810810807,2.4046846846846845,4.5,0.49750321750321747,1.2381981981981982,1.0118404118404118,46.88895752895753,0.7542239382239382,2.8034491634491654,3.8,0,1.0,1.0,0,2.0,1.0,6.0,4.8,2.3,3.1
1741446900,Alaves,Villarreal,0.0,0.5554945054945055,1.0186813186813186,0.576923076923077,51.30521978021978,0.8985164835164833,2.576373626373626,4.5,1.7107692307692308,1.0651282051282052,1.877948717948718,48.96846153846154,1.6901538461538466,2.716923076923079,3.8,0,1.0,1.0,0,1.0,0.0,5.4,4.2,2.3,3.1
1741455000,Valencia,Valladolid,0.0,1.2382120051085568,1.190191570881226,1.7791570881226053,52.072030651340995,1.410406130268199,2.491213282247765,4.5,0.670191570881226,3.318212005108557,0.1440613026819923,44.027969348659006,0.8750600255427842,3.063729246487869,3.8,0,1.0,1.0,0,2.0,1.0,6.0,4.8,2.3,3.1
1741525200,Getafe,Atletico Madrid,0.0,0.718473282442748,0.8434605597964376,1.0865139949109415,51.81251908396947,1.0119389312977096,2.4911450381679385,4.5,2.046564885496183,0.7269356597600872,1.8680479825517993,49.97944383860414,1.9589203925845144,2.718429661941115,3.8,0,1.0,1.0,0,2.0,1.0,6.0,4.8,2.3,3.1
1741533300,Real Madrid,Rayo Vallecano,0.0,2.441499185225421,0.8464964693101575,2.464856056491038,54.3925040738729,2.355860945138511,2.3190114068441057,4.5,0.8433967046894804,0.8920659062103928,1.1829657794676807,47.92699619771863,0.99625855513308,2.7173384030418273,3.8,0,1.0,1.0,0,2.0,1.0,6.0,4.8,2.3,3.1
1741541400,Athletic Club,Mallorca,0.0,2.625656565656566,0.49666666666666665,2.4745454545454546,55.19348484848485,2.5203333333333333,2.317676767676767,4.5,0.5035714285714286,1.7560606060606059,0.8383116883116883,46.121266233766235,0.7587770562770563,2.890151515151517,3.8,0,1.0,1.0,1,1.0,1.0,5.4,4.8,2.3,2.6
1741541400,Real Betis,Las Palmas,0.0,1.7587421383647799,1.3632704402515723,1.6075471698113208,52.59320754716981,1.8094591194968552,2.404276729559748,4.5,0.8432704402515723,1.9320754716981132,0.4890566037735849,46.3667924528302,0.9961257861635222,2.8906918238993726,3.8,0,1.0,1.0,0,1.0,0.0,5.4,4.2,2.3,3.1
1741550400,Real Sociedad,Sevilla,0.0,1.2384962406015037,0.8427067669172932,1.954887218045113,52.59368421052631,1.4279197994987465,2.404210526315789,4.5,1.7093734335839599,1.2384962406015037,1.5285213032581453,48.706315789473685,1.6890426065162911,2.7174937343358416,3.8,0,1.0,1.0,2,0.0,1.0,4.8,4.8,2.8,2.6
1741636800,Espanyol,Girona,0.0,1.237752808988764,0.8426466916354557,1.7807240948813983,52.59265917602996,1.3926991260923842,2.3177278401997494,4.5,0.6693133583021224,1.757752808988764,0.6628214731585518,46.36734082397004,0.8743121098626718,2.97737827715356,3.8,0,1.0,1.0,1,1.0,1.0,5.4,4.8,2.3,2.6
1741982400,Las Palmas,Alaves,0.0,0.8908457711442785,1.362587064676617,0.9137313432835821,51.292388059701494,1.1324975124378107,2.577661691542288,4.5,1.7149253731343284,1.5851679104477614,1.1838619402985076,48.19463619402985,1.6933582089552242,2.7161847014925393,3.8,0,1.0,1.0,1,2.0,2.0,6.0,5.4,2.3,2.6
1742043600,Valladolid,Celta Vigo,0.0,0.7177695167286245,1.5363568773234202,1.4334076827757125,50.77211895910781,1.0113605947955389,2.4909293680297395,4.5,1.1896902106567535,1.5844361833952911,0.6627509293680297,47.40788104089219,1.2559157372986371,2.8038166047088,3.8,0,1.0,1.0,2,0.0,1.0,4.8,4.8,2.8,2.6
1742051700,Mallorca,Espanyol,0.0,1.409722222222222,1.0152777777777777,1.6055555555555556,52.59166666666667,1.5476388888888888,2.4041666666666663,4.5,0.6746031746031746,1.0682539682539682,0.8396825396825397,47.40952380952381,0.8784126984126984,2.8896825396825414,3.8,0,1.0,1.0,0,2.0,1.0,6.0,4.8,2.3,3.1
1742059800,Villarreal,Real Madrid,0.0,2.2685292567211386,1.0173958882445968,1.6070637849235636,53.87670005271481,2.217511860832894,2.404691618344754,4.5,1.365221402214022,1.0599630996309963,1.3592250922509224,48.457887453874534,1.4135516605166052,2.8035977859778614,3.8,0,1.0,1.0,2,1.0,2.0,5.4,5.4,2.8,2.6
1742068800,Girona,Valencia,0.0,1.7570588235294118,1.3633333333333333,1.4324509803921568,52.59058823529411,1.808147058823529,2.491225490196078,4.5,1.3633333333333333,2.450392156862745,0.8374509803921568,46.36941176470589,1.3947843137254903,2.7170588235294137,3.8,0,1.0,1.0,1,1.0,1.0,5.4,4.8,2.3,2.6
1742130000,Leganes,Real Betis,0.0,1.4101587301587302,1.70993894993895,1.432136752136752,51.55032967032967,1.5479511599511595,2.491159951159951,4.5,1.3632722832722832,1.2368253968253968,1.704078144078144,48.18967032967033,1.412053724053724,2.8036141636141654,3.8,0,1.0,1.0,2,2.0,3.0,6.0,6.0,2.8,2.6
1742138100,Sevilla,Athletic Club,0.0,1.0637469586374695,1.3641849148418492,1.2580048661800487,51.54934306569343,1.253479318734793,2.4046715328467148,4.5,1.3641849148418492,1.2370802919708028,1.5316788321167882,48.19065693430657,1.4127688564476886,2.716836982968372,3.8,0,1.0,1.0,2,0.0,1.0,4.8,4.8,2.8,2.6
1742146200,Osasuna,Getafe,0.0,1.5840909090909092,1.5413636363636365,1.2536363636363637,52.06409090909091,1.6696363636363636,2.404545454545454,4.5,1.5374545454545454,0.7163636363636363,2.225939393939394,49.23163636363636,1.551369696969697,2.7167272727272747,3.8,0,1.0,1.0,2,1.0,2.0,5.4,5.4,2.8,2.6
1742146200,Rayo Vallecano,Real Sociedad,0.0,1.2361352657004832,0.8445410628019323,1.9497584541062802,52.587391304347825,1.4087536231884057,2.405024154589371,4.5,0.3245410628019323,2.276135265700483,0.14685990338164248,45.07260869565218,0.633024154589372,3.0632850241545917,3.8,0,1.0,1.0,1,2.0,2.0,6.0,5.4,2.3,2.6
1742155200,Atletico Madrid,Barcelona,0.0,1.234115523465704,0.4921480144404332,2.1276173285198556,53.11295126353791,1.389638989169675,2.3171480144404324,4.5,2.5921480144404327,1.059115523465704,2.0626353790613723,50.2995487364621,2.3775090252707582,2.6279783393501823,3.8,0,1.0,1.0,2,2.0,4.0,6.0,6.6,2.8,2.6
1743105600,Barcelona,Osasuna,0.0,2.610688591983556,0.6782117163412127,2.2878725590955806,54.89871531346351,2.4912230215827336,2.4054984583761554,4.5,0.5067831449126414,0.8964028776978418,0.6725590955806783,47.4155704008222,0.7611716341212744,2.803288797533404,3.8,0,1.0,1.0,0,3.0,0.0,6.6,4.2,2.3,3.1
1743253200,Real Sociedad,Valladolid,0.0,1.235035842293907,1.017921146953405,1.7775089605734766,52.32567204301075,1.4253584229390677,2.4922491039426515,4.5,0.842921146953405,3.1600358422939068,0.13799283154121864,44.52432795698925,0.9956451612903228,3.065501792114697,3.8,0,1.0,1.0,0,2.0,1.0,6.0,4.8,2.3,3.1
1743261300,Espanyol,Atletico Madrid,0.0,1.2352678571428573,0.842857142857143,1.778125,52.58861607142857,1.3905357142857142,2.317187499999999,4.5,1.3657142857142857,1.0642857142857143,1.36,48.45214285714286,1.413952380952381,2.8033333333333355,3.8,0,1.0,1.0,1,1.0,1.0,5.4,4.8,2.3,2.6
1743269400,Alaves,Rayo Vallecano,0.0,0.5440569395017794,0.8456465005931197,0.9097034400948991,51.547615658362986,0.889712930011862,2.5782680901542103,4.5,0.8427935943060498,1.0600533807829182,1.0124555160142348,47.674110320284704,0.9955160142348757,2.80302491103203,3.8,0,1.0,1.0,2,0.0,2.0,4.8,5.4,2.8,2.6
1743278400,Real Madrid,Leganes,0.0,2.4500236406619385,1.019385342789598,2.468936170212766,54.14595744680851,2.3625248226950353,2.3184397163120556,4.5,0.4931737588652483,1.5843971631205676,0.48829787234042554,46.363164893617025,0.7508067375886525,2.8904255319148957,3.8,0,1.0,1.0,0,3.0,2.0,6.6,5.4,2.3,3.1
1743336000,Getafe,Villarreal,0.0,0.8850706713780919,1.0185512367491165,1.0777385159010602,51.79977915194347,1.1453975265017666,2.4922261484098933,4.5,0.8435512367491167,0.8850706713780919,1.362809187279152,47.937720848056536,1.013595406360424,2.8030477031802135,3.8,0,1.0,1.0,2,1.0,2.0,5.4,5.4,2.8,2.6
1743344100,Barcelona,Girona,0.0,2.9705164319248825,0.3268544600938967,2.815492957746479,55.96549295774648,2.778901408450704,2.318544600938966,4.5,0.6689260563380282,1.5848591549295776,0.8386443661971832,46.62610035211267,0.8738820422535211,2.8904489436619736,3.8,0,1.0,1.0,0,4.0,1.0,7.199999999999999,4.8,2.3,3.1
1743352200,Athletic Club,Osasuna,0.0,2.460964912280702,0.49385964912280705,2.1276315789473688,54.950657894736835,2.38859649122807,2.317324561403508,4.5,0.5001169590643275,1.4116959064327486,0.49403508771929827,46.63263157894737,0.7560701754385964,2.889941520467838,3.8,0,1.0,1.0,1,0.0,0.0,4.8,4.2,2.3,2.6
1743352200,Valencia,Mallorca,0.0,1.410314685314685,1.0183566433566433,2.30236013986014,52.58793706293706,1.548111888111888,2.404763986013985,4.5,0.6729137529137529,1.5843356643356643,1.013986013986014,46.63286713286713,0.877006993006993,2.803170163170165,3.8,0,1.0,1.0,0,1.0,0.0,5.4,4.2,2.3,3.1
1743361200,Real Betis,Sevilla,0.0,1.7601045296167248,1.1928571428571428,1.9529616724738676,52.85087108013937,1.8104355400696859,2.4047038327526127,4.5,1.542857142857143,0.5351045296167247,2.062630662020906,49.51162891986063,1.5555749128919862,2.628092334494775,3.8,0,1.0,1.0,0,2.0,1.0,6.0,4.8,2.3,3.1
1743447600,Celta Vigo,Las Palmas,0.0,1.7603298611111111,1.0177951388888888,2.3035590277777778,53.11380208333334,1.8106076388888885,2.4046440972222216,4.5,0.842795138888889,2.1103298611111114,0.31215277777777783,46.098697916666666,0.9955121527777779,2.9782118055555573,3.8,0,1.0,1.0,1,1.0,1.0,5.4,4.8,2.3,2.6
1743793200,Rayo Vallecano,Espanyol,0.0,1.235121107266436,1.0177335640138407,1.603287197231834,52.32608131487889,1.4079325259515567,2.4045847750865046,4.5,0.8455824682814302,1.2374625144175317,0.8395847750865052,47.412179930795844,0.9978131487889276,2.8899884659746267,3.8,0,1.0,1.0,2,0.0,4.0,4.8,6.6,2.8,2.6
1743854400,Girona,Alaves,0.0,1.4094827586206895,1.5439655172413795,1.0775862068965516,51.79827586206897,1.5299568965517238,2.492241379310344,4.5,1.723732251521298,1.585395537525355,1.1886409736308317,48.20750507099392,1.7001622718052742,2.7146044624746466,3.8,0,1.0,1.0,2,0.0,1.0,4.8,4.8,2.8,2.6
1743862500,Real Madrid,Valencia,0.0,2.283848797250859,1.0189003436426116,2.4768900343642613,53.89742268041237,2.229484536082474,2.3173969072164935,4.5,1.3689003436426115,2.458848797250859,0.8387457044673541,46.365077319587634,1.3988573883161513,2.715420962199315,3.8,0,1.0,1.0,2,1.0,2.0,5.4,5.4,2.8,2.6
1743870600,Mallorca,Celta Vigo,0.0,1.4081385979049152,1.0181305398871878,1.6011281224818696,52.5850120870266,1.5464141821112005,2.4047542304593064,4.5,1.1942636986301371,1.2336472602739725,1.189554794520548,47.94092465753425,1.259135273972603,2.7153253424657553,3.8,0,1.0,1.0,2,1.0,2.0,5.4,5.4,2.8,2.6
1743879600,Barcelona,Real Betis,0.0,2.458447098976109,0.3196245733788396,2.8255119453924915,55.2082337883959,2.3691467576791805,2.3177047781569953,4.5,1.5446245733788397,1.408447098976109,1.715358361774744,48.20426621160409,1.556911262798635,2.8027303754266226,3.8,0,1.0,1.0,1,1.0,1.0,5.4,4.8,2.3,2.6
1743940800,Las Palmas,Real Sociedad,0.0,1.058248299319728,1.7195578231292517,0.5502551020408164,51.00803571428571,1.2664795918367344,2.5801445578231283,4.5,0.6695578231292517,2.283248299319728,0.3153061224489796,45.57946428571428,0.891845238095238,2.9776360544217706,3.8,0,1.0,1.0,2,1.0,3.0,5.4,6.0,2.8,2.6
1743948900,Sevilla,Atletico Madrid,0.0,0.8830508474576272,1.5453389830508475,0.7245762711864407,51.00656779661016,1.1263135593220335,2.4927966101694907,4.5,1.1953389830508474,1.0580508474576271,1.0161016949152541,48.20593220338983,1.2774576271186442,2.8025423728813577,3.8,0,1.0,1.0,2,1.0,2.0,5.4,5.4,2.8,2.6
1743957000,Valladolid,Getafe,0.0,0.5328547297297298,1.7206925675675675,0.8989020270270272,50.21824324324324,0.8811486486486484,2.580447635135134,4.5,1.5456925675675677,0.7078547297297297,2.2418918918918918,49.25675675675676,1.5577280405405407,2.7149493243243263,3.8,0,1.0,1.0,2,0.0,4.0,4.8,6.6,2.8,2.6
1743966000,Villarreal,Athletic Club,0.0,2.274388327721661,1.02334455667789,1.598114478114478,53.87656565656566,2.2220695847362513,2.4059708193041516,4.5,1.1968855218855219,1.0572390572390573,1.5426767676767679,48.20946969696969,1.2786700336700338,2.7148569023569045,3.8,0,1.0,1.0,1,0.0,0.0,4.8,4.2,2.3,2.6
1744052400,Leganes,Osasuna,0.0,1.4066275167785234,1.3713926174496642,1.422986577181208,52.05285234899329,1.545234899328859,2.493036912751677,4.5,0.49639261744966445,1.2316275167785236,0.6676174496644296,46.897147651006705,0.7533053691275168,2.8022651006711428,3.8,0,1.0,1.0,1,1.0,1.0,5.4,4.8,2.3,2.6
1744398000,Valencia,Sevilla,0.0,1.406059413732048,1.020066889632107,2.303757623450718,52.578988786149914,1.5447767066692895,2.4051544363564816,4.5,1.373008066102695,0.7001770607908716,1.5459374385205589,49.00924650796774,1.4195160338382844,2.7138107416879813,3.8,0,1.0,1.0,0,1.0,0.0,5.4,4.2,2.3,3.1
1744459200,Real Sociedad,Mallorca,0.0,1.4058823529411764,1.196078431372549,1.7749019607843137,52.31470588235294,1.5622745098039212,2.4933333333333327,4.5,0.49583333333333335,1.7562499999999999,0.4920833333333334,46.109375,0.752875,2.8897916666666688,3.8,0,1.0,1.0,2,0.0,2.0,4.8,5.4,2.8,2.6
1744467300,Getafe,Las Palmas,0.0,1.052374438147352,1.19640414305257,1.0683994528043776,51.783955442642174,1.2618526480359584,2.4934727379323816,4.5,0.8434629665819817,1.5817862028532343,0.4873949579831933,46.892515145593116,0.9958960328317374,2.8903068204025812,3.8,0,1.0,1.0,2,1.0,3.0,5.4,6.0,2.8,2.6
1744475400,Celta Vigo,Espanyol,0.0,1.5816127775613558,1.197117257499026,1.9501363459291001,52.576743280093496,1.667588624853915,2.4053759252045177,4.5,1.5469370860927154,1.0554635761589404,1.3686258278145693,48.73721026490066,1.5412334437086093,2.8021109271523192,3.8,0,1.0,1.0,2,0.0,2.0,4.8,5.4,2.8,2.6
1744484400,Leganes,Barcelona,0.0,1.4045816346340516,1.5503785672684915,1.0671714230246554,51.78130460104834,1.5436420112599494,2.493748786643369,4.5,2.432731508444962,1.2281110463987577,2.0770724131236658,49.806930693069305,2.2496408464375848,2.6254319549602037,3.8,0,1.0,1.0,2,0.0,1.0,4.8,4.8,2.8,2.6
1744545600,Osasuna,Girona,0.0,1.5804953560371517,1.55030959752322,1.2430340557275543,52.0452786377709,1.6667569659442725,2.4056501547987605,4.5,0.6679566563467493,2.2863777089783284,0.3130804953560372,45.57236842105263,0.8731037151702786,2.9782894736842125,3.8,0,1.0,1.0,0,2.0,1.0,6.0,4.8,2.3,3.1
1744553700,Alaves,Real Madrid,0.0,0.5295081967213116,1.0221311475409836,0.8963114754098361,51.26106557377049,0.8786065573770488,2.5809426229508183,4.5,1.3737704918032785,1.0513018322082932,1.3714561234329796,48.483702989392484,1.4200964320154292,2.801928640308584,3.8,0,1.0,1.0,2,0.0,1.0,4.8,4.8,2.8,2.6
1744561800,Real Betis,Villarreal,0.0,1.9331026528258362,0.8442906574394464,2.4782775855440216,53.63321799307958,1.9488658208381389,2.31749327181853,4.5,1.1972318339100347,0.8742791234140717,1.9015763168012303,48.484429065743946,1.2788542868127644,2.7136101499423315,3.8,0,1.0,1.0,2,1.0,2.0,5.4,5.4,2.8,2.6
1744570800,Athletic Club,Rayo Vallecano,0.0,2.1094079325541295,0.49166506993676956,1.7717953630963785,54.42661429392604,2.125196397777352,2.3176278980647624,4.5,1.0210768346426518,0.8741138149070704,1.372868365587277,48.22044452960337,1.1379191415980072,2.8017627898064776,3.8,0,1.0,1.0,0,3.0,1.0,6.6,4.8,2.3,3.1
1744657200,Atletico Madrid,Valladolid,0.0,1.4041252864782274,1.1974789915966386,1.5958747135217726,52.30996944232238,1.5256684491978607,2.405805958747134,4.5,0.8445378151260505,3.168831168831169,0.13712757830404892,44.513559969442326,0.9966768525592057,3.066577540106954,3.8,0,1.0,1.0,0,4.0,2.0,7.199999999999999,5.4,2.3,3.1
1745002800,Espanyol,Getafe,0.0,1.2286312583285741,0.844850561583857,1.7728916809442223,52.575671045117076,1.3852655625356936,2.3175138016371584,4.5,1.7272035027603274,0.6992194936226919,2.254330858557015,49.54197601370645,1.7027984009137638,2.71374452693699,3.8,0,1.0,1.0,0,1.0,0.0,5.4,4.2,2.3,3.1
1745064000,Rayo Vallecano,Valencia,0.0,0.8755218216318786,1.5502846299810247,1.067552182163188,50.98785578747628,1.1380645161290321,2.4939278937381397,4.5,1.5502846299810247,2.4637571157495257,1.195066413662239,46.62979127134725,1.5436432637571158,2.713851992409869,3.8,0,1.0,1.0,1,1.0,1.0,5.4,4.8,2.3,2.6
1745072100,Barcelona,Celta Vigo,0.0,2.46358993758275,0.49139398524683187,2.4790996784565915,54.95829392850388,2.373217325515415,2.3174011726877235,4.5,1.3737469264233022,1.2282958199356915,1.547947796481937,48.21817665973142,1.4024021184036317,2.713769623605071,3.8,0,1.0,1.0,0,4.0,3.0,7.199999999999999,6.0,2.3,3.1
1745080200,Mallorca,Leganes,0.0,1.5831908831908832,1.198076923076923,1.5974358974358975,52.57767094017094,1.6687606837606836,2.4052706552706544,4.5,0.6685520361990951,1.9351432880844646,0.31221719457013575,46.10011312217195,0.8911764705882353,2.9785822021116157,3.8,0,1.0,1.0,1,0.0,0.0,4.8,4.2,2.3,2.6
1745089200,Las Palmas,Atletico Madrid,0.0,1.0522458184551775,1.9034016162375493,0.5382446908475851,50.72326630332644,1.2618116895320428,2.581995865438826,4.5,1.5504604397669612,1.0522458184551775,1.5474534861868072,48.74732193196767,1.5437887615109942,2.713794399548959,3.8,0,1.0,1.0,0,1.0,0.0,5.4,4.2,2.3,3.1
1745150400,Valladolid,Osasuna,0.0,0.3461970775571376,2.432371674784563,0.36230798051704766,48.87073810415886,0.7499063319595352,2.670176095916072,4.5,0.4911952041963283,1.2285500187336083,0.6646684151367555,46.893967778194074,0.7493443237167479,2.802135631322594,3.8,0,1.0,1.0,2,2.0,3.0,6.0,6.0,2.8,2.6
1745158500,Villarreal,Real Sociedad,0.0,2.1055555555555556,0.8476190476190477,1.596825396825397,53.88690476190476,2.104444444444444,2.40595238095238,4.5,1.1977591036414565,2.287581699346405,0.8418300653594772,46.365266106442576,1.296937441643324,2.8902894491129802,3.8,0,1.0,1.0,1,2.0,2.0,6.0,5.4,2.3,2.6
1745166600,Sevilla,Alaves,0.0,0.87602382725242,1.727475800446761,0.5379746835443039,50.722822040208484,1.1208116157855545,2.5820178704393135,4.5,1.3759493670886074,1.4051336146272853,1.1950070323488045,47.95622362869199,1.421772151898734,2.7129746835443056,3.8,0,1.0,1.0,1,1.0,1.0,5.4,4.8,2.3,2.6
1745175600,Real Madrid,Athletic Club,0.0,1.7582111709036927,1.1979959176099462,1.949526813880126,52.840322879940615,1.8089070328446832,2.4054926702542203,4.5,0.8450547411393581,0.8758582297272222,1.1946557802931899,47.953794767118204,1.0147522731490073,2.71365745036185,3.8,0,1.0,1.0,0,1.0,0.0,5.4,4.2,2.3,3.1
1745262000,Girona,Real Betis,0.0,1.2286348501664817,1.374028856825749,1.0677025527192008,51.7819089900111,1.4028856825749165,2.4936736958934507,4.5,1.7269700332963374,1.4051054384017756,1.900110987791343,48.482796892341845,1.6850166481687014,2.713762486126528,3.8,0,1.0,1.0,2,1.0,3.0,5.4,6.0,2.8,2.6
1745341200,Valencia,Espanyol,0.0,1.2268895855102753,0.8427725531173808,2.3078369905956113,52.57617554858934,1.401483803552769,2.4052594914663867,4.5,1.7276415268301677,0.8755301493638208,1.724322330813203,49.278167066199515,1.6855430573483312,2.8019177576986922,3.8,0,1.0,1.0,1,1.0,1.0,5.4,4.8,2.3,2.6
1745350200,Barcelona,Mallorca,0.0,3.004513888888889,1.0204861111111112,2.4854166666666666,54.97604166666667,2.8057986111111104,2.316319444444443,4.5,0.8452205882352942,1.0518382352941176,1.0183823529411764,47.69007352941176,1.014889705882353,2.8018382352941194,3.8,0,1.0,1.0,0,1.0,0.0,5.4,4.2,2.3,3.1
1745427600,Celta Vigo,Villarreal,0.0,1.4043613707165108,1.1978539286950503,1.9525787469712703,52.30976116303219,1.5434475597092416,2.4051574939425397,4.5,1.3756317064728278,0.8710280373831777,2.2614053305642092,48.75690550363447,1.4215368639667703,2.712945655936312,3.8,0,1.0,1.0,0,3.0,0.0,6.6,4.2,2.3,3.1
1745427600,Athletic Club,Las Palmas,0.0,2.6493443754313315,0.664113181504486,2.1308488612836443,54.97784679089027,2.5394271911663213,2.3162180814354714,4.5,1.1974465148378193,1.4048999309868875,1.0165631469979297,47.688819875776396,1.2790131124913735,2.80193236714976,3.8,0,1.0,1.0,0,1.0,0.0,5.4,4.2,2.3,3.1
1745436600,Alaves,Real Sociedad,0.0,0.3462028774358041,1.020397013294482,0.7155345110180296,50.98870879621198,0.7498452012383898,2.6700600983427414,4.5,1.3748194014447883,2.293636050911593,1.0161678706570347,46.62177502579979,1.4387134502923977,2.802029583763331,3.8,0,1.0,1.0,0,1.0,0.0,5.4,4.2,2.3,3.1
1745436600,Getafe,Real Madrid,0.0,1.049039780521262,1.5521947873799726,0.8873799725651579,51.245267489711935,1.2591700960219478,2.5827846364883387,4.5,1.0188614540466392,1.049039780521262,1.3713305898491082,47.95473251028807,1.13619341563786,2.80212620027435,3.8,0,1.0,1.0,2,0.0,1.0,4.8,4.8,2.8,2.6
1745514000,Osasuna,Sevilla,0.0,1.7596581196581196,1.5521367521367522,1.5979487179487182,52.31128205128205,1.8099145299145296,2.405128205128204,4.5,1.3743589743589741,0.8707692307692309,1.3719658119658118,48.755384615384614,1.4205811965811965,2.8020512820512833,3.8,0,1.0,1.0,0,1.0,0.0,5.4,4.2,2.3,3.1
1745514000,Leganes,Girona,0.0,1.403953646898432,1.5517382413087937,1.065098841172461,51.77832310838446,1.5431220177232445,2.493967280163598,4.5,0.6628493524199046,2.292842535787321,0.30490797546012277,45.55501022494887,0.869175187457396,2.979925017041583,3.8,0,1.0,1.0,1,1.0,1.0,5.4,4.8,2.3,2.6
1745523000,Atletico Madrid,Rayo Vallecano,0.0,1.9371389738362215,1.3739041794087665,1.9537886510363573,52.84485219164118,1.9518858307849132,2.405028882093101,4.5,1.018348623853211,1.2260278627251104,1.1937478763166838,47.68848114169215,1.1357866123003737,2.890961603805642,3.8,0,1.0,1.0,0,3.0,0.0,6.6,4.2,2.3,3.1
1745523000,Real Betis,Valladolid,0.0,1.7598915989159891,0.8401761517615177,2.3098238482384823,53.3795731707317,1.8100813008130079,2.404979674796747,4.5,1.0179539295392954,3.004336043360434,0.12669376693766943,45.020426829268295,1.1354945799457994,3.068834688346885,3.8,0,1.0,1.0,0,5.0,1.0,7.8,4.8,2.3,3.1
1745763300,Villarreal,Espanyol,0.0,1.7588056499195421,1.1954228499910604,1.2462006079027357,52.84507419989272,1.8269801537636328,2.4052208117289458,4.5,1.7290104694360013,0.6944275582573456,1.9040864572779466,49.551874366767976,1.6865518405943936,2.7133738601823727,3.8,0,1.0,1.0,0,1.0,0.0,5.4,4.2,2.3,3.1
1746212400,Rayo Vallecano,Getafe,0.0,0.8720538720538722,1.7286195286195285,0.7107744107744108,50.71515151515152,1.1353535353535351,2.4937710437710425,4.5,1.550841750841751,0.8720538720538722,1.7259259259259259,49.01818181818182,1.5795959595959594,2.802356902356904,3.8,0,1.0,1.0,0,1.0,0.0,5.4,4.2,2.3,3.1
1746273600,Alaves,Atletico Madrid,0.0,0.5163477677072844,0.839342061094327,1.2445787176905003,51.51550855991943,0.8685599194360522,2.5826116146357823,4.5,1.3726753944276602,1.0496811010406177,1.3699899295065456,48.48449144008056,1.419308492782813,2.8024504867405184,3.8,0,1.0,1.0,1,0.0,0.0,4.8,4.2,2.3,2.6
1746281700,Villarreal,Osasuna,0.0,1.0491967871485943,1.0167336010709505,1.2443775100401606,52.04869477911647,1.2593105756358767,2.4047858099062904,4.5,0.8389558232931728,1.4047523427041497,1.0143908969210174,47.151305220883536,1.0279116465863454,2.8023761713520763,3.8,0,1.0,1.0,0,4.0,2.0,7.199999999999999,5.4,2.3,3.1
1746289800,Las Palmas,Valencia,0.0,1.05005005005005,1.728128128128128,0.8892892892892894,50.98288288288288,1.2599866533199866,2.5825158491825144,4.5,1.5503503503503504,1.4056056056056054,1.3695695695695695,48.21711711711711,1.5436836836836836,2.624691358024693,3.8,0,1.0,1.0,2,2.0,3.0,6.0,6.0,2.8,2.6
1746298800,Valladolid,Barcelona,0.0,0.6946773120425815,2.4398536260811707,0.35542248835662016,49.38223552894211,1.0112375249500998,2.6715236194278096,4.5,2.262075848303393,0.8724550898203594,2.436859614105123,50.08443113772455,2.1130538922155684,2.6246174318030624,3.8,0,1.0,1.0,2,1.0,2.0,5.4,5.4,2.8,2.6
1746360000,Real Madrid,Celta Vigo,0.0,1.7611940298507462,1.017910447761194,2.31044776119403,53.114925373134334,1.811111111111111,2.404975124378108,4.5,1.729021558872305,1.5834162520729687,1.5485903814262025,48.218407960199,1.6866003316749583,2.7134328358208974,3.8,0,1.0,1.0,0,3.0,2.0,6.6,5.4,2.3,3.1
1746368100,Sevilla,Leganes,0.0,0.8728174603174604,1.7292989417989417,0.5331349206349207,50.71527777777778,1.1181812169312166,2.582705026455025,4.5,0.6626322751322752,1.939484126984127,0.3037698412698413,46.084722222222226,0.8868121693121693,2.9801917989418008,3.8,0,1.0,1.0,1,2.0,2.0,6.0,5.4,2.3,2.6
1746376200,Espanyol,Real Betis,0.0,1.0507748104187273,0.6629080118694363,1.777382129904385,52.58180019782394,1.2427629409825256,2.315990768216286,4.5,2.0851302340916584,1.5841081437520608,1.9037256841411143,48.75153313550939,1.9714671941971644,2.713452027695353,3.8,0,1.0,1.0,2,1.0,2.0,5.4,5.4,2.8,2.6
1746385200,Real Sociedad,Athletic Club,0.0,1.406180144641683,1.0187376725838264,1.7768573307034845,52.581163708086784,1.562636423405654,2.493885601577908,4.5,0.4854043392504932,0.695069033530572,1.0154503616042079,47.68550295857988,0.7450098619329387,2.8022682445759384,3.8,0,1.0,1.0,1,0.0,0.0,4.8,4.2,2.3,2.6
1746471600,Girona,Mallorca,0.0,1.0501474926253687,1.7294657489347753,0.5322189446083252,50.98102261553589,1.2600589970501475,2.5827269747623713,4.5,0.8405768600458867,0.8723697148475911,1.0154047853162897,47.952310717797445,1.0113929859062603,2.802196001311047,3.8,0,1.0,1.0,0,1.0,0.0,5.4,4.2,2.3,3.1
1746817200,Las Palmas,Rayo Vallecano,0.0,1.2263157894736842,1.911764705882353,0.8835913312693499,50.971826625386996,1.4009907120743033,2.5835913312693486,4.5,0.8380804953560371,1.7631578947368423,0.6563467492260062,46.6123839009288,1.0094736842105263,2.981114551083593,3.8,0,1.0,1.0,2,0.0,1.0,4.8,4.8,2.8,2.6
1746878400,Valencia,Getafe,0.0,1.0469208211143695,1.0169779286926994,1.9567834542367648,52.04491433863251,1.2574996141379842,2.4047538200339544,4.5,1.1959252971137522,0.8679734526933169,1.1937644698255905,48.49192776663065,1.3136348201883006,2.8915727735761707,3.8,0,1.0,1.0,0,3.0,0.0,6.6,4.2,2.3,3.1
1746886500,Celta Vigo,Sevilla,0.0,1.4052939365958754,0.8376731301939058,1.9572176054170514,52.85143120960295,1.5441920590951062,2.4047091412742367,4.5,0.6587257617728532,1.0473991997537704,0.835518621114189,47.416989843028624,0.8660018467220683,2.8916589719913834,3.8,0,1.0,1.0,0,3.0,2.0,6.6,5.4,2.3,3.1
1746894600,Girona,Villarreal,0.0,1.0478747890133497,1.3747736688660426,1.062912382998312,51.509651680220955,1.2582507288629736,2.4941384072425947,4.5,1.0168789320239373,1.2268221574344023,1.7299063986496857,47.6850851618843,1.1525149608715666,2.802270983581404,3.8,0,1.0,1.0,2,0.0,1.0,4.8,4.8,2.8,2.6
1746894600,Mallorca,Valladolid,0.0,1.4053243574051406,1.016829865361077,1.599265605875153,52.5827417380661,1.5442350061199508,2.404773561811504,4.5,1.1957772337821297,3.731640146878825,0.11995104039167687,44.19620563035495,1.2598347613219096,3.0706242350061217,3.8,0,1.0,1.0,0,2.0,1.0,6.0,4.8,2.3,3.1
1746903600,Atletico Madrid,Real Sociedad,0.0,2.1212814645308926,1.3746758199847444,1.9575896262395118,53.119908466819226,2.099099923722349,2.404729214340197,4.5,1.3746758199847444,1.9423340961098399,1.0143401983218916,47.148512585812355,1.4387337909992373,2.802288329519452,3.8,0,1.0,1.0,0,4.0,0.0,7.199999999999999,4.2,2.3,3.1
1746964800,Leganes,Espanyol,0.0,1.048372376026772,1.1953757225433526,1.063279586248859,51.77949498022514,1.2586613933678126,2.494158807423181,4.5,1.5532704593854578,0.8694250076057195,1.3718892607240645,49.02576817766961,1.563735929418923,2.8023729844843337,3.8,0,1.0,1.0,0,3.0,2.0,6.6,5.4,2.3,3.1
1746972900,Barcelona,Real Madrid,0.0,2.4804186258152585,1.0166843622023358,2.4952828757773395,54.19560139541939,2.3863976945244962,2.315167602002122,4.5,1.1956317306233883,0.8698923100257849,1.9083876839071743,48.48860913089641,1.2597209161231606,2.7129834673138196,3.8,0,1.0,1.0,0,4.0,3.0,7.199999999999999,6.0,2.3,3.1
1746981000,Athletic Club,Alaves,0.0,2.302238354506957,0.6593466424682396,2.1378100423472475,54.46433756805808,2.2617422867513617,2.3151240169388974,4.5,1.5540834845735028,1.4075015124016939,1.3712038717483361,48.21987295825771,1.5464730792498487,2.6235934664246843,3.8,0,1.0,1.0,0,1.0,0.0,5.4,4.2,2.3,3.1
1746990000,Real Betis,Osasuna,0.0,2.123148846327854,1.0168903634444277,2.317176896395717,53.659387724325136,2.100570049766249,2.404554365857335,4.5,1.1958377318654803,1.9442014779068013,1.012969386216257,46.87745438093802,1.2956869250490122,2.8026240386065466,3.8,0,1.0,1.0,1,1.0,1.0,5.4,4.8,2.3,2.6
1747155600,Valladolid,Girona,0.0,0.870375939849624,2.090526315789474,0.34857142857142853,50.16977443609023,1.1341353383458646,2.6729323308270665,4.5,0.8378947368421052,1.9440601503759398,0.4760902255639098,46.34075187969925,0.9914285714285714,2.8920300751879715,3.8,0,1.0,1.0,2,0.0,1.0,4.8,4.8,2.8,2.6
1747159200,Real Sociedad,Celta Vigo,0.0,1.0488828909881542,0.8378467536362273,1.4217723796671164,52.31655420602789,1.2948597990703254,2.494092067776277,4.5,1.911530964162543,1.9436197330934173,1.3713900134952766,47.951866846603686,1.8324336482231218,2.8024891288049196,3.8,0,1.0,1.0,2,0.0,1.0,4.8,4.8,2.8,2.6
1747164600,Sevilla,Las Palmas,0.0,1.048444976076555,1.3746411483253587,0.7055023923444976,51.51070574162679,1.258744019138756,2.4941985645933,4.5,1.0167464114832536,1.048444976076555,1.014055023923445,47.952452153110045,1.1523863636363636,2.802422248803829,3.8,0,1.0,1.0,0,1.0,0.0,5.4,4.2,2.3,3.1
1747242000,Alaves,Valencia,0.0,0.511465632920829,0.658506038467273,1.4217086625913224,51.77943939168034,0.8649440882659907,2.4941553600715656,4.5,1.9111376174146415,1.5851498434471447,1.7295064857611453,48.48898166095125,1.8321306098106453,2.623557477262563,3.8,0,1.0,1.0,0,1.0,0.0,5.4,4.2,2.3,3.1
1747242000,Villarreal,Leganes,0.0,1.5850133809099018,1.1950044603033005,1.6010704727921499,52.585013380909906,1.6879869164436514,2.404638715432648,4.5,1.016057091882248,1.9429081177520071,0.47653880463871545,46.609723461195365,1.1518763009217958,2.89206066012489,3.8,0,1.0,1.0,0,3.0,0.0,6.6,4.2,2.3,3.1
1747251000,Real Madrid,Mallorca,0.0,1.9433654558932543,1.3736100815418828,2.317272053372869,52.85463306152705,1.9567679762787251,2.404595997034839,4.5,0.6578206078576724,0.8696812453669385,0.8340993328391401,47.6822090437361,0.8832023721275017,2.8921423276501126,3.8,0,1.0,1.0,0,2.0,1.0,6.0,4.8,2.3,3.1
1747328400,Osasuna,Atletico Madrid,0.0,1.5856298048492017,1.373565937315198,1.601892371377883,52.318095801301,1.6705736250739207,2.4045535186280294,4.5,0.8367238320520403,1.0487876995860437,1.0127143701951509,47.681904198699,1.0084210526315789,2.8027498521584877,3.8,0,1.0,1.0,0,2.0,0.0,6.0,4.2,2.3,3.1
1747328400,Rayo Vallecano,Real Betis,0.0,1.0489458941471326,1.5521745540321392,1.244405130473242,51.24515701017249,1.2591154356479433,2.4045112781954874,4.5,2.089016659295297,1.227893262568185,2.4439628482972138,49.29168509509067,1.9744862155388465,2.62388323750553,3.8,0,1.0,1.0,1,2.0,2.0,6.0,5.4,2.3,2.6
1747337400,Espanyol,Barcelona,0.0,1.0491032049397235,1.015583651867098,1.2442222875624815,52.05027932960894,1.241340782122905,2.404469273743015,4.5,2.447162599235519,0.870155836518671,2.801822993237283,50.36551014407527,2.2609938253454867,2.623816524551604,3.8,0,1.0,1.0,2,0.0,2.0,4.8,5.4,2.8,2.6
1747337400,Getafe,Athletic Club,0.0,1.048673215071104,1.7316229291892686,0.7069051458730391,50.97557542882275,1.2589151150857645,2.6729951619997054,4.5,0.30004398182084735,0.511831109807946,1.0129013341152324,47.68231930801936,0.6148687875678052,2.8026975516786408,3.8,0,1.0,1.0,2,0.0,2.0,4.8,5.4,2.8,2.6
1747587600,Mallorca,Getafe,0.0,1.2258333333333333,1.0152777777777777,1.6011111111111114,52.31583333333333,1.4006666666666667,2.4044444444444433,4.5,1.1952777777777779,1.2258333333333333,1.1927777777777777,47.954166666666666,1.3133055555555557,2.8925000000000014,3.8,0,1.0,1.0,2,1.0,2.0,5.4,5.4,2.8,2.6
1747587600,Osasuna,Espanyol,0.0,1.7657063711911358,1.1955124653739613,1.9606648199445984,52.85529085872576,1.8145595567867034,2.4045429362880872,4.5,1.7355124653739613,1.0457063711911356,1.3732963988919669,49.034709141274234,1.7094847645429365,2.8024376731301954,3.8,0,1.0,1.0,0,2.0,0.0,6.0,4.2,2.3,3.1
1747587600,Sevilla,Real Madrid,0.0,1.0458563535911602,1.1951933701657458,1.061049723756906,51.77599447513812,1.2566740331491713,2.4945027624309377,4.5,1.555193370165746,1.4058563535911601,1.7329834254143648,48.22400552486188,1.5472486187845302,2.8025138121546975,3.8,0,1.0,1.0,2,0.0,2.0,4.8,5.4,2.8,2.6
1747587600,Celta Vigo,Rayo Vallecano,0.0,1.7654545454545456,1.1954269972451792,1.9606060606060607,52.85504132231405,1.8323746556473828,2.404600550964186,4.5,1.015426997245179,1.5854545454545457,1.1934986225895317,47.14495867768595,1.133426997245179,2.8924517906336105,3.8,0,1.0,1.0,2,1.0,2.0,5.4,5.4,2.8,2.6
1747587600,Valencia,Athletic Club,0.0,1.5853296703296704,0.4756593406593407,2.5001648351648353,53.66450549450549,1.6702692307692308,2.3146978021978004,4.5,0.6556593406593407,0.3253296703296703,1.5540109890109892,48.495494505494506,0.8816043956043953,2.7123901098901113,3.8,0,1.0,1.0,2,0.0,1.0,4.8,4.8,2.8,2.6
1747587600,Las Palmas,Leganes,0.0,1.2249315068493152,1.7356164383561645,0.8797260273972604,51.233972602739726,1.3999726027397261,2.584794520547944,4.5,1.0156164383561643,1.9449315068493152,0.4745205479452055,46.60602739726028,1.1515616438356164,2.892328767123289,3.8,0,1.0,1.0,2,0.0,1.0,4.8,4.8,2.8,2.6
1747587600,Real Sociedad,Girona,0.0,0.5045355191256831,1.0155737704918033,0.8792896174863388,51.23344262295082,0.8776775956284152,2.5848907103825125,4.5,1.0155737704918033,1.5845355191256831,1.0150273224043715,47.14655737704918,1.11551912568306,2.802267759562843,3.8,0,1.0,1.0,0,3.0,2.0,6.6,5.4,2.3,3.1
1747587600,Valladolid,Alaves,0.0,0.684959128065395,2.0958038147138964,0.15967302452316073,49.883732970027246,1.0040108991825611,2.7648501362397804,4.5,1.0158038147138964,1.0449591280653951,1.1947138964577657,47.95626702997275,1.1336948228882833,2.712343324250683,3.8,0,1.0,1.0,2,0.0,1.0,4.8,4.8,2.8,2.6
1747587600,Atletico Madrid,Real Betis,0.0,2.664565217391304,1.1957608695652175,2.3192391304347826,54.20320652173913,2.533717391304348,2.4049456521739114,4.5,2.0957608695652175,1.4045652173913044,2.095217391304348,49.03679347826087,1.9796521739130435,2.622282608695654,3.8,0,1.0,1.0,0,4.0,1.0,7.199999999999999,4.8,2.3,3.1
1747587600,Barcelona,Villarreal,0.0,2.665257452574526,1.555718157181572,2.499620596205962,53.66430894308943,2.5342655826558267,2.314905149051489,4.5,1.0157181571815719,1.225257452574526,1.7349051490514906,47.68569105691057,1.1516097560975609,2.802357723577237,3.8,0,1.0,1.0,2,2.0,3.0,6.0,6.0,2.8,2.6
1748026800,Real Betis,Valencia,0.0,1.9454054054054053,1.0162162162162163,1.9591891891891893,53.39378378378378,1.9583783783783781,2.4049999999999985,4.5,1.3762162162162161,1.2254054054054055,1.5554054054054056,48.226216216216216,1.422,2.7122972972972987,3.8,0,1.0,1.0,1,1.0,1.0,5.4,4.8,2.3,2.6
1748096100,Real Madrid,Real Sociedad,0.0,1.9452830188679244,1.3761725067385444,2.3190296495956875,52.85366576819407,1.9582749326145552,2.404959568733152,4.5,1.3761725067385444,1.9452830188679244,1.0153638814016173,47.14633423180593,1.439956873315364,2.8022371967654998,3.8,0,1.0,1.0,0,2.0,0.0,6.0,4.2,2.3,3.1
1748104200,Leganes,Valladolid,0.0,1.4054301075268816,1.5558602150537637,1.0594086021505376,51.77435483870968,1.5443870967741937,2.494919354838708,4.5,1.1958602150537634,2.845430107526882,0.1150537634408602,45.52564516129031,1.2597258064516126,3.0723118279569905,3.8,0,1.0,1.0,0,3.0,0.0,6.6,4.2,2.3,3.1
1748104200,Espanyol,Las Palmas,0.0,0.8658445040214477,1.195549597855228,1.0597855227882038,51.50544235924933,1.1127131367292225,2.494879356568363,4.5,0.835549597855228,1.0458445040214477,0.834745308310992,47.684557640750675,1.0254959785522788,2.8923860589812342,3.8,0,1.0,1.0,0,2.0,0.0,6.0,4.2,2.3,3.1
1748113200,Alaves,Osasuna,0.0,0.5059893048128342,0.65524064171123,1.4201604278074866,51.776122994652404,0.8608235294117645,2.494839572192512,4.5,1.37524064171123,1.5859893048128344,1.194438502673797,47.6838770053476,1.4212673796791442,2.7124598930481296,3.8,0,1.0,1.0,1,1.0,1.0,5.4,4.8,2.3,2.6
1748113200,Getafe,Celta Vigo,0.0,0.8658666666666667,1.7352,0.7,50.696,1.13072,2.6747999999999985,4.5,1.7352,1.5858666666666668,1.7344000000000002,48.224,1.6912266666666664,2.8024000000000013,3.8,0,1.0,1.0,2,1.0,2.0,5.4,5.4,2.8,2.6
1748113200,Rayo Vallecano,Mallorca,0.0,1.225744680851064,1.7354255319148937,1.2395744680851064,51.235478723404256,1.4006170212765958,2.404893617021275,4.5,0.6554255319148936,1.0457446808510638,0.6548936170212766,47.41452127659574,0.8813989361702125,2.982340425531916,3.8,0,1.0,1.0,1,0.0,0.0,4.8,4.2,2.3,2.6
1748174400,Girona,Atletico Madrid,0.0,0.6853580901856764,1.1951193633952255,0.8794164456233422,51.23535809018568,0.9863289124668435,2.5848541114058343,4.5,0.6551193633952255,1.0453580901856765,1.0148541114058356,47.41464190981432,0.8811724137931034,2.8022811671087546,3.8,0,1.0,1.0,2,0.0,4.0,4.8,6.6,2.8,2.6
1748182500,Villarreal,Sevilla,0.0,1.944973544973545,0.835873015873016,2.138994708994709,53.663650793650795,1.9760423280423285,2.314947089947088,4.5,0.835873015873016,1.404973544973545,0.6553439153439153,47.14634920634921,1.0077671957671956,2.9822222222222234,3.8,0,1.0,1.0,0,4.0,2.0,7.199999999999999,5.4,2.3,3.1
1748199600,Athletic Club,Barcelona,0.0,1.225646437994723,0.4760949868073879,2.1393667546174147,53.124327176781,1.400575197889182,2.3149076517150378,4.5,2.096094986807388,0.6856464379947229,2.8150395778364117,50.11567282321899,1.9799366754617413,2.6222955145118747,3.8,0,1.0,1.0,2,0.0,3.0,4.8,6.0,2.8,2.6
1755277200,Girona,Rayo Vallecano,0.0,0.5002506265664161,1.7395989974937343,0.694235588972431,50.14097744360902,0.8564661654135337,2.6761904761904747,4.5,1.1967418546365913,1.4050125313283208,1.7385964912280703,47.687593984962405,1.278395989974937,2.802130325814537,3.8,0,1.0,1.0,2,1.0,3.0,5.4,6.0,2.8,2.6
1755365400,Mallorca,Barcelona,0.0,1.2240837696335078,1.1969085016205434,1.4180004986287709,52.04076290201945,1.3993318374470207,2.4952879581151817,4.5,2.2826227873348293,0.6812266267763649,2.824482672650212,50.4020942408377,2.129015208177512,2.6211917227624046,3.8,0,1.0,1.0,2,0.0,3.0,4.8,6.0,2.8,2.6
1755372600,Valencia,Real Sociedad,0.0,1.223722491607609,0.47355464378963075,1.9604625139873182,53.125251771726965,1.3990625388536615,2.4048986696506263,4.5,1.0164117866467737,1.947532015417133,0.8344647519582247,46.60331965684446,1.1703245057814249,2.8925649633221444,3.8,0,1.0,1.0,1,1.0,1.0,5.4,4.8,2.3,2.6
1755442800,Celta Vigo,Getafe,0.0,1.5856524427953,1.3782312925170068,1.4178107606679036,52.31113172541744,1.6885961657390227,2.4952999381570793,4.5,1.1972789115646258,1.2237476808905379,1.1960420531849103,47.96029684601113,1.315003092145949,2.892578849721708,3.8,0,1.0,1.0,2,0.0,2.0,4.8,5.4,2.8,2.6
1755451800,Athletic Club,Sevilla,0.0,1.0424377004687886,0.8355785837651124,1.9602763385146804,52.31028867505551,1.2721391561806068,2.4049099432519103,4.5,1.0165309647174932,2.1281519861830747,0.11078213668887242,46.332568467801636,1.1523019985196148,3.0734764372070082,3.8,0,1.0,1.0,0,3.0,2.0,6.6,5.4,2.3,3.1
1755459000,Espanyol,Atletico Madrid,0.0,1.0428202288667405,1.0167343423157376,1.4177679340470037,52.03912882982651,1.2543447766703582,2.495348837209301,4.5,1.1976867232681185,0.8618678479143596,1.377162544604405,48.50372831303064,1.315314384151593,2.802116402116403,3.8,0,1.0,1.0,0,2.0,1.0,6.0,4.8,2.3,3.1
1755630000,Real Madrid,Osasuna,0.0,1.7666544252662504,1.0166483045660424,2.322732280572897,53.12500918105031,1.8153066470804262,2.4047986289631518,4.5,1.5595054474231853,1.7666544252662504,1.1958868894601542,47.6892765332354,1.5504688456359408,2.7116538131962304,3.8,0,1.0,1.0,0,1.0,0.0,5.4,4.2,2.3,3.1
1755891000,Real Betis,Alaves,0.0,1.9474969474969475,1.1973137973137973,1.5992673992673994,53.12527472527472,1.95997557997558,2.404761904761903,4.5,1.0163614163614163,0.8617826617826618,1.5575091575091577,48.231868131868126,1.1340659340659338,2.7117216117216127,3.8,0,1.0,1.0,0,1.0,0.0,5.4,4.2,2.3,3.1
1755961200,Mallorca,Celta Vigo,0.0,0.858870030225529,1.560799813996745,0.8723552662171589,50.94710532434318,1.1253429435015112,2.586328760753312,4.5,1.9208379003775424,1.7664352697600778,1.738180489587139,48.231603945926196,1.8395688710266713,2.8022652539276587,3.8,0,1.0,1.0,1,1.0,1.0,5.4,4.8,2.3,2.6
1755970200,Atletico Madrid,Elche,0.0,3.213945578231292,1.3779397473275024,2.323275024295432,54.75400874635568,2.9731243926141886,2.4046890184645267,4.5,1.1683673469387754,1.4464285714285714,1.1505102040816326,47.58290816326531,1.2650510204081615,2.823214285714294,3.8,0,1.0,1.0,1,1.0,1.0,5.4,4.8,2.3,2.6
1755977400,Levante,Barcelona,0.0,1.44529262086514,1.16793893129771,1.5928753180661577,52.416030534351144,1.5768447837150124,2.448854961832044,4.5,2.10617626648161,0.31320842007864913,2.831829747860282,50.68945176960444,1.9876937312051814,2.620240573675689,3.8,0,1.0,1.0,2,2.0,3.0,6.0,6.0,2.8,2.6
1756047600,Osasuna,Valencia,0.0,1.585400048344211,0.6545322697606961,2.322745951172347,53.39630166787527,1.6702779792119895,2.4047377326565127,4.5,1.37834179357022,1.2234952864394488,1.5576021271452745,48.232269760696155,1.4236451534928691,2.7116267826927736,3.8,0,1.0,1.0,0,1.0,0.0,5.4,4.2,2.3,3.1
1756056600,Villarreal,Girona,0.0,2.6768699654775605,0.8336018411967779,2.872036823935558,54.764902186421175,2.5433601841196776,2.3135788262370527,4.5,1.1971066907775767,1.9471971066907776,0.8335141651597349,46.8748643761302,1.2605786618444845,2.8926461723930084,3.8,0,1.0,1.0,0,5.0,0.0,7.8,4.2,2.3,3.1
1756056600,Real Sociedad,Espanyol,0.0,1.0432900432900434,1.1968253968253968,1.4186628186628185,51.76969696969697,1.290865800865801,2.4951418951418933,4.5,1.0158730158730158,1.405194805194805,0.8332371332371333,47.41601731601732,1.1517989417989418,2.8927128427128435,3.8,0,1.0,1.0,1,2.0,2.0,6.0,5.4,2.3,2.6
1756063800,Oviedo,Real Madrid,0.0,1.455919395465995,1.1687657430730478,1.5944584382871536,52.43073047858942,1.5851385390428208,2.448614609571771,4.5,1.7398824517212426,1.0434208948062853,2.280820439006837,49.04469233537244,1.694808684178961,2.711706848986447,3.8,0,1.0,1.0,2,0.0,3.0,4.8,6.0,2.8,2.6
1756143000,Athletic Club,Rayo Vallecano,0.0,1.5865692096847877,1.1975788031064412,2.3264047510278667,52.58348560986752,1.689310187300137,2.404499771585197,4.5,1.379396984924623,1.5865692096847877,1.7412060301507537,47.68924166285976,1.424463225216994,2.802032891731385,3.8,0,1.0,1.0,0,1.0,0.0,5.4,4.2,2.3,3.1
1756150200,Sevilla,Getafe,0.0,1.0429645542427497,1.3781358157298007,1.0565699964196205,51.49724310776942,1.2544241556271634,2.495154553049288,4.5,0.8336750968329916,1.2228298017771702,1.1954887218045112,47.41626794258373,1.0242652084757347,2.893005240373662,3.8,0,1.0,1.0,2,1.0,2.0,5.4,5.4,2.8,2.6
1756321200,Celta Vigo,Real Betis,0.0,1.4045454545454545,1.5611363636363638,1.2354545454545454,51.76511363636364,1.5618636363636365,2.586363636363635,4.5,1.7429545454545454,1.768181818181818,1.5595454545454546,47.96215909090909,1.6971363636363632,2.7111363636363643,3.8,0,1.0,1.0,1,1.0,1.0,5.4,4.8,2.3,2.6
1756488600,Elche,Levante,0.0,1.2992518703241895,1.1147132169576062,1.3923524522028263,52.27680798004988,1.4530340814630094,2.399750623441385,4.5,1.1147132169576062,1.632585203657523,0.7697423108894431,47.223192019950126,1.2120532003325009,2.9146300914380756,3.8,0,1.0,1.0,0,2.0,0.0,6.0,4.2,2.3,3.1
1756495800,Valencia,Getafe,0.0,1.2227498869289914,0.6517412935323383,1.5992763455450023,52.856512890094976,1.3982360922659434,2.4044776119402966,4.5,1.1973177590309323,1.2217607614103396,1.743629677698464,47.96333549643089,1.2970365563486912,2.8019684187756875,3.8,0,1.0,1.0,0,3.0,0.0,6.6,4.2,2.3,3.1
1756566000,Alaves,Atletico Madrid,0.0,1.0412812993458154,0.4696593728851794,2.1450484998872095,52.857432889690955,1.2530566207985563,2.313534852244528,4.5,1.0151139183397249,1.0412812993458154,0.8317166704263479,47.960748928490865,1.169433792014437,2.8930295510940676,3.8,0,1.0,1.0,1,1.0,1.0,5.4,4.8,2.3,2.6
1756573200,Oviedo,Real Sociedad,0.0,0.9686468646864688,1.7772277227722773,1.062706270627063,50.787128712871294,1.221782178217822,2.565676567656754,4.5,0.6514401440144014,1.9502700270027002,0.4680468046804681,46.051755175517556,0.8784878487848782,2.8929792979297932,3.8,0,1.0,1.0,0,1.0,0.0,5.4,4.2,2.3,3.1
1756575000,Girona,Sevilla,0.0,0.6774410774410775,2.105723905723906,0.6906846240179574,49.85757575757576,0.9801571268237936,2.6771043771043757,4.5,1.1966329966329965,2.3138047138047138,0.10415263748597085,46.32424242424243,1.2964758698092032,3.074859708193042,3.8,0,1.0,1.0,2,0.0,2.0,4.8,5.4,2.8,2.6
1756582200,Real Madrid,Mallorca,0.0,1.7680250783699059,0.6513658755038065,2.872145096283027,53.67498880429915,1.8162785490371696,2.313546798029555,4.5,0.6538118695754164,0.8617405582922826,0.833356790992259,47.6881069669247,0.8802674173117522,2.8926577527562753,3.8,0,1.0,1.0,0,2.0,1.0,6.0,4.8,2.3,3.1
1756652400,Celta Vigo,Villarreal,0.0,1.5869244738809958,1.3795321012712316,1.4171349214827476,52.31108855891464,1.6895737634868069,2.495534665099881,4.5,1.5585351585351588,1.4047268047268047,2.2807066807066807,48.23071253071252,1.567848367848368,2.7117702117702125,3.8,0,1.0,1.0,1,1.0,1.0,5.4,4.8,2.3,2.6
1756659600,Real Betis,Athletic Club,0.0,1.768048128342246,1.0149286987522281,1.5995989304812834,53.12967914438503,1.8162878787878787,2.404389483065952,4.5,0.653734827264239,0.31890756302521006,1.5568627450980395,48.50224089635854,0.8801914098972922,2.7117180205415505,3.8,0,1.0,1.0,2,1.0,2.0,5.4,5.4,2.8,2.6
1756661400,Espanyol,Osasuna,0.0,1.2224938875305624,1.0151144698821961,1.781062458324072,52.311069126472546,1.3980217826183599,2.4953767503889734,4.5,1.3787508335185596,1.7679484329851078,1.013780840186708,47.41620360080017,1.423960880195599,2.802044898866415,3.8,0,1.0,1.0,0,1.0,0.0,5.4,4.2,2.3,3.1
1756668600,Rayo Vallecano,Barcelona,0.0,0.8615563298490129,1.3774680603948897,1.2376306620209059,51.226132404181186,1.127363530778165,2.40464576074332,4.5,2.47507953340403,0.6735949098621421,2.8390243902439023,50.70222693531283,2.282735949098621,2.6194061505832456,3.8,0,1.0,1.0,1,1.0,1.0,5.4,4.8,2.3,2.6
1757703600,Sevilla,Elche,0.0,1.0404777704047776,1.378456093784561,1.0539703605397035,51.49303251493033,1.2523999115239992,2.495310771953106,4.5,1.1086780210867802,1.29683698296837,1.0989456609894566,47.71776155717762,1.2073803730738026,2.7484184914841876,3.8,0,1.0,1.0,1,2.0,2.0,6.0,5.4,2.3,2.6
1757764800,Getafe,Oviedo,0.0,0.6806287563569117,1.9204808136846971,0.15164123901987978,50.14022191400832,0.9826121128062878,2.7664817383263967,4.5,0.7766990291262136,1.6310679611650487,0.7653721682847897,46.71844660194175,0.9750809061488661,2.9147249190938536,3.8,0,1.0,1.0,0,2.0,0.0,6.0,4.2,2.3,3.1
1757772900,Real Sociedad,Real Madrid,0.0,1.0407219898745323,1.37838432753687,1.0541492405899187,51.493506493506494,1.28895003301783,2.4952454325335665,4.5,1.9238388729914153,0.8589038080563505,2.285934404578472,49.59740259740259,1.8418666079683026,2.711160026414264,3.8,0,1.0,1.0,2,1.0,2.0,5.4,5.4,2.8,2.6
1757781000,Athletic Club,Alaves,0.0,1.2214660785549254,1.014282713715606,2.3297206469229153,52.31077504725897,1.3971770636420924,2.4042218021424056,4.5,0.6512955643390426,0.6769872639437857,1.3772507685551163,47.96146245059288,0.8601888449714535,2.802020202020202,3.8,0,1.0,1.0,2,0.0,1.0,4.8,4.8,2.8,2.6
1757790000,Atletico Madrid,Villarreal,0.0,3.0403066812705366,0.8330777656078862,2.5079956188389927,55.31084337349398,2.8340854326396494,2.3135815991237663,4.5,1.3785323110624315,1.4039430449069004,1.9231106243154437,47.96188389923329,1.4237897042716319,2.7110624315443594,3.8,0,1.0,1.0,0,2.0,0.0,6.0,4.2,2.3,3.1
1757851200,Celta Vigo,Girona,0.0,1.220392628205128,1.5634214743589745,1.0492788461538463,51.48545673076923,1.3963301282051284,2.4957532051282034,4.5,1.0146416083916083,2.1313374125874125,0.8319493006993007,46.32495629370629,1.1326923076923077,2.892941433566434,3.8,0,1.0,1.0,1,1.0,1.0,5.4,4.8,2.3,2.6
1757859300,Levante,Real Betis,0.0,1.6290967226219024,1.7737809752198241,1.0599520383693048,51.782973621103125,1.7167066346922466,2.5657873701039042,4.5,1.3791888228547597,1.769012615994161,1.1957460118861432,47.4152643102909,1.4060202272964235,2.7105932645188204,3.8,0,1.0,1.0,1,2.0,2.0,6.0,5.4,2.3,2.6
1757867400,Osasuna,Rayo Vallecano,0.0,1.5859069160504569,0.2875163114397564,2.871683340582862,53.947585906916046,1.670552414093084,2.3134841235319685,4.5,1.196754732681506,1.2213022675265237,1.7435406698564593,47.963178697732474,1.2965883087164551,2.8018514666111924,3.8,0,1.0,1.0,0,2.0,0.0,6.0,4.2,2.3,3.1
1757876400,Barcelona,Valencia,0.0,2.3091714967609955,1.9199909080577338,1.9611319468121378,52.583770883054896,2.2492465052846917,2.404568700988747,4.5,1.0145367758732915,1.2223909741809502,1.0134519418528964,47.688218702538514,1.1507919288348882,2.8019960945975266,3.8,0,1.0,1.0,0,6.0,0.0,8.399999999999999,4.2,2.3,3.1
1757962800,Espanyol,Mallorca,0.0,1.222360248447205,1.013664596273292,1.7821946169772256,52.313043478260866,1.397888198757764,2.4954451345755677,4.5,0.4688311688311689,1.2233766233766232,0.285930735930736,46.86818181818181,0.7324242424242422,2.983874458874459,3.8,0,1.0,1.0,0,3.0,2.0,6.6,5.4,2.3,3.1
1758308400,Real Betis,Real Sociedad,0.0,1.770505008778271,1.013838686357534,1.599876071465455,53.13499948363111,1.818139006506248,2.4041102963957433,4.5,0.2834039037488382,1.770505008778271,0.2819580708458123,45.76934834245586,0.6024517195084167,2.98463286171641,3.8,0,1.0,1.0,0,3.0,1.0,6.6,4.8,2.3,3.1
1758369600,Girona,Levante,0.0,0.49256130228724504,1.9268493715227695,0.6871213682258397,49.84856789614671,0.8505625386358954,2.6779929940243137,4.5,0.8293838862559242,1.7322274881516586,0.5699052132701422,46.6457345971564,1.0039099526066342,2.9619668246445503,3.8,0,1.0,1.0,2,0.0,4.0,4.8,6.6,2.8,2.6
1758377700,Real Madrid,Espanyol,0.0,1.9531298180696886,0.8317812724843253,2.8780964127865145,53.682022818378044,1.9642512077294687,2.3128481858361583,4.5,1.015044057597249,1.7691811734364926,0.4676552761659145,46.86879432624113,1.151192778852353,2.8930367504835592,3.8,0,1.0,1.0,0,2.0,0.0,6.0,4.2,2.3,3.1
1758385800,Villarreal,Osasuna,0.0,3.4141099261689907,0.8315422477440526,2.8783839212469235,55.873851517637405,3.1330311730926987,2.3128178835110726,4.5,0.8315422477440526,1.5880229696472519,0.46447908121410997,46.8652789171452,1.0044421657095979,2.8933962264150943,3.8,0,1.0,1.0,0,2.0,1.0,6.0,4.8,2.3,3.1
1758385800,Alaves,Sevilla,0.0,1.040306905370844,0.6489002557544757,1.783017902813299,52.58710997442456,1.2522455242966755,2.3127877237851644,4.5,1.5619437340153453,2.1359590792838876,0.6468542199488492,47.13897698209719,1.5704961636828643,2.9847570332480817,3.8,0,1.0,1.0,2,1.0,2.0,5.4,5.4,2.8,2.6
1758394800,Valencia,Athletic Club,0.0,1.588038375178608,0.6490712390283732,1.6000816493161871,53.40845070422535,1.690426617677077,2.404164115125534,4.5,1.014938113529663,0.49658557405036285,1.922108408023901,48.77752880921895,1.151109688433632,2.7112889457959883,3.8,0,1.0,1.0,0,2.0,0.0,6.0,4.2,2.3,3.1
1758456000,Rayo Vallecano,Celta Vigo,0.0,1.0421545667447307,0.8328720459868001,1.4185650415158613,52.31392378113689,1.2537151373216948,2.3134128166915033,4.5,1.7419629550777092,1.7694272940174578,1.3764104747711305,47.95880349159037,1.6963806685118157,2.802256759633809,3.8,0,1.0,1.0,1,1.0,1.0,5.4,4.8,2.3,2.6
1758464100,Mallorca,Atletico Madrid,0.0,0.8576188541243398,1.379236082893133,1.0524177163754571,51.21757415684681,1.1243437626980903,2.495408370581063,4.5,1.196627387240959,1.0402275497765137,1.0121901665989435,48.234599756196666,1.2965054855749694,2.8021129622104834,3.8,0,1.0,1.0,1,1.0,1.0,5.4,4.8,2.3,2.6
1758472200,Elche,Oviedo,0.0,1.4807692307692308,0.8304195804195804,1.8006993006993008,52.97552447552448,1.594522144522145,2.3734265734265634,4.5,0.5804195804195804,1.7307692307692308,0.5699300699300699,46.27447552447552,0.8297202797202787,2.9618881118881117,3.8,0,1.0,1.0,0,1.0,0.0,5.4,4.2,2.3,3.1
1758481200,Barcelona,Getafe,0.0,3.2236786469344607,1.7416490486257927,2.3276955602536997,54.223044397463,2.980739957716702,2.4042283298097233,4.5,1.1965116279069767,1.5883720930232559,1.744767441860465,47.41220930232558,1.2964534883720928,2.80203488372093,3.8,0,1.0,1.0,0,3.0,0.0,6.6,4.2,2.3,3.1
1758646800,Athletic Club,Girona,0.0,1.0386697602474866,1.196287703016241,1.7839907192575406,51.76357308584687,1.2692459396751743,2.49551430781129,4.5,1.0135176031473823,1.9533945324321598,1.0117018057096743,46.59018460607283,1.1317784727125995,2.8021789569252498,3.8,0,1.0,1.0,1,1.0,1.0,5.4,4.8,2.3,2.6
1758646800,Espanyol,Valencia,0.0,1.5885802469135804,1.0129243827160495,2.333873456790123,52.86348379629629,1.6908371913580247,2.4038194444444425,4.5,0.8308776167471821,2.1359098228663447,0.8290660225442835,46.04245169082126,1.022181964573269,2.8934380032206115,3.8,0,1.0,1.0,1,2.0,2.0,6.0,5.4,2.3,2.6
1758655800,Levante,Real Madrid,0.0,1.7321016166281755,1.8285219399538106,1.0525404157043878,51.855369515011546,1.7954965357967674,2.4977482678983733,4.5,2.109308163470228,1.0403654985440305,2.289908625363992,49.603413997389296,1.9901375640124508,2.710784215282659,3.8,0,1.0,1.0,2,1.0,4.0,5.4,6.6,2.8,2.6
1758655800,Sevilla,Villarreal,0.0,1.222881186135043,1.5620516930474855,1.0522941294329793,51.491244239631335,1.3982688839911843,2.4953315968743723,4.5,1.0142256060909638,1.588098577439391,1.377239030254458,47.13919054297736,1.1505870567020637,2.802043678621519,3.8,0,1.0,1.0,2,1.0,2.0,5.4,5.4,2.8,2.6
1758733200,Getafe,Alaves,0.0,0.8601880877742947,1.5605015673981193,0.690700104493208,50.94952978056426,1.1262904911180776,2.6770114942528718,4.5,0.6491754122938531,0.6749625187406297,1.3776111944027987,47.96131934032984,0.8585407296351822,2.80199900049975,3.8,0,1.0,1.0,1,1.0,1.0,5.4,4.8,2.3,2.6
1758742200,Atletico Madrid,Rayo Vallecano,0.0,2.6835660151575587,0.4665337056242521,2.5127243717590746,55.32554846429996,2.5485480654168327,2.312764260071797,4.5,1.1970948012232414,1.0384174311926606,1.745183486238532,48.238016055045875,1.2969036697247707,2.801873088685015,3.8,0,1.0,1.0,0,3.0,2.0,6.6,5.4,2.3,3.1
1758742200,Real Sociedad,Mallorca,0.0,1.2230026862998706,1.3797433091234703,1.0521341160083575,51.764889065764606,1.416615262162969,2.495343746890855,4.5,0.8319172221669486,1.5882200776042186,0.28170331310317387,46.86554571684409,1.0047219182170928,2.9846184459257783,3.8,0,1.0,1.0,0,1.0,0.0,5.4,4.2,2.3,3.1
1758821400,Osasuna,Elche,0.0,1.5881278538812786,0.10125074449076837,2.878499106611078,54.230315664085765,1.6721897955132026,2.312705975779232,4.5,1.3321917808219177,1.4817351598173516,1.0684931506849316,47.775684931506845,1.3811643835616427,2.7118721461187203,3.8,0,1.0,1.0,1,1.0,1.0,5.4,4.8,2.3,2.6
1758828600,Oviedo,Barcelona,0.0,0.9812072892938497,1.332004555808656,1.5506833712984056,51.473804100227795,1.219646924829158,2.497892938496573,4.5,2.2970007593014423,0.6718678815489749,2.478056188306758,50.4376993166287,2.140163249810174,2.618602885345482,3.8,0,1.0,1.0,2,1.0,3.0,5.4,6.0,2.8,2.6
1758913200,Girona,Espanyol,0.0,0.3051136363636364,2.664015151515151,0.13314393939393945,48.461647727272734,0.7190340909090911,2.7705492424242406,4.5,0.8320158102766799,1.9531620553359683,0.28181818181818186,46.31828063241107,1.0230632411067193,2.9845849802371536,3.8,0,1.0,1.0,1,0.0,0.0,4.8,4.2,2.3,2.6
1758974400,Getafe,Levante,0.0,0.8572217292714188,1.1970028591146604,0.8692497288770582,51.49032830523514,1.1239948733116438,2.5866311742088124,4.5,1.4662131519274377,1.383219954648526,1.056235827664399,48.124489795918365,1.505306122448979,2.8888888888888875,3.8,0,1.0,1.0,1,1.0,1.0,5.4,4.8,2.3,2.6
1758982500,Atletico Madrid,Real Madrid,0.0,2.6880844645550526,0.8304298642533938,2.5162518853695324,54.786481900452486,2.5520889894419305,2.312160633484161,4.5,2.663763197586727,1.221417797888386,2.295022624434389,50.16351809954751,2.433574660633484,2.7101432880844647,3.8,0,1.0,1.0,0,5.0,2.0,7.8,5.4,2.3,3.1
1758990600,Mallorca,Alaves,0.0,1.0387509405568096,1.5639202407825434,1.049849510910459,51.2122460496614,1.2509518434913471,2.4954665161775753,4.5,0.6472535741158766,0.6720842738901429,1.3781414597441684,47.9627539503386,0.8570278404815649,2.8018623024830696,3.8,0,1.0,1.0,0,1.0,0.0,5.4,4.2,2.3,3.1
1758999600,Villarreal,Athletic Club,0.0,3.0553303303303307,0.6470345345345345,2.883445945945946,55.61244369369369,2.8458783783783788,2.312105855855854,4.5,1.0142969056012534,0.6751273012142578,1.9247943595769683,48.50875440658049,1.1506423815119466,2.71069330199765,3.8,0,1.0,1.0,0,1.0,0.0,5.4,4.2,2.3,3.1
1759060800,Rayo Vallecano,Sevilla,0.0,1.0402540302882266,0.8314606741573034,1.4177821201758671,52.31319003419638,1.2521446018563755,2.3126038104543216,4.5,1.9301498127340824,2.1385767790262173,1.19438202247191,47.6873595505618,1.846704119850187,2.893632958801498,3.8,0,1.0,1.0,2,0.0,1.0,4.8,4.8,2.8,2.6
1759068900,Elche,Celta Vigo,0.0,1.3838565022421525,0.6645739910313901,2.040358744394619,53.078923766816146,1.5148878923766822,2.3582959641255523,4.5,1.3792552154416065,1.2225775004874244,1.5597192435172549,48.23501657243127,1.4060947553129264,2.7107038409046598,3.8,0,1.0,1.0,0,2.0,1.0,6.0,4.8,2.3,3.1
1759077000,Barcelona,Real Sociedad,0.0,3.0487695749440715,1.1966151152611613,2.3307849430989203,54.77823168952436,2.840708102324677,2.40394903219531,4.5,0.46342281879194636,2.1384041759880685,0.27785234899328864,45.48752796420582,0.7283109619686801,2.9853094705443697,3.8,0,1.0,1.0,0,2.0,1.0,6.0,4.8,2.3,3.1
1759086000,Real Betis,Osasuna,0.0,1.4051711309523809,1.0133928571428572,1.6005952380952382,52.58766741071429,1.5257552083333337,2.4037574404761886,4.5,0.6467261904761905,1.2218377976190475,0.46097470238095245,47.13733258928571,0.8566145833333332,2.893694196428571,3.8,0,1.0,1.0,0,2.0,0.0,6.0,4.2,2.3,3.1
1759255200,Valencia,Oviedo,0.0,1.7719376391982182,0.46317743132887906,1.9675204157386785,53.96314031180401,1.8374981440237568,2.4037305122494415,4.5,0.4632516703786192,1.5853006681514477,0.45167037861915366,46.31692650334076,0.7429844097995539,2.9899777282850764,3.8,0,1.0,1.0,2,1.0,2.0,5.4,5.4,2.8,2.6
1759518000,Osasuna,Getafe,0.0,1.5885185185185187,0.28,2.5172222222222222,53.96277777777778,1.6724259259259262,2.3121296296296276,4.5,1.1968,1.5889777777777778,1.7466666666666668,47.41173333333334,1.2967111111111111,2.8019555555555553,3.8,0,1.0,1.0,0,2.0,1.0,6.0,4.8,2.3,3.1
1759579200,Oviedo,Levante,0.0,0.9853658536585366,1.6638580931263858,1.2439024390243905,50.98226164079823,1.2160088691796016,2.558093126385801,4.5,1.386548410938655,1.3211382113821137,1.0436067997043608,48.098115299334815,1.4361788617886173,2.841685144124167,3.8,0,1.0,1.0,2,0.0,2.0,4.8,5.4,2.8,2.6
1759587300,Girona,Valencia,0.0,0.30081415929203537,2.484920353982301,0.3124955752212389,48.7238407079646,0.7158088495575222,2.679681415929202,4.5,0.64679203539823,2.1383480825958703,0.4612463126843659,45.762665929203536,0.8749963126843655,2.8937131268436573,3.8,0,1.0,1.0,0,2.0,1.0,6.0,4.8,2.3,3.1
1759595400,Athletic Club,Mallorca,0.0,1.0369094922737307,1.3808918322295805,1.4167417218543046,51.48402649006623,1.2678816777041944,2.4956556291390712,4.5,0.8300956585724799,1.5884473877851364,0.2777041942604857,46.86247240618101,1.003300220750552,2.985430463576159,3.8,0,1.0,1.0,0,2.0,1.0,6.0,4.8,2.3,3.1
1759604400,Real Madrid,Villarreal,0.0,1.7718795888399412,0.4633994126284876,2.8843612334801763,53.962720264317184,1.8191189427312775,2.312114537444932,4.5,1.380066079295154,1.2218795888399412,1.927496328928047,48.23727973568282,1.4249375917767988,2.710480910425844,3.8,0,1.0,1.0,0,3.0,1.0,6.6,4.8,2.3,3.1
1759665600,Alaves,Elche,0.0,1.222161172161172,1.0133699633699633,1.6012820512820514,52.31318681318681,1.3793406593406596,2.403754578754577,4.5,1.2641758241758243,1.3863736263736262,1.050989010989011,47.816703296703295,1.3235604395604388,2.6905494505494483,3.8,0,1.0,1.0,0,3.0,1.0,6.6,4.8,2.3,3.1
1759673700,Sevilla,Barcelona,0.0,1.039108187134503,1.563340643274854,0.868201754385965,51.21365131578948,1.2512280701754388,2.5870614035087702,4.5,2.48480701754386,0.8535438596491228,2.482,50.44689473684211,2.290284210526316,2.618157894736842,3.8,0,1.0,1.0,0,4.0,1.0,7.199999999999999,4.8,2.3,3.1
1759681800,Real Sociedad,Rayo Vallecano,0.0,1.4062363238512035,1.3799781181619255,1.4184536834427424,52.03938730853392,1.5449270605397523,2.4953683442742505,4.5,1.3807789934354486,1.5899868708971554,1.1938030634573304,47.686188183807445,1.443856455142232,2.894205689277899,3.8,0,1.0,1.0,2,0.0,1.0,4.8,4.8,2.8,2.6
1759681800,Espanyol,Real Betis,0.0,1.9577292576419214,1.0127510917030569,2.5214323144104807,53.417467248908295,1.9677379912663757,2.3116157205240158,4.5,1.3799490538573507,1.9559679767103348,0.8272197962154295,47.13597161572052,1.4064883551673943,2.7105895196506546,3.8,0,1.0,1.0,2,1.0,2.0,5.4,5.4,2.8,2.6
1759690800,Celta Vigo,Atletico Madrid,0.0,0.8536470588235294,1.3808976034858387,0.6811503267973856,51.20912418300654,1.1028688453159043,2.4956775599128527,4.5,1.3801016702977487,1.222549019607843,1.0108932461873639,48.236328976034855,1.424938271604938,2.802214960058097,3.8,0,1.0,1.0,1,1.0,1.0,5.4,4.8,2.3,2.6
1760727600,Oviedo,Espanyol,0.0,0.8231884057971015,1.7202898550724637,1.03768115942029,50.65434782608696,1.098333333333334,2.598550724637674,4.5,0.830072463768116,1.772463768115942,0.46086956521739136,46.58641304347826,1.0215760869565216,2.8938405797101443,3.8,0,1.0,1.0,2,0.0,2.0,4.8,5.4,2.8,2.6
1760788800,Sevilla,Mallorca,0.0,1.589310195227766,1.7490151843817787,0.8647635574837311,51.76044251626899,1.691409978308026,2.5877136659435993,4.5,0.8290151843817788,1.589310195227766,0.2747592190889371,46.85955748373102,1.002424295010846,2.986047722342733,3.8,0,1.0,1.0,2,1.0,3.0,5.4,6.0,2.8,2.6
1760796900,Barcelona,Girona,0.0,3.2387806637806635,1.3805555555555555,2.333838383838384,54.78733766233766,2.992647907647908,2.403932178932177,4.5,1.0138888888888888,1.9554473304473303,1.0115440115440115,46.58766233766234,1.1319516594516592,2.8020923520923513,3.8,0,1.0,1.0,0,2.0,1.0,6.0,4.8,2.3,3.1
1760805000,Villarreal,Real Betis,0.0,2.6933218142548596,0.6453045356371491,2.888725701943845,55.07202591792656,2.55621252699784,2.311749460043195,4.5,1.381304535637149,1.7733218142548597,1.1948855291576674,47.411974082073435,1.4074453563714902,2.710056155507559,3.8,0,1.0,1.0,1,2.0,2.0,6.0,5.4,2.3,2.6
1760814000,Atletico Madrid,Osasuna,0.0,2.8774137931034485,1.197448275862069,2.5206206896551726,54.51994827586207,2.7034827586206904,2.3117241379310327,4.5,0.461448275862069,1.4054137931034483,0.27486206896551724,46.58405172413793,0.7267551724137928,2.98601724137931,3.8,0,1.0,1.0,0,1.0,0.0,5.4,4.2,2.3,3.1
1760875200,Elche,Athletic Club,0.0,1.488888888888889,0.7218637992831541,2.203584229390681,53.15053763440861,1.5975627240143377,2.3487455197132543,4.5,1.0137992831541218,0.8555555555555556,1.7444444444444445,48.23736559139785,1.150215053763441,2.802150537634408,3.8,0,1.0,1.0,1,0.0,0.0,4.8,4.2,2.3,2.6
1760883300,Celta Vigo,Real Sociedad,0.0,0.8510399471772863,1.197160779135028,0.8622647738527567,51.480818752063385,1.1007956421261145,2.403532518983161,4.5,0.6450472103004292,1.7730815450643778,0.2746437768240343,46.30794849785408,0.8552583690987122,2.986025751072961,3.8,0,1.0,1.0,1,1.0,1.0,5.4,4.8,2.3,2.6
1760891400,Levante,Rayo Vallecano,0.0,1.5850107066381156,2.2650963597430405,0.843254817987152,50.97987152034261,1.6758029978586733,2.5582441113490275,4.5,1.1971339153352,1.4048097512765607,1.1948278702026025,47.68848624608796,1.2969527260747817,2.8942184154175585,3.8,0,1.0,1.0,2,0.0,3.0,4.8,6.0,2.8,2.6
1760900400,Getafe,Real Madrid,0.0,1.0382834757834758,1.1972222222222222,1.050391737891738,51.76159188034188,1.2505982905982909,2.4955306267806248,4.5,2.4853333333333336,1.4047521367521367,2.298940170940171,49.620871794871796,2.290676923076923,2.7099487179487176,3.8,0,1.0,1.0,2,0.0,1.0,4.8,4.8,2.8,2.6
1760986800,Alaves,Valencia,0.0,1.5885031982942432,1.1973049040511727,1.6001023454157783,52.58679744136461,1.6723889125799578,2.403769722814497,4.5,0.8293049040511727,2.3245031982942432,0.45925799573560766,45.7572025586354,1.002649040511727,2.8939104477611934,3.8,0,1.0,1.0,1,0.0,0.0,4.8,4.2,2.3,2.6
1761332400,Real Sociedad,Sevilla,0.0,1.4042553191489362,1.3811063829787233,1.416,52.03472340425532,1.5434042553191494,2.4957446808510624,4.5,1.7491063829787235,1.5882553191489364,1.7472340425531916,48.24127659574468,1.701702127659574,2.8018723404255312,3.8,0,1.0,1.0,0,2.0,1.0,6.0,4.8,2.3,3.1
1761393600,Girona,Oviedo,0.0,0.6657194185856605,1.9356524579454517,0.8617671076269802,50.09510044096031,0.9894953454189125,2.5881920627143544,4.5,0.7211606510969568,1.4847841472045293,0.8793347487615004,46.85456475583864,0.9369780608634106,2.92466383581033,3.8,0,1.0,1.0,1,3.0,3.0,6.6,6.0,2.3,2.6
1761401700,Espanyol,Elche,0.0,1.7736636245110822,1.3821056062581487,1.969361147327249,52.587337027379405,1.8204628422425033,2.4035528031290725,4.5,1.222457627118644,1.6525423728813557,0.8792372881355932,47.35487288135593,1.2879943502824853,2.7578389830508447,3.8,0,1.0,1.0,0,1.0,0.0,5.4,4.2,2.3,3.1
1761409800,Athletic Club,Getafe,0.0,1.404358432265409,1.0126849894291754,1.9695885509838997,52.587510164254354,1.5434769881281512,2.4035290291104228,4.5,1.0126849894291754,1.7735892014961783,1.1950235810700927,46.858643681899494,1.149396649861766,2.894161652301187,3.8,0,1.0,1.0,2,0.0,1.0,4.8,4.8,2.8,2.6
1761418800,Valencia,Villarreal,0.0,1.4042869198312236,0.8291645569620254,1.4161012658227847,52.86268354430379,1.5434329113924052,2.4957299578059056,4.5,1.3811645569620252,1.7722869198312237,1.3791392405063292,47.413316455696204,1.4257451476793248,2.801890295358649,3.8,0,1.0,1.0,2,0.0,2.0,4.8,5.4,2.8,2.6
1761483600,Mallorca,Levante,0.0,0.8520421052631579,1.3813052631578948,1.0478315789473684,51.206105263157895,1.1016505263157896,2.495789473684209,4.5,1.47609022556391,1.1287218045112781,1.3266165413533835,48.52105263157895,1.5037593984962403,2.806616541353381,3.8,0,1.0,1.0,1,1.0,1.0,5.4,4.8,2.3,2.6
1761491700,Real Madrid,Barcelona,0.0,1.955966386554622,0.46127731092436974,2.887731092436975,54.24203361344538,1.9663865546218489,2.3117647058823514,4.5,2.1204589528118944,1.5884292178409825,1.934065934065934,48.798044602456365,1.9986780866192626,2.709437621202327,3.8,0,1.0,1.0,0,2.0,1.0,6.0,4.8,2.3,3.1
1761499800,Osasuna,Celta Vigo,0.0,1.5880587002096438,0.4612494758909853,2.519966457023061,53.69021383647799,1.672057023060797,2.3117400419287195,4.5,1.1971348707197762,1.037561146051712,1.561705101327743,48.239360587002096,1.260206149545772,2.7102725366876306,3.8,0,1.0,1.0,2,2.0,3.0,6.0,6.0,2.8,2.6
1761508800,Rayo Vallecano,Alaves,0.0,0.8543235704323572,1.014121338912134,0.866352859135286,51.760303347280335,1.1217991631799165,2.403957461645744,4.5,0.6455564853556486,0.6681506276150627,1.3795481171548116,47.96610878661088,0.8556384937238493,2.801824267782426,3.8,0,1.0,1.0,0,1.0,0.0,5.4,4.2,2.3,3.1
1761595200,Real Betis,Atletico Madrid,0.0,1.5880751565762006,0.8293611691022965,1.9679331941544884,53.13807098121086,1.6720634655532363,2.403774530271397,4.5,1.5653611691022966,1.0360751565762003,1.1953569937369521,48.79392901878914,1.5546939457202502,2.709870563674321,3.8,0,1.0,1.0,2,0.0,2.0,4.8,5.4,2.8,2.6
1761940800,Getafe,Girona,0.0,1.0358333333333334,1.0135,1.0476666666666667,52.033500000000004,1.2486833333333338,2.495833333333332,4.5,1.0135,2.3238333333333334,0.45966666666666667,46.0345,1.1315999999999997,2.8938333333333324,3.8,0,1.0,1.0,0,2.0,1.0,6.0,4.8,2.3,3.1
1762002000,Villarreal,Rayo Vallecano,0.0,2.326851111466496,0.6437230129537821,2.5229809691348155,54.52469214776907,2.2630321445706065,2.3113545498160866,4.5,1.1976591976591977,1.2184492184492184,1.1958111958111959,47.96881496881497,1.2973819973819973,2.8943327943327937,3.8,0,1.0,1.0,0,4.0,0.0,7.199999999999999,4.2,2.3,3.1
1762010100,Atletico Madrid,Sevilla,0.0,2.327258218959464,1.01276731567188,2.5232045962336422,53.97173635493138,2.2633546121927868,2.3113309926587915,4.5,1.5666134695180338,1.219565911267156,1.7493137567826365,48.52057133737632,1.555604851579955,2.801851260772422,3.8,0,1.0,1.0,0,3.0,0.0,6.6,4.2,2.3,3.1
1762018200,Real Sociedad,Athletic Club,0.0,1.219812071985985,1.197197005892658,1.4157349896480331,52.033922599139984,1.3958560280299415,2.4959229176620465,4.5,0.6450848861283643,0.8526045548654244,1.379097308488613,47.68872049689442,0.8736861283643892,2.8019710144927528,3.8,0,1.0,1.0,0,3.0,2.0,6.6,5.4,2.3,3.1
1762027200,Real Madrid,Valencia,0.0,1.9585187539732996,0.6434837889383344,2.8928798474253017,53.97255244755245,1.9683566433566435,2.3112841703750777,4.5,0.6434837889383344,2.1431341385886844,0.45664335664335665,45.75052447552448,0.8724920534011442,2.89424666242848,3.8,0,1.0,1.0,0,4.0,0.0,7.199999999999999,4.2,2.3,3.1
1762088400,Levante,Celta Vigo,0.0,1.3219931271477663,2.3876288659793814,0.7034364261168385,50.401546391752575,1.4809278350515471,2.598797250859099,4.5,1.5650309278350516,1.4052783505154638,1.5627216494845362,48.23962886597938,1.5544494845360823,2.7100618556701024,3.8,0,1.0,1.0,2,1.0,2.0,5.4,5.4,2.8,2.6
1762096500,Alaves,Espanyol,0.0,1.4050015827793605,1.0126622348844572,1.6005381449825895,52.588509021842356,1.5439981006647678,2.403624564735674,4.5,0.8291687242798355,1.221201646090535,1.0110288065843622,47.41195061728395,1.020954732510288,2.8020246913580236,3.8,0,1.0,1.0,0,2.0,1.0,6.0,4.8,2.3,3.1
1762104600,Barcelona,Elche,0.0,2.8772895277207393,1.013141683778234,2.336788501026694,54.79622176591376,2.703425051334703,2.403745379876795,4.5,1.0469345849222647,1.5617483132883545,0.7530067468465825,47.22777940745087,1.1604576122029915,2.8073921971252536,3.8,0,1.0,1.0,0,3.0,1.0,6.6,4.8,2.3,3.1
1762113600,Real Betis,Mallorca,0.0,1.405327868852459,1.0126103404791928,1.7855926860025222,52.5890762925599,1.5442528373266082,2.4958858764186616,4.5,1.381841109709962,1.7745586380832283,0.641015132408575,47.4109237074401,1.4262515762925596,2.9866488020176534,3.8,0,1.0,1.0,0,3.0,0.0,6.6,4.2,2.3,3.1
1762200000,Oviedo,Osasuna,0.0,0.7063978965819457,1.7604440549225826,0.8901548349401109,50.41893076248905,1.013643003213556,2.6274905054046096,4.5,0.2739657070945414,1.40556866446437,0.08699071889255933,46.30259556394526,0.5953468617272297,3.0789995280792817,3.8,0,1.0,1.0,1,0.0,0.0,4.8,4.2,2.3,2.6
1762545600,Elche,Real Sociedad,0.0,1.2769679300291545,0.6169096209912537,2.03265306122449,52.99008746355685,1.4415743440233242,2.341690962099119,4.5,0.827629513343799,1.5899529042386185,0.4562009419152276,46.85651491365777,0.9829042386185244,2.894348508634222,3.8,0,1.0,1.0,1,1.0,1.0,5.4,4.8,2.3,2.6
1762606800,Girona,Alaves,0.0,1.0346986497699329,1.9376932941087728,1.0454099720902166,50.64550803349174,1.2847929395790907,2.4959719393527933,4.5,0.45837380542064854,0.8514178286072379,0.8254112486291713,47.410433965220115,0.7244179852733822,2.894313018956603,3.8,0,1.0,1.0,0,1.0,0.0,5.4,4.2,2.3,3.1
1762614900,Sevilla,Osasuna,0.0,1.7744215134459038,1.9351156973108192,0.8627579737335834,51.75895872420263,1.8210694183864917,2.5881019387116933,4.5,0.2708521529659741,1.2198133092442036,0.2687443541102078,46.576558265582655,0.5930141523637457,2.987157482685937,3.8,0,1.0,1.0,0,1.0,0.0,5.4,4.2,2.3,3.1
1762623000,Atletico Madrid,Levante,0.0,2.701224551123131,0.8262339418526031,2.897678611674555,54.81248591390579,2.5624521072796944,2.3107429945158118,4.5,1.4885395537525357,0.966632860040568,1.4814401622718054,48.782860040567954,1.5134888438133873,2.731795131845839,3.8,0,1.0,1.0,0,3.0,1.0,6.6,4.8,2.3,3.1
1762632000,Espanyol,Villarreal,0.0,1.590343379817064,1.1965811965811965,1.9719598140650771,52.5906432748538,1.6737441895336636,2.4033138401559437,4.5,1.196449704142012,1.405356586733105,1.3787293677981938,47.686639676113366,1.277972594207412,2.802133291809404,3.8,0,1.0,1.0,2,0.0,2.0,4.8,5.4,2.8,2.6
1762693200,Athletic Club,Oviedo,0.0,0.8493827160493828,0.8263374485596708,1.4161616161616162,52.03456790123457,1.1180246913580247,2.495959595959594,4.5,1.0444444444444443,1.704761904761905,0.8935064935064936,47.00952380952381,1.1871284271284268,2.879220779220776,3.8,0,1.0,1.0,0,1.0,0.0,5.4,4.2,2.3,3.1
1762701300,Rayo Vallecano,Real Madrid,0.0,0.669258064516129,0.644258064516129,1.2336774193548388,52.0375,0.9738032258064518,2.4036129032258047,4.5,2.3040942928039705,1.4050558312655086,2.301923076923077,49.34855769230769,2.145632754342431,2.7098325062034734,3.8,0,1.0,1.0,1,0.0,0.0,4.8,4.2,2.3,2.6
1762709400,Mallorca,Getafe,0.0,0.8509828199969045,1.196223494815044,1.2322860238353197,51.48213898777279,1.1007955424856837,2.4034514780993637,4.5,0.8259929950070796,1.7750204933303526,1.194425814144124,46.576458752515094,1.0001117818019227,2.8946195692674555,3.8,0,1.0,1.0,0,1.0,0.0,5.4,4.2,2.3,3.1
1762709400,Valencia,Real Betis,0.0,1.4047574915044794,1.0114303367315416,1.417114612295335,52.58999073215941,1.5438121717639792,2.4957367933271533,4.5,1.5652764905776955,1.4047574915044794,1.3786530738337968,48.24077849860982,1.554599938214396,2.617531665122026,3.8,0,1.0,1.0,1,1.0,1.0,5.4,4.8,2.3,2.6
1762718400,Celta Vigo,Barcelona,0.0,1.0341423587916574,1.0109849328286202,1.0460179618496253,52.03473613894455,1.2287983374155722,2.3106880427521688,4.5,1.751725673569361,1.9600682847175834,1.379425517702071,47.68748608327767,1.7036665924441472,2.802033697023676,3.8,0,1.0,1.0,2,2.0,4.0,6.0,6.6,2.8,2.6
1763755200,Valencia,Levante,0.0,1.4045925925925926,1.0114074074074073,1.4161481481481482,52.589777777777776,1.5436740740740746,2.495925925925924,4.5,1.6564444444444446,1.1026666666666667,1.4946666666666666,48.83066666666667,1.6319999999999997,2.7282222222222194,3.8,0,1.0,1.0,0,1.0,0.0,5.4,4.2,2.3,3.1
1763816400,Alaves,Celta Vigo,0.0,1.4045242847638058,1.0112367856878834,1.601537665409921,52.58993124861388,1.5436164707621798,2.403311894729059,4.5,1.565515123598956,1.4046982957162597,1.5633655765392294,48.24122524182404,1.5547919545524336,2.709811146936895,3.8,0,1.0,1.0,2,0.0,1.0,4.8,4.8,2.8,2.6
1763824500,Barcelona,Athletic Club,0.0,3.066012871590561,0.6424149555623659,2.8936561446521605,55.63539687404229,2.8543579528041687,2.3111860251302465,4.5,0.8270303401777506,1.4044744100520994,0.8251915415262029,47.133833895188474,1.0193840024517313,2.8943916641127787,3.8,0,1.0,1.0,0,4.0,0.0,7.199999999999999,4.2,2.3,3.1
1763832600,Osasuna,Real Sociedad,0.0,1.5894785135341796,1.011469643676403,1.97079064077076,52.86701330478667,1.6731273895090994,2.4034714788193896,4.5,0.8258596568735734,1.5898681982180989,0.4537221117738017,46.85398718798321,0.981503571165599,2.8946395699874814,3.8,0,1.0,1.0,2,1.0,3.0,5.4,6.0,2.8,2.6
1763841600,Villarreal,Mallorca,0.0,2.7009112286890065,0.6409465020576132,2.5271898883009993,55.08994708994709,2.562213403880071,2.3108024691358002,4.5,1.1965020576131689,1.9601704879482658,0.6391828336272781,46.85449735449735,1.2965314520870075,2.98719870664315,3.8,0,1.0,1.0,0,2.0,1.0,6.0,4.8,2.3,3.1
1763902800,Oviedo,Rayo Vallecano,0.0,0.6658415841584159,1.338118811881188,1.004950495049505,50.99158415841584,0.9826732673267333,2.5613861386138557,4.5,1.1966053748231966,1.775954738330976,1.1947666195190947,47.13097595473833,1.2966336633663367,2.894837340876944,3.8,0,1.0,1.0,1,0.0,0.0,4.8,4.2,2.3,2.6
1763910900,Real Betis,Girona,0.0,1.7748499487629923,1.011125750256185,1.7865612648221345,53.14558629776021,1.8398916703264532,2.49594495681452,4.5,0.8269382791121922,2.1431134083308,0.455883247187595,46.02573730617208,0.9823989054423837,2.8944055944055935,3.8,0,1.0,1.0,1,1.0,1.0,5.4,4.8,2.3,2.6
1763919000,Getafe,Atletico Madrid,0.0,1.219966621150053,0.8269154908208163,1.601335153997876,52.58957669549386,1.3959824002427557,2.4034592626308586,4.5,1.1961462600515855,1.0353512365346684,1.1943255955090275,48.241192535275374,1.2592990441511152,2.709755727507206,3.8,0,1.0,1.0,2,0.0,1.0,4.8,4.8,2.8,2.6
1763928000,Elche,Real Madrid,0.0,1.2641732283464566,0.5874015748031496,2.0535433070866143,53.01515748031497,1.4314074803149615,2.33641732283464,4.5,1.751822688830563,1.4041994750656168,1.9355497229512977,48.52143482064742,1.7222659667541558,2.7093613298337695,3.8,0,1.0,1.0,1,2.0,2.0,6.0,5.4,2.3,2.6
1764014400,Espanyol,Sevilla,0.0,1.4041257367387034,1.5679483581251754,1.4152119000841987,51.75426606792029,1.5433174291327538,2.4960987931518366,4.5,1.1963908899075895,1.2190933566179145,1.7503456305028016,47.96594629993451,1.277916029978898,2.801920977952411,3.8,0,1.0,1.0,0,2.0,1.0,6.0,4.8,2.3,3.1
1764360000,Getafe,Elche,0.0,0.84880174291939,1.0111837327523603,1.04560639070443,51.75642701525055,1.1175744371822804,2.4959331880900493,4.5,1.0377450980392156,1.8647058823529412,0.5818627450980393,46.75955882352941,1.1528921568627446,2.8816176470588197,3.8,0,1.0,1.0,0,1.0,0.0,5.4,4.2,2.3,3.1
1764421200,Mallorca,Osasuna,0.0,1.0339204174820613,0.6406465173588461,1.7865478002464306,52.58991085018482,1.2286294121910566,2.310726969631077,4.5,0.26776628459603014,1.2184232597148448,0.2660889013139502,46.57401453732178,0.5907072966172768,2.9876432764886762,3.8,0,1.0,1.0,1,2.0,2.0,6.0,5.4,2.3,2.6
1764429300,Barcelona,Alaves,0.0,2.700665509259259,0.6407696759259259,2.897569444444444,55.08984375,2.5620225694444447,2.3107060185185166,4.5,0.45558449074074076,0.8488136574074074,0.8240740740740742,47.41015625,0.7223090277777776,2.894560185185184,3.8,0,1.0,1.0,0,3.0,1.0,6.6,4.8,2.3,3.1
1764437400,Levante,Athletic Club,0.0,1.2748538011695905,2.3285992759676972,0.6056808688387636,50.41938178780284,1.439905318852688,2.6269284321915833,4.5,0.45556277525088446,1.9601472817847088,0.2683560753736193,45.74312324019926,0.7408057179987003,2.9871922604866064,3.8,0,1.0,1.0,2,0.0,2.0,4.8,5.4,2.8,2.6
1764446400,Atletico Madrid,Oviedo,0.0,2.8899388549193996,1.0108393551973318,2.901195108393552,54.8186492495831,2.7133963312951646,2.3103529738743727,4.5,1.0379377431906613,1.564785992217899,0.881614785992218,47.20972762645915,1.1830350194552526,2.8816634241245094,3.8,0,1.0,1.0,0,2.0,0.0,6.0,4.2,2.3,3.1
1764507600,Real Sociedad,Villarreal,0.0,1.4044588277597987,1.1962603380079109,1.7866235167206042,52.312297734627826,1.5435814455231935,2.495900755124054,4.5,1.381445523193096,1.2192736425746136,1.749946062567422,48.243257820927724,1.4259618842143111,2.802013664149585,3.8,0,1.0,1.0,2,2.0,3.0,6.0,6.0,2.8,2.6
1764515700,Sevilla,Real Betis,0.0,1.7749066896353718,1.5668963537180594,1.4160206718346253,52.31201550387597,1.8214183175423486,2.495951765719206,4.5,1.5668963537180594,1.4045363192650013,1.37984496124031,48.24354005167959,1.55579959804766,2.616795865633074,3.8,0,1.0,1.0,2,0.0,2.0,4.8,5.4,2.8,2.6
1764523800,Celta Vigo,Espanyol,0.0,1.2184581376070738,1.568195634153081,0.8580823431887261,51.47539375518099,1.3762171870682511,2.40328820116054,4.5,1.0119029906263948,1.2198779943460794,1.0101175420324355,47.68803749442048,1.1488111888111885,2.802023508406486,3.8,0,1.0,1.0,2,0.0,1.0,4.8,4.8,2.8,2.6
1764532800,Girona,Real Madrid,0.0,1.2182570325427469,1.5681742967457253,1.6007170435741864,51.47512410369553,1.413210148924435,2.403337010479866,4.5,1.753888582460011,1.5896856039713183,1.566795366795367,48.24630446773304,1.7238747931605076,2.7089906232763368,3.8,0,1.0,1.0,1,1.0,1.0,5.4,4.8,2.3,2.6
1764619200,Rayo Vallecano,Valencia,0.0,0.665747739736179,0.6426263524529421,1.231451015266044,52.03468208092485,0.9710923373351122,2.403571957907216,4.5,0.6410475986583887,2.7003496753015055,0.4544351673446086,44.911046885035326,0.8706629558267324,2.894476557482337,3.8,0,1.0,1.0,1,1.0,1.0,5.4,4.8,2.3,2.6
1764705600,Barcelona,Atletico Madrid,0.0,2.703846153846154,0.8252747252747252,2.9005494505494505,54.81785714285715,2.5645329670329673,2.3104395604395584,4.5,1.1965811965811965,0.6632478632478632,1.7507122507122508,48.8,1.2595299145299148,2.6166666666666654,3.8,0,1.0,1.0,0,3.0,1.0,6.6,4.8,2.3,3.1
1764784800,Athletic Club,Real Madrid,0.0,0.8469152728269811,0.8252536331231148,1.4150260488072388,52.0324924595558,1.1161283246503977,2.4961338086098146,4.5,1.1967966112912833,1.5901250910053613,1.195340525514594,47.41000728042888,1.2781626844926863,2.7086570917995885,3.8,0,1.0,1.0,2,0.0,3.0,4.8,6.0,2.8,2.6
1764964800,Oviedo,Mallorca,0.0,0.47867177522349935,1.3460195828011918,0.6682843763303533,50.69897828863346,0.8497147722435086,2.565900383141757,4.5,1.0112205801860974,1.7752873563218392,0.6382868089764642,46.85389983579638,1.1482950191570882,2.987506841817185,3.8,0,1.0,1.0,1,0.0,0.0,4.8,4.2,2.3,2.6
1765026000,Villarreal,Getafe,0.0,2.1465173449877084,0.8253482655012292,2.5290084676317948,53.98175361922972,2.118688882818902,2.3104479650368734,4.5,0.4539196940726577,1.775088773559137,0.6382682327232996,46.01824638077028,0.7210352362742418,2.987476099426385,3.8,0,1.0,1.0,0,2.0,0.0,6.0,4.2,2.3,3.1
1765034100,Alaves,Real Sociedad,0.0,1.218020719738277,1.0109051254089423,1.4149127589967285,52.31067339149401,1.413031624863686,2.496142311886585,4.5,1.3823336968375137,1.5894492911668485,1.0095419847328244,47.689326608506,1.4080616139585604,2.801799345692474,3.8,0,1.0,1.0,0,1.0,0.0,5.4,4.2,2.3,3.1
1765042200,Real Betis,Barcelona,0.0,1.7751020408163265,0.8250340136054422,1.9722448979591838,53.42510204081633,1.8401224489795922,2.403265306122447,4.5,1.9393197278911565,1.9608163265306122,1.3808163265306121,47.96775510204081,1.8536598639455781,2.801836734693876,3.8,0,1.0,1.0,2,3.0,5.0,6.6,7.2,2.8,2.6
1765051200,Athletic Club,Atletico Madrid,0.0,0.8451291464533893,1.1970892880555921,1.4143700013111316,51.47205978759669,1.1147607185000656,2.496302609151696,4.5,1.1969853340575773,1.0324551873981531,1.5667843563280826,48.24679521998914,1.2597881586094513,2.7089489407930465,3.8,0,1.0,1.0,0,1.0,0.0,5.4,4.2,2.3,3.1
1765112400,Elche,Girona,0.0,1.2563356525405862,0.8790217162133671,1.758001265022138,52.565970904490825,1.42517815728442,2.3324689015391047,4.5,1.0115257572563074,1.4039637360320472,0.6394686907020873,47.41134303183639,1.1115117014547755,2.8019115890083617,3.8,0,1.0,1.0,0,3.0,0.0,6.6,4.2,2.3,3.1
1765120500,Valencia,Sevilla,0.0,1.0326028138528138,1.0109577922077921,1.4152597402597402,52.03246753246753,1.246114718614719,2.496130952380951,4.5,1.0109577922077921,1.589745670995671,1.1950487012987012,47.13181818181818,1.129556277056277,2.894737554112553,3.8,0,1.0,1.0,1,1.0,1.0,5.4,4.8,2.3,2.6
1765128600,Espanyol,Rayo Vallecano,0.0,1.2176259696238838,1.3829737305260412,1.4146535427938205,51.75197835864677,1.3941294570106253,2.4962453555830764,4.5,1.1967668339743172,1.4038328661756079,1.3814092953523238,47.68940095169807,1.2967929078938794,2.8017860634899927,3.8,0,1.0,1.0,0,1.0,0.0,5.4,4.2,2.3,3.1
1765137600,Real Madrid,Celta Vigo,0.0,2.515164220824598,0.6408106219426974,2.897414395527603,54.81153039832285,2.413640810621943,2.3107617051013256,4.5,1.5667365478686235,1.2188679245283018,1.9354297693920335,48.521802935010484,1.5556953179594688,2.709364081062193,3.8,0,1.0,1.0,2,0.0,2.0,4.8,5.4,2.8,2.6
1765224000,Osasuna,Levante,0.0,1.5890353630466627,1.5668549905838043,1.4157076096812442,52.033270558694284,1.6727488316942183,2.495996373020853,4.5,1.0305084745762711,1.2503954802259887,1.0263653483992468,47.67016949152543,1.1466214689265533,2.8051977401129906,3.8,0,1.0,1.0,0,2.0,0.0,6.0,4.2,2.3,3.1
1765569600,Real Sociedad,Girona,0.0,1.589500537056928,1.382169709989259,1.7867615467239528,52.310996240601504,1.6916353383458647,2.49611976369495,4.5,0.8250268528464018,1.7752148227712137,0.4521213748657357,46.57471804511278,0.9808216970998926,2.8947502685284627,3.8,0,1.0,1.0,2,1.0,2.0,5.4,5.4,2.8,2.6
1765630800,Atletico Madrid,Valencia,0.0,2.707045351620625,0.638066895257812,2.9042505013909556,55.10346768454422,2.5670466455327685,2.3100925147182485,4.5,0.825140712945591,1.7751541141785045,0.6380863039399625,46.57497989815063,0.999480032162959,2.801862771374965,3.8,0,1.0,1.0,0,2.0,1.0,6.0,4.8,2.3,3.1
1765638900,Mallorca,Elche,0.0,1.2180845371856608,0.8251203852327448,1.7867308721241306,52.58944622792938,1.3759256286784378,2.3104333868378792,4.5,0.7225967540574283,1.722929671244278,0.40690803162713274,46.49950062421973,0.9160965459841862,2.961464835622135,3.8,0,1.0,1.0,0,3.0,1.0,6.6,4.8,2.3,3.1
1765647000,Barcelona,Osasuna,0.0,2.893522397679665,0.8242346116661297,2.9046084434418304,55.1039316790203,2.7162230099903324,2.3100547856912645,4.5,0.4518208185626813,1.2176603287141476,0.45027392845633263,46.851240734772794,0.7380792781179503,2.894972607154365,3.8,0,1.0,1.0,0,2.0,0.0,6.0,4.2,2.3,3.1
1765656000,Getafe,Espanyol,0.0,0.8469349680170576,0.8249466950959488,1.4156716417910449,52.03298240938166,1.1161433901918978,2.496108742004263,4.5,0.8258706467661692,0.8486733001658375,1.3797678275290215,47.965796019900495,1.0000414593698177,2.802045328910999,3.8,0,1.0,1.0,2,0.0,1.0,4.8,4.8,2.8,2.6
1765717200,Sevilla,Oviedo,0.0,1.4038840117052407,1.567783985102421,1.2297419526469806,51.75415003990423,1.5431417930300617,2.589013035381749,4.5,1.0331057314297538,1.5676391475274156,0.873411959445479,47.198199875853504,1.1800620732464306,2.8838195737637036,3.8,0,1.0,1.0,0,4.0,0.0,7.199999999999999,4.2,2.3,3.1
1765725300,Celta Vigo,Athletic Club,0.0,1.031662607358031,1.5687475964619921,0.6702730419177029,51.19437251634406,1.245360851172927,2.4962697090116635,4.5,0.8247742963356346,1.5899362719065322,0.8234466277217206,46.85225703664365,1.0177642060541687,2.8948353690918736,3.8,0,1.0,1.0,0,2.0,0.0,6.0,4.2,2.3,3.1
1765742400,Alaves,Real Madrid,0.0,1.2179387115347706,0.6375663745121873,1.9738980231591068,52.87055850553388,1.4129998080737,2.4031475913249296,4.5,1.3829808286951144,0.6573407544836115,1.7550773036487324,49.088460111317254,1.427141620284477,2.6152133580704997,3.8,0,1.0,1.0,2,1.0,2.0,5.4,5.4,2.8,2.6
1765828800,Rayo Vallecano,Real Betis,0.0,0.6636488340192044,0.6404663923182442,1.2310013717421124,52.03477366255144,0.969465020576132,2.4034293552812054,4.5,1.7533068783068784,1.2185185185185186,1.7521164021164022,48.80218253968254,1.7048809523809523,2.61626984126984,3.8,0,1.0,1.0,1,0.0,0.0,4.8,4.2,2.3,2.6
1766174400,Valencia,Mallorca,0.0,0.8452801325769649,1.1961501689081522,1.042577602141628,51.47369494550322,1.0962597998597745,2.496277646758874,4.5,1.0099432723564281,1.5901077187838615,0.8227165529989166,47.12975333035885,1.1473631206577857,2.8949901204665673,3.8,0,1.0,1.0,1,1.0,1.0,5.4,4.8,2.3,2.6
1766235600,Oviedo,Celta Vigo,0.0,0.29114391143911433,0.8687822878228784,0.8032472324723247,51.13354243542435,0.7170110701107016,2.48915129151291,4.5,1.7531365313653138,1.0325513969425408,2.3092250922509225,49.080877701634165,1.7047496046389035,2.7090669478123344,3.8,0,1.0,1.0,1,0.0,0.0,4.8,4.2,2.3,2.6
1766243700,Levante,Real Sociedad,0.0,0.9632596685082874,2.2354511970534072,0.5537753222836096,50.09171270718232,1.2057642725598534,2.6363720073664765,4.5,1.1959865371181813,1.217450943036769,1.0088905823331429,47.96780339112212,1.277581761605385,2.801828919794245,3.8,0,1.0,1.0,1,1.0,1.0,5.4,4.8,2.3,2.6
1766251800,Osasuna,Alaves,0.0,1.5894432773109244,1.5672531512605041,1.4152836134453781,52.03328518907563,1.6730252100840342,2.496087184873948,4.5,0.4529674369747899,1.4037289915966387,0.2663340336134453,46.57385766806723,0.7203335084033611,2.9875787815126036,3.8,0,1.0,1.0,0,3.0,0.0,6.6,4.2,2.3,3.1
1766260800,Real Madrid,Sevilla,0.0,2.1467889908256885,0.8242463958060289,2.3440366972477062,53.98381389252949,2.1374705111402363,2.40321100917431,4.5,0.823410313192028,1.590003163555837,0.8225245175577349,46.85011072445428,0.979525466624486,2.8949383106611815,3.8,0,1.0,1.0,0,2.0,0.0,6.0,4.2,2.3,3.1
1766322000,Girona,Atletico Madrid,0.0,1.4038651004168246,1.0094732853353543,1.78752052545156,52.59158772262221,1.5431274472653786,2.3099785272199047,4.5,1.0094732853353543,1.0314513073133762,1.3810029051408361,47.96703296703297,1.1283844890741441,2.801869394972842,3.8,0,1.0,1.0,2,0.0,3.0,4.8,6.0,2.8,2.6
1766330100,Villarreal,Barcelona,0.0,2.148509109247936,0.6372943327239489,2.5321439828531807,54.26682216478598,2.1202319863834083,2.310023324717895,4.5,2.685570194792914,2.3347160057996597,1.753653155140894,48.52628128348988,2.4506373321565906,2.801840761520518,3.8,0,1.0,1.0,2,0.0,2.0,4.8,5.4,2.8,2.6
1766338200,Elche,Rayo Vallecano,0.0,1.57014598540146,0.8684671532846716,1.7626277372262775,53.05251824817518,1.6762773722627744,2.3291970802919657,4.5,0.8228223844282239,1.0300486618004867,1.3820924574209246,47.68916058394161,1.0163625304136255,2.801751824817517,3.8,0,1.0,1.0,0,4.0,0.0,7.199999999999999,4.2,2.3,3.1
1766347200,Real Betis,Getafe,0.0,1.776232648702971,1.5682934489039635,1.4148734375981409,52.31190879969851,1.8410388794673702,2.496256516550466,4.5,0.45105206959361854,1.5900257521512469,0.6365052446454369,46.291539476163564,0.7188895169901386,2.988053514226492,3.8,0,1.0,1.0,0,4.0,0.0,7.199999999999999,4.2,2.3,3.1
1766433600,Athletic Club,Espanyol,0.0,0.844,1.0092121212121212,1.787878787878788,51.752181818181825,1.1139151515151517,2.496363636363635,4.5,1.0098701298701298,0.47571428571428565,1.9376623376623376,48.801233766233764,1.1287402597402596,2.709090909090908,3.8,0,1.0,1.0,2,1.0,2.0,5.4,5.4,2.8,2.6
1767384000,Rayo Vallecano,Getafe,0.0,0.4756546538760694,0.45283899403681616,1.2296603577910292,52.03422348975888,0.8377158413274568,2.4032927145449814,4.5,0.4493163944343618,1.7772776769509984,0.6353781004234724,46.00805807622504,0.717570477918935,2.9884573502722307,3.8,0,1.0,1.0,1,1.0,1.0,5.4,4.8,2.3,2.6
1767445200,Celta Vigo,Valencia,0.0,1.217222222222222,1.382632850241546,1.0409420289855071,51.75188405797102,1.3938212560386476,2.4963888888888874,4.5,0.6372063968015993,1.7764367816091955,0.4503748125937032,46.29115442278861,0.8491929035482257,2.8949275362318825,3.8,0,1.0,1.0,0,4.0,1.0,7.199999999999999,4.8,2.3,3.1
1767453300,Osasuna,Athletic Club,0.0,1.962960653488807,1.3820165866433871,1.7873542433123402,52.871416100268135,1.9717902350813745,2.496246180707113,4.5,0.8233958969882148,1.776753756937083,0.822647627361726,46.56996321007669,1.0167612396333479,2.894961651181641,3.8,0,1.0,1.0,1,1.0,1.0,5.4,4.8,2.3,2.6
1767461400,Elche,Villarreal,0.0,1.9021988841483426,0.6979980308500163,1.7664588119461766,53.80630127994749,1.941864128651133,2.3264194289465,4.5,1.9384992264053635,1.2187209902011347,2.3091542031975245,49.079667354306345,1.8530556988138214,2.7090381640020618,3.8,0,1.0,1.0,2,1.0,3.0,5.4,6.0,2.8,2.6
1767470400,Espanyol,Barcelona,0.0,1.0307507507507507,1.0094894894894895,1.7875075075075078,52.03189189189189,1.244636636636637,2.4963963963963947,4.5,2.502822822822823,2.1507507507507513,1.7554354354354356,48.52810810810811,2.30436036036036,2.8017417417417403,3.8,0,1.0,1.0,2,0.0,2.0,4.8,5.4,2.8,2.6
1767531600,Sevilla,Levante,0.0,1.9626643512775985,1.196129992557678,1.7868767055321262,53.149801538079885,1.9901786157281078,2.496316050607788,4.5,0.8625245258338784,1.4106605624591235,0.8608894702419883,47.17779594506213,1.0284695879659906,2.886494440810984,3.8,0,1.0,1.0,2,0.0,3.0,4.8,6.0,2.8,2.6
1767539700,Real Madrid,Real Betis,0.0,2.1486906457004893,0.8239460162198973,2.3452980870426545,53.98711694422089,2.13900947192472,2.403256361047482,4.5,1.3825667058750697,0.8452423698384202,1.7543614189314678,48.80598650405498,1.4268408345199035,2.6155389091809558,3.8,0,1.0,1.0,0,5.0,1.0,7.8,4.8,2.3,3.1
1767547800,Alaves,Oviedo,0.0,0.84415770609319,0.8231302270011948,1.4139545997610514,52.03154121863799,1.1140454002389488,2.4964635603345267,4.5,1.0293906810035842,2.05247311827957,0.8672401433691757,46.46537634408602,1.1777849462365588,2.885161290322576,3.8,0,1.0,1.0,1,1.0,1.0,5.4,4.8,2.3,2.6
1767547800,Mallorca,Girona,0.0,1.590450928381963,0.8239096909505892,2.159188205539449,53.14981185614706,1.6737918697180931,2.310116587502311,4.5,1.0101165875023133,1.776657824933687,0.8231694528406638,46.85018814385293,1.1288729874776384,2.8948553451360173,3.8,0,1.0,1.0,2,1.0,2.0,5.4,5.4,2.8,2.6
1767556800,Real Sociedad,Atletico Madrid,0.0,1.5903940886699508,1.7550492610837438,1.2279556650246306,51.75301724137931,1.6923645320197047,2.589470443349752,4.5,1.3832142857142857,0.844047619047619,1.7559523809523812,48.80875,1.4273214285714284,2.801666666666665,3.8,0,1.0,1.0,1,1.0,1.0,5.4,4.8,2.3,2.6
1767988800,Getafe,Real Sociedad,0.0,0.6593029688364375,0.8239965578707973,1.2278812465425042,51.752959616448464,0.9847304689901042,2.589452332657199,4.5,1.1965300059417705,1.0306595365418896,1.1959358288770052,48.24880570409982,1.2779702911467616,2.7083065953654173,3.8,0,1.0,1.0,2,1.0,2.0,5.4,5.4,2.8,2.6
1768050000,Oviedo,Real Betis,0.0,0.2652863151083791,0.5362665803946942,0.9457133613717243,51.593529602070525,0.6978000647039799,2.4086703332254884,4.5,1.1966310794780544,1.5906049822064057,1.196156583629893,47.40903914590747,1.2780474495848162,2.7082799525504138,3.8,0,1.0,1.0,1,1.0,1.0,5.4,4.8,2.3,2.6
1768058100,Villarreal,Alaves,0.0,1.9638839550029603,1.0099467140319716,1.9733570159857905,53.43090586145649,1.9911474245115455,2.4031616341030175,4.5,0.26546211796410857,1.7764316775892695,0.07876523549947942,45.73354566056226,0.5889961413609358,3.0809517976358163,3.8,0,1.0,1.0,0,3.0,1.0,6.6,4.8,2.3,3.1
1768066200,Girona,Osasuna,0.0,1.4040661938534278,1.5699290780141844,1.6001891252955083,51.75120567375887,1.5432907801418445,2.403144208037823,4.5,0.4499290780141844,1.217399527186761,0.44933806146572103,46.84879432624113,0.7366784869976358,2.8949527186761213,3.8,0,1.0,1.0,0,1.0,0.0,5.4,4.2,2.3,3.1
1768075200,Valencia,Elche,0.0,0.8440117994100296,1.0097935103244837,1.2270206489675515,51.75132743362832,1.0952448377581123,2.403126843657815,4.5,0.7093805309734513,2.0520353982300885,0.22761061946902653,45.986017699115045,0.905734513274336,3.044955752212385,3.8,0,1.0,1.0,1,1.0,1.0,5.4,4.8,2.3,2.6
1768136400,Rayo Vallecano,Mallorca,0.0,0.6592664798342879,0.45149262824418185,1.4140855367369318,52.31166077738516,0.9660679907396129,2.310113317899352,4.5,1.009776207302709,1.4039575971731448,1.0091872791519434,47.40872791519435,1.1472273262661954,2.8016254416961113,3.8,0,1.0,1.0,0,2.0,1.0,6.0,4.8,2.3,3.1
1768144500,Levante,Espanyol,0.0,0.7911816578483245,2.121418773270625,0.5126004311189496,50.00464432686655,1.0686027826768578,2.6436409954928415,4.5,1.3825092744632974,0.6593322386425835,2.312813963388676,49.084765553731074,1.408148148148148,2.7086115672322553,3.8,0,1.0,1.0,1,1.0,1.0,5.4,4.8,2.3,2.6
1768248000,Sevilla,Celta Vigo,0.0,1.2173004694835678,1.5697417840375587,1.2270422535211267,51.471338028169015,1.4125352112676057,2.589741784037557,4.5,1.5686983972802333,0.6592763477416221,2.49900437105391,49.364133074307915,1.5757163671685284,2.615480815930062,3.8,0,1.0,1.0,2,0.0,1.0,4.8,4.8,2.8,2.6
1768593600,Espanyol,Girona,0.0,0.84238335506548,1.0094109643403821,1.787278190373604,51.749458586087655,1.11265264470775,2.496564431090196,4.5,1.1963913298183948,1.5904628002343293,1.382589338019918,47.4088927943761,1.2778418277680141,2.801605155243115,3.8,0,1.0,1.0,2,0.0,2.0,4.8,5.4,2.8,2.6
1768654800,Real Madrid,Levante,0.0,2.5236257309941523,0.8231578947368421,2.3466666666666662,54.55070175438597,2.438947368421053,2.40315789473684,4.5,1.024561403508772,1.4090643274853802,0.8570175438596491,47.42324561403509,1.1581286549707601,2.887280701754382,3.8,0,1.0,1.0,0,2.0,0.0,6.0,4.2,2.3,3.1
1768662900,Mallorca,Athletic Club,0.0,1.59035610040864,1.196357267950963,1.6001634559252773,52.59099824868652,1.6736625802685352,2.4031406888499687,4.5,1.0096906012842966,1.9636894337419732,0.8226736719206071,46.569001751313486,1.1471523642732047,2.8949445417396364,3.8,0,1.0,1.0,0,3.0,2.0,6.6,5.4,2.3,3.1
1768671000,Osasuna,Oviedo,0.0,1.7772027972027973,1.3831235431235431,1.4136596736596736,52.59111888111888,1.8231375291375291,2.496456876456875,4.5,0.8630642085187541,2.065098537825811,0.5342021614748887,46.19694850603941,1.0451684678957402,2.886300063572787,3.8,0,1.0,1.0,0,3.0,2.0,6.6,5.4,2.3,3.1
1768680000,Real Betis,Villarreal,0.0,2.1507155322862133,1.5698894706224549,1.4138219895287958,52.871239092495635,2.1406119837114606,2.4964397905759146,4.5,2.1274718661611605,1.2179815851236686,2.312836252031053,49.36423542155624,2.0041078413672744,2.7086297165553335,3.8,0,1.0,1.0,0,2.0,0.0,6.0,4.2,2.3,3.1
1768741200,Getafe,Valencia,0.0,0.8441114982578397,1.0097560975609756,1.2273170731707315,51.7515331010453,1.1139930313588853,2.589756097560974,4.5,0.6364227642276422,2.150778164924507,0.4489430894308943,45.72846689895471,0.8485389082462251,2.8950406504065023,3.8,0,1.0,1.0,2,0.0,1.0,4.8,4.8,2.8,2.6
1768749300,Atletico Madrid,Alaves,0.0,2.150608695652174,0.4497391304347826,2.9071304347826086,54.55130434782609,2.121866666666667,2.3097971014492735,4.5,0.4497391304347826,2.150608695652174,0.07582608695652172,45.44869565217391,0.717855072463768,3.0816811594202886,3.8,0,1.0,1.0,0,1.0,0.0,5.4,4.2,2.3,3.1
1768757400,Celta Vigo,Rayo Vallecano,0.0,1.777956989247312,1.3834901433691755,1.413508064516129,52.591700268817206,1.8424081541218642,2.4965613799283135,4.5,0.6351030465949822,1.777956989247312,0.8216397849462367,46.28571908602151,0.8849260752688171,2.8952060931899624,3.8,0,1.0,1.0,0,3.0,0.0,6.6,4.2,2.3,3.1
1768766400,Real Sociedad,Barcelona,0.0,1.7774003466204507,1.7561409589832468,1.4141190063547082,52.0318890814558,1.8232952050837667,2.4964298093587507,4.5,2.6930396377257226,1.4039358193101135,2.318287024095712,49.93365572762342,2.456444345055068,2.708139989936824,3.8,0,1.0,1.0,0,2.0,1.0,6.0,4.8,2.3,3.1
1768852800,Elche,Sevilla,0.0,2.0769896193771626,1.1903114186851211,1.6023644752018456,53.33001730103806,2.0650230680507504,2.4076989619377116,4.5,0.6361245674740483,1.9641291810841983,0.2620991926182238,46.00799307958477,0.8483091118800461,2.9884429065743925,3.8,0,1.0,1.0,1,2.0,2.0,6.0,5.4,2.3,2.6
1769198400,Levante,Elche,0.0,0.7725734024179619,1.6686701208981003,0.6426252158894645,50.655854922279794,1.0541692573402426,2.569188255613121,4.5,0.6987910189982728,1.7387030931072383,0.3693201444496781,46.440131888836554,0.8974124666352643,2.968409483435386,3.8,0,1.0,1.0,0,3.0,2.0,6.6,5.4,2.3,3.1
1769259600,Rayo Vallecano,Osasuna,0.0,0.844367816091954,0.6363218390804597,1.414367816091954,52.31206896551724,1.1141954022988507,2.309712643678159,4.5,0.4480533926585095,1.2171301446051168,0.4470522803114573,46.84638487208009,0.7352836484983314,2.895272525027807,3.8,0,1.0,1.0,2,1.0,3.0,5.4,6.0,2.8,2.6
1769267700,Valencia,Espanyol,0.0,1.0299816778635278,0.822452945422242,1.413724945866415,52.31129309866193,1.225306756981845,2.3094386763644423,4.5,1.19653471026965,0.8443144004589788,1.9421686746987952,48.52833046471601,1.259293172690763,2.7084222604704515,3.8,0,1.0,1.0,0,3.0,2.0,6.6,5.4,2.3,3.1
1769275800,Sevilla,Athletic Club,0.0,1.0301518678638732,1.1967409378117726,1.226781953220264,51.75011639507816,1.281569670768208,2.5900676199977815,4.5,1.009644163618224,1.965635738831615,0.821328012415475,46.56601263717992,1.1471300299301626,2.8952776854007296,3.8,0,1.0,1.0,0,2.0,1.0,6.0,4.8,2.3,3.1
1769284800,Villarreal,Real Madrid,0.0,2.1527914568693634,0.8225308471200133,2.349515852376473,53.995390914624025,2.1422597244508386,2.4029546837824363,4.5,1.570917943894207,0.8431140375145245,1.7566867703203675,49.09170585956952,1.577435954185802,2.6146627565982388,3.8,0,1.0,1.0,2,0.0,2.0,4.8,5.4,2.8,2.6
1769346000,Atletico Madrid,Mallorca,0.0,2.152629253203712,0.44843128590366776,2.910627485638533,54.55629695095007,2.123429076447194,2.3094454264250976,4.5,0.6355280600972162,1.591338930623067,0.4472160848431287,46.56628369421123,0.8478303137428191,2.8952828104286326,3.8,0,1.0,1.0,0,3.0,0.0,6.6,4.2,2.3,3.1
1769354100,Barcelona,Oviedo,0.0,2.8978917378917375,0.6365811965811965,2.9078062678062677,55.39196581196582,2.7196809116809124,2.309743589743588,4.5,0.6914529914529914,2.078062678062678,0.35498575498575496,45.92008547008547,0.9083190883190881,2.971225071225067,3.8,0,1.0,1.0,0,3.0,0.0,6.6,4.2,2.3,3.1
1769362200,Real Sociedad,Celta Vigo,0.0,1.7787735329736871,1.7578553341407024,1.4141583177364307,52.031377298249474,1.824339975778928,2.4965099636683896,4.5,1.1964505119453923,0.2847326507394767,2.5018657565415245,49.36757679180887,1.2778976109215017,2.6151877133105788,3.8,0,1.0,1.0,0,3.0,1.0,6.6,4.8,2.3,3.1
1769371200,Alaves,Real Betis,0.0,1.0305544870033523,1.0094521074902456,1.4143100511073254,52.03165356926966,1.244472165741606,2.496493927570477,4.5,1.0094521074902456,1.404748035390449,1.195229982964225,47.40705610814969,1.128271693136231,2.7082760894652953,3.8,0,1.0,1.0,0,2.0,1.0,6.0,4.8,2.3,3.1
1769457600,Girona,Getafe,0.0,1.2177090190915076,1.383629580864604,1.6015580425718676,51.75111915734036,1.394193548387097,2.4029295589203405,4.5,0.44814570989686203,1.5919025674786045,0.8209128812815449,46.28436471362739,0.7166425279789334,2.89540267719991,3.8,0,1.0,1.0,1,1.0,1.0,5.4,4.8,2.3,2.6
1769803200,Espanyol,Alaves,0.0,0.6546052631578947,1.384125636672326,1.2264431239388796,50.90571943972835,0.9812075551782685,2.5903225806451595,4.5,0.4481296894682075,2.1531409168081495,0.07251218577140046,45.442483158990086,0.7166263212662247,3.0824743961881795,3.8,0,1.0,1.0,2,1.0,2.0,5.4,5.4,2.8,2.6
1769864400,Oviedo,Girona,0.0,0.4121468926553672,0.357909604519774,1.1033898305084746,52.081355932203394,0.7997740112994356,2.3242937853107297,4.5,1.3837069436850737,1.2176052487698197,1.9436850738108256,48.24915254237288,1.427665390924002,2.708255877528703,3.8,0,1.0,1.0,0,1.0,0.0,5.4,4.2,2.3,3.1
1769872500,Osasuna,Villarreal,0.0,1.96594072375962,1.1964849080290378,1.9756563506358824,53.15418372359588,1.9740625511707879,2.4029365209322617,4.5,1.943034404963339,1.031472081218274,2.315014100394811,49.367343485617596,1.8751584884376762,2.7085617597292706,3.8,0,1.0,1.0,1,2.0,2.0,6.0,5.4,2.3,2.6
1769880600,Levante,Atletico Madrid,0.0,1.2496314496314496,1.5176289926289928,1.113022113022113,51.598003685503684,1.4197542997543002,2.490049140049135,4.5,1.196578029642546,1.0305143853530951,1.382258064516129,48.24909546643418,1.2779664341761114,2.801809067131646,3.8,0,1.0,1.0,1,0.0,0.0,4.8,4.2,2.3,2.6
1769889600,Elche,Barcelona,0.0,2.256998313659359,1.3607731223245558,1.6031651316642885,53.3443377870022,2.2087378388896104,2.406926968478398,4.5,2.6965640809443507,1.4044055649241147,2.320299325463744,49.938237774030355,2.4591905564924113,2.707978499156828,3.8,0,1.0,1.0,2,1.0,3.0,5.4,6.0,2.8,2.6
1769950800,Real Madrid,Rayo Vallecano,0.0,2.527077223851417,0.6353643966547193,2.3495383946996853,54.83756924079504,2.4416856739437383,2.4029434126208304,4.5,0.07175925925925926,2.3418560606060606,0.257996632996633,44.5948547979798,0.45309343434343424,2.9892045454545437,3.8,0,1.0,1.0,0,2.0,1.0,6.0,4.8,2.3,3.1
1769958900,Real Betis,Valencia,0.0,2.527134724857685,1.1966386554621848,1.9754947140146382,53.995744104093255,2.4230197885605858,2.4029276226619665,4.5,0.8224451070750882,2.1529411764705886,0.8210355109785851,46.00425589590675,0.9786608837083222,2.895337489834642,3.8,0,1.0,1.0,0,2.0,1.0,6.0,4.8,2.3,3.1
1769967000,Getafe,Celta Vigo,0.0,0.4691275167785236,1.009525871400736,0.6659666594500975,51.18940246806669,0.8327408529984848,2.6835570469798644,4.5,1.009525871400736,0.6562242909720719,1.9434942628274519,48.529952370642995,1.1283221476510066,2.708270188352456,3.8,0,1.0,1.0,1,0.0,0.0,4.8,4.2,2.3,2.6
1769976000,Athletic Club,Real Sociedad,0.0,0.656065272599557,1.196498622142973,1.2271897120008646,51.18934997568488,0.9635899929756312,2.5899929756308406,4.5,1.3835953963365213,1.0302588209866537,1.5692872966985465,48.5300048630248,1.4275852380180472,2.708245528718862,3.8,0,1.0,1.0,1,1.0,1.0,5.4,4.8,2.3,2.6
1770062400,Mallorca,Sevilla,0.0,1.9656920919193008,1.3835796741827597,1.9755097637285575,52.87316862660481,1.9738698888769017,2.4028805696407365,4.5,0.8222893516021147,1.9656920919193008,0.44669327867083836,46.28489588952422,0.9972467364332722,2.8953177257525065,3.8,0,1.0,1.0,0,4.0,1.0,7.199999999999999,4.8,2.3,3.1
1770408000,Celta Vigo,Osasuna,0.0,2.1545283806343907,1.1965776293823038,1.7889190317195325,53.43692612687813,2.1436456594323876,2.4965254590984958,4.5,1.0090776293823038,1.4045283806343907,0.8201168614357262,47.40682387312187,1.1654424040066775,2.8954924874791304,3.8,0,1.0,1.0,2,1.0,2.0,5.4,5.4,2.8,2.6
1770477300,Barcelona,Mallorca,0.0,2.9013978494623656,0.44817204301075275,2.9109677419354836,55.67983870967742,2.722430107526882,2.3093548387096754,4.5,0.6341666666666667,1.5919791666666667,0.4453125,46.56328125,0.8467604166666667,2.8954687499999983,3.8,0,1.0,1.0,0,3.0,0.0,6.6,4.2,2.3,3.1
1770494400,Real Sociedad,Elche,0.0,1.7796381031613977,1.5715474209650582,1.413893510815308,52.31213602329451,1.8249792013311152,2.4965474209650567,4.5,1.024126455906822,2.079034941763727,0.35385468663338876,46.417637271214645,1.1411259012756514,2.971325568496945,3.8,0,1.0,1.0,0,3.0,1.0,6.6,4.8,2.3,3.1
1770555600,Alaves,Getafe,0.0,1.0297965116279069,1.009032392026578,1.4140365448504983,52.03114617940199,1.2438538205980072,2.4965323920265763,4.5,0.4465323920265781,1.7797965116279069,0.44507890365448505,46.00010382059801,0.7154069767441861,2.895525332225912,3.8,0,1.0,1.0,2,0.0,2.0,4.8,5.4,2.8,2.6
1770563700,Sevilla,Girona,0.0,1.2171434494195688,1.3841210613598673,1.2263681592039801,51.749533582089555,1.4312396351575456,2.5903192371475936,4.5,1.1966210613598673,1.2171434494195688,1.757773631840796,47.969216417910445,1.2967247097844112,2.801751658374791,3.8,0,1.0,1.0,1,1.0,1.0,5.4,4.8,2.3,2.6
1770563700,Athletic Club,Levante,0.0,0.8420943708609272,1.1966059602649006,1.4138038079470199,51.46823261589404,1.0936982615894042,2.496554221854303,4.5,0.8531839021905248,1.5805399898115131,0.6806418746816097,46.908965868568515,1.038053998981151,2.9734844625573063,3.8,0,1.0,1.0,0,4.0,2.0,7.199999999999999,5.4,2.3,3.1
1770571800,Atletico Madrid,Real Betis,0.0,2.1548553719008265,0.44669421487603306,2.9139462809917354,54.56224173553719,2.1251549586776863,2.3090392561983455,4.5,1.0091942148760331,1.5923553719008265,1.0076446280991735,47.12525826446281,1.128026859504132,2.801756198347106,3.8,0,1.0,1.0,2,0.0,1.0,4.8,4.8,2.8,2.6
1770580800,Valencia,Real Madrid,0.0,1.4047029702970297,1.0091790429042904,1.7887788778877889,52.59328589108911,1.525041254125413,2.309075907590757,4.5,1.9466790429042904,0.8422029702970297,2.132838283828383,49.65671410891089,1.8592615511551154,2.614232673267325,3.8,0,1.0,1.0,2,0.0,2.0,4.8,5.4,2.8,2.6
1770667200,Villarreal,Espanyol,0.0,1.4045510708401976,1.1967668863261944,1.7886120263591434,52.311676276771,1.5624279242174632,2.496612438220756,4.5,1.3837593665302652,1.0305043311898816,1.943774246691821,48.52988255301057,1.4089844289738,2.7082159749162975,3.8,0,1.0,1.0,0,4.0,1.0,7.199999999999999,4.8,2.3,3.1
1771012800,Elche,Osasuna,0.0,2.0967105263157895,1.5354323308270676,1.431437969924812,52.84191729323308,2.08030545112782,2.492222744360898,4.5,1.3847288676236045,1.4046650717703348,1.383433014354067,47.9700956937799,1.4472129186602871,2.801684609250397,3.8,0,1.0,1.0,1,0.0,0.0,4.8,4.2,2.3,2.6
1771074000,Espanyol,Celta Vigo,0.0,0.8408817236403443,1.3846146190973776,1.2253968253968253,51.184400656814454,1.1115350549833312,2.590625466487534,4.5,0.8216338259441708,0.6546592775041051,1.5704022988505748,48.2504618226601,0.9967261904761905,2.7079638752052526,3.8,0,1.0,1.0,1,2.0,2.0,6.0,5.4,2.3,2.6
1771082100,Getafe,Villarreal,0.0,0.4672131147540984,0.8217213114754098,0.8511270491803279,51.46823770491803,0.8313114754098363,2.590317622950818,4.5,1.9450026441036488,1.404865150713908,1.94362771020624,48.81020624008461,1.8766895822316232,2.7081967213114737,3.8,0,1.0,1.0,0,2.0,1.0,6.0,4.8,2.3,3.1
1771090200,Sevilla,Alaves,0.0,1.4046223280265833,1.196806030848584,1.4133511878192728,52.311724445767,1.562523434012796,2.4966572434657524,4.5,0.8217062193126023,2.1547667757774143,0.6327741407528642,46.000409165302784,0.9967778232405892,2.989218494271684,3.8,0,1.0,1.0,1,1.0,1.0,5.4,4.8,2.3,2.6
1771099200,Real Madrid,Real Sociedad,0.0,2.154718137254902,0.8216911764705882,2.351205065359477,53.99954044117647,2.143811274509804,2.4027879901960767,4.5,1.3841911764705883,1.029718137254902,1.5702614379084967,48.53170955882353,1.4280126633986927,2.707945261437907,3.8,0,1.0,1.0,0,4.0,1.0,7.199999999999999,4.8,2.3,3.1
1771160400,Oviedo,Athletic Club,0.0,0.566093612749404,0.3456644497427532,1.4340820680135526,52.33064374450997,0.9068063747019708,2.3222110678880616,4.5,1.1966761827079935,1.5924755301794453,0.8201468189233279,47.40630097879282,1.2779975530179444,2.895473083197388,3.8,0,1.0,1.0,2,1.0,2.0,5.4,5.4,2.8,2.6
1771168500,Rayo Vallecano,Atletico Madrid,0.0,1.0308920878428076,1.1966586109067985,1.2270253231060209,51.75135021540402,1.2447472943154358,2.4029000735525883,4.5,1.009263029315961,1.0299267100977199,1.0078379478827362,47.96900447882736,1.1468139250814333,2.8016999185667735,3.8,0,1.0,1.0,0,3.0,0.0,6.6,4.2,2.3,3.1
1771176600,Levante,Valencia,0.0,1.0802168021680216,1.1910569105691056,1.270189701897019,51.833739837398376,1.300921409214093,2.4074525745257405,4.5,1.0091463414634145,1.780081300813008,0.8202235772357723,46.84359756097561,1.1092276422764227,2.895477642276421,3.8,0,1.0,1.0,2,0.0,2.0,4.8,5.4,2.8,2.6
1771185600,Mallorca,Real Betis,0.0,2.5299310064935066,1.5717329545454546,1.976156655844156,53.437297077922075,2.425233360389611,2.402830762987011,4.5,0.8210743801652892,1.5926603699330972,1.0076741440377803,46.842621015348286,0.9774970484061394,2.801652892561982,3.8,0,1.0,1.0,2,1.0,2.0,5.4,5.4,2.8,2.6
1771272000,Girona,Barcelona,0.0,0.8423824959481362,1.0093192868719612,1.6009927066450567,51.749594813614266,1.0939424635332256,2.4028666936790906,4.5,2.5120671872697806,1.2168557536466773,2.323009675359756,49.94281715043466,2.311500417464761,2.7076911743038146,3.8,0,1.0,1.0,0,2.0,1.0,6.0,4.8,2.3,3.1
1771441200,Levante,Villarreal,0.0,1.0736868309683845,1.1921334329101319,1.2643266118994274,51.82233009708738,1.2959571819766003,2.4070201643017133,4.5,1.7593042071197411,1.779935275080906,1.3829894822006472,47.96905339805825,1.728094660194175,2.80170914239482,3.8,0,1.0,1.0,2,0.0,1.0,4.8,4.8,2.8,2.6
1771617600,Athletic Club,Elche,0.0,1.4046409164341314,1.5726440495422727,1.4130611445635677,51.74799530033779,1.5437538551916585,2.496739609340577,4.5,1.0228656642226917,2.0887038647943332,0.3432086491860321,46.401242699142536,1.1398881570771713,2.9733813843668404,3.8,0,1.0,1.0,0,2.0,1.0,6.0,4.8,2.3,3.1
1771678800,Real Sociedad,Oviedo,0.0,1.9683284457478005,1.196871945259042,1.97683284457478,53.157184750733144,1.9759139784946242,2.4027859237536635,4.5,0.6843672456575682,2.4272952853598015,0.3429280397022333,45.38560794044665,0.9029280397022331,2.973449131513643,3.8,0,1.0,1.0,1,3.0,3.0,6.6,6.0,2.3,2.6
1771686900,Real Betis,Rayo Vallecano,0.0,2.3424919484702094,1.3844605475040257,1.9760466988727858,53.437047101449274,2.275281803542673,2.4028582930756825,4.5,0.25765871273117646,1.968477040940809,0.25629239252427655,45.433772507685546,0.5831132581857219,2.989518372127066,3.8,0,1.0,1.0,1,1.0,1.0,5.4,4.8,2.3,2.6
1771695000,Osasuna,Real Madrid,0.0,2.154943729903537,1.0094453376205788,2.163484726688103,53.71824758842444,2.1252411575562706,2.309093649517683,4.5,1.9485530546623795,0.4653999805125207,2.5108252947481247,50.22472961122478,1.8606742667835914,2.6137386729026586,3.8,0,1.0,1.0,0,2.0,1.0,6.0,4.8,2.3,3.1
1771704000,Atletico Madrid,Espanyol,0.0,1.5927233814874264,0.445508050002432,2.3526046986721143,53.720822997227486,1.6942117807286348,2.4027433240916367,4.5,1.384430176565008,1.7799959871589086,1.3829253611556982,47.40665128410915,1.4094301765650077,2.801695425361154,3.8,0,1.0,1.0,0,4.0,2.0,7.199999999999999,5.4,2.3,3.1
1771765200,Getafe,Sevilla,0.0,0.6535742035742035,1.0092268842268841,0.8497086247086247,51.46652097902098,0.9804662004662007,2.590608003108002,4.5,1.0095152243589745,2.1552483974358974,0.4453125,46.28140024038461,1.1282451923076922,2.8954727564102547,3.8,0,1.0,1.0,2,0.0,1.0,4.8,4.8,2.8,2.6
1771773300,Barcelona,Levante,0.0,2.7176,0.447,2.9136,55.4059,2.5753700000000004,2.309099999999998,4.5,1.0217142857142858,1.7545142857142857,0.6754285714285714,46.9008,1.1730971428571426,2.9753142857142816,3.8,0,1.0,1.0,0,3.0,0.0,6.6,4.2,2.3,3.1
1771781400,Celta Vigo,Mallorca,0.0,1.9687288217639656,0.8212218026914513,1.7890792913157132,53.72126052860877,1.9950198470326272,2.496688934069124,4.5,0.44546422693387544,1.7808500338851778,0.4440120050343692,45.996921289573045,0.7145648175041145,2.8956142898634893,3.8,0,1.0,1.0,0,2.0,0.0,6.0,4.2,2.3,3.1
1771790400,Villarreal,Valencia,0.0,1.7808999081726355,1.196868203566768,1.7892127011744239,52.8760475569088,1.8635426030641347,2.496674882799283,4.5,1.196868203566768,1.5930211202938476,1.1954182978106422,47.40577062490938,1.2593311101445073,2.8956406166932465,3.8,0,1.0,1.0,0,2.0,1.0,6.0,4.8,2.3,3.1
1771876800,Alaves,Girona,0.0,1.0294344721096313,1.196853889210577,1.413588110403397,51.74887087434858,1.2435803898861226,2.496660876278709,4.5,1.3847326770893649,0.8415556842308435,1.9468249372707973,48.81476548928778,1.4284076433121018,2.707788071800809,3.8,0,1.0,1.0,1,2.0,2.0,6.0,5.4,2.3,2.6
1772222400,Levante,Alaves,0.0,0.8980694980694981,1.192777651601181,1.0890302066772655,51.55793776970248,1.17281399046105,2.492096297978647,4.5,0.8211783976489859,1.7809991809991812,0.8195403960109843,46.56026882497471,0.9963491834080069,2.895644842703664,3.8,0,1.0,1.0,0,2.0,0.0,6.0,4.2,2.3,3.1
1772283600,Rayo Vallecano,Athletic Club,0.0,1.4054563492063492,1.0092261904761906,1.6015873015873017,52.59434523809524,1.5443948412698418,2.402777777777776,4.5,1.1968253968253968,1.7810485810485812,0.8194324194324194,47.12366522366523,1.2780856180856182,2.8956709956709936,3.8,0,1.0,1.0,1,1.0,1.0,5.4,4.8,2.3,2.6
1772291700,Barcelona,Villarreal,0.0,2.7203957162752723,0.25741727897036926,2.9166306488018057,55.694467655957354,2.577555587571436,2.3087403352062603,4.5,1.3846900062430965,1.4052442011237574,1.3830571963693992,47.96916870767901,1.4283743936992748,2.801709647985399,3.8,0,1.0,1.0,0,4.0,1.0,7.199999999999999,4.8,2.3,3.1
1772299800,Mallorca,Real Sociedad,0.0,2.3448791714614496,1.5725546605293441,1.7894898350594555,53.15848676639816,2.2771403912543158,2.4966052934407346,4.5,1.0089182968929804,1.5933640199462984,1.0071921749136938,47.123331415420026,1.127754123513617,2.8017357115458363,3.8,0,1.0,1.0,2,0.0,1.0,4.8,4.8,2.8,2.6
1772308800,Oviedo,Atletico Madrid,0.0,0.7268788083953961,0.6781313473256602,1.2605732340329496,52.073121191604606,1.0187226359738215,2.406364251861878,4.5,0.8210254200775527,1.0295849490162285,1.0073723012111637,47.68716070659199,1.0150126861027335,2.8017138206711647,3.8,0,1.0,1.0,2,0.0,1.0,4.8,4.8,2.8,2.6
1772370000,Elche,Espanyol,0.0,1.5847739221871715,1.539558359621451,1.0828601472134596,52.06782334384858,1.6879074658254474,2.4926813880126146,4.5,1.5725265271006597,2.532472994933563,0.8196730714080872,46.56008029825065,1.559847050951152,2.895631392792274,3.8,0,1.0,1.0,1,2.0,2.0,6.0,5.4,2.3,2.6
1772378100,Valencia,Osasuna,0.0,1.217370555953233,1.3847291815795753,1.2254831782390836,51.74896206156049,1.393934621808638,2.402720114531136,4.5,1.0087077350625289,1.0286243631310792,1.383788791106994,47.97012505789717,1.1652061139416396,2.801621120889299,3.8,0,1.0,1.0,0,1.0,0.0,5.4,4.2,2.3,3.1
1772386200,Real Betis,Sevilla,0.0,2.3445969125214408,1.3846197827329902,1.9771297884505432,53.43996569468268,2.276925862397561,2.4027063083666835,4.5,1.0088622069754145,1.7809605488850773,1.0074328187535735,46.8418524871355,1.1277072612921666,2.8016962073565828,3.8,0,1.0,1.0,1,2.0,2.0,6.0,5.4,2.3,2.6
1772395200,Girona,Celta Vigo,0.0,1.029494315208601,1.1968222253936538,1.6013129727415443,51.74900813472242,1.243629703629704,2.4026925455496864,4.5,0.8210646496360782,1.029494315208601,1.1952999381570808,47.687355501641214,0.9962542219685077,2.7077351220208348,3.8,0,1.0,1.0,2,1.0,2.0,5.4,5.4,2.8,2.6
1772481600,Real Madrid,Getafe,0.0,2.908235964662297,0.6332668376555523,2.9163104398214115,55.41245369051012,2.7278331908425955,2.308786928849623,4.5,0.8211456255343402,1.5930844495107819,1.007599506032108,46.84209176403533,0.9963161394509357,2.8016528925619815,3.8,0,1.0,1.0,2,0.0,1.0,4.8,4.8,2.8,2.6
1772647200,Rayo Vallecano,Oviedo,0.0,1.592943519704083,1.1968890785792192,1.6010053587518376,52.5940816616873,1.6756067719448007,2.402759994309288,4.5,1.1926671137938742,2.611938296445339,0.5040465012295999,45.8710932260228,1.2927118265146433,2.8895595797004203,3.8,0,1.0,1.0,0,3.0,0.0,6.6,4.2,2.3,3.1
1772827200,Celta Vigo,Real Madrid,0.0,2.346231617647059,0.6321691176470589,2.354044117647059,54.57109375,2.278198529411765,2.402665441176469,4.5,1.9498161764705881,0.6521139705882353,2.325091911764706,49.94655330882353,1.8616268382352938,2.707490808823528,3.8,0,1.0,1.0,2,1.0,2.0,5.4,5.4,2.8,2.6
1772888400,Osasuna,Mallorca,0.0,2.1566775398288662,1.1968609653477047,2.1646196756961187,53.439724861721736,2.12659008178509,2.308840353614143,4.5,0.4440121134257135,2.1579517298338993,0.2546755987886574,45.42909057538772,0.7134514086445809,2.9898228870331263,3.8,0,1.0,1.0,1,2.0,2.0,6.0,5.4,2.3,2.6
1772896500,Levante,Girona,0.0,1.064797507788162,1.01993769470405,1.4287019730010384,52.067289719626174,1.306579439252337,2.492751817237795,4.5,1.3852666300164926,1.028587135788895,1.572310793476269,48.535019241341395,1.4288052043247206,2.707449147883451,3.8,0,1.0,1.0,1,1.0,1.0,5.4,4.8,2.3,2.6
1772904600,Atletico Madrid,Real Sociedad,0.0,1.9697191473790139,0.8205470679718233,2.3537828195041626,53.723758119110784,1.9958064221022782,2.4026713018022123,4.5,1.1970176562071173,1.4050132650260727,1.5722989662427957,47.68800658677157,1.2593797456774307,2.7074284146006757,3.8,0,1.0,1.0,0,3.0,2.0,6.6,5.4,2.3,3.1
1772913600,Athletic Club,Barcelona,0.0,1.7816222141030325,1.1970953598830836,1.9774388016075997,52.876790281329924,1.8265034709535992,2.4026580197296292,4.5,1.7618012422360247,1.0286810376324442,1.7604311289733285,49.09968030690537,1.7112038728534895,2.80157106320789,3.8,0,1.0,1.0,2,0.0,1.0,4.8,4.8,2.8,2.6
1772974800,Villarreal,Elche,0.0,1.7814865481076152,1.3853169174646602,1.7890560875512995,52.59425444596444,1.8640492476060195,2.496808025535794,4.5,1.1929125138427463,2.2693244739756366,0.33289036544850503,46.38538205980067,1.2586046511627904,2.9751937984496077,3.8,0,1.0,1.0,0,2.0,1.0,6.0,4.8,2.3,3.1
1772982900,Getafe,Real Betis,0.0,0.6521216536150064,1.008832635221271,0.8480058277180842,51.4649335275906,0.9793789837916593,2.5909124021125463,4.5,1.1970679293389181,1.7815334183208886,1.3840284101256601,47.12330176652704,1.2594117647058825,2.801575305044617,3.8,0,1.0,1.0,0,2.0,0.0,6.0,4.2,2.3,3.1
1772991000,Sevilla,Rayo Vallecano,0.0,0.8404036730611874,1.3851986544231294,1.0363669424493136,51.18280752795709,1.1111791981089194,2.496781525593234,4.5,0.4440221838348941,2.158050731884717,0.25451404673152106,45.42895717792526,0.7134521320120011,2.989835439585415,3.8,0,1.0,1.0,1,1.0,1.0,5.4,4.8,2.3,2.6
1773000000,Valencia,Alaves,0.0,1.2168300653594772,1.196949891067538,1.6010167029774873,52.029820261437905,1.393494916485113,2.4026506899055904,4.5,0.820479302832244,1.5933006535947714,0.8192084241103849,46.84076797385621,0.9957915758896152,2.8956971677559897,3.8,0,1.0,1.0,0,3.0,2.0,6.6,5.4,2.3,3.1
1773086400,Espanyol,Oviedo,0.0,0.8404966917429529,1.573497688751926,0.8482008519894861,50.900498504486535,1.111249886703526,2.590872836037341,4.5,1.193261427837699,2.451792501284027,0.4966409861325115,46.11220338983051,1.2932614278376988,2.890303030303026,3.8,0,1.0,1.0,1,1.0,1.0,5.4,4.8,2.3,2.6
1773432000,Alaves,Villarreal,0.0,1.216923076923077,1.5734841628959275,1.0363800904977376,51.46515837104072,1.3935656108597287,2.4967420814479624,4.5,1.0087782805429863,1.9698642533936652,0.8190950226244343,46.55837104072398,1.127601809954751,2.8957013574660615,3.8,0,1.0,1.0,1,1.0,1.0,5.4,4.8,2.3,2.6
1773493200,Girona,Athletic Club,0.0,1.0286437155507364,1.3852353844763712,1.4127947953374898,51.465112496611546,1.2429402728833474,2.496729014186318,4.5,1.3852353844763712,1.5933495979036776,1.00731905665492,47.687828679859045,1.4099412668293123,2.8015632059275304,3.8,0,1.0,1.0,0,3.0,0.0,6.6,4.2,2.3,3.1
1773501300,Atletico Madrid,Getafe,0.0,2.1593865030674846,1.0084136722173531,2.3554075372480283,53.7264592462752,2.14753198948291,2.4025241016652044,4.5,1.0086611331649225,1.217015517863587,1.5719234933237098,47.68746842295201,1.1275117286178273,2.707470227354744,3.8,0,1.0,1.0,0,1.0,0.0,5.4,4.2,2.3,3.1
1773509400,Oviedo,Valencia,0.0,0.718468606431853,0.8460643185298622,1.082899438489025,51.80860643185299,1.012157223072997,2.492526799387439,4.5,1.196793081704351,1.593442032249347,1.1953517701108007,47.40502657418251,1.2592000720655798,2.895730114404106,3.8,0,1.0,1.0,0,1.0,0.0,5.4,4.2,2.3,3.1
1773518400,Real Madrid,Elche,0.0,2.5345745637704624,0.8202194639323619,2.3543443065299514,54.57153264975715,2.4476794387479766,2.402572405108831,4.5,1.1924974515800204,2.105035677879715,0.3225688073394495,46.63119266055046,1.2580142711518856,2.9770438328236453,3.8,0,1.0,1.0,0,4.0,1.0,7.199999999999999,4.8,2.3,3.1
1773579600,Mallorca,Espanyol,0.0,1.781859003143242,1.5731477323753928,1.2250561293219577,52.31306690615177,1.8455051638976205,2.590794791198921,4.5,1.5731477323753928,2.7230354737314775,0.44220925011225864,46.27516838796588,1.5602873821284238,2.895779074988772,3.8,0,1.0,1.0,0,2.0,1.0,6.0,4.8,2.3,3.1
1773587700,Barcelona,Sevilla,0.0,2.9113163558106168,0.2554878048780488,2.9192969870875176,55.98374282639886,2.730245695839312,2.3084289813486354,4.5,1.1966642754662842,1.9701398852223817,1.0068149210903874,46.83978658536586,1.277921449067432,2.8016857962697257,3.8,0,1.0,1.0,0,5.0,2.0,7.8,5.4,2.3,3.1
1773595800,Real Betis,Celta Vigo,0.0,2.1586892291163045,0.8202703912615275,2.166478646253022,54.00762825678217,2.128142179246128,2.3084161518488657,4.5,1.1967409794968216,1.2175127585280687,1.5714208971259738,47.968842331453125,1.2779801235562718,2.7075924433700407,3.8,0,1.0,1.0,1,1.0,1.0,5.4,4.8,2.3,2.6
1773604800,Real Sociedad,Osasuna,0.0,2.3468800286071874,1.384963347040944,2.1664223136062937,53.44287502234936,2.2786930091185416,2.308403361344536,4.5,1.0082501085540598,0.8398263135041252,1.3836561007381674,48.252635692574906,1.1648823273990447,2.801641337386016,3.8,0,1.0,1.0,0,3.0,1.0,6.6,4.8,2.3,3.1
1773691200,Rayo Vallecano,Levante,0.0,1.9705436043916809,1.008479871463001,1.9783093814156922,53.44309559939302,1.9776220655181649,2.402508256716949,4.5,1.0192210419828023,2.10656550328781,0.6683055134041477,46.368983308042495,1.1713626707132017,2.977218007081432,3.8,0,1.0,1.0,1,1.0,1.0,5.4,4.8,2.3,2.6
1774036800,Villarreal,Real Sociedad,0.0,2.15991341991342,1.1967965367965367,2.356017316017316,53.44467532467532,2.1479393939393945,2.402424242424241,4.5,1.3853679653679651,1.7827705627705628,1.3835497835497834,47.4038961038961,1.41,2.8016450216450197,3.8,0,1.0,1.0,0,3.0,1.0,6.6,4.8,2.3,3.1
1774098000,Elche,Mallorca,0.0,1.2375945537065054,1.8929652042360061,0.7290468986384266,51.01694402420574,1.4100907715582456,2.492776096822992,4.5,0.6310698076507457,2.348614653122974,0.2520250702398963,45.42368273179166,0.8631303220229087,2.990239896261074,3.8,0,1.0,1.0,0,2.0,1.0,6.0,4.8,2.3,3.1
1774106100,Espanyol,Getafe,0.0,0.8400863185153216,1.76248597324126,0.4705394907207597,50.616400517911096,1.1109313767803195,2.5909710832973656,4.5,1.0082002589555459,0.651514889943893,1.5719292188174365,48.535028053517486,1.1271178247734137,2.7074061286145863,3.8,0,1.0,1.0,2,1.0,2.0,5.4,5.4,2.8,2.6
1774114200,Levante,Oviedo,0.0,0.7125942684766214,0.8430995475113123,1.078996983408748,51.80424208144797,1.0250829562594272,2.492816742081444,4.5,1.1930995475113122,2.4625942684766216,0.4889517345399699,46.09575791855204,1.2931938159879335,2.891157616892907,3.8,0,1.0,1.0,0,4.0,2.0,7.199999999999999,5.4,2.3,3.1
1774114200,Osasuna,Girona,0.0,1.9708540042523033,1.5732990786676115,1.7902374202693125,52.59633238837704,1.9778614457831327,2.308371722182847,4.5,1.196919104991394,1.028829604130809,1.194853700516351,48.252134251290876,1.2780877796901893,2.707409638554215,3.8,0,1.0,1.0,0,1.0,0.0,5.4,4.2,2.3,3.1
1774123200,Sevilla,Valencia,0.0,1.0287862513426422,1.008249194414608,1.224919441460795,52.03080558539205,1.243029001074114,2.4024060150375925,4.5,1.008249194414608,1.0287862513426422,1.1947583243823845,47.96919441460795,1.127157894736842,2.896004296455422,3.8,0,1.0,1.0,2,0.0,2.0,4.8,5.4,2.8,2.6
1774184400,Barcelona,Rayo Vallecano,0.0,3.4800858000858,0.6311797511797512,2.9219219219219217,56.273359073359075,3.1852183612183613,2.308151008151006,4.5,0.6311797511797512,2.1600858000858003,0.4406349206349207,45.70664092664093,0.8443569283569283,2.895984555984554,3.8,0,1.0,1.0,0,1.0,0.0,5.4,4.2,2.3,3.1
1774192500,Celta Vigo,Alaves,0.0,2.160042835724995,1.008224459198972,1.7906104090811736,53.727727564789035,2.1291822660098525,2.49671021632041,4.5,1.008224459198972,1.5943285500107092,0.8176825872777898,47.1208438637824,1.14599871492825,2.896007710430497,3.8,0,1.0,1.0,2,3.0,4.0,6.6,6.6,2.8,2.6
1774200600,Athletic Club,Real Betis,0.0,1.5944568006843458,1.3856116338751068,1.4133276304533788,52.31326775021385,1.6955688622754492,2.496740804106072,4.5,1.0084687767322498,1.2173139435414886,1.3835585970915312,47.68673224978614,1.1273344739093243,2.8017023096663793,3.8,0,1.0,1.0,0,2.0,1.0,6.0,4.8,2.3,3.1
1774209600,Real Madrid,Atletico Madrid,0.0,2.348784966901559,0.8198846893017298,2.356301516122144,54.29335041639974,2.299029681827888,2.4024428784966885,4.5,1.0087048272223689,0.841396289457487,1.5712125208827925,48.250962806647316,1.1463606788006682,2.707658489404729,3.8,0,1.0,1.0,0,3.0,2.0,6.6,5.4,2.3,3.1
1775242800,Rayo Vallecano,Elche,0.0,1.7831982942430704,1.0085287846481876,1.6021321961620472,53.16200426439233,1.8277014925373134,2.402430703624732,4.5,1.1936567164179106,2.638246268656716,0.13861940298507464,45.83311567164179,1.2586380597014921,3.0663246268656676,3.8,0,1.0,1.0,0,1.0,0.0,5.4,4.2,2.3,3.1
1775304000,Real Sociedad,Levante,0.0,2.72601234830743,1.3855737704918032,2.545105386416862,54.01065786672344,2.581951032573984,2.3081328507557997,4.5,1.1934426229508197,1.9381520119225037,0.8384128166915052,46.88293591654247,1.2934798807749626,2.8913748137108755,3.8,0,1.0,1.0,0,2.0,0.0,6.0,4.2,2.3,3.1
1775312100,Mallorca,Real Madrid,0.0,1.9717687074829933,1.3854761904761903,1.7909353741496599,52.8794387755102,1.997411564625851,2.496692176870747,4.5,1.7626190476190475,0.8403401360544218,2.3260374149659864,49.38341836734694,1.7118044217687072,2.7075085034013586,3.8,0,1.0,1.0,0,2.0,1.0,6.0,4.8,2.3,3.1
1775320200,Real Betis,Espanyol,0.0,1.594667798768839,1.0083209509658246,1.7910507323285927,52.87952027170452,1.6768720016981535,2.3081086818085312,4.5,1.5740352366801105,2.9146677987688387,0.25165782211844623,45.98905115686691,1.5609348333687114,2.9903884525578412,3.8,0,1.0,1.0,1,0.0,0.0,4.8,4.2,2.3,2.6
1775329200,Atletico Madrid,Barcelona,0.0,2.161358391031982,1.0079953841081437,2.3579129574678537,53.73004451038576,2.1490883613583915,2.4023161885921516,4.5,1.5739381093683766,1.0288257736328954,1.7602204323866044,48.81766850360322,1.5608630775752437,2.801797371767696,3.8,0,1.0,1.0,2,1.0,2.0,5.4,5.4,2.8,2.6
1775390400,Getafe,Athletic Club,0.0,0.8402116402116403,0.6311534391534391,1.4137142857142855,52.3135873015873,1.1298835978835982,2.4966984126984113,4.5,1.1968677248677249,1.9716402116402116,0.8175238095238095,46.83784126984126,1.2780613756613757,2.89606349206349,3.8,0,1.0,1.0,0,2.0,0.0,6.0,4.2,2.3,3.1
1775398500,Valencia,Celta Vigo,0.0,1.5945393068469993,1.3853423499577344,1.9795435333896871,52.313795435333894,1.6956297548605241,2.4024006762468284,4.5,1.196770921386306,1.4059678782755705,1.1945731191885038,47.686204564666106,1.2779898562975485,2.7075147928994063,3.8,0,1.0,1.0,2,2.0,3.0,6.0,6.0,2.8,2.6
1775406600,Oviedo,Sevilla,0.0,0.8881462333825703,0.8432791728212704,1.4299483013293943,52.06730059084195,1.1305096011816844,2.4928175775480024,4.5,1.5740704790040094,2.5374382781177465,1.0061616374762608,46.5549483013294,1.560969824857565,2.8017809664486157,3.8,0,1.0,1.0,0,1.0,0.0,5.4,4.2,2.3,3.1
1775415600,Alaves,Osasuna,0.0,1.2173957016434893,1.385402444163506,1.2252338811630847,51.747989886219976,1.393911504424779,2.4024188790560457,4.5,1.196919042936742,1.2169124877089479,1.3836774827925271,47.97000983284169,1.2969845952146837,2.8017535234349373,3.8,0,1.0,1.0,1,2.0,2.0,6.0,5.4,2.3,2.6
1775502000,Girona,Villarreal,0.0,1.594580265095729,0.8197601514832737,1.979465600673259,53.16223017041869,1.6768003366294975,2.40240690090469,4.5,1.196903008626131,1.7831516936671576,1.0060593309488743,47.12062697243846,1.2592392173364189,2.8017841363349443,3.8,0,1.0,1.0,0,1.0,0.0,5.4,4.2,2.3,3.1
1775847600,Real Madrid,Girona,0.0,2.5391339869281047,1.1968954248366013,2.357924836601307,54.01335784313725,2.4512990196078435,2.4023284313725473,4.5,0.8191176470588235,1.2169117647058822,0.6280228758169935,47.403308823529414,0.9947467320261437,2.8017565359477103,3.8,0,1.0,1.0,1,1.0,1.0,5.4,4.8,2.3,2.6
1775908800,Real Sociedad,Alaves,0.0,2.7279817262196118,1.196883667808778,2.546761298743678,54.29664708761625,2.5834867025615926,2.307872409854787,4.5,1.7635503344754446,1.972426170664056,1.3835699135258606,47.68668624571709,1.7314015336922828,2.801737640724423,3.8,0,1.0,1.0,1,3.0,3.0,6.6,6.0,2.3,2.6
1775916900,Elche,Valencia,0.0,1.4124547179575642,1.5466620665861655,1.2518544074521305,51.7986889770571,1.5499396239434196,2.404881835432117,4.5,1.1970348647768003,1.0281036168132942,1.1946725317693059,48.253396871945256,1.2781867057673508,2.896163245356792,3.8,0,1.0,1.0,0,1.0,0.0,5.4,4.2,2.3,3.1
1775925000,Barcelona,Espanyol,0.0,3.1058402472750934,0.6302749308605824,2.924597364568082,55.71334797462177,2.8857702944525787,2.307849357410117,4.5,1.196941597527249,2.350284691719538,0.43902716772409306,46.269985358711565,1.2781177810313973,2.896185130958189,3.8,0,1.0,1.0,0,4.0,1.0,7.199999999999999,4.8,2.3,3.1
1775934000,Sevilla,Atletico Madrid,0.0,1.0282651072124755,1.1969298245614035,1.2247076023391812,51.74700292397661,1.24259746588694,2.4022823261858335,4.5,0.8196992481203008,1.4062155388471176,1.005764411027569,47.12022556390978,0.9951946532999164,2.801812865497074,3.8,0,1.0,1.0,0,2.0,1.0,6.0,4.8,2.3,3.1
1775995200,Osasuna,Real Betis,0.0,1.971970802919708,1.3854014598540145,2.1683837330552658,52.87985401459854,1.9787028154327426,2.3080500521376415,4.5,1.008029197080292,1.4060827250608272,1.194403892944039,47.402919708029195,1.1269829683698296,2.8962287104622852,3.8,0,1.0,1.0,1,1.0,1.0,5.4,4.8,2.3,2.6
1776003300,Mallorca,Rayo Vallecano,0.0,1.7838192419825072,1.1969063816002592,1.791431810819566,52.88036929057337,1.8470375769355365,2.496703919663102,4.5,0.6302397149335925,1.5949303530936183,0.4388402980239715,46.55296404275996,0.8436378360868158,2.8962099125364413,3.8,0,1.0,1.0,0,3.0,0.0,6.6,4.2,2.3,3.1
1776011400,Celta Vigo,Oviedo,0.0,1.972828723920427,1.5745916221898755,1.2248746563157042,52.59735565259583,1.9793546821931103,2.5911369885169,4.5,1.1932528469903245,2.648343180066786,0.4820618203613324,45.81736450038531,1.2934412192824727,2.8920198647144404,3.8,0,1.0,1.0,2,0.0,3.0,4.8,6.0,2.8,2.6
1776020400,Athletic Club,Villarreal,0.0,1.7838178294573643,1.1969638242894056,1.980297157622739,52.88028100775194,1.847041343669251,2.4022771317829443,4.5,0.819186046511628,1.5949289405684755,0.8166828165374677,46.83638565891473,0.9759092377260983,2.896212855297156,3.8,0,1.0,1.0,2,1.0,2.0,5.4,5.4,2.8,2.6
1776106800,Levante,Getafe,0.0,1.4127038333475623,1.1937163835055067,1.4285836250320156,52.32848117476308,1.5677793904209003,2.4931187569367337,4.5,1.1970327366553781,0.6504434768585712,1.950169327527818,48.819883889695205,1.2781841638445413,2.7073052733430076,3.8,0,1.0,1.0,0,1.0,0.0,5.4,4.2,2.3,3.1
1776790800,Athletic Club,Osasuna,0.0,1.7841754798276537,1.3862122992557775,1.7916177046611828,52.59694477085782,1.8473247160203685,2.496827262044652,4.5,1.0078339208773992,1.4057971014492754,1.0054837446141793,47.40305522914219,1.145734430082256,2.801723462593026,3.8,0,1.0,1.0,0,1.0,0.0,5.4,4.2,2.3,3.1
1776790800,Mallorca,Valencia,0.0,1.594946610865569,1.0077443579614347,1.791723706340204,52.8808033793562,1.6959400790080965,2.4968162083936307,4.5,1.0077443579614347,0.8381898541088122,1.1945867720107952,48.25433175577893,1.1456682442210662,2.8963390307818653,3.8,0,1.0,1.0,1,1.0,1.0,5.4,4.8,2.3,2.6
1776799800,Girona,Real Betis,0.0,1.5947655748233782,0.8190590879897238,1.9803307642903019,53.16355973025048,1.6769043031470783,2.4022719974309554,4.5,1.0077331666927043,1.2165286673957194,1.3837681612248087,47.68680674894548,1.1267380096859863,2.8017262927667534,3.8,0,1.0,1.0,2,2.0,3.0,6.0,6.0,2.8,2.6
1776799800,Real Madrid,Alaves,0.0,2.3517023517023516,1.197067197067197,1.9807339807339808,53.73195273195273,2.3013416013416013,2.4022386022386004,4.5,1.953823953823954,2.3517023517023516,1.0055380055380054,47.403182403182406,1.883608283608284,2.8017082017082,3.8,0,1.0,1.0,0,2.0,1.0,6.0,4.8,2.3,3.1
1776877200,Elche,Atletico Madrid,0.0,1.2341338456612232,1.1939481268011527,1.605059237912264,52.06027857829011,1.4072622478386174,2.4045789305155267,4.5,0.8191962856227986,1.5948447006083895,0.8167146974063401,46.83652737752161,0.9948078770413065,2.896221581812358,3.8,0,1.0,1.0,0,3.0,2.0,6.6,5.4,2.3,3.1
1776880800,Real Sociedad,Getafe,0.0,2.7302352712424653,1.5755006805366518,2.1701341629399185,53.732101886058715,2.5852459653898507,2.3076220104997067,4.5,1.0079331129690843,0.6491541901613844,1.76212327435349,48.53816838421155,1.1458098386155942,2.8017499513902373,3.8,0,1.0,1.0,2,0.0,1.0,4.8,4.8,2.8,2.6
1776886200,Barcelona,Celta Vigo,0.0,3.297685616651134,0.8187325256290774,2.926762969866418,55.71842963653309,3.0392124883504197,2.307649891270579,4.5,1.5748084291187738,1.217065772669221,1.7612228607918263,48.53661398467433,1.5804038952745847,2.6128911238825014,3.8,0,1.0,1.0,0,1.0,0.0,5.4,4.2,2.3,3.1
1776963600,Levante,Sevilla,0.0,1.5896062490036666,0.8383229714650089,1.9607843137254901,53.12692491630799,1.6916467399968123,2.4045911047345734,4.5,1.1969392635102822,2.3503586800573886,0.8166905786704926,46.26987087517934,1.278114139964929,2.8962458153993285,3.8,0,1.0,1.0,0,2.0,0.0,6.0,4.2,2.3,3.1
1776967200,Rayo Vallecano,Espanyol,0.0,1.7837312957656797,0.4412925819802611,2.169388729703916,54.013658070678126,1.828075453677173,2.3078398599172223,4.5,1.1969333230078216,2.3517385580422827,0.4377758847672888,46.267792147448304,1.2780995895609075,2.8963680012390594,3.8,0,1.0,1.0,0,1.0,0.0,5.4,4.2,2.3,3.1
1776972600,Oviedo,Villarreal,0.0,0.8831103256753345,0.6637212825044181,1.7824623411596399,52.329083564756374,1.1264411343936722,2.49304889337709,4.5,1.007655724393922,1.4057533928778565,1.38363685573986,47.4028534972741,1.1266829060820476,2.8017940687468568,3.8,0,1.0,1.0,1,1.0,1.0,5.4,4.8,2.3,2.6
1777057200,Real Betis,Real Madrid,0.0,1.216984126984127,1.0078571428571428,1.413888888888889,52.31369047619047,1.3935634920634925,2.3078174603174584,4.5,1.5745238095238094,1.0280952380952382,1.7609523809523808,48.81964285714285,1.5613015873015874,2.8018253968253948,3.8,0,1.0,1.0,1,1.0,1.0,5.4,4.8,2.3,2.6
1777118400,Alaves,Mallorca,0.0,1.4058329370740212,1.5745126010461246,1.2249484862894278,51.746980504041844,1.5446409890632433,2.4022507528926913,4.5,0.6300681566016801,2.350277381518466,0.24983357108892063,45.41968616262482,0.8624013314312886,2.9906958313520344,3.8,0,1.0,1.0,0,2.0,1.0,6.0,4.8,2.3,3.1
1777126500,Getafe,Barcelona,0.0,1.216983222538778,0.4411680911680912,1.980610952833175,53.16372269705603,1.412448559670782,2.4022396327951867,4.5,1.5745014245014244,1.216983222538778,1.760857866413422,48.53627730294397,1.5612788857233302,2.8018281101614417,3.8,0,1.0,1.0,2,0.0,2.0,4.8,5.4,2.8,2.6
1777134600,Valencia,Girona,0.0,1.783530899320373,1.7634581950371424,1.7915915915915916,52.03010905642484,1.8468041725936466,2.4967125019756584,4.5,1.007689054630733,1.2164084425819846,0.8161162585060168,47.68692091807312,1.1267002422052206,2.7071661989158415,3.8,0,1.0,1.0,0,2.0,1.0,6.0,4.8,2.3,3.1
1777143600,Atletico Madrid,Athletic Club,0.0,1.7840141277641277,1.386056511056511,1.7919226044226044,52.59693642506143,1.8471898034398038,2.496790540540539,4.5,0.8190025252525253,1.7835700757575756,0.8164772727272728,46.55314867424242,0.9946527777777777,2.8962752525252506,3.8,0,1.0,1.0,0,3.0,2.0,6.6,5.4,2.3,3.1
1777204800,Rayo Vallecano,Real Sociedad,0.0,1.4057504312823461,0.4401763465593253,2.170404447000192,53.44836112708453,1.5256584243818287,2.307590569292695,4.5,1.1968479117415287,2.1614657210401895,0.8163908589440504,46.55307328605201,1.2591489361702128,2.8962962962962946,3.8,0,1.0,1.0,1,3.0,3.0,6.6,6.0,2.3,2.6
1777212900,Oviedo,Elche,0.0,0.8787220648410451,0.8384324834749765,1.42795089707271,52.0604343720491,1.1229272898961289,2.493358514321684,4.5,0.8406932177970339,2.29511748041993,0.1288118646892185,45.81836360606566,0.9937343776037327,3.0685885685719008,3.8,0,1.0,1.0,2,1.0,2.0,5.4,5.4,2.8,2.6
1777221000,Osasuna,Sevilla,0.0,1.594876630520195,1.1970611346848972,1.7916234480590916,52.59672324375295,1.6769856985698572,2.307818639006756,4.5,1.007951374288008,1.9733934783439735,0.8160862418288162,46.55183684391605,1.1458197943346458,2.896360717152794,3.8,0,1.0,1.0,0,2.0,1.0,6.0,4.8,2.3,3.1
1777230000,Villarreal,Celta Vigo,0.0,2.161581920903955,1.1970495919648463,2.358396107972379,53.446798493408664,2.1492372881355934,2.4022520401757674,4.5,1.5755077111009315,1.4058634906092533,1.572759199877844,48.254466330737515,1.5809436555199268,2.7071919377004106,3.8,0,1.0,1.0,0,2.0,1.0,6.0,4.8,2.3,3.1
1777316400,Espanyol,Levante,0.0,1.0282871023350573,1.7637047484720263,0.4696129133364677,50.896873530794544,1.2425999059708515,2.591129916940917,4.5,0.6643159379407617,2.2951962167095328,0.3052352111507509,45.55367958184684,0.8879117232224342,2.9804032191155687,3.8,0,1.0,1.0,1,0.0,0.0,4.8,4.2,2.3,2.6
1777662000,Girona,Mallorca,0.0,1.7841644461362771,1.197030833650552,1.7920060905976398,52.88070041872859,1.8283897982489532,2.496764370003805,4.5,0.8186524552721737,2.1625428245146554,0.248344118766654,45.984164446136276,0.9943814236771984,2.9909783022459058,3.8,0,1.0,1.0,2,0.0,1.0,4.8,4.8,2.8,2.6
1777723200,Villarreal,Levante,0.0,2.5408066294142246,1.007830615425552,2.927015623218155,54.29946402098301,2.433709659026115,2.307602539248107,4.5,0.6605407094858572,1.9449914049070167,0.47744960150023447,46.07332395686826,0.885094546022816,2.8925300828254374,3.8,0,1.0,1.0,0,5.0,1.0,7.8,4.8,2.3,3.1
1777731300,Valencia,Atletico Madrid,0.0,1.595126024901306,1.5753871849377468,1.7919829942301853,52.029608259945334,1.6960825994533861,2.4967810507136337,4.5,1.1970088065593683,2.1626935924688735,0.6267840874582448,46.55147282113574,1.2781430306711206,2.9909808685089563,3.8,0,1.0,1.0,2,0.0,2.0,4.8,5.4,2.8,2.6
1777739400,Alaves,Athletic Club,0.0,1.405822372161783,1.5754520298699823,1.2242902088624388,51.74555551343771,1.544645767787423,2.402213714415676,4.5,1.0078844623024146,1.9733899397293506,0.816117660437436,46.5517417838596,1.145760206209014,2.8963685986126357,3.8,0,1.0,1.0,2,2.0,4.0,6.0,6.6,2.8,2.6
1777748400,Osasuna,Barcelona,0.0,1.595048830342948,1.0081005375123022,2.170111287758347,52.88042243924597,1.6771065182829892,2.307646301763947,4.5,1.7648572942690588,0.8382920735861913,2.329775153304565,49.3898478310243,1.713498372321902,2.7071617836323703,3.8,0,1.0,1.0,2,1.0,2.0,5.4,5.4,2.8,2.6
1777809600,Celta Vigo,Elche,0.0,1.4058212058212058,2.1432999432999433,0.6564732564732565,50.89378189378189,1.544641844641845,2.686051786051785,4.5,1.0167832167832167,1.9452991452991453,0.655944055944056,46.607226107226104,1.1345143745143744,2.981351981351977,3.8,0,1.0,1.0,0,3.0,1.0,6.6,4.8,2.3,3.1
1777817700,Getafe,Rayo Vallecano,0.0,1.2167446776385324,0.8189642156122603,1.7917107051185264,52.59667069303941,1.4122980522421866,2.4968518798127723,4.5,0.629775026423071,1.595123056016911,0.4379435301223011,46.55197795560924,0.8432658915899139,2.8963536161860164,3.8,0,1.0,1.0,2,0.0,2.0,4.8,5.4,2.8,2.6
1777825800,Real Betis,Oviedo,0.0,1.0274416676090317,1.0082174224433638,1.0348298088883863,52.0288363677485,1.2419427795996838,2.307689698066265,4.5,1.7280024794669147,2.123074538974121,1.0116225011622502,47.40739191073919,1.7034805516813885,2.803579730357969,3.8,0,1.0,1.0,0,3.0,0.0,6.6,4.2,2.3,3.1
1777834800,Espanyol,Real Madrid,0.0,1.0275540164119552,1.3865090717458406,0.6565534894225702,51.46156741699917,1.242031167657909,2.4968681773695685,4.5,1.3865090717458406,1.2167432056011442,1.383949409019047,48.254648799217044,1.4108183392305953,2.801761650229615,3.8,0,1.0,1.0,2,0.0,2.0,4.8,5.4,2.8,2.6
1777921200,Sevilla,Real Sociedad,0.0,1.0274405142277188,1.1973837537119874,1.2239972935383228,51.745085140773604,1.2419463970228926,2.4023004924256646,4.5,1.5757621320903659,2.5409540277412326,0.8165244521294591,46.5522121565237,1.5622185467804381,2.8963387587866007,3.8,0,1.0,1.0,0,1.0,0.0,5.4,4.2,2.3,3.1
1778266800,Levante,Osasuna,0.0,1.9480994152046784,0.6578947368421053,2.499561403508772,53.93530701754386,1.960570175438597,2.3149853801169558,4.5,0.6289473684210527,1.4056286549707602,0.437061403508772,46.83497807017544,0.8615716374269007,2.896454678362571,3.8,0,1.0,1.0,0,3.0,2.0,6.6,5.4,2.3,3.1
1778328000,Elche,Alaves,0.0,1.5904226585882182,1.015913570333601,2.141864369662019,52.86176363238192,1.6923206073436021,2.3149645959559058,4.5,1.955325206219432,2.5425797503467407,0.8159281699394118,47.11911818380904,1.8847769910212422,2.8964741951967277,3.8,0,1.0,1.0,1,1.0,1.0,5.4,4.8,2.3,2.6
1778336100,Sevilla,Espanyol,0.0,1.0267531710161832,1.0079457646887302,1.602463916022744,52.02821110949118,1.241392331243622,2.402208776789618,4.5,0.8184720804782039,1.7846479078582884,0.43697331972590764,46.550736258929874,0.9942396850852895,2.8964572095057566,3.8,0,1.0,1.0,0,2.0,1.0,6.0,4.8,2.3,3.1
1778344200,Atletico Madrid,Celta Vigo,0.0,2.3531047535852077,1.5763558273276554,2.360457159496251,53.16512338938633,2.2835247870714133,2.4021984421634985,4.5,1.386882143117129,1.4057363325325762,1.3842614835844798,47.97171871587683,1.4300181990245324,2.8017398267452847,3.8,0,1.0,1.0,2,0.0,1.0,4.8,4.8,2.8,2.6
1778353200,Real Sociedad,Real Betis,0.0,2.1635213724920037,1.5763448676940972,1.6024425705146847,52.880764757196864,2.1508112823495202,2.4022244838615863,4.5,1.3868711834835707,1.5951003198604248,1.3843995347484734,47.68765629543472,1.4300072695551032,2.801722884559463,3.8,0,1.0,1.0,1,2.0,2.0,6.0,5.4,2.3,2.6
1778414400,Mallorca,Villarreal,0.0,1.5951361161524502,0.8185117967332124,1.9813430127041742,53.164936479128855,1.6961016333938297,2.4022141560798533,4.5,1.0079854809437387,1.5951361161524502,1.0054446460980035,47.119274047186934,1.1268965517241378,2.801705989110706,3.8,0,1.0,1.0,1,1.0,1.0,5.4,4.8,2.3,2.6
1778422500,Athletic Club,Valencia,0.0,1.216151950123242,1.0079744816586922,1.7918225315354503,52.31226620269682,1.392912860664057,2.496940698854573,4.5,0.818500797448166,1.0266782659127156,0.8159634623749457,47.687733797303174,0.9942540234884734,2.896425982311148,3.8,0,1.0,1.0,2,0.0,1.0,4.8,4.8,2.8,2.6
1778430600,Oviedo,Getafe,0.0,0.8741909795120539,0.8369796568450011,1.4255121986534423,52.05581698400058,1.1193469919640924,2.4939332512850183,4.5,0.8184898284225006,0.6476218055455008,1.7634691956852242,48.256302034315496,0.9942431043220156,2.8016723376529336,3.8,0,1.0,1.0,1,0.0,0.0,4.8,4.2,2.3,2.6
1778439600,Barcelona,Real Madrid,0.0,2.921197223828803,0.8184065934065935,2.928499132446501,55.154185945633316,2.7380133024869866,2.3074826489300158,4.5,1.3868276460381723,1.215934065934066,1.3845141700404857,48.25634037015615,1.4110237131289762,2.8016555812608424,3.8,0,1.0,1.0,0,2.0,0.0,6.0,4.2,2.3,3.1
1778526000,Rayo Vallecano,Girona,0.0,1.7843910186990108,0.8183235867446395,2.170702476355498,53.44910114793156,1.8285668904772223,2.3074723846653655,4.5,1.0077972709551657,1.4054436502779581,0.6265396000288789,47.40353043101581,1.126751859071547,2.801674969316293,3.8,0,1.0,1.0,1,1.0,1.0,5.4,4.8,2.3,2.6
1778605200,Celta Vigo,Levante,0.0,1.7843547224224947,1.955155010814708,1.2232876712328768,51.743799567411685,1.847483777937996,2.591672674837778,4.5,0.4787310742609949,2.1266041816870946,0.47411679884643115,45.528190338860846,0.7397981254506126,2.89279019466474,3.8,0,1.0,1.0,2,2.0,3.0,6.0,6.0,2.8,2.6
1778608800,Real Betis,Elche,0.0,1.4054431564547483,0.8184462524299806,1.4126430988552092,52.88049535603715,1.544353085175319,2.3074879400964776,4.5,1.0158398732810137,2.126675786593707,0.6533371733026135,46.33374613003096,1.1336914104687161,2.9822305421556585,3.8,0,1.0,1.0,0,2.0,1.0,6.0,4.8,2.3,3.1
1778614200,Osasuna,Atletico Madrid,0.0,1.405478861087144,1.1973828012654588,1.6022145527753813,52.31214408973253,1.5254328444060974,2.4022145527753795,4.5,1.5763301696865115,1.5949525452976705,1.195010066148979,47.97206643658326,1.562624388840955,2.8963977566867967,3.8,0,1.0,1.0,2,1.0,2.0,5.4,5.4,2.8,2.6
1778691600,Espanyol,Athletic Club,0.0,0.8370216126947656,1.386917498384433,0.654728225748546,51.1751561714655,1.1085603503985066,2.4969770948517254,4.5,1.386917498384433,2.16333740216845,0.8161987506282761,46.835370144323974,1.448986860056006,2.896381130178787,3.8,0,1.0,1.0,0,2.0,0.0,6.0,4.2,2.3,3.1
1778691600,Villarreal,Sevilla,0.0,2.73179406281371,1.0078875663272624,2.9285099670156316,54.58585974472967,2.5864821454180413,2.3074931880108975,4.5,1.0078875663272624,2.3528466943926576,0.24769826473540807,45.9825613079019,1.1457679621396817,2.9911372436540926,3.8,0,1.0,1.0,2,2.0,3.0,6.0,6.0,2.8,2.6
1778700600,Getafe,Mallorca,0.0,0.837092731829574,1.0080200501253134,1.2231292517006804,51.74360902255639,1.1275617615467244,2.5917293233082694,4.5,1.0080200501253134,1.5949874686716794,0.8162549230218404,47.11954887218045,1.126924453992123,2.8963838166845663,3.8,0,1.0,1.0,0,3.0,1.0,6.6,4.8,2.3,3.1
1778700600,Alaves,Barcelona,0.0,1.7845680778032038,1.9553775743707094,1.2232265446224257,51.74378575514874,1.8286985125858124,2.4022454233409594,4.5,1.5764302059496569,0.8371996567505722,2.3319651029748285,49.108845823798625,1.5627030892448515,2.706929347826085,3.8,0,1.0,1.0,0,1.0,0.0,5.4,4.2,2.3,3.1
1778778000,Valencia,Rayo Vallecano,0.0,1.5950582018138972,1.5763479254445476,1.791744626151539,52.02806541455403,1.696036563593516,2.4969720774119817,4.5,0.8184531886024424,1.2161108333928445,1.0055702349496536,47.403513532814394,0.9942212383060773,2.8016853531386112,3.8,0,1.0,1.0,1,1.0,1.0,5.4,4.8,2.3,2.6
1778781600,Girona,Real Sociedad,0.0,1.4055484239052918,1.1973898160034233,1.2232777064612752,52.3122379118528,1.5444273284838115,2.5916987590928526,4.5,1.3868635002139496,1.9739694765368707,0.8160890029952932,47.119341035515625,1.43,2.896405648267007,3.8,0,1.0,1.0,1,1.0,1.0,5.4,4.8,2.3,2.6
1778787000,Real Madrid,Oviedo,0.0,1.9739334805213304,1.197379104052418,1.981126700377466,53.16483156470337,1.9991339648173214,2.4022149419556995,4.5,1.1947582081048358,2.1268143294637136,0.832162951356741,46.60191581796169,1.2947154761056905,2.89277829214443,3.8,0,1.0,1.0,0,2.0,0.0,6.0,4.2,2.3,3.1
1779037200,Osasuna,Espanyol,0.0,1.2156618156618157,1.1973665973665975,1.4124740124740125,52.027442827442826,1.3735412335412338,2.4970200970200955,4.5,0.6281358281358281,1.784892584892585,0.2463617463617464,46.26486486486487,0.8419819819819819,2.991372141372139,3.8,0,1.0,1.0,2,1.0,2.0,5.4,5.4,2.8,2.6
1779037200,Oviedo,Alaves,0.0,0.8704723346828611,0.6549797570850202,1.6041025641025641,52.32323886639676,1.1163481781376523,2.404237516869093,4.5,2.1461434651718054,2.3540883767604415,1.0054673172082078,47.688082632617046,2.0184373161701097,2.801612512543685,3.8,0,1.0,1.0,2,0.0,1.0,4.8,4.8,2.8,2.6
1779037200,Sevilla,Real Madrid,0.0,1.2155228419379362,1.0076715737093096,1.9814776418550004,52.31177690234294,1.3924085976916167,2.4021978021978008,4.5,1.1974151634528993,1.2155228419379362,1.3850853548966757,47.972838482272444,1.2784269818232084,2.8015965166908545,3.8,0,1.0,1.0,2,0.0,1.0,4.8,4.8,2.8,2.6
1779037200,Levante,Mallorca,0.0,2.1300672947510098,1.0149394347240914,2.5036608344549127,53.672691790040375,2.106045760430687,2.3143337819650034,4.5,1.1974048383200468,1.7846498947441074,0.8159850916243918,47.11913241536391,1.2594423163198396,2.8964523587672963,3.8,0,1.0,1.0,0,2.0,0.0,6.0,4.2,2.3,3.1
1779037200,Atletico Madrid,Girona,0.0,1.5949407223600771,1.3870692031982355,1.7917149159084642,52.31180727874276,1.6959470636889993,2.497084367245656,4.5,0.8178384339674662,1.2154535428728976,0.6261648745519713,47.40357733664185,0.9747684036393716,2.801599117728148,3.8,0,1.0,1.0,0,1.0,0.0,5.4,4.2,2.3,3.1
1779037200,Athletic Club,Celta Vigo,0.0,0.8359318533815179,1.007503011529857,1.2225778695577354,51.74264326277749,1.1077129581827572,2.5919463087248307,4.5,1.1972466012734468,1.2154190328686973,1.3850628119084494,47.97274135260712,1.2782997762863535,2.801617621751848,3.8,0,1.0,1.0,1,1.0,1.0,5.4,4.8,2.3,2.6
1779037200,Real Sociedad,Valencia,0.0,1.9743589743589745,1.3869801333608305,1.602021035265003,52.88106826149721,1.9994789303636495,2.402192892005223,4.5,0.8177493641300612,0.6461538461538462,1.3850553378703512,48.25739327696432,0.9936742971059326,2.801601704818861,3.8,0,1.0,1.0,2,3.0,4.0,6.6,6.6,2.8,2.6
1779037200,Rayo Vallecano,Villarreal,0.0,1.4052311811347955,1.0076888751587547,1.7916520783990664,52.59631345896406,1.5252009748395294,2.3073456218034516,4.5,1.0076888751587547,1.025744001647616,1.1954415954415953,47.9729173102667,1.1266495039989015,2.706714035629697,3.8,0,1.0,1.0,0,2.0,0.0,6.0,4.2,2.3,3.1
1779037200,Elche,Getafe,0.0,1.7702673796791444,1.1948395721925134,2.143903743315508,52.86314171122994,1.8181925133689842,2.314304812834221,4.5,0.6281228575346223,0.6462909639380228,1.3851090086384203,47.972747840394895,0.8609502262443439,2.8016042780748642,3.8,0,1.0,1.0,0,1.0,0.0,5.4,4.2,2.3,3.1
1779045300,Barcelona,Real Betis,0.0,2.543692444627024,0.6280442299133888,2.9303002293656495,54.87347232207045,2.4359672726027872,2.307326007326006,4.5,1.3870185888877478,1.784718085652665,1.0055458560131458,47.40345075485263,1.4301228989079457,2.8016226763890297,3.8,0,1.0,1.0,0,3.0,1.0,6.6,4.8,2.3,3.1
1779562800,Valencia,Barcelona,0.0,1.595076923076923,1.7664957264957264,1.4124444444444444,51.742871794871796,1.6960478632478633,2.4970598290598276,4.5,1.387008547008547,0.6463589743589744,2.3336752136752135,49.11097435897436,1.4301128205128206,2.706769230769229,3.8,0,1.0,1.0,0,3.0,1.0,6.6,4.8,2.3,3.1
1779562800,Mallorca,Oviedo,0.0,1.7849226672129468,0.8177677626412646,2.171511488954898,53.45073235685752,1.8289487520912289,2.307306497319811,4.5,1.194647137150466,1.9505992010652464,0.8305193075898802,46.86607190412783,1.2947003994673771,2.8932356857523263,3.8,0,1.0,1.0,0,3.0,0.0,6.6,4.2,2.3,3.1
1779562800,Girona,Elche,0.0,1.4055373704309875,1.0074331696672123,1.4126295690125477,52.59715630114566,1.5444135297326789,2.49704037097654,4.5,1.0144946808510638,2.130797872340426,0.6503723404255319,46.32554521276596,1.1325877659574468,2.9832712765957408,3.8,0,1.0,1.0,1,1.0,1.0,5.4,4.8,2.3,2.6
1779562800,Getafe,Osasuna,0.0,1.4055027752238907,1.0074232982599516,1.7920727347022167,52.59711921544591,1.563358872203494,2.497030680696018,4.5,1.0074232982599516,1.9747335444546599,0.24633772601900095,46.549034630707936,1.1454196887663022,2.9914053188953567,3.8,0,1.0,1.0,0,1.0,0.0,5.4,4.2,2.3,3.1
1779562800,Alaves,Rayo Vallecano,0.0,1.595211861524859,1.5765762089369517,1.6024212745698156,52.027953478881855,1.6771760865129568,2.4021492212473627,4.5,0.8176018499625927,1.2157246820376795,1.0052370264571857,47.402815751887374,0.9935672991906415,2.8016799292661343,3.8,0,1.0,1.0,2,1.0,2.0,5.4,5.4,2.8,2.6
1779562800,Celta Vigo,Sevilla,0.0,1.784921039225675,2.525352351842418,0.6535914416709119,50.88935303107488,1.847916454406521,2.6867889285107815,4.5,1.1971472236372898,2.3541518084564443,0.6258787570045848,46.26449312277128,1.2972015622346749,2.991407709288502,3.8,0,1.0,1.0,0,1.0,0.0,5.4,4.2,2.3,3.1
1779562800,Real Betis,Levante,0.0,1.4053995387328722,0.6278388278388278,1.7921448921448921,53.16634106634107,1.544297924297925,2.307292090625422,4.5,1.0142857142857142,1.9505291005291006,1.0103174603174603,46.59563492063492,1.150431216931217,2.803280423280419,3.8,0,1.0,1.0,0,2.0,1.0,6.0,4.8,2.3,3.1
1779562800,Espanyol,Real Sociedad,0.0,0.8362022829658233,1.0073163296412966,1.0332622023507096,51.743328929986795,1.1079131524574064,2.497026047488397,4.5,1.386803509128476,2.1644074111709517,0.4359855028283034,46.833594146936285,1.4299549503776718,2.8965721640754647,3.8,0,1.0,1.0,1,1.0,1.0,5.4,4.8,2.3,2.6
1779562800,Real Madrid,Athletic Club,0.0,2.3541167715310194,1.0073066774913741,2.5511670387659837,54.020215141059474,2.284294702658819,2.3072728502807642,4.5,1.1970502672349639,2.3541167715310194,0.6257222109464854,46.264400243555926,1.316099046072661,2.9914281848318764,3.8,0,1.0,1.0,0,4.0,2.0,7.199999999999999,5.4,2.3,3.1
1779649200,Villarreal,Atletico Madrid,0.0,2.733772507685551,1.3868517955474478,2.3615148136887267,54.02038106820716,2.588017972365799,2.4021350630046268,4.5,1.7663389750346272,1.7850545589676023,1.1948785514002904,47.97192662410053,1.7146049119962166,2.896574440052699,3.8,0,1.0,1.0,0,5.0,1.0,7.8,4.8,2.3,3.1
1786815000,Alaves,Getafe,1.0,1.5956578947368423,1.767171052631579,1.412565789473684,51.742730263157895,1.6775000000000004,2.497072368421051,4.5,0.6271710526315789,0.6456578947368421,1.3849342105263156,47.9722697368421,0.8602302631578947,2.8016776315789453,3.8,0,1.0,1.0,0,3.0,0.0,5.0,3.0,4.0,3.0
1786822200,Sevilla,Rayo Vallecano,1.0,1.0257555847568989,1.007095926412615,1.7926544021024968,52.027693823915904,1.259519710906702,2.4971747700394205,8.0,1.007095926412615,1.2157555847568988,1.384862023653088,47.6873061760841,1.1451642575558476,2.801688567674111,2.0,0,1.0,1.0,0,2.0,1.0,1.0,2.0,4.0,4.0
1786899600,Espanyol,Levante,1.0,0.835819134993447,1.0071428571428571,1.032699868938401,51.741703800786375,1.1075720838794236,2.497247706422017,5.0,1.0136054421768708,2.1348935904637085,0.8281595206890097,46.320564188978345,1.149845846595519,2.89398364850527,4.0,0,1.0,1.0,0,3.0,0.0,0.0,1.0,3.0,0.0
1787252400,Rayo Vallecano,Alaves,1.0,1.5959138381201046,0.8169843342036555,2.1728328981723237,53.165946475195824,1.6774360313315932,2.307225848563967,5.0,1.9569843342036553,1.7859138381201045,1.5746344647519583,48.25905352480418,1.8670339425587468,2.706612271540468,3.1666666666666665,0,1.0,1.0,1,1.0,1.0,9.0,7.0,1.0,2.0
1787338800,Real Betis,Real Sociedad,1.0,1.5958800521512386,0.6269752281616688,2.1727900912646674,53.4506518904824,1.6963572359843548,2.3071316818774426,4.714285714285714,1.1969752281616688,1.7858800521512386,0.6246284224250326,47.1193481095176,1.278083441981747,2.8015580182529316,3.142857142857143,0,1.0,1.0,0,1.0,0.0,4.0,5.0,3.0,3.0
1787410800,Athletic Club,Sevilla,1.0,1.0258463541666667,1.0069010416666666,1.4128776041666666,52.02535807291667,1.2403320312500004,2.4971679687499986,5.0,0.8169010416666668,1.5958463541666668,0.6245572916666666,46.83464192708333,1.0120911458333335,2.9915690104166646,3.125,0,1.0,1.0,2,1.0,3.0,10.0,3.0,2.0,5.0
1787419800,Valencia,Celta Vigo,1.0,1.595812743823147,1.5770221066319896,1.4127698309492847,52.026170351105335,1.696307542262679,2.4971391417425215,5.333333333333333,1.1970221066319895,1.215812743823147,1.3846814044213263,47.973829648894665,1.2780370611183354,2.801710013003899,3.2222222222222223,0,1.0,1.0,1,0.0,0.0,1.0,2.0,2.0,3.0
1787427000,Espanyol,Real Madrid,1.0,1.2153310104529615,0.6262907823883433,1.6026607538802662,52.405479885967694,1.173160595502059,2.5352296484003785,5.951219512195122,1.006948051948052,1.0257142857142858,1.3846753246753245,47.97438311688311,1.1259993506493504,2.8017207792207772,3.2,0,1.0,1.0,2,1.0,2.0,0.0,8.0,5.0,1.0
1787497200,Atletico Madrid,Villarreal,1.0,1.4055423744898927,1.0068330644395938,1.792799974692354,52.21425453165038,1.3386364240296103,2.4402695264306713,5.942350332594235,1.197076966878618,1.4055423744898927,1.1949258169624497,49.783306443959376,1.0441411533959697,2.972782259340101,6.835920177383592,0,1.0,1.0,1,2.0,2.0,5.0,3.0,3.0,2.0
1787506200,Getafe,Racing Santander,1.0,1.2157124352331605,1.007059585492228,1.792577720207254,52.30957901554404,1.4111476683937827,2.497312176165802,4.75,1.1411917098445596,1.5142487046632125,1.0958549222797926,47.50841968911917,1.2449481865284964,2.830958549222759,3.8333333333333335,0,1.0,1.0,0,1.0,0.0,8.0,6.0,1.0,3.0
1787513400,Elche,Barcelona,1.0,1.5917698515369927,0.8323538471015833,2.5098379843528615,53.1313620402883,1.6745198053348125,2.313749768989093,4.461538461538462,1.386985769728331,1.215679172056921,1.7647218628719277,48.261034928848645,1.430251617076326,2.8015588615782643,3.769230769230769,0,1.0,1.0,2,0.0,5.0,3.0,1.0,1.0,0.0
1787592600,Osasuna,Levante,1.0,1.2155813953488372,1.577235142118863,0.8425581395348838,51.453546511627906,1.3730633074935403,2.5921253229974144,4.285714285714286,1.0131548038524782,2.3192389006342493,0.8269908386187457,46.50264270613108,1.128098426121682,2.329774489076811,0.36363636363636376,0,1.0,1.0,1,0.0,0.0,9.0,4.0,2.0,1.0
1787599800,Malaga,Deportivo La Coruna,1.0,1.5096774193548388,1.143225806451613,1.6503225806451614,52.46258064516129,1.620077419354843,2.4419354838709375,4.466666666666667,1.143225806451613,1.5096774193548388,1.096774193548387,47.53741935483871,1.2491225806451602,2.825161290322542,3.8,0,1.0,1.0,1,1.0,1.0,7.0,4.0,1.0,4.0
1787684400,Valencia,Real Betis,1.0,1.215074176514961,1.006977621322605,1.6024138798089012,50.786139049534825,1.4259757354790044,2.3448818204676876,2.1128048780487805,1.5771520618556703,1.975451030927835,1.0048324742268042,47.4067074742268,1.5634478092783504,2.8013337628865957,3.8125,0,1.0,1.0,2,0.0,1.0,8.0,2.0,2.0,1.0
1787770800,Real Madrid,Real Sociedad,1.0,2.355353925353925,1.197142857142857,2.552368082368082,53.73261904761904,2.2849929214929214,2.3069755469755453,4.235294117647059,1.0069686411149825,1.4052233418087077,0.6243462975170292,48.45354239256678,1.3279152462567099,2.7821621621621606,3.037302725968436,0,1.0,1.0,0,4.0,1.0,4.0,7.0,3.0,3.0
1787855400,Celta Vigo,Osasuna,1.0,1.7855141388174807,2.147133676092545,1.2224550128534704,51.452525706940875,1.8480906169665812,2.5920115681233917,4.611111111111111,1.007133676092545,1.9755141388174806,0.2448843187660669,46.55247429305913,1.1453695372750643,2.991227506426733,3.7222222222222223,0,1.0,1.0,2,1.0,2.0,5.0,3.0,1.0,1.0
1787857200,Barcelona,Athletic Club,1.0,2.1654813863928113,0.4371887034659821,2.9323491655969187,54.587496790757385,2.132995507060334,2.306919127086006,4.473684210526316,1.5771887034659822,2.545481386392811,0.6250064184852375,46.552503209242616,1.601456354300385,2.9911103979460827,3.789473684210526,0,1.0,1.0,0,2.0,0.0,12.0,5.0,1.0,2.0
1787936400,Racing Santander,Elche,1.0,1.6735042735042738,1.4282051282051282,1.4324786324786325,48.6482905982906,1.7055042735042765,2.2910256410256213,4.166666666666667,1.1947552447552447,1.591841491841492,1.008974358974359,49.7752331002331,1.2825314685314686,2.6928321678321647,5.781818181818181,0,1.0,1.0,0,3.0,2.0,5.0,10.0,2.0,1.0
1787945400,Alaves,Villarreal,1.0,1.7859592142656382,1.38748321414072,1.7927047874832143,51.7369007838606,1.6639209893507387,2.8202916835826475,7.844367015098722,1.197305042375465,1.5958173282116943,0.8141576733126029,49.502073044326565,1.3679793915005183,2.8580391439546355,6.369614512471655,0,1.0,1.0,0,1.0,0.0,5.0,9.0,3.0,1.0
1788015600,Levante,Real Betis,1.0,2.315381804895871,0.8325660699062234,2.8716356107660457,54.211435878699305,2.253556205090733,2.313019120691752,4.681818181818182,1.5776557919031877,1.5956833634832512,1.5754101428482317,49.59658162310524,1.4895981535774439,2.401292495789406,3.0421286031042127,0,1.0,1.0,0,5.0,2.0,5.0,8.0,1.0,1.0
1788022800,Real Sociedad,Espanyol,1.0,1.9757982120051085,1.9571519795657726,1.0326947637292465,52.02021072796935,2.0001896551724143,2.4967432950191557,4.913043478260869,0.8171519795657727,1.5957982120051086,0.8147254150702428,46.83978927203065,0.9934310344827587,2.8957088122605343,3.9565217391304346,0,1.0,1.0,0,2.0,1.0,7.0,3.0,2.0,4.0
1788031800,Sevilla,Atletico Madrid,1.0,1.4056869089099053,0.8167247386759583,2.363688402190144,52.01963041314087,1.5802460179193631,2.7250883524141347,4.054878048780488,1.5771428571428572,2.165829081632653,1.194655612244898,47.12487882653061,1.5634005102040816,2.8957844387755083,3.9166666666666665,0,1.0,1.0,2,1.0,3.0,4.0,2.0,2.0,2.0
1788102000,Real Madrid,Malaga,1.0,2.5471182227745843,1.0070840453627465,2.553829423644555,53.25556936461084,2.3506888302004043,2.439695510330898,10.713170731707317,0.7634819532908705,1.6772823779193207,0.7303609341825903,47.407218683651806,0.8817367303609336,2.876433121019083,2.9733333333333336,0,1.0,1.0,0,4.0,0.0,9.0,6.0,0.0,2.0
1788111000,Deportivo La Coruna,Valencia,1.0,1.3460559796437659,1.095843935538592,1.436810856658185,47.92917726887193,1.196259541984736,2.2871077184054087,4.487179487179487,1.5771882951653944,1.0259541984732825,1.95470737913486,48.83531170483461,1.5823460559796438,2.705680661577606,3.8461538461538463,0,1.0,1.0,0,3.0,1.0,5.0,5.0,2.0,1.0
1788118200,Celta Vigo,Athletic Club,1.0,1.4059007654879598,1.767979669631512,1.2222890259398147,51.73338395264512,1.3424453466389814,2.249273871137693,2.1553748870822043,1.5777357671924876,2.547364180122106,0.6240369417671305,43.7007623888183,1.5732739331205259,2.7815272569498233,0.18789521228545633,0,1.0,1.0,2,0.0,2.0,4.0,7.0,0.0,3.0
1788197400,Osasuna,Getafe,1.0,1.0253188064875574,1.3875448805249473,0.841698650489043,50.306654698526685,1.2777083075399287,2.5344892905781835,6.905923344947735,0.2460814658908011,1.0253188064875574,0.8143989104865669,47.69578432586357,0.544149312863687,2.876660888943913,2.0958188153310107,0,1.0,1.0,0,1.0,0.0,1.0,3.0,5.0,4.0
1788204600,Barcelona,Rayo Vallecano,1.0,2.356994033818665,0.4362545982874278,2.9344647438869824,57.7257102228817,2.710248415716097,2.0590386101579634,9.754415475189234,1.1972302080435253,1.405774521623543,1.385062907663297,48.552338557606106,1.4287482766082413,2.971856317042256,3.042052144659378,0,1.0,1.0,0,5.0,2.0,9.0,5.0,0.0,1.0
1788462000,Real Sociedad,Celta Vigo,1.0,1.976721210250077,2.148502624266749,1.032108675517135,51.25844396418648,1.9664822476072867,2.439376350725531,9.760975609756096,0.6265514047545538,0.8352577956159309,1.0045075640629824,49.21716579191108,0.8903556653288053,2.876622414325407,3.0439024390243903,0,1.0,1.0,1,0.0,0.0,11.0,3.0,2.0,3.0
1788548400,Real Betis,Real Madrid,1.0,1.7863833986001048,0.6264808362369338,2.554019302519195,52.68518701242639,1.8370809410748978,2.4393500046252026,6.907159716758458,1.1972125435540069,0.835163886404983,1.9557213776941815,51.1196910363541,1.4325003237642995,2.4010243285745103,7.797010228166798,0,1.0,1.0,0,1.0,0.0,6.0,10.0,3.0,4.0
1788617700,Athletic Club,Atletico Madrid,1.0,0.8351318058635132,1.3873860556787385,0.8419068736141908,54.20649790588815,1.0969894062576993,2.439385316580437,7.858231707317073,1.9581177629958118,1.9765952204976596,1.765410199556541,49.3130142892338,1.531563439270756,2.6864634146341446,4.949695121951219,0,1.0,1.0,0,3.0,0.0,3.0,8.0,0.0,1.0
1788625800,Rayo Vallecano,Racing Santander,1.0,1.5961984436994434,1.006828038015563,1.7932088702980347,52.11293021253037,1.528829944945099,2.0587481930304787,3.100517368810052,0.7599831862126945,1.3480453972257251,0.7263556116015134,50.756620428751575,1.269840269020596,2.873476250525406,3.666666666666667,0,1.0,1.0,0,3.0,2.0,9.0,6.0,3.0,2.0
1788634800,Villarreal,Deportivo La Coruna,1.0,3.3061964735516374,1.3870528967254407,2.363123425692695,54.86804156171285,3.045149874055416,2.401253148614608,5.205882352941177,1.0940386230058774,1.3492863140218305,1.0587741393786736,46.759445843828715,1.2058606213266156,3.206129303106608,4.0,0,1.0,1.0,2,2.0,3.0,7.0,1.0,2.0,2.0
1788704100,Valencia,Barcelona,1.0,0.834501347708895,1.0068283917340521,1.0314465408805031,48.58918837975441,1.2582090446241394,2.2868823000898457,2.628571428571429,1.958214450069029,1.025586746433502,1.7653934652554073,49.123270440251574,1.9024494554379505,2.305764687835556,6.852264808362369,0,1.0,1.0,2,0.0,5.0,1.0,4.0,1.0,3.0
1788712200,Alaves,Osasuna,1.0,1.5963149078726968,1.1975352955252452,1.7932519741564967,46.111480019143336,1.4371990906915535,2.9534637473079663,5.005291005291006,1.1974751807819586,1.596225027576909,0.8142909670302734,47.12726437063366,1.4308181149650692,2.5911422968501023,4.957994579945799,0,1.0,1.0,0,5.0,2.0,4.0,1.0,1.0,2.0
1788712200,Malaga,Levante,1.0,1.3513174404015058,1.0995399414470932,1.4399832705980762,53.2254286909243,1.730434964450024,1.9473023839397547,4.108108108108109,1.0129834706235339,2.324084883530631,0.8253559543941957,47.60537886640118,1.288544214718237,2.0336871965522856,0.8184488836662751,0,1.0,1.0,1,0.0,0.0,6.0,4.0,4.0,2.0
1788721200,Espanyol,Sevilla,1.0,1.4059553646019811,1.0070414130564507,1.4123403747463898,49.5405477980666,1.2771643394199788,3.0487110633727155,4.528822055137844,1.387700959716364,1.5963445198361759,1.1947062778898465,44.65358518246837,1.0141806956415431,3.352019072070418,4.006418485237484,0,1.0,1.0,1,1.0,1.0,0.0,4.0,2.0,3.0
1788800400,Getafe,Celta Vigo,1.0,1.0255807564333466,1.007204127110107,1.7930889221282702,50.01980829695656,1.266144509905675,2.248897707500227,1.1976235146966856,0.6260802193217713,0.6440193098516003,1.1948268669169795,49.69732999582811,0.895752428631027,2.8574587281721184,2.5763125763125765,0,1.0,1.0,1,1.0,1.0,3.0,5.0,4.0,2.0
1788809400,Elche,Real Sociedad,1.0,1.2294318181818182,1.5588636363636363,1.9688636363636363,51.75710227272727,1.4380681818181824,2.0749431818181794,2.2704545454545455,0.6260714285714286,1.5963690476190475,0.4329166666666667,48.65104166666667,0.9224059523809525,2.8574107142857126,3.051190476190476,0,1.0,1.0,2,2.0,3.0,6.0,7.0,4.0,1.0
1789153200,Sevilla,Valencia,1.0,1.2154449794899234,1.1976101301943998,1.793115748171928,49.825485999643305,1.3704393317876469,2.6679210510671165,4.528455284552845,1.3877957431259704,1.5963094911847995,1.3850552662829998,49.60072165890198,1.4879187600864772,2.400652233488625,4.005948839976204,0,1.0,1.0,0,1.0,0.0,6.0,4.0,1.0,2.0
1789214400,Racing Santander,Alaves,1.0,2.0118453865336656,1.5741895261845387,1.8285536159600997,46.413653366583546,1.7068516209476332,2.212281795511207,4.785714285714286,1.3877258074326377,1.4060336962471869,1.194744845204063,48.74500942765038,1.5829888692901892,2.5908472720637414,3.0499419279907087,0,1.0,1.0,0,2.0,1.0,4.0,6.0,2.0,3.0
1789222500,Osasuna,Espanyol,1.0,0.83448971120204,1.1975330605467591,0.8408942655517998,48.682529798968154,1.216151337247228,3.0487635652019196,4.526024363233666,1.0072289888527777,1.9767943383045288,0.6239467849223946,47.032530449837495,1.0636138262005284,3.161590985025664,3.0544526375496313,0,1.0,1.0,2,0.0,2.0,3.0,4.0,2.0,3.0
1789230600,Athletic Club,Elche,1.0,1.2153518123667377,1.0071073205401564,1.412224591329069,51.82590026060175,1.1360850509357974,1.9058813077469778,5.953463203463203,1.1955872809863723,1.9584685269305646,0.4602855288773524,51.71357343716201,1.1241643954142333,2.3985096257841203,6.290513833992095,0,1.0,1.0,1,1.0,1.0,7.0,1.0,3.0,3.0
1789239600,Real Madrid,Rayo Vallecano,1.0,3.1200828157349894,0.8166223010943509,2.935995267672286,54.01718426501036,2.621774622892635,2.0011535048802114,9.284656084656085,1.5785270629991126,1.7867494824016563,1.3853889381839692,46.17329192546584,1.5834143744454303,2.5715764566696224,4.001058201058201,0,1.0,1.0,0,4.0,1.0,11.0,5.0,0.0,1.0
1789300800,Celta Vigo,Malaga,1.0,1.4059435188467446,1.5785182559376107,1.2217889637244477,52.96978021978022,1.3895108117688766,1.7152959943282509,2.148033126293996,0.5744416873449132,2.2624069478908186,0.5459057071960298,46.56730769230769,0.8407568238213393,2.65043424317616,2.5434782608695654,0,1.0,1.0,1,1.0,1.0,1.0,5.0,1.0,1.0
1789308900,Levante,Barcelona,1.0,2.502196688070294,0.8316998986143969,2.877886673425707,51.48704517291878,2.1035642672073904,2.0744958882505324,9.55512572533849,2.530890423083732,1.0249601699415827,1.76627131645719,53.316309671328256,2.3186345665899566,2.3808874727090323,8.28774062816616,0,1.0,1.0,2,2.0,4.0,3.0,5.0,1.0,1.0
1789317000,Getafe,Deportivo La Coruna,1.0,1.2154644035832154,0.8167727487034417,1.9835572842998586,46.39636374351721,1.2942951438000945,2.477033239038188,1.6736111111111112,1.5761138613861387,1.5123762376237624,1.547029702970297,44.588180693069305,1.1039851485148509,2.898205445544536,3.7916666666666665,0,1.0,1.0,1,1.0,1.0,3.0,7.0,3.0,1.0
1789326000,Real Sociedad,Atletico Madrid,1.0,1.4059097062805344,1.5786685502383895,1.0311377950438518,51.06206957443052,1.6332933074342226,2.3818294190358453,7.386783284742468,1.5786685502383895,1.977338277709106,1.7663782447466008,52.27126375890282,1.364404614750721,2.285437636117486,4.955296404275996,0,1.0,1.0,2,0.0,3.0,9.0,3.0,2.0,1.0
1789412400,Villarreal,Real Betis,1.0,3.118157181571816,1.768503462812406,1.792773261065944,56.20027100271003,2.7309021379102685,2.343800060222823,5.00390243902439,1.7692533803644914,2.358201058201058,1.3855379188712522,51.890211640211646,1.6463562610229272,2.0948559670781877,4.48,0,1.0,1.0,2,1.0,2.0,7.0,4.0,1.0,0.0
1789491600,Rayo Vallecano,Espanyol,1.0,1.977218014209383,1.3883506546885092,1.7928483353884093,51.25321472608772,1.606563325700194,2.1912453760789132,6.435107376283846,1.1978744642123187,1.215313252304621,1.1951735071340497,46.17535670248371,1.2160131524866418,3.142311079795665,3.0588235294117645,0,1.0,1.0,0,2.0,1.0,3.0,5.0,5.0,1.0
1789495200,Alaves,Valencia,1.0,2.168472906403941,0.8165196471531676,2.365185015465689,46.29399129338985,1.2842655516095778,2.6106667430404387,5.639236732259989,1.3883415435139572,1.596293689889749,1.3855852685901946,51.032342247243726,1.488407811400422,2.1898252404410026,2.107142857142857,0,1.0,1.0,2,0.0,1.0,2.0,5.0,1.0,4.0
1789500600,Elche,Real Madrid,1.0,1.4104604524306112,2.1091288304187388,1.4216909995186908,52.57472592117226,1.5832183539226703,2.383268623990585,5.916324856439704,1.007380073800738,0.8342997715691443,1.7666490950623792,53.03288818602472,1.8826579980085516,2.6660868037251784,7.820305480682839,0,1.0,1.0,2,2.0,3.0,2.0,5.0,4.0,2.0
1789578000,Atletico Madrid,Osasuna,1.0,1.5962325962325963,1.0074880074880075,1.983210483210483,52.491137241137245,1.2579039429039431,2.4771206271206254,5.0,1.197964197964198,2.167661167661168,0.623903123903124,47.508862758862755,1.3818433368433367,2.4755645255645238,4.962962962962963,0,1.0,1.0,0,4.0,0.0,8.0,0.0,1.0,2.0
1789578000,Deportivo La Coruna,Sevilla,1.0,1.7619631901840491,1.0779141104294478,1.8245398773006136,47.16656441717791,1.2492085889570577,2.208895705521458,4.304545454545455,1.5788489628980427,1.4059012562080047,1.3857434998539293,44.460327198364006,1.0389360210341805,3.3326614081215293,3.5316017316017314,0,1.0,1.0,2,0.0,1.0,4.0,4.0,1.0,4.0
1789587000,Barcelona,Racing Santander,1.0,2.548669467787115,0.6264589169000934,2.9355742296918765,60.11114028944911,2.604621265172736,1.6198120915032665,9.289115646258503,1.0778186274509802,1.7610294117647058,0.5514705882352942,50.83302696078431,1.0762316176470583,2.6436887254901777,3.8482142857142856,0,1.0,1.0,0,7.0,2.0,18.0,0.0,3.0,2.0
1789664400,Real Betis,Getafe,1.0,1.7870839890423733,0.4360319403159061,2.9356530862038817,50.77877834120184,1.7858291076528532,2.572227079326221,5.95906432748538,0.24555574983971562,1.0251792271376114,0.8143614851081191,49.31645975403625,0.5970595092382117,3.0469720813662047,1.6274018379281538,0,1.0,1.0,0,1.0,0.0,4.0,3.0,1.0,4.0
1789673400,Malaga,Villarreal,1.0,1.0140586797066016,0.8276283618581907,1.3251833740831296,55.69101466992665,1.6634474327628386,2.457518337408299,3.8448275862068964,1.0072212429635525,1.596656621368056,0.6232671859896514,54.84734747256496,1.425776766930119,2.5515301074657404,6.231221598503074,0,1.0,1.0,2,1.0,3.0,4.0,8.0,5.0,1.0
