timestamp,home_team_name,away_team_name,stats_real,l_gf,l_gc,l_ppg,l_pos,l_xg,l_yc,l_sot,v_gf,v_gc,v_ppg,v_pos,v_xg,v_yc,v_sot,is_cup,home_team_lsi,away_team_lsi,target_1x2,home_team_goal_count,away_team_goal_count,home_team_corner_count,away_team_corner_count,home_team_yellow_cards,away_team_yellow_cards
1706904000,Cusco,UTC Cajamarca,0.0,1.7777777777777777,1.3333333333333333,2.111111111111111,52.666666666666664,1.8333333333333333,2.4111111111111114,4.5,1.3333333333333333,1.7777777777777777,0.7777777777777778,47.333333333333336,1.4,2.933333333333334,3.8,0,1.0,1.0,1,1.0,1.0,5.4,4.8,2.3,2.6
1706922000,Cesar Vallejo,FBC Melgar,0.0,1.7,1.3,2.0,52.6,1.77,2.4000000000000004,4.5,1.3,1.7,0.8,47.4,1.3699999999999999,2.900000000000001,3.8,0,1.0,1.0,0,3.0,2.0,6.6,5.4,2.3,3.1
1706983200,ADT,Cienciano,0.0,1.8181818181818181,1.3636363636363635,2.090909090909091,52.68181818181818,1.8636363636363635,2.390909090909091,4.5,1.3636363636363635,1.8181818181818181,0.7272727272727273,47.31818181818182,1.4181818181818182,2.918181818181819,3.8,0,1.0,1.0,1,1.0,1.0,5.4,4.8,2.3,2.6
1706992200,Union Comercio,Carlos A. Mannucci,0.0,1.75,1.3333333333333333,2.0,52.625,1.8083333333333333,2.3833333333333337,4.5,1.3333333333333333,1.75,0.75,47.375,1.3916666666666666,2.8916666666666675,3.8,0,1.0,1.0,1,2.0,2.0,6.0,5.4,2.3,2.6
1707008400,Universitario,Atletico Grau,0.0,1.7692307692307692,1.3846153846153846,1.9230769230769231,52.57692307692308,1.823076923076923,2.3769230769230774,4.5,1.3846153846153846,1.7692307692307692,0.7692307692307693,47.42307692307692,1.4307692307692306,2.86923076923077,3.8,0,1.0,1.0,0,1.0,0.0,5.4,4.2,2.3,3.1
1707073200,Alianza Atletico,Alianza Lima,0.0,1.7142857142857142,1.2857142857142858,2.0,52.642857142857146,1.7785714285714285,2.3714285714285714,4.5,1.2857142857142858,1.7142857142857142,0.7142857142857143,47.357142857142854,1.357142857142857,2.8857142857142866,3.8,0,1.0,1.0,2,0.0,2.0,4.8,5.4,2.8,2.6
1707080400,Sport Boys,Sporting Cristal,0.0,1.6,1.3333333333333333,1.8666666666666667,52.4,1.6933333333333331,2.4,4.5,1.3333333333333333,1.6,0.8666666666666667,47.6,1.393333333333333,2.8666666666666676,3.8,0,1.0,1.0,2,1.0,3.0,5.4,6.0,2.8,2.6
1707091200,Deportivo Garcilaso,Sport Huancayo,0.0,1.5625,1.4375,1.75,52.1875,1.6624999999999999,2.425,4.5,1.4375,1.5625,1.0,47.8125,1.4749999999999996,2.850000000000001,3.8,0,1.0,1.0,2,0.0,2.0,4.8,5.4,2.8,2.6
1707163200,Comerciantes Unidos,Club Deportivo Los Chankas,0.0,1.4705882352941178,1.4705882352941178,1.6470588235294117,52.0,1.5941176470588234,2.4470588235294115,4.5,1.4705882352941178,1.4705882352941178,1.1176470588235294,48.0,1.4999999999999996,2.83529411764706,3.8,0,1.0,1.0,0,3.0,2.0,6.6,5.4,2.3,3.1
1707508800,UTC Cajamarca,Cesar Vallejo,0.0,1.3703703703703705,1.0,2.1481481481481484,52.55555555555556,1.5074074074074075,2.3925925925925924,4.5,1.3333333333333333,1.7037037037037037,0.7037037037037038,47.44444444444444,1.3814814814814813,2.933333333333334,3.8,0,1.0,1.0,0,4.0,0.0,7.199999999999999,4.2,2.3,3.1
1707523200,Cienciano,Sporting Cristal,0.0,1.456140350877193,0.9473684210526316,2.192982456140351,52.76315789473685,1.575438596491228,2.3877192982456137,4.5,1.9473684210526316,1.456140350877193,1.6666666666666667,48.736842105263165,1.875438596491228,2.775438596491229,3.8,0,1.0,1.0,1,2.0,2.0,6.0,5.4,2.3,2.6
1707595200,FBC Melgar,Alianza Atletico,0.0,1.8000000000000003,1.9666666666666668,1.1666666666666667,51.75,1.85,2.55,4.5,1.3,1.4666666666666668,1.0,47.75,1.3566666666666665,2.7666666666666675,3.8,0,1.0,1.0,0,1.0,0.0,5.4,4.2,2.3,3.1
1707597000,Carlos A. Mannucci,Comerciantes Unidos,0.0,1.1111111111111114,2.253968253968254,1.2063492063492065,50.28571428571429,1.3317460317460321,2.546031746031746,4.5,0.9206349206349207,1.4444444444444446,0.634920634920635,47.214285714285715,1.0888888888888886,2.941269841269842,3.8,0,1.0,1.0,2,1.0,3.0,5.4,6.0,2.8,2.6
1707613200,Alianza Lima,Universitario,0.0,1.7575757575757578,1.3030303030303032,2.1515151515151514,52.68181818181819,1.8151515151515154,2.3909090909090907,4.5,2.303030303030303,1.090909090909091,1.696969696969697,49.81818181818182,2.16060606060606,2.7666666666666675,3.8,0,1.0,1.0,2,0.0,1.0,4.8,4.8,2.8,2.6
1707681600,Club Deportivo Los Chankas,ADT,0.0,1.710144927536232,1.289855072463768,2.1014492753623193,52.6304347826087,1.7797101449275368,2.4014492753623182,4.5,1.6231884057971016,3.0434782608695654,0.7536231884057971,45.869565217391305,1.615942028985507,2.92608695652174,3.8,0,1.0,1.0,0,2.0,0.0,6.0,4.2,2.3,3.1
1707685200,Sport Boys,Deportivo Garcilaso,0.0,1.3888888888888888,1.9166666666666667,1.138888888888889,51.20833333333334,1.5222222222222226,2.563888888888888,4.5,0.9166666666666667,1.3888888888888888,0.7222222222222222,47.29166666666667,1.086111111111111,2.933333333333334,3.8,0,1.0,1.0,0,2.0,0.0,6.0,4.2,2.3,3.1
1707692400,Sport Huancayo,Cusco,0.0,1.4000000000000001,0.8800000000000001,2.173333333333334,52.78,1.5306666666666668,2.3933333333333326,4.5,1.8800000000000001,1.7333333333333334,1.6933333333333334,48.22,1.825333333333333,2.7733333333333343,3.8,0,1.0,1.0,0,2.0,0.0,6.0,4.2,2.3,3.1
1707766200,Atletico Grau,Union Comercio,0.0,1.4102564102564104,1.1794871794871795,1.5384615384615385,52.346153846153854,1.5384615384615388,2.3897435897435892,4.5,1.1794871794871795,1.7435897435897436,0.6666666666666667,47.15384615384616,1.2666666666666664,2.9461538461538463,3.8,0,1.0,1.0,0,1.0,0.0,5.4,4.2,2.3,3.1
1708045200,Sporting Cristal,Club Deportivo Los Chankas,0.0,3.0617283950617287,1.4814814814814816,2.234567901234568,54.37037037037038,2.85925925925926,2.386419753086419,4.5,1.4814814814814816,2.0617283950617287,0.6419753086419754,47.12962962962963,1.5098765432098762,2.9518518518518517,3.8,0,1.0,1.0,0,4.0,1.0,7.199999999999999,4.8,2.3,3.1
1708111800,Alianza Atletico,UTC Cajamarca,0.0,1.1190476190476193,1.4761904761904763,1.261904761904762,51.46428571428572,1.3380952380952387,2.549999999999999,4.5,1.1428571428571428,1.4523809523809526,0.9523809523809526,47.53571428571429,1.238095238095238,2.7904761904761908,3.8,0,1.0,1.0,0,2.0,0.0,6.0,4.2,2.3,3.1
1708200000,ADT,Carlos A. Mannucci,0.0,1.4597701149425288,1.1149425287356323,1.620689655172414,52.51724137931035,1.577011494252874,2.3804597701149417,4.5,1.4482758620689655,1.793103448275862,0.9310344827586208,47.48275862068966,1.483908045977011,2.7954022988505747,3.8,0,1.0,1.0,0,4.0,0.0,7.199999999999999,4.2,2.3,3.1
1708210800,Cusco,Deportivo Garcilaso,0.0,1.511111111111111,1.088888888888889,1.6444444444444444,52.63333333333334,1.6177777777777784,2.377777777777777,4.5,0.5666666666666667,1.6333333333333333,0.43333333333333335,46.4,0.823333333333333,3.0,3.8,0,1.0,1.0,0,1.0,0.0,5.4,4.2,2.3,3.1
1708218000,Universitario,FBC Melgar,0.0,1.4946236559139785,0.7311827956989247,2.3333333333333335,53.14516129032259,1.6043010752688178,2.3752688172043,4.5,1.3978494623655915,2.161290322580645,0.5591397849462366,46.85483870967742,1.4462365591397845,2.9709677419354836,3.8,0,1.0,1.0,0,2.0,0.0,6.0,4.2,2.3,3.1
1708282800,Union Comercio,Alianza Lima,0.0,1.8333333333333335,1.375,1.6875,52.6875,1.8750000000000004,2.372916666666666,4.5,1.375,1.1666666666666667,1.5416666666666667,48.3125,1.4291666666666663,2.808333333333333,3.8,0,1.0,1.0,2,1.0,3.0,5.4,6.0,2.8,2.6
1708293600,Cienciano,Sport Boys,0.0,1.6136363636363638,1.0606060606060606,1.9848484848484849,52.82954545454545,1.6969696969696972,2.3606060606060595,4.5,0.7474747474747475,1.4848484848484849,0.585858585858586,46.8939393939394,0.9595959595959592,2.968686868686868,3.8,0,1.0,1.0,0,3.0,2.0,6.6,5.4,2.3,3.1
1708302600,Cesar Vallejo,Sport Huancayo,0.0,2.1764705882352944,1.4313725490196079,2.3333333333333335,53.117647058823536,2.1490196078431376,2.3784313725490187,4.5,1.4313725490196079,1.1764705882352942,1.5686274509803924,48.38235294117647,1.4725490196078428,2.8058823529411763,3.8,0,1.0,1.0,1,1.0,1.0,5.4,4.8,2.3,2.6
1708372800,Comerciantes Unidos,Atletico Grau,0.0,2.161904761904762,1.4285714285714286,2.3142857142857145,53.10000000000001,2.137142857142858,2.3761904761904753,4.5,0.761904761904762,1.4952380952380953,0.5714285714285715,46.900000000000006,0.9695238095238092,2.966666666666666,3.8,0,1.0,1.0,1,2.0,2.0,6.0,5.4,2.3,2.6
1708718400,Sport Huancayo,Alianza Atletico,0.0,1.625,0.5833333333333334,2.4722222222222223,53.5625,1.7055555555555557,2.3555555555555547,4.5,0.8333333333333334,1.375,0.6805555555555556,47.1875,1.0111111111111108,2.8708333333333327,3.8,0,1.0,1.0,0,4.0,0.0,7.199999999999999,4.2,2.3,3.1
1708804800,Sport Boys,Cusco,0.0,1.6554054054054053,1.3175675675675675,1.7364864864864864,52.50675675675676,1.7297297297297298,2.4790540540540533,4.5,1.3175675675675675,1.9054054054054053,1.1689189189189189,47.11824324324324,1.399324324324324,2.873648648648648,3.8,0,1.0,1.0,0,3.0,0.0,6.6,4.2,2.3,3.1
1708804800,UTC Cajamarca,Universitario,0.0,2.1710526315789473,0.5526315789473685,2.5,54.42763157894737,2.142105263157895,2.3526315789473675,4.5,1.8026315789473686,0.9210526315789473,1.9078947368421053,49.32236842105263,1.7631578947368416,2.7513157894736837,3.8,0,1.0,1.0,1,0.0,0.0,4.8,4.2,2.3,2.6
1708813800,FBC Melgar,Union Comercio,0.0,1.6474358974358974,1.2884615384615383,1.7371794871794872,52.53846153846154,1.7243589743589745,2.47628205128205,4.5,0.7884615384615384,1.6474358974358974,0.41025641025641024,46.71153846153846,0.9775641025641023,2.9974358974358966,3.8,0,1.0,1.0,0,2.0,1.0,6.0,4.8,2.3,3.1
1708816500,Carlos A. Mannucci,Sporting Cristal,0.0,1.15,2.2875,1.0,50.29375,1.3512500000000003,2.5999999999999988,4.5,1.7875,1.65,1.4,48.20625,1.7512499999999998,2.749999999999999,3.8,0,1.0,1.0,2,0.0,4.0,4.8,6.6,2.8,2.6
1708886700,Atletico Grau,ADT,0.0,1.3780487804878048,0.823170731707317,1.975609756097561,52.83231707317073,1.5097560975609758,2.3548780487804866,4.5,1.0731707317073171,2.8780487804878048,0.4268292682926829,45.29268292682927,1.2042682926829267,2.996341463414633,3.8,0,1.0,1.0,1,2.0,2.0,6.0,5.4,2.3,2.6
1708894800,Alianza Lima,Comerciantes Unidos,0.0,1.380952380952381,1.0833333333333335,1.7142857142857144,52.44642857142857,1.536904761904762,2.4785714285714278,4.5,1.3333333333333335,1.380952380952381,1.1785714285714286,47.92857142857143,1.4119047619047618,2.867857142857142,3.8,0,1.0,1.0,0,5.0,1.0,7.8,4.8,2.3,3.1
1708905600,Deportivo Garcilaso,Cesar Vallejo,0.0,1.2248062015503878,1.4418604651162792,1.302325581395349,51.674418604651166,1.422480620155039,2.5364341085271307,4.5,0.8313953488372093,2.4186046511627906,0.4186046511627907,45.61918604651163,1.0098837209302323,2.9953488372093013,3.8,0,1.0,1.0,0,2.0,0.0,6.0,4.2,2.3,3.1
1708977600,Club Deportivo Los Chankas,Cienciano,0.0,1.9204545454545454,0.8181818181818182,2.4886363636363638,53.65340909090909,1.9431818181818183,2.3511363636363627,4.5,1.090909090909091,1.5606060606060606,0.8787878787878789,47.29545454545455,1.1999999999999997,2.796969696969696,3.8,0,1.0,1.0,2,1.0,2.0,5.4,5.4,2.8,2.6
1709234100,Alianza Atletico,Deportivo Garcilaso,0.0,1.411111111111111,1.0777777777777777,1.7166666666666668,52.5,1.5605555555555557,2.4805555555555543,4.5,0.4622222222222222,1.528888888888889,0.3466666666666667,46.4,0.7457777777777777,3.0155555555555544,3.8,0,1.0,1.0,0,3.0,0.0,6.6,4.2,2.3,3.1
1709323200,ADT,Alianza Lima,0.0,2.1739130434782608,0.8152173913043478,1.9782608695652173,54.038043478260875,2.145652173913044,2.3543478260869555,4.5,1.8152173913043477,1.1739130434782608,1.9239130434782608,48.961956521739125,1.7728260869565213,2.746739130434782,3.8,0,1.0,1.0,0,2.0,0.0,6.0,4.2,2.3,3.1
1709343000,Universitario,Sport Huancayo,0.0,1.675531914893617,0.5531914893617021,2.4893617021276597,53.683510638297875,1.746808510638298,2.353191489361701,4.5,1.3031914893617023,1.175531914893617,1.4148936170212765,48.191489361702125,1.3638297872340424,2.7489361702127653,3.8,0,1.0,1.0,0,2.0,0.0,6.0,4.2,2.3,3.1
1709403300,Sporting Cristal,Atletico Grau,0.0,3.4270833333333335,1.2916666666666665,2.5,55.203125,3.147916666666667,2.352083333333332,4.5,1.0416666666666665,1.6770833333333335,0.65625,47.046875,1.1802083333333329,2.8760416666666657,3.8,0,1.0,1.0,0,1.0,0.0,5.4,4.2,2.3,3.1
1709412300,Comerciantes Unidos,FBC Melgar,0.0,2.1683673469387754,1.5306122448979593,2.010204081632653,52.95663265306122,2.1408163265306124,2.351020408163264,4.5,1.0306122448979593,2.1683673469387754,0.3979591836734694,46.29336734693878,1.1719387755102038,3.003061224489795,3.8,0,1.0,1.0,1,0.0,0.0,4.8,4.2,2.3,2.6
1709424000,Cesar Vallejo,Cusco,0.0,1.9,1.27,2.0,52.945,1.927,2.3499999999999988,4.5,1.016,2.12,0.92,46.343999999999994,1.1711999999999998,2.919999999999999,3.8,0,1.0,1.0,1,2.0,2.0,6.0,5.4,2.3,2.6
1709496000,Club Deportivo Los Chankas,Sport Boys,0.0,1.7215686274509805,1.0235294117647058,1.992156862745098,53.04705882352941,1.7827450980392159,2.439215686274509,4.5,1.0294117647058822,1.9019607843137254,0.4019607843137255,46.69117647058823,1.1710784313725486,2.997058823529411,3.8,0,1.0,1.0,0,2.0,0.0,6.0,4.2,2.3,3.1
1709510400,Cienciano,Carlos A. Mannucci,0.0,1.9230769230769231,1.2153846153846155,2.2,53.06153846153846,1.943846153846154,2.3384615384615377,4.5,1.0192307692307692,2.4038461538461537,0.6442307692307692,45.92307692307692,1.163461538461538,2.8740384615384604,3.8,0,1.0,1.0,1,2.0,2.0,6.0,5.4,2.3,2.6
1709578800,Union Comercio,UTC Cajamarca,0.0,1.6556603773584906,1.7783018867924527,1.240566037735849,51.81603773584906,1.7311320754716983,2.4721698113207538,4.5,0.7783018867924528,1.6556603773584906,0.6462264150943396,46.68396226415094,0.9702830188679242,2.8712264150943385,3.8,0,1.0,1.0,0,2.0,0.0,6.0,4.2,2.3,3.1
1709841600,Cusco,Alianza Atletico,0.0,1.4074074074074074,0.7685185185185185,2.0,52.95833333333333,1.5324074074074077,2.346296296296295,4.5,0.6148148148148148,1.925925925925926,0.5111111111111111,46.03333333333333,0.8503703703703701,2.9185185185185176,3.8,0,1.0,1.0,0,2.0,0.0,6.0,4.2,2.3,3.1
1709928000,UTC Cajamarca,Comerciantes Unidos,0.0,1.7272727272727273,0.40727272727272723,2.2072727272727275,53.98,1.806909090909091,2.3363636363636355,4.5,1.207272727272727,2.1272727272727274,0.9054545454545455,46.62,1.3047272727272725,2.919999999999999,3.8,0,1.0,1.0,2,2.0,3.0,6.0,6.0,2.8,2.6
1709946000,Deportivo Garcilaso,Universitario,0.0,1.4107142857142856,1.0267857142857144,1.7410714285714286,52.57589285714286,1.5598214285714287,2.474107142857142,4.5,1.4214285714285715,0.7285714285714286,1.7214285714285715,49.03928571428571,1.4757142857142855,2.7178571428571416,3.8,0,1.0,1.0,1,2.0,2.0,6.0,5.4,2.3,2.6
1710008100,Atletico Grau,Cienciano,0.0,1.5298245614035086,1.0280701754385966,1.7859649122807018,52.75263157894737,1.6287719298245615,2.3385964912280697,4.5,1.2850877192982457,1.412280701754386,1.4035087719298245,47.809210526315795,1.350877192982456,2.7447368421052616,3.8,0,1.0,1.0,1,1.0,1.0,5.4,4.8,2.3,2.6
1710016200,FBC Melgar,ADT,0.0,1.7241379310344827,1.2275862068965515,1.9793103448275862,52.744827586206895,1.7841379310344831,2.437931034482758,4.5,1.2275862068965515,2.7241379310344827,0.5241379310344827,45.755172413793105,1.3199999999999996,2.913793103448275,3.8,0,1.0,1.0,0,3.0,1.0,6.6,4.8,2.3,3.1
1710018000,Carlos A. Mannucci,Club Deportivo Los Chankas,0.0,0.9322033898305084,2.6271186440677963,0.7864406779661017,49.45762711864407,1.1905084745762713,2.6372881355932196,4.5,1.2838983050847457,2.665254237288136,0.3983050847457627,45.92796610169492,1.349152542372881,2.9940677966101683,3.8,0,1.0,1.0,0,2.0,1.0,6.0,4.8,2.3,3.1
1710032400,Alianza Lima,Sporting Cristal,0.0,2.1333333333333337,1.0266666666666666,1.9933333333333334,53.66,2.1313333333333335,2.4366666666666665,4.5,2.2266666666666666,1.3333333333333335,1.7133333333333334,49.34,2.0986666666666665,2.716666666666666,3.8,0,1.0,1.0,2,1.0,2.0,5.4,5.4,2.8,2.6
1710100800,Sport Boys,Cesar Vallejo,0.0,1.9278688524590164,1.0327868852459017,1.980327868852459,53.342622950819674,1.9468852459016395,2.439344262295082,4.5,0.6327868852459017,2.3278688524590163,0.3278688524590164,45.45737704918033,0.8632786885245899,3.0147540983606547,3.8,0,1.0,1.0,0,2.0,0.0,6.0,4.2,2.3,3.1
1710100800,Sport Huancayo,Union Comercio,0.0,2.129032258064516,0.4258064516129032,2.587096774193548,54.55483870967742,2.107741935483871,2.3387096774193545,4.5,0.8258064516129031,1.729032258064516,0.3225806451612903,46.64516129032258,0.998064516129032,3.016129032258063,3.8,0,1.0,1.0,1,2.0,2.0,6.0,5.4,2.3,2.6
1710293400,Universitario,Cusco,0.0,1.7301587301587302,0.43174603174603177,2.5809523809523807,53.94761904761904,1.7885714285714287,2.338095238095238,4.5,1.193121693121693,2.1084656084656084,0.9365079365079365,46.62698412698413,1.302116402116402,2.8619047619047606,3.8,0,1.0,1.0,0,1.0,0.0,5.4,4.2,2.3,3.1
1710381600,Sporting Cristal,FBC Melgar,0.0,2.925,1.025,2.5875,54.85,2.7443750000000002,2.3375,4.5,0.825,1.725,0.51875,46.65,1.0174999999999998,2.9156249999999986,3.8,0,1.0,1.0,2,1.0,2.0,5.4,5.4,2.8,2.6
1710441000,Alianza Atletico,Cesar Vallejo,0.0,1.7200000000000002,0.8307692307692307,1.9753846153846153,53.33384615384615,1.8003076923076926,2.44,4.5,0.5256410256410257,2.2666666666666666,0.276923076923077,45.38846153846154,0.7848717948717948,3.028205128205127,3.8,0,1.0,1.0,1,1.0,1.0,5.4,4.8,2.3,2.6
1710449100,Comerciantes Unidos,Sport Huancayo,0.0,1.7151515151515153,1.2303030303030302,1.7696969696969698,52.727272727272734,1.7963636363636366,2.3393939393939394,4.5,1.0303030303030303,1.3151515151515152,1.1333333333333333,47.57272727272727,1.1612121212121211,2.812121212121211,3.8,0,1.0,1.0,0,3.0,2.0,6.6,5.4,2.3,3.1
1710459000,Cienciano,Alianza Lima,0.0,1.9353233830845773,1.36318407960199,1.9800995024875623,52.85820895522388,1.9517412935323386,2.332338308457712,4.5,1.4358208955223881,1.3223880597014928,1.528358208955224,48.17014925373134,1.485373134328358,2.8134328358208944,3.8,0,1.0,1.0,0,2.0,1.0,6.0,4.8,2.3,3.1
1710460800,Carlos A. Mannucci,Sport Boys,0.0,1.1029411764705883,2.3627450980392157,1.1519607843137254,50.11029411764706,1.3191176470588237,2.5818627450980394,4.5,0.8352941176470587,1.923529411764706,0.3235294117647059,46.36764705882353,1.024705882352941,3.01470588235294,3.8,0,1.0,1.0,0,1.0,0.0,5.4,4.2,2.3,3.1
1710526500,Union Comercio,Deportivo Garcilaso,0.0,1.718840579710145,1.4289855072463769,1.5884057971014491,52.434782608695656,1.779130434782609,2.43768115942029,4.5,0.3574879227053141,1.7657004830917873,0.26570048309178745,45.88768115942029,0.6666666666666666,3.029951690821255,3.8,0,1.0,1.0,2,0.0,4.0,4.8,6.6,2.8,2.6
1710534600,Club Deportivo Los Chankas,Atletico Grau,0.0,1.7571428571428571,0.8714285714285714,2.1476190476190475,53.32857142857143,1.8095238095238098,2.416666666666667,4.5,0.8457142857142856,1.5085714285714285,0.5314285714285715,47.005714285714284,1.033142857142857,2.914285714285713,3.8,0,1.0,1.0,2,0.0,1.0,4.8,4.8,2.8,2.6
1710619200,ADT,UTC Cajamarca,0.0,2.098591549295775,0.6450704225352113,2.1661971830985918,54.180281690140845,2.0839436619718312,2.3422535211267608,4.5,0.6450704225352113,1.6985915492957746,0.5436619718309859,46.41971830985915,0.8723943661971829,2.912676056338027,3.8,0,1.0,1.0,0,2.0,1.0,6.0,4.8,2.3,3.1
1711656000,Deportivo Garcilaso,Comerciantes Unidos,0.0,1.5,1.2444444444444445,1.5722222222222222,52.38333333333334,1.625,2.4416666666666673,4.5,1.537037037037037,2.0833333333333335,1.2824074074074074,47.18055555555556,1.559722222222222,2.861574074074073,3.8,0,1.0,1.0,2,1.0,2.0,5.4,5.4,2.8,2.6
1711674000,Alianza Lima,Club Deportivo Los Chankas,0.0,1.91324200913242,1.2077625570776256,1.634703196347032,53.0582191780822,1.9513698630136989,2.503196347031964,4.5,1.2493150684931507,2.495890410958904,0.3506849315068493,46.130136986301366,1.3153424657534245,3.012328767123286,3.8,0,1.0,1.0,0,3.0,0.0,6.6,4.2,2.3,3.1
1711756800,Cusco,Union Comercio,0.0,1.5027027027027027,0.6432432432432432,2.1675675675675676,53.289189189189194,1.6070270270270273,2.343243243243244,4.5,1.0360360360360361,1.7522522522522523,0.45495495495495497,46.92567567567568,1.1590090090090088,2.9445945945945935,3.8,0,1.0,1.0,0,1.0,0.0,5.4,4.2,2.3,3.1
1711826100,Atletico Grau,Carlos A. Mannucci,0.0,1.4155555555555557,1.031111111111111,1.6444444444444444,52.57666666666667,1.5364444444444447,2.335555555555556,4.5,1.2373333333333334,2.2986666666666666,0.7413333333333334,46.408,1.3263999999999996,2.8146666666666658,3.8,0,1.0,1.0,0,3.0,0.0,6.6,4.2,2.3,3.1
1711835100,FBC Melgar,Cienciano,0.0,1.9210526315789473,1.1929824561403508,2.149122807017544,53.09210526315789,1.9407894736842106,2.4184210526315795,4.5,1.2315789473684209,1.305263157894737,1.3368421052631578,47.88947368421053,1.3021052631578947,2.715789473684209,3.8,0,1.0,1.0,0,2.0,0.0,6.0,4.2,2.3,3.1
1711846800,Cesar Vallejo,Universitario,0.0,1.9064935064935065,1.425974025974026,1.7844155844155845,52.72077922077922,1.92987012987013,2.3415584415584423,4.5,1.5216450216450215,0.922077922077922,1.6103896103896105,48.89935064935065,1.5482683982683982,2.697402597402596,3.8,0,1.0,1.0,1,0.0,0.0,4.8,4.2,2.3,2.6
1711908000,Sport Huancayo,ADT,0.0,2.0811965811965814,0.6837606837606838,2.316239316239316,54.09615384615385,2.0692307692307694,2.3341880341880348,4.5,1.1837606837606838,2.747863247863248,0.44444444444444453,45.65384615384615,1.278205128205128,2.946153846153845,3.8,0,1.0,1.0,2,0.0,2.0,4.8,5.4,2.8,2.6
1711915200,Sport Boys,Alianza Atletico,0.0,1.9071729957805907,0.8544303797468354,2.1413502109704643,53.57911392405063,1.9303797468354431,2.4191983122362877,4.5,0.5210970464135021,1.9071729957805907,0.45358649789029537,45.92088607594937,0.7812236286919831,2.9449367088607583,3.8,0,1.0,1.0,1,0.0,0.0,4.8,4.2,2.3,2.6
1711917000,UTC Cajamarca,Sporting Cristal,0.0,1.7333333333333334,0.8500000000000001,1.8041666666666667,53.325,1.8083333333333336,2.4187500000000006,4.5,2.183333333333333,1.2333333333333334,1.9541666666666666,49.425,2.06125,2.6937499999999988,3.8,0,1.0,1.0,2,1.0,2.0,5.4,5.4,2.8,2.6
1712345400,Atletico Grau,Sport Boys,0.0,1.6261022927689597,0.8747795414462082,1.8253968253968256,53.12698412698413,1.7051146384479718,2.3317460317460323,4.5,0.6872427983539096,1.7304526748971192,0.29629629629629634,46.43518518518519,0.9141975308641976,3.0259259259259244,3.8,0,1.0,1.0,1,0.0,0.0,4.8,4.2,2.3,2.6
1712367000,Universitario,Alianza Atletico,0.0,1.5569105691056913,0.3495934959349594,2.6260162601626016,53.8109756097561,1.6508130081300814,2.3365853658536593,4.5,0.44250871080139376,1.6202090592334497,0.5400696864111498,46.23344947735191,0.7236933797909408,2.8926829268292673,3.8,0,1.0,1.0,0,1.0,0.0,5.4,4.2,2.3,3.1
1712426400,Club Deportivo Los Chankas,FBC Melgar,0.0,1.4750430292598966,0.8674698795180724,1.8261617900172118,52.91135972461274,1.5987951807228917,2.473838209982789,4.5,1.0120481927710843,1.5542168674698797,0.9598393574297188,47.18674698795181,1.157831325301205,2.859036144578312,3.8,0,1.0,1.0,1,2.0,2.0,6.0,5.4,2.3,2.6
1712435400,Union Comercio,Cesar Vallejo,0.0,1.3888888888888888,1.8492063492063493,1.2936507936507937,51.30952380952381,1.5329365079365078,2.5023809523809533,4.5,0.5850340136054422,2.047619047619048,0.3945578231292517,45.806122448979586,0.823469387755102,2.963945578231291,3.8,0,1.0,1.0,1,2.0,2.0,6.0,5.4,2.3,2.6
1712449800,Cienciano,UTC Cajamarca,0.0,1.9058823529411764,1.3025210084033614,2.1058823529411765,52.90504201680672,1.9290756302521008,2.3302521008403367,4.5,0.6862745098039216,1.723529411764706,0.4607843137254902,46.444117647058825,0.8968627450980394,2.9401960784313714,3.8,0,1.0,1.0,1,1.0,1.0,5.4,4.8,2.3,2.6
1712512800,ADT,Deportivo Garcilaso,0.0,2.054263565891473,0.6860465116279071,2.2868217054263567,54.05232558139535,2.048449612403101,2.3348837209302333,4.5,0.8737541528239203,1.4750830564784052,0.681063122923588,47.09800664451828,1.0684385382059802,2.962126245847175,3.8,0,1.0,1.0,1,2.0,2.0,6.0,5.4,2.3,2.6
1712521800,Sporting Cristal,Sport Huancayo,0.0,2.555555555555556,1.1896551724137931,2.116858237547893,54.048850574712645,2.4494252873563216,2.417816091954024,4.5,1.1896551724137931,1.5555555555555558,0.9616858237547893,47.451149425287355,1.2825670498084292,2.85478927203065,3.8,0,1.0,1.0,0,4.0,0.0,7.199999999999999,4.2,2.3,3.1
1712529000,Carlos A. Mannucci,Alianza Lima,0.0,1.0551948051948052,2.016233766233766,1.3896103896103895,50.55844155844156,1.276948051948052,2.5435064935064946,4.5,1.3522727272727273,1.3977272727272727,1.2916666666666667,47.93181818181819,1.412878787878788,2.855681818181817,3.8,0,1.0,1.0,2,0.0,4.0,4.8,6.6,2.8,2.6
1712606400,Comerciantes Unidos,Cusco,0.0,1.8913857677902621,1.3632958801498127,1.947565543071161,52.79213483146067,1.9350187265917604,2.3355805243445706,4.5,1.0256821829855538,1.9069020866773676,0.8282504012841092,46.67817014446228,1.1756019261637243,2.8897271268057776,3.8,0,1.0,1.0,2,0.0,1.0,4.8,4.8,2.8,2.6
1712952000,Sport Huancayo,Cienciano,0.0,1.7587301587301587,0.8825396825396825,1.9492063492063492,53.31428571428572,1.8260317460317461,2.403174603174604,4.5,1.0296296296296297,1.3851851851851853,1.1407407407407408,47.46666666666667,1.1544444444444446,2.7703703703703693,3.8,0,1.0,1.0,2,1.0,2.0,5.4,5.4,2.8,2.6
1713036600,Alianza Atletico,Union Comercio,0.0,1.5494505494505495,0.8663003663003663,1.7673992673992673,53.02472527472527,1.661721611721612,2.421794871794873,4.5,0.8854003139717426,1.6138147566718997,0.41287284144427006,46.907378335949765,1.0488226059654633,2.95949764521193,3.8,0,1.0,1.0,0,2.0,0.0,6.0,4.2,2.3,3.1
1713056400,Sport Boys,Universitario,0.0,1.6149068322981368,0.7391304347826086,1.9472049689440993,53.31366459627329,1.710869565217391,2.404037267080746,4.5,1.31055900621118,0.7577639751552796,1.5527950310559007,48.829192546583855,1.389130434782609,2.6745341614906826,3.8,0,1.0,1.0,2,1.0,2.0,5.4,5.4,2.8,2.6
1713117600,Cesar Vallejo,Comerciantes Unidos,0.0,1.5483870967741935,1.1989247311827955,1.5985663082437278,52.524193548387096,1.660752688172043,2.339426523297492,4.5,1.599078341013825,1.8986175115207373,1.5591397849462367,47.55069124423964,1.6055299539170511,2.8165898617511513,3.8,0,1.0,1.0,0,3.0,1.0,6.6,4.8,2.3,3.1
1713132000,FBC Melgar,Carlos A. Mannucci,0.0,1.9027355623100304,1.0273556231003038,2.231003039513678,53.31306990881459,1.9267477203647416,2.4048632218844994,4.5,1.0319148936170213,2.3865248226950353,0.648936170212766,45.96808510638298,1.172695035460993,2.8535460992907793,3.8,0,1.0,1.0,0,2.0,0.0,6.0,4.2,2.3,3.1
1713141000,Alianza Lima,Atletico Grau,0.0,2.0466165413533837,1.02406015037594,1.8060150375939852,53.53383458646617,2.05609022556391,2.475939849624061,4.5,0.8614035087719298,1.2210526315789474,0.9789473684210526,47.46052631578947,1.0364912280701757,2.85438596491228,3.8,0,1.0,1.0,0,2.0,0.0,6.0,4.2,2.3,3.1
1713211200,UTC Cajamarca,Club Deportivo Los Chankas,0.0,1.619047619047619,1.0208333333333335,1.5238095238095237,52.89732142857143,1.713988095238095,2.4755952380952393,4.5,1.0243055555555556,2.555555555555556,0.30902777777777785,45.703125,1.1503472222222224,3.021874999999999,3.8,0,1.0,1.0,0,2.0,0.0,6.0,4.2,2.3,3.1
1713218400,Cusco,ADT,0.0,1.3900343642611683,0.520618556701031,2.281786941580756,53.30412371134021,1.5171821305841924,2.337800687285225,4.5,1.3033873343151694,2.334315169366716,0.833578792341679,46.45360824742268,1.3693667157584684,2.890868924889543,3.8,0,1.0,1.0,0,3.0,2.0,6.6,5.4,2.3,3.1
1713227400,Deportivo Garcilaso,Sporting Cristal,0.0,1.3945578231292517,1.3571428571428572,1.2857142857142858,52.05612244897959,1.5374149659863945,2.5040816326530626,4.5,2.163265306122449,1.19533527696793,2.116618075801749,49.45189504373178,2.042857142857143,2.6772594752186585,3.8,0,1.0,1.0,2,2.0,3.0,6.0,6.0,2.8,2.6
1713488400,Alianza Lima,Sport Boys,0.0,2.0717171717171716,0.8727272727272728,1.8095959595959596,53.79848484848485,2.0761616161616163,2.479040404040405,4.5,0.5974025974025974,1.481962481962482,0.4083694083694084,46.67316017316017,0.8471861471861475,2.9621933621933616,3.8,0,1.0,1.0,0,3.0,0.0,6.6,4.2,2.3,3.1
1713556800,Union Comercio,Universitario,0.0,1.4857142857142858,1.8800000000000001,1.2428571428571429,51.40857142857143,1.6071428571428572,2.475714285714287,4.5,1.02,0.875,1.58,48.2175,1.1567500000000002,2.6675,3.8,0,1.0,1.0,2,1.0,2.0,5.4,5.4,2.8,2.6
1713574800,Cienciano,Deportivo Garcilaso,0.0,1.9232673267326732,1.4722772277227725,1.807920792079208,52.67648514851486,1.9423267326732674,2.3297029702970304,4.5,1.1722772277227722,1.6232673267326734,0.8351485148514852,47.32351485148514,1.2934653465346535,2.8918316831683164,3.8,0,1.0,1.0,2,0.0,2.0,4.8,5.4,2.8,2.6
1713636000,Club Deportivo Los Chankas,Sport Huancayo,0.0,1.4691176470588234,1.0245098039215685,1.5034313725490194,52.66691176470589,1.5942156862745098,2.480637254901962,4.5,1.0280112044817926,1.907563025210084,0.8459383753501402,46.680672268907564,1.163025210084034,2.8899159663865546,3.8,0,1.0,1.0,0,6.0,0.0,8.399999999999999,4.2,2.3,3.1
1713645000,Carlos A. Mannucci,UTC Cajamarca,0.0,1.029611650485437,2.0718446601941745,1.3563106796116504,50.4366504854369,1.2575728155339805,2.555339805825244,4.5,0.7392510402219139,1.633841886269071,0.5575589459084604,46.658113730929266,0.9321775312066577,2.8905686546463247,3.8,0,1.0,1.0,0,2.0,0.0,6.0,4.2,2.3,3.1
1713645000,ADT,Cesar Vallejo,0.0,2.0631868131868134,0.8791208791208791,2.0961538461538463,53.776098901098905,2.0549450549450547,2.3343406593406604,4.5,0.7192307692307691,2.0802884615384616,0.5355769230769232,45.95841346153846,0.9312019230769235,2.892307692307692,3.8,0,1.0,1.0,0,1.0,0.0,5.4,4.2,2.3,3.1
1713715200,Sporting Cristal,Cusco,0.0,2.775510204081633,1.019047619047619,2.242176870748299,54.634693877551015,2.624761904761905,2.4054421768707495,4.5,0.7166666666666666,1.6285714285714288,0.8333333333333335,46.63214285714286,0.9292857142857147,2.892857142857143,3.8,0,1.0,1.0,0,2.0,0.0,6.0,4.2,2.3,3.1
1713727800,Atletico Grau,FBC Melgar,0.0,1.4792452830188678,0.7141509433962263,1.814622641509434,53.14764150943397,1.602169811320755,2.3294811320754727,4.5,1.1590296495956873,1.6334231805929922,0.9784366576819408,47.288409703504044,1.2684636118598387,2.821024258760108,3.8,0,1.0,1.0,2,1.0,2.0,5.4,5.4,2.8,2.6
1713902400,Comerciantes Unidos,Alianza Atletico,0.0,1.6315086782376502,1.3044058744993323,1.6688918558077437,52.49065420560747,1.7380507343124165,2.4061415220293734,4.5,0.26635514018691586,1.627570093457944,0.385981308411215,45.95817757009346,0.599065420560748,2.9677570093457946,3.8,0,1.0,1.0,1,0.0,0.0,4.8,4.2,2.3,2.6
1714161600,Sport Huancayo,Carlos A. Mannucci,0.0,1.7736111111111112,1.1638888888888888,1.508333333333333,52.91458333333333,1.8378240740740739,2.4800925925925936,4.5,0.873015873015873,2.3412698412698414,0.5555555555555556,45.797619047619044,1.0539682539682542,2.8910052910052912,3.8,0,1.0,1.0,0,1.0,0.0,5.4,4.2,2.3,3.1
1714240800,Sport Boys,Union Comercio,0.0,1.6220183486238535,0.5614678899082569,1.9610091743119267,53.59082568807339,1.7165137614678896,2.4048165137614688,4.5,0.7114678899082568,1.6220183486238535,0.38394495412844043,46.63417431192661,0.9254128440366977,2.967660550458716,3.8,0,1.0,1.0,1,0.0,0.0,4.8,4.2,2.3,2.6
1714248000,UTC Cajamarca,Atletico Grau,0.0,1.7681818181818183,1.009090909090909,1.5090909090909088,53.138636363636365,1.8336363636363635,2.479545454545456,4.5,0.7246753246753246,1.3350649350649348,0.838961038961039,47.08441558441559,0.935584415584416,2.8909090909090915,3.8,0,1.0,1.0,0,3.0,2.0,6.6,5.4,2.3,3.1
1714257000,Cusco,Cienciano,0.0,1.6241956241956244,0.7271557271557272,2.384813384813385,53.34555984555985,1.7039897039897038,2.333462033462035,4.5,1.1557271557271558,1.3384813384813383,1.4079794079794081,47.72586872586872,1.2517374517374522,2.748648648648649,3.8,0,1.0,1.0,0,2.0,0.0,6.0,4.2,2.3,3.1
1714332600,Alianza Atletico,ADT,0.0,1.625,0.7244897959183674,1.9591836734693877,53.35076530612245,1.718877551020408,2.4045918367346952,4.5,1.3089285714285712,1.921875,0.8299107142857144,47.080580357142864,1.373526785714286,2.8930803571428574,3.8,0,1.0,1.0,2,1.0,2.0,5.4,5.4,2.8,2.6
1714343400,FBC Melgar,Alianza Lima,0.0,1.920353982300885,0.561061946902655,2.7101769911504423,54.03893805309734,1.9402654867256635,2.3298672566371694,4.5,1.7269279393173198,1.1946902654867255,1.5537294563843238,48.7983565107459,1.7087231352718082,2.8199747155499373,3.8,0,1.0,1.0,0,1.0,0.0,5.4,4.2,2.3,3.1
1714352400,Universitario,Comerciantes Unidos,0.0,1.4786967418546366,0.29573934837092736,2.671679197994987,53.774436090225564,1.587468671679198,2.3338345864661667,4.5,1.7587719298245614,2.2188596491228068,1.5824561403508772,47.30986842105263,1.718421052631579,2.817982456140351,3.8,0,1.0,1.0,0,6.0,0.0,8.399999999999999,4.2,2.3,3.1
1714352400,Deportivo Garcilaso,Club Deportivo Los Chankas,0.0,1.4894409937888198,1.5788819875776399,1.1031055900621118,51.865838509316774,1.6103105590062112,2.5478260869565235,4.5,0.8645962732919256,2.48944099378882,0.26335403726708073,45.56273291925466,1.0334161490683234,3.035403726708075,3.8,0,1.0,1.0,1,1.0,1.0,5.4,4.8,2.3,2.6
1714438800,Cesar Vallejo,Sporting Cristal,0.0,1.7733990147783252,1.1502463054187193,1.8152709359605912,52.9347290640394,1.8374384236453203,2.333251231527095,4.5,2.2064655172413796,1.3267241379310344,2.1806034482758623,49.31961206896552,2.0765948275862076,2.6678879310344836,3.8,0,1.0,1.0,0,2.0,1.0,6.0,4.8,2.3,3.1
1714766400,ADT,Universitario,0.0,2.0773504273504275,0.7064102564102563,2.415811965811966,54.05641025641025,2.0657264957264956,2.328846153846155,4.5,1.1612535612535613,1.0020892687559355,1.6032288698955366,48.23874643874644,1.2701804368471037,2.6607787274453942,3.8,0,1.0,1.0,0,2.0,0.0,6.0,4.2,2.3,3.1
1714777200,Cienciano,Cesar Vallejo,0.0,1.6248587570621469,1.4704331450094161,1.6606403013182673,52.23163841807909,1.7188323917137474,2.4032015065913384,4.5,0.6926553672316385,1.6248587570621469,0.5126177024482109,46.601694915254235,0.9109604519774015,2.894538606403014,3.8,0,1.0,1.0,1,1.0,1.0,5.4,4.8,2.3,2.6
1714786200,Alianza Lima,UTC Cajamarca,0.0,2.556862745098039,0.6926237161531279,2.2812324929971988,54.79635854341737,2.4488515406162468,2.4029878618113925,4.5,0.5542016806722689,1.7764705882352942,0.376890756302521,46.16659663865546,0.7997058823529415,2.9682773109243703,3.8,0,1.0,1.0,0,1.0,0.0,5.4,4.2,2.3,3.1
1714845600,Club Deportivo Los Chankas,Cusco,0.0,2.088888888888889,1.0018518518518518,1.5055555555555555,53.63055555555555,2.0900000000000003,2.480555555555557,4.5,0.6907407407407408,1.6222222222222222,0.8222222222222222,46.602777777777774,0.9094444444444447,2.894444444444445,3.8,0,1.0,1.0,0,2.0,0.0,6.0,4.2,2.3,3.1
1714854600,Carlos A. Mannucci,Deportivo Garcilaso,0.0,1.1561065197428835,1.6222222222222222,1.8187327823691462,51.30082644628099,1.3593021120293844,2.480348943985309,4.5,1.4666666666666668,1.311662075298439,1.2872359963269053,48.232506887052345,1.514729109274564,2.8170798898071627,3.8,0,1.0,1.0,1,1.0,1.0,5.4,4.8,2.3,2.6
1714854600,Comerciantes Unidos,Union Comercio,0.0,1.1741803278688525,1.0,1.369262295081967,52.26127049180328,1.3880327868852458,2.4026639344262306,4.5,0.6888888888888889,1.4659380692167576,0.5096539162112932,46.834426229508196,0.9079781420765032,2.8943533697632065,3.8,0,1.0,1.0,0,3.0,1.0,6.6,4.8,2.3,3.1
1714924800,Sporting Cristal,Alianza Atletico,0.0,2.2268292682926827,0.7,2.2715447154471544,54.29024390243903,2.185121951219512,2.402439024390245,4.5,0.2222222222222222,1.4682926829268292,0.5080397470641373,46.13089430894309,0.5656729900632342,2.89476061427281,3.8,0,1.0,1.0,0,2.0,1.0,6.0,4.8,2.3,3.1
1714939200,FBC Melgar,Sport Boys,0.0,1.935483870967742,0.5333333333333333,2.7544802867383513,54.10322580645161,1.9516129032258063,2.3241935483870977,4.5,0.55,1.7774193548387098,0.369758064516129,46.15887096774193,0.8112903225806454,2.9695564516129043,3.8,0,1.0,1.0,0,2.0,1.0,6.0,4.8,2.3,3.1
1715023800,Atletico Grau,Sport Huancayo,0.0,1.4693333333333332,1.0,1.3564444444444443,52.704,1.594222222222222,2.401777777777779,4.5,0.7,2.8280000000000003,0.368,44.80800000000001,0.9162000000000003,2.9700000000000006,3.8,0,1.0,1.0,1,0.0,0.0,4.8,4.2,2.3,2.6
1715369400,Union Comercio,ADT,0.0,1.3246031746031746,1.8980158730158732,1.0742063492063494,51.13988095238095,1.4784523809523809,2.5517857142857157,4.5,1.6204585537918872,1.7774250440917108,1.2828924162257493,47.764550264550266,1.6064197530864202,2.8172839506172846,3.8,0,1.0,1.0,1,2.0,2.0,6.0,5.4,2.3,2.6
1715457600,Sport Boys,Comerciantes Unidos,0.0,1.3112860892388452,0.5333333333333333,1.6643919510061242,53.16692913385827,1.4834645669291338,2.4013998250218735,4.5,1.311111111111111,3.022397200349956,1.1275590551181103,45.43307086614173,1.3744181977252847,2.894575678040246,3.8,0,1.0,1.0,1,1.0,1.0,5.4,4.8,2.3,2.6
1715459400,Cusco,Carlos A. Mannucci,0.0,1.773828125,0.55,2.720703125,53.8357421875,1.8227734375,2.326367187500001,4.5,0.55,2.223828125,0.36875,45.4892578125,0.8111328125000001,2.9683593750000012,3.8,0,1.0,1.0,0,3.0,0.0,6.6,4.2,2.3,3.1
1715470200,Sport Huancayo,Alianza Lima,0.0,1.6234280792420326,1.153832902670112,1.509216192937123,52.70439276485788,1.7175710594315243,2.478811369509045,4.5,1.4480620155038761,1.3263565891472866,1.1170542635658913,48.18255813953489,1.4996899224806204,2.893798449612404,3.8,0,1.0,1.0,2,0.0,2.0,4.8,5.4,2.8,2.6
1715479200,Cesar Vallejo,Club Deportivo Los Chankas,0.0,1.6230769230769233,1.0,1.8192307692307694,52.934615384615384,1.717307692307692,2.3269230769230784,4.5,0.7,2.2230769230769227,0.37115384615384617,45.71538461538461,0.9011538461538464,2.968269230769232,3.8,0,1.0,1.0,1,1.0,1.0,5.4,4.8,2.3,2.6
1715536800,UTC Cajamarca,FBC Melgar,0.0,1.6193384223918574,1.311111111111111,1.5044953350296861,52.46234096692112,1.7144189991518233,2.4793044953350307,4.5,1.15,1.3217557251908396,1.421374045801527,47.74236641221374,1.2610687022900766,2.7427480916030547,3.8,0,1.0,1.0,2,2.0,6.0,6.0,7.8,2.8,2.6
1715544000,Deportivo Garcilaso,Atletico Grau,0.0,1.622348484848485,1.4594696969696972,1.2140151515151514,52.24431818181818,1.7016666666666667,2.4774621212121226,4.5,1.009469696969697,1.622348484848485,0.8253787878787879,47.08068181818182,1.1485606060606064,2.8922348484848497,3.8,0,1.0,1.0,1,0.0,0.0,4.8,4.2,2.3,2.6
1715556600,Universitario,Sporting Cristal,0.0,2.219172932330827,0.2575187969924812,2.712406015037594,54.94248120300752,2.1792857142857143,2.3272556390977455,4.5,2.0955722639933168,1.3059314954051797,2.0671679197994988,49.18446115288221,1.9863157894736845,2.7370927318295752,3.8,0,1.0,1.0,0,4.0,1.0,7.199999999999999,4.8,2.3,3.1
1715628600,Alianza Atletico,Cienciano,0.0,1.7735074626865672,0.7074626865671642,1.9645522388059702,53.5990671641791,1.8227238805970145,2.4020522388059713,4.5,1.0074626865671643,1.473507462686567,1.2738805970149252,47.300932835820895,1.1469776119402988,2.8171641791044784,3.8,0,1.0,1.0,2,0.0,1.0,4.8,4.8,2.8,2.6
1715974200,Atletico Grau,Cusco,0.0,1.1362962962962964,0.6859259259259258,1.3288888888888888,52.67555555555556,1.344296296296296,2.4022222222222234,4.5,0.6859259259259258,1.4562962962962962,0.8222222222222223,46.84444444444444,0.9054814814814818,2.893333333333334,3.8,0,1.0,1.0,0,4.0,0.0,7.199999999999999,4.2,2.3,3.1
1716062400,Sporting Cristal,Union Comercio,0.0,1.9330065359477124,0.6937908496732026,2.2784313725490195,53.858823529411765,1.9499999999999997,2.4022875816993476,4.5,0.6844117647058823,1.6197058823529413,0.5008823529411766,46.59705882352941,0.9043529411764707,2.893676470588236,3.8,0,1.0,1.0,0,5.0,1.0,7.8,4.8,2.3,3.1
1716073200,FBC Melgar,Sport Huancayo,0.0,1.9445255474452554,0.5243795620437957,2.772262773722628,54.13021897810219,1.958832116788321,2.321897810218979,4.5,0.5381995133819951,2.7161394971613952,0.35506893755068936,44.733090024330906,0.802514193025142,2.9711273317112745,3.8,0,1.0,1.0,0,4.0,1.0,7.199999999999999,4.8,2.3,3.1
1716141600,ADT,Comerciantes Unidos,0.0,1.786473429951691,0.693719806763285,2.43768115942029,53.63913043478261,1.8327214170692427,2.324154589371982,4.5,1.3243478260869563,2.4278260869565216,1.2982608695652171,46.34478260869565,1.3841739130434783,2.814347826086957,3.8,0,1.0,1.0,0,2.0,0.0,6.0,4.2,2.3,3.1
1716150600,Club Deportivo Los Chankas,Alianza Atletico,0.0,2.2682014388489207,0.6828776978417266,1.9755395683453236,54.377985611510795,2.233726618705036,2.4015827338129507,4.5,0.3628776978417266,1.1482014388489208,0.4969784172661871,46.82201438848921,0.6630791366906477,2.8946762589928063,3.8,0,1.0,1.0,0,2.0,0.0,6.0,4.2,2.3,3.1
1716159600,Carlos A. Mannucci,Cesar Vallejo,0.0,1.3085714285714285,1.1614285714285713,1.977142857142857,52.22071428571429,1.4659999999999997,2.4014285714285726,4.5,0.8414285714285715,1.4685714285714284,0.6557142857142857,47.059285714285714,1.0140000000000002,2.815000000000001,3.8,0,1.0,1.0,1,0.0,0.0,4.8,4.2,2.3,2.6
1716166800,Alianza Lima,Deportivo Garcilaso,0.0,1.946099290780142,0.52,2.295886524822695,54.139148936170216,1.960141843971631,2.4012765957446818,4.5,1.6400000000000001,1.3060992907801419,1.4558865248226953,48.50085106382979,1.636936170212766,2.7346099290780153,3.8,0,1.0,1.0,0,3.0,2.0,6.6,5.4,2.3,3.1
1716235200,UTC Cajamarca,Sport Boys,0.0,1.947887323943662,2.2814084507042254,1.3374647887323943,51.499718309859155,1.9615492957746476,2.5611267605633814,4.5,0.37934272300469485,1.6309859154929578,0.3496087636932707,46.1225352112676,0.6755555555555558,2.972143974960878,3.8,0,1.0,1.0,2,2.0,4.0,6.0,6.6,2.8,2.6
1716253200,Cienciano,Universitario,0.0,1.3082517482517482,1.3255944055944053,1.3348251748251747,51.97398601398602,1.4658181818181817,2.4016783216783226,4.5,1.1655944055944054,1.3082517482517482,1.4576223776223778,47.78601398601399,1.2732867132867134,2.7345454545454557,3.8,0,1.0,1.0,1,0.0,0.0,4.8,4.2,2.3,2.6
1716591600,Cusco,Alianza Lima,0.0,2.0953703703703703,0.537962962962963,2.748456790123457,54.33611111111111,2.08,2.323919753086421,4.5,1.3157407407407407,1.162037037037037,1.1308641975308642,48.23055555555556,1.3935802469135807,2.89351851851852,3.8,0,1.0,1.0,0,3.0,0.0,6.6,4.2,2.3,3.1
1716600600,Cesar Vallejo,Atletico Grau,0.0,1.6306513409961685,1.0030651340996168,1.8168582375478928,52.94137931034483,1.7237547892720304,2.323754789272032,4.5,0.6919540229885057,1.3195402298850574,0.8183908045977011,47.05862068965517,0.9101915708812264,2.8938697318007676,3.8,0,1.0,1.0,0,2.0,1.0,6.0,4.8,2.3,3.1
1716652800,Sport Huancayo,UTC Cajamarca,0.0,0.9879452054794522,1.4827397260273976,1.0167123287671234,51.25780821917808,1.2256438356164383,2.56123287671233,4.5,0.5363774733637747,1.6310502283105022,0.35038051750380517,46.357990867579915,0.7856621004566211,2.9719939117199408,3.8,0,1.0,1.0,1,1.0,1.0,5.4,4.8,2.3,2.6
1716667200,Universitario,Club Deportivo Los Chankas,0.0,2.5632653061224486,0.38080120937263795,2.7505668934240366,55.27369614512472,2.4542403628117917,2.3234315948601676,4.5,0.6919123204837491,1.7854875283446714,0.5061224489795918,46.35963718820862,0.8944671201814061,2.893801965230538,3.8,0,1.0,1.0,0,4.0,0.0,7.199999999999999,4.2,2.3,3.1
1716667200,Comerciantes Unidos,Sporting Cristal,0.0,1.3222222222222222,0.845945945945946,1.6633633633633633,52.714414414414414,1.5080480480480483,2.4010510510510525,4.5,1.6413513513513516,1.95,1.6143243243243244,47.53702702702703,1.622,2.8147297297297307,3.8,0,1.0,1.0,2,0.0,1.0,4.8,4.8,2.8,2.6
1716667200,Deportivo Garcilaso,FBC Melgar,0.0,1.3196122296793438,1.468158090976883,0.8827740492170022,51.77718120805369,1.4749739000745712,2.4794183445190168,4.5,2.090380313199105,1.3196122296793438,1.9079791200596572,49.15615212527965,1.997703206562267,2.66040268456376,3.8,0,1.0,1.0,2,1.0,3.0,5.4,6.0,2.8,2.6
1716751800,Alianza Atletico,Carlos A. Mannucci,0.0,1.4740740740740739,0.8488888888888889,1.5022222222222221,52.93777777777778,1.5985185185185184,2.4800000000000013,4.5,0.5377777777777778,2.0962962962962965,0.3555555555555555,45.662222222222226,0.8022222222222224,2.971111111111113,3.8,0,1.0,1.0,1,0.0,0.0,4.8,4.2,2.3,2.6
1716753600,Sport Boys,ADT,0.0,0.9843708609271524,0.6826490066225165,1.3308609271523177,52.452582781456954,1.2229403973509934,2.4018543046357625,4.5,1.6426490066225168,1.7843708609271525,1.3001324503311258,47.78741721854305,1.6229933774834442,2.8136423841059615,3.8,0,1.0,1.0,0,1.0,0.0,5.4,4.2,2.3,3.1
1716838200,Union Comercio,Cienciano,0.0,1.4704678362573098,1.7792397660818713,1.1915204678362574,51.53684210526316,1.5957309941520466,2.4796783625731007,4.5,0.8459064327485379,1.3149122807017544,1.287719298245614,47.296491228070174,1.0177777777777781,2.815497076023393,3.8,0,1.0,1.0,1,1.0,1.0,5.4,4.8,2.3,2.6
1720807200,Union Comercio,Club Deportivo Los Chankas,0.0,1.3024836601307188,1.9613071895424838,0.8512418300653595,51.01176470588236,1.4613856209150327,2.4815686274509816,4.5,0.5213071895424837,2.1024836601307193,0.4990849673202615,45.628235294117644,0.7739346405228759,2.893594771241831,3.8,0,1.0,1.0,2,1.0,2.0,5.4,5.4,2.8,2.6
1720815300,ADT,Sporting Cristal,0.0,1.7815584415584418,0.6825974025974025,2.448831168831169,53.648441558441554,1.8286233766233764,2.322077922077923,4.5,1.493270365997639,1.7832349468713105,1.6380165289256199,47.56505312868949,1.5026446280991734,2.812042502951595,3.8,0,1.0,1.0,0,3.0,1.0,6.6,4.8,2.3,3.1
1720828800,Deportivo Garcilaso,UTC Cajamarca,0.0,1.1432258064516128,1.6425806451612905,0.6903225806451613,51.25096774193548,1.3339354838709676,2.561935483870969,4.5,0.6825806451612902,1.4632258064516126,0.5006451612903227,46.829032258064515,0.8868387096774195,2.8935483870967755,3.8,0,1.0,1.0,0,1.0,0.0,5.4,4.2,2.3,3.1
1720893600,Comerciantes Unidos,Cienciano,0.0,1.3023076923076922,1.0012820512820513,1.4917948717948717,52.45153846153846,1.493179487179487,2.481794871794873,4.5,0.8412820512820514,1.3023076923076922,1.2994871794871794,47.308461538461536,1.0138717948717952,2.813846153846155,3.8,0,1.0,1.0,2,1.0,2.0,5.4,5.4,2.8,2.6
1720902600,Cesar Vallejo,Alianza Lima,0.0,1.6214012738853505,0.842547770700637,2.129426751592357,53.16828025477707,1.7164331210191082,2.3222929936305743,4.5,1.3225477707006368,1.3014012738853502,1.1421656050955413,48.03171974522293,1.3988280254777072,2.893503184713377,3.8,0,1.0,1.0,2,2.0,3.0,6.0,6.0,2.8,2.6
1720911600,Universitario,Carlos A. Mannucci,0.0,2.9017721518987347,0.36506329113924046,2.767088607594937,55.80506329113924,2.724708860759493,2.322784810126583,4.5,0.20506329113924043,1.7817721518987342,0.3448101265822785,45.634936708860764,0.5527848101265824,2.9731645569620273,3.8,0,1.0,1.0,0,6.0,0.0,8.399999999999999,4.2,2.3,3.1
1720980000,Alianza Atletico,Atletico Grau,0.0,0.9871698113207548,0.8437735849056605,1.1685534591194968,52.21509433962264,1.225006289308176,2.4826415094339636,4.5,0.8437735849056605,1.4671698113207545,0.8236477987421384,47.064905660377356,1.0158238993710695,2.893459119496857,3.8,0,1.0,1.0,1,0.0,0.0,4.8,4.2,2.3,2.6
1720987200,Sport Boys,Sport Huancayo,0.0,0.8045454545454545,0.6749999999999999,1.315909090909091,52.19431818181818,1.079431818181818,2.4022727272727282,4.5,0.6824999999999999,3.065,0.34375,44.426249999999996,0.9028750000000001,2.973125000000002,3.8,0,1.0,1.0,0,2.0,1.0,6.0,4.8,2.3,3.1
1720988100,Cusco,FBC Melgar,0.0,2.265341614906832,0.5224844720496895,2.7689440993788823,54.614285714285714,2.2156273291925466,2.322360248447206,4.5,2.6024844720496896,1.4653416149068321,2.262608695652174,49.705714285714286,2.390807453416149,2.6534161490683243,3.8,0,1.0,1.0,2,0.0,3.0,4.8,6.0,2.8,2.6
1721412000,UTC Cajamarca,Cusco,0.0,1.9483726150392817,2.477216610549944,1.315151515151515,51.206734006734,1.961840628507295,2.5662177328844007,4.5,0.3499438832772166,1.7847362514029181,0.6592592592592592,45.84781144781145,0.6533782267115601,2.9755331088664434,3.8,0,1.0,1.0,0,2.0,1.0,6.0,4.8,2.3,3.1
1721420100,Sport Huancayo,Deportivo Garcilaso,0.0,0.8032348020078081,1.3317345231455662,0.9891801450083659,51.207250418293356,1.0784383714445063,2.566090351366426,4.5,1.986279977691021,1.294143892916899,1.4764082543223649,49.03820412716118,1.8969436698271056,2.7303402119353057,3.8,0,1.0,1.0,0,1.0,0.0,5.4,4.2,2.3,3.1
1721498400,Club Deportivo Los Chankas,Comerciantes Unidos,0.0,2.2751662971175164,0.6760532150776053,1.9722838137472283,54.39866962305987,2.23960088691796,2.4023281596452337,4.5,0.839689578713969,2.4388026607538804,0.8208425720620843,45.601330376940126,1.0124611973392463,2.894235033259425,3.8,0,1.0,1.0,0,2.0,0.0,6.0,4.2,2.3,3.1
1721506500,FBC Melgar,Cesar Vallejo,0.0,2.1118457300275484,0.5112947658402204,2.7917355371900827,54.40082644628099,2.0925619834710742,2.3203856749311305,4.5,0.8385674931129478,1.1300275482093665,0.8198347107438018,47.562809917355374,1.0116253443526173,2.73085399449036,3.8,0,1.0,1.0,0,5.0,2.0,7.8,5.4,2.3,3.1
1721520000,Alianza Lima,Alianza Atletico,0.0,2.2790799561883897,0.5123767798466594,2.792990142387733,54.65005476451259,2.226330777656079,2.320262869660461,4.5,0.3487404162102957,1.1336254107338444,0.491566265060241,46.82267250821467,0.6524424972617746,2.894742606790801,3.8,0,1.0,1.0,0,2.0,0.0,6.0,4.2,2.3,3.1
1721584800,Atletico Grau,Universitario,0.0,1.6248230811105064,0.5112683723462167,1.6487751769188896,53.67033206314643,1.735634186173108,2.401959716929778,4.5,0.838541099618944,0.9702776265650517,1.4724006532389768,47.80239520958084,1.0279804028307025,2.731355470876431,3.8,0,1.0,1.0,1,1.0,1.0,5.4,4.8,2.3,2.6
1721592000,Carlos A. Mannucci,Union Comercio,0.0,0.9694805194805195,1.002164502164502,1.6478354978354979,51.95097402597403,1.2113419913419912,2.401839826839828,4.5,0.5112554112554113,2.1149350649350653,0.32705627705627704,45.59448051948051,0.7661038961038963,2.976515151515153,3.8,0,1.0,1.0,1,0.0,0.0,4.8,4.2,2.3,2.6
1721592900,Sporting Cristal,Sport Boys,0.0,2.584378698224852,0.8411834319526628,2.2915976331360945,54.614792899408286,2.4709349112426033,2.4018934911242615,4.5,1.0011834319526627,1.6243786982248523,0.8198816568047338,47.065207100591714,1.1578224852071008,2.8938461538461553,3.8,0,1.0,1.0,0,4.0,0.0,7.199999999999999,4.2,2.3,3.1
1721602800,Cienciano,ADT,0.0,0.9700534759358289,1.0,1.320855614973262,51.95508021390374,1.2118716577540105,2.4016042780748674,4.5,1.4909090909090912,1.4609625668449198,1.3080213903743316,48.04491978609625,1.5172192513368987,2.812834224598932,3.8,0,1.0,1.0,2,0.0,1.0,4.8,4.8,2.8,2.6
1721930400,Alianza Atletico,FBC Melgar,0.0,0.8045720361509834,0.6727272727272726,1.1552365762892078,52.197767145135565,1.0959383306751724,2.483838383838385,4.5,2.8000000000000003,1.2954811270600743,2.2920786815523657,50.25677830940988,2.5480808080808086,2.6489101541733135,3.8,0,1.0,1.0,0,3.0,1.0,6.6,4.8,2.3,3.1
1721938500,Cusco,Sport Huancayo,0.0,2.1150105708245244,1.0,2.3019027484143764,53.672515856236785,2.1115433403805497,2.4019027484143773,4.5,0.509090909090909,2.9331923890063427,0.32748414376321355,44.36384778012685,0.7643974630021143,2.9764270613107837,3.8,0,1.0,1.0,0,3.0,0.0,6.6,4.2,2.3,3.1
1721952000,Cesar Vallejo,UTC Cajamarca,0.0,1.952706253284288,1.3262217551234892,1.975827640567525,52.939726747241195,1.9653179190751442,2.4017866526537057,4.5,0.508039936941671,1.2981607987388333,0.49017341040462425,46.814818707304255,0.7636153441933791,2.894850236468735,3.8,0,1.0,1.0,0,2.0,0.0,6.0,4.2,2.3,3.1
1722024900,Comerciantes Unidos,Carlos A. Mannucci,0.0,0.9711598746081505,0.9979101358411704,0.9951933124346918,51.95987460815047,1.2291536050156737,2.565308254963429,4.5,0.1797283176593521,2.2802507836990595,0.32560083594566347,44.84921630094044,0.5337513061650995,2.9769070010449337,3.8,0,1.0,1.0,0,2.0,1.0,6.0,4.8,2.3,3.1
1722034800,Deportivo Garcilaso,Sport Boys,0.0,1.135064935064935,1.3251948051948053,1.16,51.714805194805194,1.3275324675324676,2.483376623376625,4.5,0.9979220779220779,2.116883116883117,0.8155844155844156,46.321558441558444,1.1555324675324679,2.895324675324677,3.8,0,1.0,1.0,0,2.0,0.0,6.0,4.2,2.3,3.1
1722043800,Universitario,Alianza Lima,0.0,3.753512396694215,0.34235537190082643,2.7975206611570247,57.11673553719008,3.405909090909091,2.319628099173555,4.5,1.6514462809917356,1.2989669421487602,1.6328512396694217,48.52871900826446,1.6620454545454548,2.8137396694214893,3.8,0,1.0,1.0,0,2.0,1.0,6.0,4.8,2.3,3.1
1722103200,Sporting Cristal,Cienciano,0.0,3.0992295839753465,0.5060092449922958,2.7986646122239343,55.889830508474574,2.882465331278891,2.3195172059578852,4.5,1.1605546995377503,1.1355932203389831,1.7955829481253212,48.03744221879815,1.2529224447868517,2.7321520287622003,3.8,0,1.0,1.0,0,5.0,1.0,7.8,4.8,2.3,3.1
1722111300,ADT,Club Deportivo Los Chankas,0.0,1.9570990806945863,0.6696629213483145,2.472522982635342,53.931154239019406,1.968743615934627,2.3194075587334027,4.5,0.8332992849846783,1.7934627170582227,0.9765066394279878,46.55975485188968,1.007436159346272,2.8141981613891742,3.8,0,1.0,1.0,0,2.0,1.0,6.0,4.8,2.3,3.1
1722283200,Deportivo Garcilaso,Cusco,0.0,1.12756052141527,0.8305400372439479,1.6508379888268156,52.44553072625698,1.321508379888268,2.4010242085661093,4.5,0.4972067039106145,1.9608938547486034,0.6443202979515829,45.80446927374302,0.7551210428305402,2.979888268156426,3.8,0,1.0,1.0,2,0.0,2.0,4.8,5.4,2.8,2.6
1722369600,Sport Boys,Cienciano,0.0,1.1259259259259258,0.8314814814814815,1.6490740740740741,52.44166666666666,1.3202777777777777,2.40138888888889,4.5,0.9981481481481481,1.7925925925925925,1.3129629629629629,46.80833333333333,1.1225,2.8129629629629647,3.8,0,1.0,1.0,0,2.0,0.0,6.0,4.2,2.3,3.1
1722369600,Sport Huancayo,Cesar Vallejo,0.0,0.9594843462246777,0.9972375690607735,1.4834254143646408,51.94337016574586,1.1871086556169428,2.4846224677716404,4.5,0.9972375690607735,1.792817679558011,0.64548802946593,46.80662983425414,1.1384898710865563,2.8131675874769813,3.8,0,1.0,1.0,0,1.0,0.0,5.4,4.2,2.3,3.1
1722385800,Alianza Lima,Union Comercio,0.0,2.1254578754578755,0.49633699633699635,2.8177655677655675,54.44368131868132,2.1032051282051283,2.317857142857144,4.5,0.49633699633699635,1.9587912087912087,0.47802197802197804,45.80631868131868,0.7544871794871796,2.896703296703298,3.8,0,1.0,1.0,0,1.0,0.0,5.4,4.2,2.3,3.1
1722448800,Atletico Grau,Comerciantes Unidos,0.0,1.2914389799635702,0.6621129326047358,1.3187613843351547,52.94398907103825,1.4693078324225863,2.4010928961748643,4.5,0.4954462659380692,2.6247723132969036,0.3105646630236794,44.80601092896175,0.753825136612022,2.980236794171222,3.8,0,1.0,1.0,0,3.0,0.0,6.6,4.2,2.3,3.1
1722456900,Club Deportivo Los Chankas,Sporting Cristal,0.0,2.6259057971014492,0.4945652173913043,2.486413043478261,55.19701086956522,2.503532608695652,2.317663043478262,4.5,1.3278985507246377,2.1259057971014492,1.1431159420289854,46.80298913043478,1.3698369565217392,2.8971014492753637,3.8,0,1.0,1.0,1,3.0,3.0,6.6,6.0,2.3,2.6
1722472200,Carlos A. Mannucci,ADT,0.0,0.7936936936936936,0.9963963963963964,1.3189189189189188,51.69594594594595,1.0877477477477475,2.400900900900902,4.5,1.3297297297297297,1.4603603603603603,1.3099099099099099,47.80405405405405,1.387927927927928,2.813513513513515,3.8,0,1.0,1.0,0,3.0,2.0,6.6,5.4,2.3,3.1
1722474000,FBC Melgar,Universitario,0.0,2.628136200716846,0.8306451612903226,2.8198924731182795,54.696236559139784,2.5052867383512543,2.3174731182795707,4.5,0.9973118279569892,1.1281362007168458,1.4758064516129035,47.803763440860216,1.138620071684588,2.7303763440860234,3.8,0,1.0,1.0,0,1.0,0.0,5.4,4.2,2.3,3.1
1722542400,UTC Cajamarca,Alianza Atletico,0.0,2.127450980392157,2.329768270944742,1.820855614973262,51.69652406417112,2.104723707664884,2.484046345811053,4.5,0.3297682709447415,1.4607843137254901,0.3083778966131907,46.303475935828885,0.6379679144385029,2.9805704099821764,3.8,0,1.0,1.0,1,1.0,1.0,5.4,4.8,2.3,2.6
1722715200,Comerciantes Unidos,Alianza Lima,0.0,1.2934397163120566,0.9964539007092199,1.4867021276595744,52.44547872340426,1.4708333333333332,2.483953900709221,4.5,1.1631205673758864,1.62677304964539,1.1418439716312057,47.30452127659574,1.271276595744681,2.896985815602838,3.8,0,1.0,1.0,2,1.0,3.0,5.4,6.0,2.8,2.6
1722726000,Cienciano,Club Deportivo Los Chankas,0.0,0.6261022927689595,0.998236331569665,0.818342151675485,51.44179894179894,0.9536155202821868,2.484303350970019,4.5,0.998236331569665,1.792768959435626,0.9770723104056438,46.80820105820106,1.122663139329806,2.8134038800705485,3.8,0,1.0,1.0,1,0.0,0.0,4.8,4.2,2.3,2.6
1722735000,Cesar Vallejo,Deportivo Garcilaso,0.0,1.7912280701754386,1.1640350877192982,1.9842105263157894,52.94078947368421,1.8357894736842102,2.4008771929824575,4.5,1.330701754385965,1.4578947368421054,0.9771929824561404,47.80921052631579,1.388684210526316,2.8131578947368436,3.8,0,1.0,1.0,2,0.0,2.0,4.8,5.4,2.8,2.6
1722787200,Sporting Cristal,Carlos A. Mannucci,0.0,3.2897033158813263,0.6649214659685864,2.8158813263525304,55.93717277486911,3.0346422338568932,2.317888307155324,4.5,0.331588132635253,2.2897033158813263,0.31239092495637,45.062827225130896,0.6393542757417104,2.979581151832462,3.8,0,1.0,1.0,0,4.0,0.0,7.199999999999999,4.2,2.3,3.1
1722795000,Union Comercio,FBC Melgar,0.0,1.4636363636363636,1.6517045454545456,0.8365530303030302,51.71789772727273,1.5740340909090906,2.4830492424242436,4.5,2.6640625,1.4583333333333335,2.1449652777777777,49.80859375,2.438715277777778,2.7297743055555577,3.8,0,1.0,1.0,0,2.0,1.0,6.0,4.8,2.3,3.1
1722802800,ADT,Atletico Grau,0.0,1.9585492227979275,0.49740932642487046,2.8177892918825562,54.19170984455958,1.9696891191709842,2.3177029360967194,4.5,0.6699010833725859,1.463871879415921,0.48459726801695713,46.80904380593499,0.8931135186057468,2.8963259538389092,3.8,0,1.0,1.0,2,1.0,2.0,5.4,5.4,2.8,2.6
1722819600,Universitario,UTC Cajamarca,0.0,3.9579037800687287,0.49828178694158076,2.8161512027491407,57.18943298969072,3.5691580756013748,2.318041237113403,4.5,0.3316151202749141,1.4579037800687287,0.3127147766323024,46.310567010309285,0.6393470790378009,2.9797250859106548,3.8,0,1.0,1.0,0,1.0,0.0,5.4,4.2,2.3,3.1
1722879000,Alianza Atletico,Sport Huancayo,0.0,0.9572649572649573,0.8307692307692308,1.1504273504273503,52.18974358974359,1.2186324786324785,2.484615384615386,4.5,0.49743589743589745,2.7905982905982905,0.31196581196581197,44.56025641025641,0.7553846153846155,2.9799145299145318,3.8,0,1.0,1.0,1,1.0,1.0,5.4,4.8,2.3,2.6
1722898800,Cusco,Sport Boys,0.0,2.123299319727891,0.6641156462585034,2.316326530612245,54.18877551020408,2.1181122448979597,2.4011904761904774,4.5,0.9974489795918368,2.4566326530612246,0.6454081632653061,45.81122448979592,1.155357142857143,2.979676870748301,3.8,0,1.0,1.0,0,3.0,1.0,6.6,4.8,2.3,3.1
1723233600,UTC Cajamarca,Union Comercio,0.0,1.9609527528309254,2.520734088246779,1.4774697383834439,51.16032799687622,1.971339320577899,2.485630613041782,4.5,0.48996485747754787,1.791721983600156,0.47200312377977355,46.047364310816086,0.7495353377586881,2.896798125732137,3.8,0,1.0,1.0,0,3.0,1.0,6.6,4.8,2.3,3.1
1723320000,Sport Boys,Club Deportivo Los Chankas,0.0,1.285003885003885,0.48997668997668997,2.1552447552447553,53.1925407925408,1.4474902874902875,2.3163170163170173,4.5,0.8284382284382285,1.6234654234654236,0.979020979020979,46.8074592074592,1.0033566433566437,2.812354312354314,3.8,0,1.0,1.0,0,2.0,1.0,6.0,4.8,2.3,3.1
1723320000,Deportivo Garcilaso,Alianza Atletico,0.0,0.9467336683417086,0.9976807112485504,1.4791650560494782,51.92357943563974,1.193784306146115,2.485465790490917,4.5,0.4899884035562428,1.4544259760340164,0.4706609972941631,46.55334364128334,0.7494858909934288,2.8971395438732137,3.8,0,1.0,1.0,2,0.0,1.0,4.8,4.8,2.8,2.6
1723338900,Alianza Lima,ADT,0.0,1.9607692307692308,0.49,2.8315384615384613,54.206153846153846,1.9712307692307691,2.3165384615384625,4.5,1.3361538461538462,1.4530769230769232,1.3184615384615386,47.824615384615385,1.3925384615384617,2.812307692307694,3.8,0,1.0,1.0,1,0.0,0.0,4.8,4.2,2.3,2.6
1723399200,Atletico Grau,Sporting Cristal,0.0,1.7902028319938768,0.658476846536548,1.646230386528894,53.69758897818599,1.8517642556448526,2.4010715652506707,4.5,1.335399923459625,2.2978951396861844,0.810868733256793,46.556257175660164,1.37505549177191,2.8967087638729443,3.8,0,1.0,1.0,1,1.0,1.0,5.4,4.8,2.3,2.6
1723406400,Carlos A. Mannucci,Cienciano,0.0,1.281949733434882,0.6584920030464585,1.8147753236862147,52.93518659558263,1.462071591774562,2.3163747143945175,4.5,0.996953541507997,1.7896420411271896,1.3186595582635188,46.81096725057121,1.1211881188118813,2.8118811881188135,3.8,0,1.0,1.0,2,1.0,2.0,5.4,5.4,2.8,2.6
1723407300,Sport Huancayo,Universitario,0.0,0.9429329291398257,0.6592648730579764,1.982569154982948,52.42550208412277,1.1739219401288365,2.401288366805609,4.5,0.6592648730579764,1.112163698370595,0.9818112921561197,47.32065176203107,0.8848503220917016,2.811671087533158,3.8,0,1.0,1.0,1,1.0,1.0,5.4,4.8,2.3,2.6
1723417200,Cusco,Cesar Vallejo,0.0,2.296229260935143,0.8285067873303168,2.320361990950226,54.20158371040724,2.256546003016591,2.4012066365007554,4.5,0.6592760180995475,1.6193061840120664,0.4742081447963801,46.55995475113122,0.8848265460030167,2.8960784313725503,3.8,0,1.0,1.0,0,2.0,1.0,6.0,4.8,2.3,3.1
1723744800,Alianza Atletico,Cusco,0.0,0.9425891181988744,0.6592870544090056,1.3058161350844277,52.4249530956848,1.207467166979362,2.401125703564729,4.5,0.6592870544090056,1.9579737335834897,0.6427767354596623,46.05196998123827,0.8848030018761728,2.9808630393996265,3.8,0,1.0,1.0,1,1.0,1.0,5.4,4.8,2.3,2.6
1723752900,Comerciantes Unidos,UTC Cajamarca,0.0,1.4497386109036594,1.5054518297236745,1.3051530993278566,51.916430171769974,1.5793278566094098,2.570276325616133,4.5,0.3208364451082898,1.2805078416728901,0.30440627333831216,46.5604929051531,0.6309335324869306,2.980657206870801,3.8,0,1.0,1.0,1,1.0,1.0,5.4,4.8,2.3,2.6
1723831200,ADT,FBC Melgar,0.0,1.956893348197696,0.8285395763656633,2.3198810850984763,53.69253065774805,1.9681159420289853,2.40096618357488,4.5,2.520847268673356,1.6184318097361576,1.6583426235600147,49.35362318840579,2.3232181345224823,2.811222593831291,3.8,0,1.0,1.0,1,1.0,1.0,5.4,4.8,2.3,2.6
1723839300,Cesar Vallejo,Sport Boys,0.0,1.4486686390532544,1.336242603550296,1.4730769230769232,52.16863905325444,1.5784467455621298,2.485502958579883,4.5,1.1670118343195266,2.46405325443787,0.6430473372781065,46.054437869822486,1.2739644970414203,2.9802514792899424,3.8,0,1.0,1.0,1,2.0,2.0,6.0,5.4,2.3,2.6
1723858200,Universitario,Deportivo Garcilaso,0.0,3.141185130658815,0.4908354803091646,2.826278984173721,55.97552447552447,2.9155244755244754,2.3161943319838065,4.5,1.3369893264630106,1.1104158998895841,1.3200588884799411,48.339860139860136,1.392992270887008,2.810820758189181,3.8,0,1.0,1.0,0,3.0,1.0,6.6,4.8,2.3,3.1
1723917600,Union Comercio,Sport Huancayo,0.0,1.4539682539682541,1.4984126984126984,1.146031746031746,51.93333333333334,1.5659523809523808,2.4841269841269855,4.5,0.6600732600732601,1.9575091575091574,0.4732600732600733,46.05384615384615,0.8683516483516485,2.8956043956043973,3.8,0,1.0,1.0,2,0.0,1.0,4.8,4.8,2.8,2.6
1723925700,Cienciano,Atletico Grau,0.0,0.433175355450237,0.8293109733868028,0.7949690120306234,51.405796573095145,0.8168574553408674,2.4856361647830854,4.5,0.9984202211690363,1.2859399684044233,0.981042654028436,47.568720379146924,1.1390205371248026,2.811690363349133,3.8,0,1.0,1.0,0,1.0,0.0,5.4,4.2,2.3,3.1
1723942800,Sporting Cristal,Alianza Lima,0.0,3.6480406386066764,0.6593613933236575,2.8265602322206096,56.48301886792453,3.3210449927431056,2.3163280116110316,4.5,1.6747460087082728,1.6172714078374457,1.6587808417997096,48.08621190130624,1.6631785195936142,2.8109579100145154,3.8,0,1.0,1.0,1,0.0,0.0,4.8,4.2,2.3,2.6
1724011200,Club Deportivo Los Chankas,Carlos A. Mannucci,0.0,2.800650054171181,0.6586493318887685,2.487468400144457,55.21300108342362,2.6431924882629105,2.316251354279524,4.5,0.32018779342723,2.800650054171181,0.30501986276634163,44.27930660888407,0.6303430841459011,2.9799927771758776,3.8,0,1.0,1.0,1,1.0,1.0,5.4,4.8,2.3,2.6
1724099400,Cesar Vallejo,Alianza Atletico,0.0,1.614419225634179,1.511615487316422,1.466355140186916,52.154205607476634,1.7111481975967955,2.4864485981308424,4.5,0.6544726301735647,1.4429906542056075,0.8118825100133512,46.817222963951934,0.863871829105474,2.8955273698264365,3.8,0,1.0,1.0,1,0.0,0.0,4.8,4.2,2.3,2.6
1724176800,UTC Cajamarca,ADT,0.0,1.9561461794019934,2.368106312292359,1.46578073089701,51.38205980066445,1.967441860465116,2.4863787375415294,4.5,0.9966777408637874,1.2704318936877077,0.9833887043189369,47.589368770764125,1.1376744186046515,2.8096345514950185,3.8,0,1.0,1.0,1,1.0,1.0,5.4,4.8,2.3,2.6
1724184900,Sport Huancayo,Comerciantes Unidos,0.0,0.9271164021164022,0.8252645502645504,1.6366402116402117,52.15277777777778,1.1613492063492061,2.400595238095239,4.5,0.31951566951566956,2.6292022792022793,0.30527065527065533,44.53547008547009,0.6297863247863249,2.979415954415956,3.8,0,1.0,1.0,1,2.0,2.0,6.0,5.4,2.3,2.6
1724193000,Cusco,Universitario,0.0,2.1273206056616196,0.9973666886109283,2.3217906517445686,53.694930875576034,2.1215009874917707,2.4005266622778154,4.5,0.483080974325214,1.098749177090191,0.6406846609611587,47.07649769585254,0.743884134298881,2.8092824226464796,3.8,0,1.0,1.0,1,1.0,1.0,5.4,4.8,2.3,2.6
1724203800,Alianza Lima,Cienciano,0.0,1.4411533420707734,0.48309305373525563,2.492660550458716,53.437090432503275,1.5725557011795543,2.314744429882045,4.5,1.1688073394495413,1.9554390563564876,1.3264744429882045,46.82005242463958,1.258152031454784,2.8091087811271316,3.8,0,1.0,1.0,0,3.0,0.0,6.6,4.2,2.3,3.1
1724263200,Sport Boys,Carlos A. Mannucci,0.0,1.613437703848663,0.6538812785388128,2.4934116112198303,53.43933463796478,1.6932289628180037,2.3146771037182003,4.5,0.4824527071102414,2.47058056099152,0.4687540769732551,45.017808219178086,0.7433920417482063,2.894977168949773,3.8,0,1.0,1.0,2,2.0,6.0,6.0,7.8,2.8,2.6
1724263200,Atletico Grau,Club Deportivo Los Chankas,0.0,1.785064935064935,0.48571428571428577,1.8064935064935064,53.94902597402597,1.8476623376623376,2.3149350649350655,4.5,0.8285714285714286,1.785064935064935,0.812987012987013,46.56525974025974,1.0031168831168833,2.8948051948051963,3.8,0,1.0,1.0,1,1.0,1.0,5.4,4.8,2.3,2.6
1724271300,Deportivo Garcilaso,Union Comercio,0.0,0.9274725274725275,1.1714285714285713,1.2916612798965739,51.63406593406594,1.1787201034259858,2.572010342598579,4.5,0.6571428571428571,2.2989010989010987,0.2987718164188753,45.537362637362634,0.8659469941822884,2.9803490627020057,3.8,0,1.0,1.0,0,3.0,1.0,6.6,4.8,2.3,3.1
1724286600,FBC Melgar,Sporting Cristal,0.0,2.4612612612612614,0.8307692307692308,2.8225918225918223,54.44573804573805,2.3716424116424117,2.3159390159390165,4.5,1.342857142857143,2.1283140283140285,0.983912483912484,46.821814671814664,1.3802059202059203,2.809073359073361,3.8,0,1.0,1.0,0,2.0,0.0,6.0,4.2,2.3,3.1
1724521800,Alianza Atletico,Sport Boys,0.0,1.099935938500961,0.6565022421524663,1.4645739910313902,52.66515054452274,1.3166688020499677,2.3147341447789884,4.5,1.3422165278667522,2.4713645099295327,0.8119154388212685,46.30627802690584,1.4140166559897505,2.8949391415759145,3.8,0,1.0,1.0,0,2.0,0.0,6.0,4.2,2.3,3.1
1724530800,Club Deportivo Los Chankas,Alianza Lima,0.0,1.9572704081632653,0.827295918367347,2.1510204081632653,53.69496173469388,1.9682397959183673,2.3146683673469393,4.5,1.3415816326530612,1.6144132653061225,1.3256377551020408,47.59075255102041,1.413545918367347,2.809375000000002,3.8,0,1.0,1.0,2,0.0,1.0,4.8,4.8,2.8,2.6
1724549400,Universitario,Cesar Vallejo,0.0,2.9847619047619047,0.4844444444444445,2.8355555555555556,55.75047619047619,2.790285714285714,2.3149206349206355,4.5,0.8273015873015874,1.7847619047619048,0.4698412698412699,46.563809523809525,1.0020952380952384,2.8949206349206364,3.8,0,1.0,1.0,0,1.0,0.0,5.4,4.2,2.3,3.1
1724601600,Sporting Cristal,UTC Cajamarca,0.0,3.3271807838179517,0.4838179519595449,2.4934260429835655,56.265044247787614,3.0813527180783815,2.314854614412137,4.5,0.4838179519595449,1.2700379266750947,0.46927939317319856,46.82067003792667,0.74448798988622,2.895069532237675,3.8,0,1.0,1.0,0,4.0,0.0,7.199999999999999,4.2,2.3,3.1
1724609700,ADT,Sport Huancayo,0.0,1.7857772183763372,0.9974826935179358,1.9798615481434865,53.18244178728761,1.8310761485210822,2.4005034612964136,4.5,0.8260541220893645,1.9572057898049087,0.8115796098174953,46.303272498426686,0.984027690371303,2.8952171176840795,3.8,0,1.0,1.0,0,2.0,1.0,6.0,4.8,2.3,3.1
1724617800,Comerciantes Unidos,Deportivo Garcilaso,0.0,1.100250626566416,1.511779448621554,0.9520050125313284,51.382706766917295,1.2997869674185463,2.5718671679198004,4.5,1.168922305764411,1.6145363408521305,0.8110275689223059,47.33157894736842,1.2582957393483711,2.895363408521305,3.8,0,1.0,1.0,0,2.0,1.0,6.0,4.8,2.3,3.1
1724634000,Cienciano,FBC Melgar,0.0,0.5861509669369932,0.4832189644416719,1.2955708047411103,52.15439800374298,0.9227822832189644,2.4003742981908927,4.5,1.6832189644416717,1.4432938240798503,1.3247660636306924,48.359887710542736,1.6525639426076106,2.809794135995011,3.8,0,1.0,1.0,0,3.0,1.0,6.6,4.8,2.3,3.1
1724695200,Union Comercio,Cusco,0.0,1.2782608695652173,1.3357859531772576,1.134448160535117,51.91371237458194,1.4421404682274246,2.4849498327759205,4.5,0.8260869565217392,1.7869565217391303,0.8099378881987578,46.55869565217391,1.0011180124223604,2.895652173913045,3.8,0,1.0,1.0,1,3.0,3.0,6.6,6.0,2.3,2.6
1724720400,Carlos A. Mannucci,Atletico Grau,0.0,1.1020408163265307,0.9987631416202845,1.2957328385899816,52.15491651205937,1.3183302411873838,2.4002473716759436,4.5,0.6602064602064601,0.9406593406593406,0.98001998001998,47.57932067932068,0.8853280053280055,2.8105228105228126,3.8,0,1.0,1.0,1,1.0,1.0,5.4,4.8,2.3,2.6
1725213600,Union Comercio,Atletico Grau,0.0,1.4444581280788178,1.5130541871921184,1.123768472906404,51.89710591133005,1.5751108374384235,2.4858990147783255,4.5,0.8273399014778325,1.1016009852216748,0.9815270935960592,47.588608374384236,1.0020689655172417,2.809605911330051,3.8,0,1.0,1.0,2,1.0,2.0,5.4,5.4,2.8,2.6
1725740100,FBC Melgar,Comerciantes Unidos,0.0,2.644022072348253,0.827958307786634,2.836909871244635,54.72409564684243,2.5176088289393004,2.3147148988350708,4.5,0.6565297363580626,1.9583077866339669,0.4685469037400368,46.047332924586144,0.8825383200490498,2.895156345800124,3.8,0,1.0,1.0,0,3.0,0.0,6.6,4.2,2.3,3.1
1726250400,UTC Cajamarca,Cienciano,0.0,1.7884900284900285,1.5188603988603988,1.635099715099715,52.404444444444444,1.8330142450142448,2.400341880341881,4.5,0.9988603988603989,2.3084900284900285,1.1568091168091168,46.035555555555554,1.1392820512820514,2.8956125356125373,3.8,0,1.0,1.0,2,1.0,2.0,5.4,5.4,2.8,2.6
1726258500,Deportivo Garcilaso,ADT,0.0,1.2680851063829788,0.8260992907801419,1.8073758865248226,52.66297872340425,1.4513475177304962,2.487234042553192,4.5,0.8260992907801419,1.0947517730496454,0.9846808510638297,47.59702127659575,1.0010496453900712,2.8087943262411366,3.8,0,1.0,1.0,0,1.0,0.0,5.4,4.2,2.3,3.1
1726268400,Cesar Vallejo,Union Comercio,0.0,1.267683615819209,1.3455367231638418,1.114689265536723,51.88322033898305,1.4510169491525422,2.4871751412429384,4.5,0.6522033898305084,2.307683615819209,0.2908474576271186,45.51677966101695,0.8619661016949153,2.982259887005651,3.8,0,1.0,1.0,0,1.0,0.0,5.4,4.2,2.3,3.1
1726336800,Cusco,Comerciantes Unidos,0.0,1.7872855133614627,1.1716455696202532,1.9819971870604782,52.92345991561181,1.8493558368495076,2.4004500703234886,4.5,0.4783122362869198,2.307285513361463,0.29035161744022503,45.256540084388185,0.7575527426160338,2.982390998593532,3.8,0,1.0,1.0,0,2.0,1.0,6.0,4.8,2.3,3.1
1726344000,Sport Boys,Atletico Grau,0.0,1.7874509803921568,1.5183193277310925,2.3292997198879553,52.403697478991596,1.832145658263305,2.4003921568627455,4.5,0.9983193277310924,0.9207843137254902,1.5031932773109244,48.1163025210084,1.1388683473389356,2.7225210084033633,3.8,0,1.0,1.0,1,0.0,0.0,4.8,4.2,2.3,2.6
1726344900,Sport Huancayo,Sporting Cristal,0.0,1.2664993026499303,0.8244351464435147,1.8088145048814506,52.66309623430962,1.415430962343096,2.313668061366806,4.5,1.1711018131101814,1.7864993026499303,0.9832635983263598,47.076903765690375,1.2597935843793586,2.8090376569037674,3.8,0,1.0,1.0,2,1.0,2.0,5.4,5.4,2.8,2.6
1726358400,Alianza Lima,Carlos A. Mannucci,0.0,1.7861111111111112,0.47833333333333333,2.5011111111111113,53.961666666666666,1.8484444444444443,2.313888888888889,4.5,1.5183333333333333,2.826111111111111,0.8111111111111111,46.038333333333334,1.5548888888888892,2.895555555555557,3.8,0,1.0,1.0,0,1.0,0.0,5.4,4.2,2.3,3.1
1726423200,Alianza Atletico,Universitario,0.0,1.4390594744121714,0.6511203319502075,1.8084094052558783,53.18190871369295,1.5707939142461962,2.3138312586445364,4.5,0.6511203319502075,0.9190594744121715,0.8106224066390042,47.59809128630705,0.8611507607192255,2.722351313969573,3.8,0,1.0,1.0,2,0.0,3.0,4.8,6.0,2.8,2.6
1726431300,FBC Melgar,Club Deportivo Los Chankas,0.0,2.824793388429752,0.6522314049586777,2.847382920110193,55.25884297520661,2.6620936639118455,2.3140495867768593,4.5,0.9988980716253444,1.264793388429752,0.9851239669421488,47.60115702479339,1.1220165289256196,2.8088705234159796,3.8,0,1.0,1.0,0,2.0,0.0,6.0,4.2,2.3,3.1
1726596000,Sporting Cristal,Deportivo Garcilaso,0.0,3.1716323731138547,0.3050205761316872,2.5013443072702333,56.29991769547325,2.9568888888888885,2.313991769547325,4.5,1.1716872427983538,1.784965706447188,0.6379698216735253,47.08008230452675,1.2602798353909463,2.9823319615912225,3.8,0,1.0,1.0,0,1.0,0.0,5.4,4.2,2.3,3.1
1726604100,ADT,Cusco,0.0,1.7845901639344262,1.1711475409836065,1.981967213114754,52.92016393442623,1.829912568306011,2.400601092896175,4.5,1.3444808743169399,1.9579234972677595,0.9841530054644809,47.07983606557377,1.3985464480874317,2.809125683060111,3.8,0,1.0,1.0,2,1.0,2.0,5.4,5.4,2.8,2.6
1726682400,Atletico Grau,Alianza Lima,0.0,1.9575510204081632,0.6517006802721088,1.8076190476190477,53.958775510204084,1.9682721088435373,2.3141496598639453,4.5,1.5183673469387755,1.0908843537414965,1.8519727891156463,48.64122448979592,1.5376326530612245,2.72231292517007,3.8,0,1.0,1.0,0,1.0,0.0,5.4,4.2,2.3,3.1
1726691400,Comerciantes Unidos,Cesar Vallejo,0.0,1.4371815718157182,1.5178319783197831,1.4615718157181572,51.879024390243906,1.5519674796747966,2.487425474254743,4.5,0.6511653116531165,1.7838482384823848,0.29149051490514905,46.3009756097561,0.878569105691057,2.9824390243902457,3.8,0,1.0,1.0,0,2.0,0.0,6.0,4.2,2.3,3.1
1726702200,Cienciano,Sport Huancayo,0.0,0.9173549257759783,0.4773009446693657,1.635519568151147,52.660080971659916,1.1880971659919026,2.400701754385965,4.5,0.8239676113360324,1.6106882591093117,0.8110121457489878,46.81991902834008,0.9821754385964914,2.8958974358974374,3.8,0,1.0,1.0,0,3.0,1.0,6.6,4.8,2.3,3.1
1726709400,Universitario,Sport Boys,0.0,2.4780645161290322,0.47731182795698923,2.849462365591398,55.001129032258056,2.3846559139784946,2.313978494623656,4.5,0.6506451612903226,2.4780645161290322,0.29053763440860214,45.258870967741935,0.8781612903225806,2.9826881720430123,3.8,0,1.0,1.0,0,3.0,0.0,6.6,4.2,2.3,3.1
1726768800,Union Comercio,Alianza Atletico,0.0,1.4387684069611781,1.690120481927711,0.9434002677376171,51.6229718875502,1.5705435073627843,2.573922356091031,4.5,0.4767871485943775,1.0921017402945115,0.9834002677376171,47.077028112449796,0.7391057563587683,2.809477911646588,3.8,0,1.0,1.0,2,1.0,2.0,5.4,5.4,2.8,2.6
1726776900,Club Deportivo Los Chankas,UTC Cajamarca,0.0,1.6117333333333332,0.9973333333333333,1.6357333333333333,52.9216,1.7089066666666666,2.4008000000000003,4.5,0.30399999999999994,1.7850666666666666,0.2912,45.778400000000005,0.6181866666666667,2.9826666666666686,3.8,0,1.0,1.0,1,1.0,1.0,5.4,4.8,2.3,2.6
1726794000,Carlos A. Mannucci,FBC Melgar,0.0,1.0913678618857903,0.99734395750332,1.288605577689243,52.14103585657371,1.309938911022576,2.4007436918990703,4.5,1.3440106241699867,1.7847011952191236,0.811261620185923,47.33896414342629,1.3808393094289508,2.895856573705181,3.8,0,1.0,1.0,1,1.0,1.0,5.4,4.8,2.3,2.6
1726961400,Deportivo Garcilaso,Cienciano,0.0,1.2603174603174603,0.8225198412698413,1.8076388888888888,52.65669642857143,1.4452876984126983,2.488144841269841,4.5,0.9975198412698413,2.3103174603174605,1.1606150793650793,46.03080357142857,1.1382738095238094,2.895982142857145,3.8,0,1.0,1.0,0,1.0,0.0,5.4,4.2,2.3,3.1
1726968600,Sport Boys,Alianza Lima,0.0,1.6099802371541503,1.5220355731225297,1.983201581027668,52.13191699604743,1.7075098814229248,2.4005928853754943,4.5,0.9970355731225297,0.9099802371541503,1.335177865612648,48.130583003952566,1.1379150197628458,2.8085968379446653,3.8,0,1.0,1.0,2,0.0,3.0,4.8,6.0,2.8,2.6
1727035200,Cusco,Sporting Cristal,0.0,2.134153543307087,0.8230314960629922,2.507283464566929,53.96668307086614,2.1093897637795274,2.3132874015748026,4.5,1.348031496062992,1.9591535433070866,0.9862204724409449,47.08331692913386,1.40119094488189,2.8084645669291355,3.8,0,1.0,1.0,1,1.0,1.0,5.4,4.8,2.3,2.6
1727044200,Universitario,Union Comercio,0.0,1.9588235294117646,0.47303921568627455,2.8568627450980393,54.22867647058824,1.9691176470588234,2.313235294117647,4.5,0.47303921568627455,1.6088235294117648,0.28627450980392155,46.296323529411765,0.7361764705882352,2.983333333333335,3.8,0,1.0,1.0,0,1.0,0.0,5.4,4.2,2.3,3.1
1727053200,Cesar Vallejo,ADT,0.0,1.08349609375,0.8225585937500001,1.6324218750000001,52.391406249999996,1.3038476562499999,2.40068359375,4.5,0.8225585937500001,1.08349609375,0.98583984375,47.608593750000004,0.9983203125,2.8084472656250012,3.8,0,1.0,1.0,1,0.0,0.0,4.8,4.2,2.3,2.6
1727114400,Alianza Atletico,Comerciantes Unidos,0.0,1.4326848249027235,1.1720817120622569,1.6320038910505839,52.3909046692607,1.565739299610895,2.400632295719844,4.5,0.6470817120622568,2.307684824902724,0.28589494163424123,45.50909533073929,0.875466926070039,2.9833171206225697,3.8,0,1.0,1.0,0,1.0,0.0,5.4,4.2,2.3,3.1
1727130600,Sport Huancayo,Club Deportivo Los Chankas,0.0,1.2573643410852713,0.9966085271317829,1.6325581395348838,52.39113372093023,1.4079748062015502,2.400581395348837,4.5,0.646608527131783,1.432364341085271,0.46046511627906983,46.821366279069764,0.8576162790697675,2.8959302325581415,3.8,0,1.0,1.0,0,3.0,1.0,6.6,4.8,2.3,3.1
1727139600,FBC Melgar,Atletico Grau,0.0,2.483011583011583,0.4716216216216217,2.858108108108108,55.017084942084935,2.388484555984556,2.3130308880308874,4.5,0.9966216216216216,0.9080115830115831,1.51003861003861,48.132915057915056,1.1376061776061777,2.721042471042473,3.8,0,1.0,1.0,1,0.0,0.0,4.8,4.2,2.3,2.6
1727208000,UTC Cajamarca,Carlos A. Mannucci,0.0,1.6072115384615386,1.1711538461538462,1.6326923076923079,52.654086538461534,1.6878846153846154,2.4004807692307693,4.5,1.5211538461538463,1.9572115384615385,0.810096153846154,47.345913461538466,1.5572596153846154,2.895913461538463,3.8,0,1.0,1.0,0,2.0,0.0,6.0,4.2,2.3,3.1
1727460000,Union Comercio,Sport Boys,0.0,1.432375478927203,1.6956896551724137,0.9332375478927204,51.60502873563219,1.565507662835249,2.5754310344827585,4.5,0.6456896551724138,2.307375478927203,0.28467432950191573,45.50747126436781,0.8744157088122606,2.983524904214561,3.8,0,1.0,1.0,2,0.0,2.0,4.8,5.4,2.8,2.6
1727553600,ADT,Alianza Atletico,0.0,1.4315839694656487,1.3461832061068701,1.4573473282442746,52.128101145038165,1.5474141221374045,2.488120229007633,4.5,0.8211832061068702,0.9065839694656489,1.5106870229007634,47.871898854961835,0.9972900763358779,2.7208969465648876,3.8,0,1.0,1.0,2,0.0,1.0,4.8,4.8,2.8,2.6
1727562600,Cienciano,Cusco,0.0,1.4307984790874524,0.6461977186311787,1.9814638783269962,53.176901140684414,1.581825095057034,2.400807984790874,4.5,1.6961977186311787,1.4307984790874524,1.5116920152091256,48.39809885931559,1.6622813688212925,2.7207699619771883,3.8,0,1.0,1.0,2,1.0,2.0,5.4,5.4,2.8,2.6
1727573400,Alianza Lima,FBC Melgar,0.0,1.4304924242424242,0.12168560606060606,2.505587121212121,53.963210227272725,1.5640719696969696,2.3134943181818177,4.5,0.9966856060606061,1.9554924242424243,0.46268939393939396,46.56178977272727,1.1026515151515153,2.895643939393941,3.8,0,1.0,1.0,1,1.0,1.0,5.4,4.8,2.3,2.6
1727625600,Sporting Cristal,Cesar Vallejo,0.0,2.6551886792452826,0.2966981132075472,2.505188679245283,55.5377358490566,2.543820754716981,2.3134433962264147,4.5,0.6466981132075472,2.130188679245283,0.11273584905660378,45.7747641509434,0.8751415094339623,3.07051886792453,3.8,0,1.0,1.0,0,4.0,1.0,7.199999999999999,4.8,2.3,3.1
1727633700,Club Deportivo Los Chankas,Deportivo Garcilaso,0.0,1.431296992481203,1.1717105263157894,1.280733082706767,52.38937969924812,1.5646992481203008,2.400892857142857,4.5,0.8217105263157896,1.431296992481203,0.637312030075188,47.08562030075188,0.9976315789473684,2.983129699248122,3.8,0,1.0,1.0,0,1.0,0.0,5.4,4.2,2.3,3.1
1727640000,Carlos A. Mannucci,Sport Huancayo,0.0,1.255992509363296,1.17125468164794,1.2812734082397004,52.12710674157303,1.424447565543071,2.4008426966292133,4.5,0.8212546816479401,1.780992509363296,0.8118913857677903,46.56039325842697,0.9797940074906368,2.8957397003745338,3.8,0,1.0,1.0,2,1.0,2.0,5.4,5.4,2.8,2.6
1727641800,Comerciantes Unidos,Universitario,0.0,1.6056902985074628,1.1717350746268658,1.9804104477611941,52.650932835820896,1.68669776119403,2.4010261194029847,4.5,1.1717350746268658,0.9056902985074627,1.1628731343283583,48.3990671641791,1.2601585820895522,2.720615671641793,3.8,0,1.0,1.0,2,0.0,2.0,4.8,5.4,2.8,2.6
1727719200,Atletico Grau,UTC Cajamarca,0.0,1.4299256505576208,0.6472118959107807,1.8045539033457247,53.17407063197027,1.546124535315985,2.3137081784386613,4.5,0.4722118959107807,1.7799256505576209,0.46384758364312273,46.03842936802974,0.7355204460966542,2.895492565055764,3.8,0,1.0,1.0,0,4.0,0.0,7.199999999999999,4.2,2.3,3.1
1729188000,Union Comercio,Comerciantes Unidos,0.0,1.0762527233115469,1.8793028322440086,0.39302832244008723,50.795424836601306,1.2983442265795204,2.6657952069716773,4.5,0.64400871459695,2.135076252723312,0.2832244008714597,45.763398692810455,0.873115468409586,2.9840958605664505,3.8,0,1.0,1.0,0,3.0,2.0,6.6,5.4,2.3,3.1
1729196100,Cusco,Club Deportivo Los Chankas,0.0,1.7827219448665075,0.9973952680703277,2.1582374647275886,53.177990015194275,1.8282179292381155,2.3128065986542214,4.5,0.6444540915997395,1.6062513566312135,0.45930106359887135,46.55730410245279,0.8558063815932276,2.8959626655090096,3.8,0,1.0,1.0,0,2.0,1.0,6.0,4.8,2.3,3.1
1729206000,Sport Huancayo,Atletico Grau,0.0,1.6064013840830451,1.1738754325259515,1.6293252595155712,52.648788927335644,1.6871539792387542,2.400994809688581,4.5,0.6444636678200693,0.7240484429065744,1.1647923875432526,47.88062283737024,0.8734429065743944,2.719593425605538,3.8,0,1.0,1.0,2,1.0,3.0,5.4,6.0,2.8,2.6
1729274400,Sport Boys,FBC Melgar,0.0,1.253178194354665,1.8806291747468218,1.4520577461753932,51.05882352941176,1.4398620986856279,2.4893988364576596,4.5,0.9982762335703512,1.6061193708252532,0.6362852833441069,47.08823529411765,1.10353372118078,2.80771385477268,3.8,0,1.0,1.0,2,0.0,2.0,4.8,5.4,2.8,2.6
1729281600,UTC Cajamarca,Alianza Lima,0.0,1.6054100472305712,0.9987118935165307,1.6277372262773724,52.91004723057106,1.6863890081580077,2.4013310433662514,4.5,1.3516530699871188,0.5465865178188064,1.8724774581365393,49.20759982825247,1.4215113782739373,2.7193645341348236,3.8,0,1.0,1.0,2,0.0,1.0,4.8,4.8,2.8,2.6
1729290600,Cesar Vallejo,Cienciano,0.0,0.7223529411764706,0.8222459893048129,1.274010695187166,51.85016042780749,1.0329197860962567,2.401497326203208,4.5,0.8222459893048129,1.6047058823529412,1.1674866310160428,46.8263101604278,1.015614973262032,2.8957219251336914,3.8,0,1.0,1.0,1,2.0,2.0,6.0,5.4,2.3,2.6
1729299600,Deportivo Garcilaso,Carlos A. Mannucci,0.0,1.0754475703324808,0.8226768968456949,1.8030690537084397,52.379156010230176,1.2977408354646203,2.4896845694799654,4.5,1.352088661551577,1.9578005115089514,0.8145780051150896,47.09143222506394,1.4394714407502134,2.8956095481670943,3.8,0,1.0,1.0,0,1.0,0.0,5.4,4.2,2.3,3.1
1729359900,Alianza Atletico,Sporting Cristal,0.0,1.0751751964323635,0.998725844128265,1.627097048205564,52.11467402845615,1.2798683372265875,2.401401571458908,4.5,1.351667020598853,1.604586961138246,1.1671267785092376,47.62062008919091,1.403864939477596,2.7192397536632,3.8,0,1.0,1.0,0,1.0,0.0,5.4,4.2,2.3,3.1
1729384200,Universitario,ADT,0.0,1.780787134997884,0.2924248836225138,2.862886161658908,54.23254337706306,1.8267033432077864,2.3131189166314003,4.5,0.645366060093102,1.0749047820567075,0.6373254337706306,47.35569191705459,0.8741430385103681,2.8075751163774876,3.8,0,1.0,1.0,0,2.0,1.0,6.0,4.8,2.3,3.1
1729620000,Atletico Grau,Deportivo Garcilaso,0.0,1.9574109213577904,0.46890153911026783,2.157495256166983,54.232764073371285,1.9679949399114482,2.313071895424836,4.5,0.8218427155808561,1.427999156651908,0.6369386464263125,47.090765338393425,0.9976597090449082,2.984145055871813,3.8,0,1.0,1.0,1,2.0,2.0,6.0,5.4,2.3,2.6
1729628100,Club Deportivo Los Chankas,Cesar Vallejo,0.0,1.2516806722689076,1.1752100840336135,1.2747899159663867,52.11470588235294,1.4210504201680672,2.40126050420168,4.5,0.46932773109243703,1.957563025210084,0.10756302521008405,45.76764705882353,0.7332773109243697,3.072268907563027,3.8,0,1.0,1.0,0,2.0,1.0,6.0,4.8,2.3,3.1
1729638000,FBC Melgar,UTC Cajamarca,0.0,1.6047728700020936,0.11639104040192592,2.5105714883818293,54.23257274440025,1.7035168515804897,2.3129788570232357,4.5,0.4693322168725142,2.134184634707976,0.4601214151140884,45.50272137324681,0.7332635545321331,2.89589700648943,3.8,0,1.0,1.0,0,1.0,0.0,5.4,4.2,2.3,3.1
1729646100,Alianza Lima,Sport Huancayo,0.0,1.2515644555694618,0.2924488944513976,2.158114309553609,53.438673341677095,1.4209428452231956,2.3129328327075505,4.5,1.1748018356278682,1.4280350438047558,1.3420942845223194,47.620150187734666,1.2447225698790156,2.807759699624532,3.8,0,1.0,1.0,0,2.0,1.0,6.0,4.8,2.3,3.1
1729714500,ADT,Union Comercio,0.0,1.0752442319684057,1.3512783205154852,0.9233007690708793,51.58594886717938,1.2798794429432552,2.577593016004988,4.5,0.4689253793390148,1.781126584909582,0.10642278112658493,46.03169819164415,0.7329453336104759,3.072562876740804,3.8,0,1.0,1.0,0,2.0,0.0,6.0,4.2,2.3,3.1
1729731600,Carlos A. Mannucci,Cusco,0.0,1.428334714167357,1.527340513670257,1.1002485501242751,51.85149130074565,1.5446975973487984,2.489312344656172,4.5,1.880281690140845,1.251864125932063,2.047224523612262,48.942626346313176,1.809113504556752,2.6314830157415097,3.8,0,1.0,1.0,0,4.0,1.0,7.199999999999999,4.8,2.3,3.1
1729733400,Sporting Cristal,Universitario,0.0,2.48813209494324,0.29205366357069146,2.512487100103199,55.294117647058826,2.410175438596491,2.3127966976264185,4.5,1.350877192982456,0.7234262125902993,1.5174406604747164,48.94117647058824,1.4032198142414862,2.7198142414860698,3.8,0,1.0,1.0,0,2.0,1.0,6.0,4.8,2.3,3.1
1729800000,Comerciantes Unidos,Sport Boys,0.0,1.2529823118058412,1.3508844097079389,1.4541341011929245,51.85314685314685,1.4220485396955984,2.489222542163718,4.5,0.9979432332373509,1.9588646647470176,0.8111888111888113,46.5586178527355,1.1385026737967914,2.8963800904977393,3.8,0,1.0,1.0,1,0.0,0.0,4.8,4.2,2.3,2.6
1729809000,Cienciano,Alianza Atletico,0.0,1.6052469768395163,0.8210698913711827,1.9831932773109244,53.17626562820251,1.7038942406230784,2.40094281615085,4.5,0.9975404796064767,0.5464234474277516,2.0465259274441485,48.67667554826808,1.1205574912891985,2.631563845050217,3.8,0,1.0,1.0,0,3.0,0.0,6.6,4.2,2.3,3.1
1729987200,Deportivo Garcilaso,Alianza Lima,0.0,1.249922839506173,0.46396604938271613,2.3401234567901237,53.17893518518519,1.419645061728395,2.400848765432098,4.5,0.9972993827160493,0.36103395061728405,1.876929012345679,48.95439814814815,1.1380246913580245,2.7187885802469154,3.8,0,1.0,1.0,2,1.0,2.0,5.4,5.4,2.8,2.6
1729992600,Cesar Vallejo,Carlos A. Mannucci,0.0,1.0718954248366013,0.8199154171472511,1.4505190311418683,52.377970011534025,1.2949942329873125,2.312110726643598,4.5,1.3532487504805841,1.4274509803921567,0.8110726643598617,47.88869665513264,1.4405459438677433,2.8964628988850456,3.8,0,1.0,1.0,2,0.0,2.0,4.8,5.4,2.8,2.6
1730052000,Union Comercio,Sporting Cristal,0.0,1.6045977011494255,2.0647509578544065,0.9164750957854407,51.30977011494253,1.7034099616858236,2.5789272030651333,4.5,0.8203065134099617,1.2490421455938698,0.9896551724137931,47.35689655172414,0.9963984674329502,2.8074712643678175,3.8,0,1.0,1.0,2,0.0,12.0,4.8,11.4,2.8,2.6
1730052000,Sport Boys,UTC Cajamarca,0.0,0.8928598701794579,2.2467353951890034,0.9157693776250478,49.969568537609774,1.169606720122184,2.5790759831996937,4.5,0.4689576174112257,2.1373043146239024,0.4571210385643376,45.49709812905689,0.7330813287514317,2.8962581137838885,3.8,0,1.0,1.0,1,1.0,1.0,5.4,4.8,2.3,2.6
1730060100,Sport Huancayo,FBC Melgar,0.0,1.603729071537291,1.7133942161339422,1.093226788432268,51.83588280060883,1.6849619482496196,2.4901445966514455,4.5,1.180060882800609,1.2481735159817353,1.1682648401826485,47.897450532724505,1.2486149162861493,2.718378995433792,3.8,0,1.0,1.0,2,2.0,4.0,6.0,6.6,2.8,2.6
1730070000,Universitario,Cienciano,0.0,1.9594235874099355,0.4700796359499432,2.8703071672354947,54.234395145999244,1.9695108077360635,2.312514220705346,4.5,1.1811907470610543,1.60386803185438,1.3468335229427377,47.365604854000765,1.285058778915434,2.807167235494882,3.8,0,1.0,1.0,0,3.0,1.0,6.6,4.8,2.3,3.1
1730138400,Alianza Atletico,Club Deportivo Los Chankas,0.0,1.0710506424792139,0.82562358276644,1.981859410430839,52.36851851851852,1.2765835222978081,2.4013605442176864,4.5,0.82562358276644,1.9599395313681027,0.2798185941043084,46.29814814814816,0.9828117913832201,2.9850340136054436,3.8,0,1.0,1.0,0,1.0,0.0,5.4,4.2,2.3,3.1
1730147400,Comerciantes Unidos,ADT,0.0,1.0708097928436913,0.8252354048964219,1.626741996233522,52.36873822975518,1.294161958568738,2.4013182674199616,4.5,0.4696798493408664,0.8930320150659135,0.6350282485875707,47.364595103578154,0.7336346516007531,2.807344632768363,3.8,0,1.0,1.0,1,0.0,0.0,4.8,4.2,2.3,2.6
1730158200,Cusco,Atletico Grau,0.0,1.6035285285285288,1.0026276276276276,2.15975975975976,52.90172672672673,1.6848123123123122,2.3123873873873864,4.5,1.1804054054054054,0.7146396396396397,1.7017267267267266,48.69827327327327,1.2844594594594594,2.6294669669669686,3.8,0,1.0,1.0,2,0.0,1.0,4.8,4.8,2.8,2.6
1730413800,Cienciano,Union Comercio,0.0,2.1362514029180697,0.8248410026187805,2.3368499812944257,53.96748971193416,2.1110213243546574,2.401421623643845,4.5,0.4692854470632249,1.9584736251402919,0.10250654695099144,45.76584362139918,0.7333258511036287,3.07381219603442,3.8,0,1.0,1.0,0,7.0,0.0,9.0,4.2,2.3,3.1
1730491200,ADT,Sport Boys,0.0,1.249366144668158,1.0022371364653244,1.4483967188665174,52.371066368381804,1.4192841163310963,2.4902684563758384,4.5,0.8244593586875467,1.4271439224459357,0.9910514541387024,47.095600298284864,1.0174869500372854,2.8072334079045502,3.8,0,1.0,1.0,0,1.0,0.0,5.4,4.2,2.3,3.1
1730578500,Carlos A. Mannucci,Alianza Atletico,0.0,1.6046822742474918,1.3574136008918616,1.0932738758825715,52.37127461910071,1.685752508361204,2.4902266815310288,4.5,0.8240802675585285,0.8935711631363806,1.8795986622073577,47.89539204756596,0.9994277220364176,2.7184318097361593,3.8,0,1.0,1.0,1,2.0,2.0,6.0,5.4,2.3,2.6
1730578500,Atletico Grau,Cesar Vallejo,0.0,1.7825925925925925,0.8244444444444445,1.804074074074074,53.43759259259259,1.8280740740740742,2.3124074074074064,4.5,0.6466666666666667,2.1381481481481486,0.10185185185185189,45.76240740740741,0.8574814814814813,3.0738888888888907,3.8,0,1.0,1.0,0,3.0,1.0,6.6,4.8,2.3,3.1
1730578500,UTC Cajamarca,Sport Huancayo,0.0,1.4275378368401623,1.0022148394241417,1.4489479512735326,52.63835363602806,1.5618014027316351,2.4901439645625687,4.5,1.1799926172019195,1.6053156146179404,1.1681801402731635,47.36164636397195,1.2485714285714287,2.896197858988558,3.8,0,1.0,1.0,1,1.0,1.0,5.4,4.8,2.3,2.6
1730649600,Sporting Cristal,Comerciantes Unidos,0.0,2.1384105960264903,0.46887417218543054,2.5153053715967624,54.50467255334805,2.1304930095658574,2.31232523914643,4.5,1.0022075055187638,2.1384105960264903,0.2793230316409125,46.29532744665195,1.1418837380426783,2.984988962472408,3.8,0,1.0,1.0,0,3.0,0.0,6.6,4.2,2.3,3.1
1730664000,Club Deportivo Los Chankas,Universitario,0.0,1.0722405573890723,0.8240557389072242,1.626842684268427,52.37264393105977,1.2775504217088376,2.4011734506784004,4.5,1.5351668500183353,0.8944627796112945,1.5234323432343235,48.960689402273566,1.5327172717271726,2.7184085075174202,3.8,0,1.0,1.0,1,0.0,0.0,4.8,4.2,2.3,2.6
1730664000,FBC Melgar,Deportivo Garcilaso,0.0,1.6049707602339183,0.11257309941520471,2.515423976608187,54.2389619883041,1.7037646198830407,2.312244152046783,4.5,0.8236842105263158,1.7827485380116959,0.27902046783625734,46.561038011695906,0.9991081871345029,2.98497807017544,3.8,0,1.0,1.0,1,1.0,1.0,5.4,4.8,2.3,2.6
1730664000,Alianza Lima,Cusco,0.0,1.42695810564663,0.46812386156648456,2.1595628415300547,53.43861566484517,1.5613479052823314,2.3122040072859735,4.5,1.712568306010929,1.9602914389799635,1.5234972677595628,47.6280510018215,1.6746448087431691,2.718214936247725,3.8,0,1.0,1.0,2,1.0,2.0,5.4,5.4,2.8,2.6
1738958400,Sport Huancayo,Alianza Atletico,0.0,1.7832129342965257,2.2543515651874784,0.9084279325765394,51.293636050911594,1.8284623323013414,2.580116959064327,4.5,1.00171998624011,1.2463708290333677,1.5282421740626075,47.632679738562096,1.141499828001376,2.7171654626763004,3.8,0,1.0,1.0,0,2.0,1.0,6.0,4.8,2.3,3.1
1739037600,FBC Melgar,UTC Cajamarca,0.0,1.4254414537973596,0.28592490999485687,2.1614606548945656,53.709617692439565,1.5601337219269673,2.311657809017657,4.5,0.4648722784159095,2.1412309274815704,0.45424309960569176,45.48511914966569,0.7299022801302929,2.8961940682324716,3.8,0,1.0,1.0,0,3.0,0.0,6.6,4.2,2.3,3.1
1739059200,Alianza Lima,Cusco,0.0,1.604632941577244,0.8220746039856924,1.9833077840231648,53.17417816385624,1.6855799693408278,2.4010560381536354,4.5,1.8957588145120081,1.9625276784193493,1.885198432975643,47.89950604667007,1.8209674672117184,2.7174075966615585,3.8,0,1.0,1.0,0,3.0,0.0,6.6,4.2,2.3,3.1
1739133000,Comerciantes Unidos,Universitario,0.0,0.8892037786774629,0.6427800269905533,1.6259109311740891,52.36997300944669,1.1669028340080971,2.400944669365721,4.5,1.3585695006747638,0.7102564102564102,1.5267206477732793,48.97213225371121,1.409136302294197,2.7174763832658586,3.8,0,1.0,1.0,1,1.0,1.0,5.4,4.8,2.3,2.6
1739142000,Cienciano,ADT,0.0,3.2153018328569027,0.8217252396166135,2.341415839919287,55.59070119387926,2.9740911383891038,2.4009080208508484,4.5,0.46383050277450816,0.8889860433832184,0.632016142592904,47.361930385068106,0.7291205649907514,2.8068606019841953,3.8,0,1.0,1.0,1,2.0,2.0,6.0,5.4,2.3,2.6
1739217600,Club Deportivo Los Chankas,Deportivo Garcilaso,0.0,0.8891049279249078,0.6431109621186725,1.625343613811599,52.36932618169627,1.1489171974522292,2.4008716057660062,4.5,0.8220583305397251,1.4259470331880655,0.4531009051290647,47.093831713040565,0.9977941669460274,2.896245390546431,3.8,0,1.0,1.0,1,2.0,2.0,6.0,5.4,2.3,2.6
1739572200,Cusco,FBC Melgar,0.0,1.2471177944862155,1.0013366750208856,1.625062656641604,52.36900584795321,1.4174269005847955,2.4008354218880523,4.5,1.7171261487050962,1.426065162907268,1.5268170426065164,48.436257309941524,1.6780451127819547,2.7172096908939034,3.8,0,1.0,1.0,2,0.0,1.0,4.8,4.8,2.8,2.6
1739642400,ADT,Atletico Grau,0.0,1.246023576290885,0.8233770546239416,1.8027893076539931,52.63430184293542,1.4166063423543085,2.4905694836460226,4.5,1.1812717914660469,0.5302341026066744,2.0650506392163375,48.976224472854064,1.285123692512037,2.627561016104933,3.8,0,1.0,1.0,0,4.0,3.0,7.199999999999999,6.0,2.3,3.1
1739651400,Alianza Atletico,Alianza Lima,0.0,1.0678583250579279,0.6450844091360477,2.3400198609731877,52.634491890102616,1.2740681893412777,2.4010592519033422,4.5,1.360873882820258,0.5310162197947699,2.2436941410129094,49.244455478318436,1.4108970539556438,2.7171135385633916,3.8,0,1.0,1.0,0,3.0,1.0,6.6,4.8,2.3,3.1
1739665800,Universitario,Cienciano,0.0,1.9630424022438542,0.46612770169938955,2.8772479788813725,54.24570202936809,1.97231479953803,2.3115492492987944,4.5,1.0029698069625474,1.9630424022438542,0.8118132321399109,46.559561128526646,1.1424550404223723,2.8961392509486896,3.8,0,1.0,1.0,0,3.0,2.0,6.6,5.4,2.3,3.1
1739721600,Sporting Cristal,Sport Boys,0.0,2.6792763157894735,0.4664473684210526,2.8776315789473683,55.319572368421056,2.5452960526315787,2.3115131578947357,4.5,0.4664473684210526,1.2476973684210526,0.8115131578947369,46.82779605263158,0.7490131578947367,2.896217105263159,3.8,0,1.0,1.0,0,2.0,1.0,6.0,4.8,2.3,3.1
1739729700,Juan Pablo II College,Sport Huancayo,0.0,1.6542056074766356,1.0311526479750779,1.841121495327103,52.93769470404985,1.7411214953271017,2.4090342679127623,4.5,1.1822265945236925,1.784653221839646,0.811214953271028,47.09603213641581,1.2500442695523852,2.8962944745040184,3.8,0,1.0,1.0,2,0.0,1.0,4.8,4.8,2.8,2.6
1739737800,Deportivo Garcilaso,Comerciantes Unidos,0.0,1.4262177182085647,0.6453743053285388,2.340568813337692,53.1715920235371,1.5428702190258254,2.4010787839163115,4.5,0.6453743053285388,2.320954560313828,0.09610983981693363,45.486302713304994,0.874233409610984,3.075155279503107,3.8,0,1.0,1.0,0,2.0,1.0,6.0,4.8,2.3,3.1
1739822400,Ayacucho FC,Alianza Universidad,0.0,1.6501547987616099,1.0309597523219813,1.8390092879256965,52.93188854489164,1.738080495356036,2.4099071207430236,4.5,1.0309597523219813,1.6501547987616099,0.9102167182662538,47.06811145510836,1.1650154798761596,2.8647058823529563,3.8,0,1.0,1.0,0,3.0,2.0,6.6,5.4,2.3,3.1
1740186000,Alianza Lima,Juan Pablo II College,0.0,1.6054320987654322,0.8233950617283952,1.9842592592592592,53.173364197530866,1.6861358024691357,2.400956790123456,4.5,0.6893004115226338,1.4362139917695473,0.6049382716049384,46.87757201646091,0.9115226337448551,2.943621399176965,3.8,0,1.0,1.0,0,1.0,0.0,5.4,4.2,2.3,3.1
1740247200,Comerciantes Unidos,Club Deportivo Los Chankas,0.0,0.7052307692307692,0.6430769230769231,1.2646153846153847,52.093538461538465,1.0199692307692307,2.400923076923076,4.5,0.6453441295546558,1.7844534412955466,0.27417004048582994,46.29101214574899,0.8563076923076922,2.9859109311740903,3.8,0,1.0,1.0,1,1.0,1.0,5.4,4.8,2.3,2.6
1740254400,Sport Boys,Ayacucho FC,0.0,0.5250306748466258,1.1830674846625768,1.084355828220859,51.01325153374233,0.875803680981595,2.490889570552146,4.5,0.687116564417178,1.4335378323108385,0.6032719836400818,46.878323108384464,0.9098159509202445,2.943558282208599,3.8,0,1.0,1.0,0,2.0,1.0,6.0,4.8,2.3,3.1
1740256200,Sport Huancayo,Sporting Cristal,0.0,1.785137614678899,2.083058103975535,1.2647094801223242,51.5534250764526,1.8298837920489295,2.580856269113149,4.5,3.163058103975535,1.0651376146788991,1.5302140672782876,50.9665749235474,2.85245259938838,2.7166055045871578,3.8,0,1.0,1.0,2,0.0,1.0,4.8,4.8,2.8,2.6
1740268800,Cienciano,Deportivo Garcilaso,0.0,3.0446341463414637,1.0030487804878048,1.9841463414634146,55.06268292682926,2.8375060975609756,2.4009756097560966,4.5,1.0030487804878048,1.4246341463414633,0.6308536585365854,47.367317073170724,1.1424329268292683,2.806524390243904,3.8,0,1.0,1.0,2,2.0,3.0,6.0,6.0,2.8,2.6
1740333600,Alianza Universidad,ADT,0.0,1.7649442755825735,1.3576494427558257,1.5572441742654508,52.612968591691995,1.823910840932117,2.373961499493407,4.5,0.6436474164133739,1.064741641337386,0.6314893617021277,47.368054711246195,0.8728996960486322,2.806443768996962,3.8,0,1.0,1.0,2,2.0,3.0,6.0,6.0,2.8,2.6
1740355200,FBC Melgar,Alianza Atletico,0.0,1.4248484848484848,0.28424242424242424,2.163030303030303,53.71121212121212,1.5596666666666668,2.3112121212121197,4.5,1.1842424242424243,1.604848484848485,1.352121212121212,47.36878787878787,1.2693636363636362,2.806363636363638,3.8,0,1.0,1.0,0,2.0,1.0,6.0,4.8,2.3,3.1
1740438000,Deportivo Binacional,Cusco,0.0,1.649546827794562,1.042296072507553,1.8338368580060422,52.913897280966765,1.737462235649546,2.4117824773413785,4.5,1.3642296072507554,1.9649546827794562,1.711842900302115,47.098610271903325,1.4133413897280969,2.806435045317222,3.8,0,1.0,1.0,2,1.0,2.0,5.4,5.4,2.8,2.6
1740688200,ADT,Sport Boys,0.0,1.6047590361445785,1.1845180722891566,1.802831325301205,52.63066265060241,1.7035843373493975,2.4912951807228905,4.5,0.6445180722891566,1.2447590361445784,0.8124698795180724,47.09933734939759,0.8735602409638552,2.8963554216867484,3.8,0,1.0,1.0,1,2.0,2.0,6.0,5.4,2.3,2.6
1740772800,Deportivo Garcilaso,Atletico Grau,0.0,1.2448648648648648,0.6448048048048048,2.342582582582583,52.900390390390385,1.3976636636636637,2.40126126126126,4.5,1.3648048048048047,1.0648648648648649,1.5324924924924925,48.44960960960961,1.4317777777777776,2.716276276276278,3.8,0,1.0,1.0,0,2.0,0.0,6.0,4.2,2.3,3.1
1740852000,Cusco,UTC Cajamarca,0.0,1.0649700598802394,1.0044910179640718,1.442934131736527,52.09101796407186,1.2897425149700599,2.4912275449101786,4.5,0.4644910179640719,1.9649700598802395,0.4522155688622755,45.748982035928144,0.7295449101796405,2.896347305389223,3.8,0,1.0,1.0,1,1.0,1.0,5.4,4.8,2.3,2.6
1740861000,Alianza Atletico,Deportivo Binacional,0.0,1.2447761194029852,0.8244776119402986,2.3426865671641792,52.63074626865672,1.4155820895522389,2.4011940298507453,4.5,2.029850746268657,1.0985074626865672,1.6149253731343283,49.39502487562189,1.9501492537313423,2.7751243781094637,3.8,0,1.0,1.0,0,4.0,1.0,7.199999999999999,4.8,2.3,3.1
1740877200,Sporting Cristal,Alianza Lima,0.0,2.3254761904761905,0.6444642857142857,2.8830357142857146,54.521815476190476,2.2621369047619053,2.311160714285713,4.5,1.3644642857142857,1.0654761904761905,1.7119642857142858,48.44818452380952,1.4135,2.8063392857142873,3.8,0,1.0,1.0,2,1.0,2.0,5.4,5.4,2.8,2.6
1740938400,Ayacucho FC,Sport Huancayo,0.0,2.101879327398615,1.3649851632047478,2.216617210682493,53.10731948565777,2.093175074183976,2.375173095944602,4.5,1.1847477744807122,1.4252818991097922,1.3525816023738872,47.63890207715134,1.251715133531157,2.8062611275964406,3.8,0,1.0,1.0,1,1.0,1.0,5.4,4.8,2.3,2.6
1740956400,Universitario,Alianza Universidad,0.0,2.3250887573964496,0.8247337278106509,2.882248520710059,54.250828402366864,2.2618165680473377,2.3112426035502946,4.5,1.3648915187376727,2.100591715976331,0.6173570019723866,46.89447731755424,1.4179487179487171,2.9412228796844286,3.8,0,1.0,1.0,0,4.0,0.0,7.199999999999999,4.2,2.3,3.1
1741370400,Alianza Universidad,Deportivo Garcilaso,0.0,1.8289085545722714,1.7721238938053099,1.1629793510324484,52.086651917404126,1.8718289085545723,2.4810471976401116,4.5,1.5470712178676782,1.6055063913470995,1.1736479842674532,47.912066301446835,1.5594886922320552,2.715479702205368,3.8,0,1.0,1.0,1,0.0,0.0,4.8,4.2,2.3,2.6
1741395600,Alianza Lima,Ayacucho FC,0.0,1.6050420168067228,0.8229691876750701,1.9831932773109244,53.173389355742295,1.6857142857142862,2.4011204481792703,4.5,0.7705882352941177,1.576470588235294,0.46176470588235297,46.78970588235294,0.9611764705882345,2.980882352941184,3.8,0,1.0,1.0,0,2.0,0.0,6.0,4.2,2.3,3.1
1741456800,UTC Cajamarca,Alianza Atletico,0.0,0.8853958944281526,1.5438123167155426,0.9026979472140763,51.012668621700875,1.1460762463343108,2.581143695014662,4.5,1.0036307778243263,1.7860913280268118,0.8115067727970955,46.826029884094396,1.1247702834799607,2.8964250802960496,3.8,0,1.0,1.0,1,0.0,0.0,4.8,4.2,2.3,2.6
1741465800,Sport Huancayo,ADT,0.0,1.6046783625730996,1.9081035923141187,1.2594820384294068,51.54514062935116,1.7035366193260928,2.582010582010581,4.5,1.1842940685045948,1.2427736006683374,1.1734335839598997,47.9120022277917,1.287412976886661,2.715399610136454,3.8,0,1.0,1.0,0,2.0,1.0,6.0,4.8,2.3,3.1
1741474800,FBC Melgar,Sporting Cristal,0.0,1.4238234069137858,0.4604748021657643,2.1645703179230877,53.44530056920728,1.5588477023462448,2.3105511592392043,4.5,2.9938081354990977,0.8809662640566431,1.5350826044703598,50.98803276412606,2.716917950853811,2.7154657781479954,3.8,0,1.0,1.0,0,1.0,0.0,5.4,4.2,2.3,3.1
1741550400,Sport Boys,Universitario,0.0,0.8807862679955705,1.3649501661129568,1.4410852713178293,51.27403100775194,1.1425083056478407,2.491472868217053,4.5,1.3631976744186047,0.7048255813953488,1.5315697674418607,48.98726744186047,1.4125406976744186,2.7163081395348856,3.8,0,1.0,1.0,2,0.0,2.0,4.8,5.4,2.8,2.6
1741566600,Cienciano,Comerciantes Unidos,0.0,2.870807453416149,1.3652173913043477,1.4405797101449274,54.258661145617666,2.698357487922705,2.4915804002760513,4.5,0.8234782608695653,2.144347826086957,0.09217391304347824,46.01840579710145,0.9987536231884058,3.0762318840579725,3.8,0,1.0,1.0,0,3.0,2.0,6.6,5.4,2.3,3.1
1741636800,Atletico Grau,Club Deportivo Los Chankas,0.0,2.1447398843930636,0.643757225433526,2.522947976878613,54.25176300578035,2.117583815028902,2.3111271676300564,4.5,0.643757225433526,1.7847398843930637,0.271907514450867,46.28823699421966,0.8549653179190749,2.9863005780346836,3.8,0,1.0,1.0,0,2.0,1.0,6.0,4.8,2.3,3.1
1741647600,Deportivo Binacional,Juan Pablo II College,0.0,1.4322766570605188,1.3583093179634966,1.2219020172910664,52.11287223823247,1.5577329490874159,2.5406340057636805,4.5,0.5187319884726225,1.324207492795389,0.45821325648414984,46.790345821325644,0.7847262247838609,2.981844380403466,3.8,0,1.0,1.0,0,2.0,0.0,6.0,4.2,2.3,3.1
1742760000,Club Deportivo Los Chankas,Cienciano,0.0,1.2449425287356322,0.823448275862069,1.8036206896551725,52.632528735632185,1.415735632183908,2.311063218390803,4.5,1.363448275862069,1.9649425287356321,0.8113793103448277,47.09747126436781,1.4127241379310342,2.896436781609197,3.8,0,1.0,1.0,1,0.0,0.0,4.8,4.2,2.3,2.6
1743098400,Comerciantes Unidos,Atletico Grau,0.0,0.5185427752762997,0.8220493928230319,0.898458179833538,51.54501296220494,0.8708391322144904,2.4009823986901337,4.5,1.3649065356801746,1.4233046800382043,1.353718106153636,47.91212989493792,1.4319088552326376,2.8060581252558343,3.8,0,1.0,1.0,1,2.0,2.0,6.0,5.4,2.3,2.6
1743107400,Ayacucho FC,FBC Melgar,0.0,1.822857142857143,1.2671428571428571,1.9157142857142857,52.835,1.867285714285714,2.3549999999999933,4.5,1.7234285714285715,0.8845714285714286,2.0714285714285716,49.258,1.6827142857142854,2.626285714285716,3.8,0,1.0,1.0,2,2.0,3.0,6.0,6.0,2.8,2.6
1743193800,Alianza Atletico,Cusco,0.0,1.9663546330212998,0.4609415276081943,2.8882105548772214,54.25839099172432,1.9747931081264414,2.310582010582009,4.5,1.365703432370099,1.9663546330212998,1.7162121828788495,47.098751865418535,1.4144295210961877,2.8059150725817408,3.8,0,1.0,1.0,2,2.0,4.0,6.0,6.6,2.8,2.6
1743210000,Universitario,Sport Huancayo,0.0,2.5093073593073596,0.8236471861471862,2.8877164502164505,54.528760822510826,2.409150432900433,2.310687229437228,4.5,1.1855519480519479,1.0616883116883118,1.535822510822511,48.18552489177489,1.2522023809523806,2.715367965367967,3.8,0,1.0,1.0,0,3.0,1.0,6.6,4.8,2.3,3.1
1743271200,ADT,Alianza Lima,0.0,1.7858626736813705,1.1855389181168217,1.9832726291649805,52.900755429650616,1.8484850937542157,2.4011331444759194,4.5,1.7283960609739646,1.0620531498718466,2.259382166464319,48.99924457034939,1.6864670174018617,2.7154323485768264,3.8,0,1.0,1.0,0,3.0,0.0,6.6,4.2,2.3,3.1
1743280200,Sporting Cristal,Deportivo Binacional,0.0,2.329082593489373,1.004304546677428,2.345493677697067,53.98743610438526,2.2649609900457364,2.4011030400860895,4.5,1.7725988700564972,1.827683615819209,1.21045197740113,47.9159604519774,1.7378531073446317,2.856355932203398,3.8,0,1.0,1.0,0,5.0,0.0,7.8,4.2,2.3,3.1
1743289200,Deportivo Garcilaso,Sport Boys,0.0,1.4252179745137492,0.6421193829644534,2.3458081824279007,53.174916163648554,1.54186452045607,2.401073105298456,4.5,1.0040241448692153,1.0633132126089873,0.9922199865861838,47.91079812206573,1.1431924882629105,2.8060362173038245,3.8,0,1.0,1.0,0,4.0,0.0,7.199999999999999,4.2,2.3,3.1
1743357600,Club Deportivo Los Chankas,Alianza Universidad,0.0,1.0639379347244515,0.641840556447298,1.8032637774210807,52.63341359015517,1.2890262172284643,2.3105671482075962,4.5,1.0196629213483146,2.585674157303371,0.45786516853932585,45.64957865168539,1.1606741573033696,2.9820224719101205,3.8,0,1.0,1.0,0,3.0,1.0,6.6,4.8,2.3,3.1
1743366600,Juan Pablo II College,UTC Cajamarca,0.0,1.11671335200747,1.0261437908496733,1.2250233426704016,52.137721755368815,1.3384687208216617,2.5404295051353785,4.5,0.4608776844070962,1.9690542883820195,0.4488728824863279,45.7374683206616,0.7267760437508335,2.8966386554621866,3.8,0,1.0,1.0,0,4.0,2.0,7.199999999999999,5.4,2.3,3.1
1743805800,Deportivo Binacional,Ayacucho FC,0.0,1.5907821229050279,1.020949720670391,1.670391061452514,52.85614525139665,1.6814245810055863,2.480167597765356,4.5,0.6167597765363129,1.6726256983240224,0.3642458100558659,46.41508379888268,0.849273743016759,3.0061452513966542,3.8,0,1.0,1.0,1,1.0,1.0,5.4,4.8,2.3,2.6
1743814800,Sport Huancayo,Deportivo Garcilaso,0.0,1.4254241580146874,1.9128893390731831,1.2580400101291467,51.26905545707774,1.560116485186123,2.5827298050139267,4.5,1.5492529754368196,1.4254241580146874,1.3555330463408457,48.18548999746771,1.5611800455811597,2.62405672322107,3.8,0,1.0,1.0,2,0.0,3.0,4.8,6.0,2.8,2.6
1743866100,Atletico Grau,Cienciano,0.0,2.3309523809523807,0.8235449735449736,2.526984126984127,54.26137566137566,2.2664550264550267,2.310582010582009,4.5,1.0044973544973546,1.788095238095238,0.4492063492063493,46.82433862433862,1.1435449735449734,2.896560846560848,3.8,0,1.0,1.0,1,1.0,1.0,5.4,4.8,2.3,2.6
1743884100,FBC Melgar,ADT,0.0,1.6066481994459836,0.4588264920674893,2.5300931755225387,53.72198438680433,1.6869302442709648,2.31007302946361,4.5,1.3679174011583983,1.6066481994459836,0.9924452279022916,47.64165197683204,1.4160916645681187,2.80574162679426,3.8,0,1.0,1.0,0,4.0,0.0,7.199999999999999,4.2,2.3,3.1
1743897600,Alianza Lima,Universitario,0.0,1.7890507282772474,0.640381717729784,2.3485685585133096,53.72325464590658,1.832847815168257,2.4009542943244586,4.5,1.1851617995264403,0.7028150486714022,1.5347013943699028,48.72325703762168,1.2699868455669558,2.7156011575901093,3.8,0,1.0,1.0,1,1.0,1.0,5.4,4.8,2.3,2.6
1743963300,Cusco,Juan Pablo II College,0.0,0.8835891381345927,1.0041978223796406,1.0792338974157156,51.81934933753116,1.1447409156500066,2.491446936901481,4.5,0.4176308539944904,1.4710743801652892,0.365840220385675,46.41873278236915,0.7098622589531673,3.00523415977962,3.8,0,1.0,1.0,0,4.0,2.0,7.199999999999999,5.4,2.3,3.1
1743966000,Sport Boys,Club Deportivo Los Chankas,0.0,0.8803696303696305,1.186063936063936,1.4395604395604396,51.54170829170829,1.1422577422577422,2.4918081918081905,4.5,0.8234955520669808,1.7889586603872318,0.26781789638932496,46.551543694400834,0.980633176347462,2.987022501308217,3.8,0,1.0,1.0,1,1.0,1.0,5.4,4.8,2.3,2.6
1743971400,UTC Cajamarca,Sporting Cristal,0.0,0.7030658838878017,1.1853881278538811,1.0793215916503587,51.276777560339205,1.0184083496412264,2.4913894324853216,4.5,2.8224159402241593,0.8801992528019926,1.3556662515566624,50.73125778331258,2.597858032378581,2.8057285180572866,3.8,0,1.0,1.0,0,4.0,1.0,7.199999999999999,4.8,2.3,3.1
1743980400,Alianza Universidad,Comerciantes Unidos,0.0,1.4754098360655736,1.4185792349726776,1.1344262295081968,52.08633879781421,1.6073224043715846,2.4437158469945297,4.5,1.0044236273744471,2.33224043715847,0.08665105386416862,46.00801457194899,1.1434504293520684,3.077491543065315,3.8,0,1.0,1.0,2,0.0,2.0,4.8,5.4,2.8,2.6
1744395300,Ayacucho FC,UTC Cajamarca,0.0,1.8735694822888282,1.6196185286103542,1.532425068119891,52.382016348773845,1.9059400544959129,2.444141689373291,4.5,0.8226405746841715,1.9712657914292793,0.446866485013624,46.276814466187766,0.9980183304433985,2.8966311617537785,3.8,0,1.0,1.0,2,0.0,1.0,4.8,4.8,2.8,2.6
1744403400,Club Deportivo Los Chankas,Sport Huancayo,0.0,1.425395256916996,0.8226284584980238,1.802371541501976,52.90439723320158,1.578310276679842,2.3101284584980224,4.5,1.0044466403162056,1.425395256916996,0.9928359683794467,47.36833003952569,1.1070899209486165,2.8056571146245073,3.8,0,1.0,1.0,2,1.0,3.0,5.4,6.0,2.8,2.6
1744489800,Juan Pablo II College,Alianza Atletico,0.0,1.8387533875338753,1.27710027100271,1.660569105691057,52.84383468834689,1.9049457994579946,2.481233062330616,4.5,0.823109140182311,1.7888642522788865,0.4478935698447894,46.55112096575512,0.9983739837398373,2.896501601379651,3.8,0,1.0,1.0,0,1.0,0.0,5.4,4.2,2.3,3.1
1744502400,Cienciano,Alianza Universidad,0.0,3.243243243243243,1.3683046683046682,1.984029484029484,54.812653562653566,2.9962162162162165,2.4011056511056497,4.5,1.0205405405405406,2.6702702702702705,0.36972972972972973,45.524324324324326,1.1519999999999992,3.00486486486487,3.8,0,1.0,1.0,2,0.0,1.0,4.8,4.8,2.8,2.6
1744560000,Sporting Cristal,Cusco,0.0,2.515559911786327,0.8228375398186719,2.347218818916932,54.53932859593237,2.4140896839010044,2.401200686106345,4.5,1.731928448909581,2.1519235481499632,1.7209017397696642,47.36976231315854,1.7072531242342563,2.8055868659642256,3.8,0,1.0,1.0,0,1.0,0.0,5.4,4.2,2.3,3.1
1744568100,Comerciantes Unidos,Sport Boys,0.0,0.8790322580645162,0.8225806451612904,1.0747800586510263,52.08492179863148,1.1412267839687196,2.310263929618767,4.5,0.6407624633431085,1.7881231671554252,0.4479472140762464,46.27871456500489,0.8706989247311827,2.8965542521994143,3.8,0,1.0,1.0,2,0.0,4.0,4.8,6.6,2.8,2.6
1744576200,ADT,Deportivo Binacional,0.0,2.333170850597124,1.0051182061905923,2.5288813063611992,53.99232269071411,2.268194004387034,2.31035827443334,4.5,1.422520107238606,2.465951742627346,0.9731903485254692,46.43378016085791,1.473565683646112,2.904557640750675,3.8,0,1.0,1.0,1,1.0,1.0,5.4,4.8,2.3,2.6
1744588800,Universitario,FBC Melgar,0.0,2.8784637822070978,1.005104521147302,2.8923189110354883,54.81028196402528,2.7044239183276617,2.3103305785123953,4.5,2.0910618792971736,1.063152533740769,2.4412528647822764,49.54160937102114,1.9765418894830658,2.6248281130634084,3.8,0,1.0,1.0,0,4.0,1.0,7.199999999999999,4.8,2.3,3.1
1744677000,Deportivo Garcilaso,Alianza Lima,0.0,1.9699393939393939,0.6414545454545455,2.347151515151515,53.992969696969695,1.9776,2.4012121212121196,4.5,1.186909090909091,1.6063030303030303,1.7209696969696968,47.370666666666665,1.2712242424242421,2.8055757575757587,3.8,0,1.0,1.0,2,0.0,1.0,4.8,4.8,2.8,2.6
1744938000,Alianza Universidad,Atletico Grau,0.0,1.2216312056737588,1.5186170212765957,0.9379432624113475,51.55540780141844,1.4167553191489364,2.504787234042548,4.5,1.7323500967117988,1.7877176015473888,1.3578336557059962,47.91670696324952,1.7075676982591876,2.80551257253385,3.8,0,1.0,1.0,1,0.0,0.0,4.8,4.2,2.3,2.6
1745006400,FBC Melgar,Deportivo Garcilaso,0.0,2.1530849959635567,0.4567869911198248,2.531449659785492,54.54467766116942,2.124082574097567,2.3099181178641435,4.5,1.735047860685042,1.0574328220505134,1.7248990889170799,49.01619190404798,1.709666705108984,2.6226040825740986,3.8,0,1.0,1.0,2,1.0,2.0,5.4,5.4,2.8,2.6
1745013600,Deportivo Binacional,Universitario,0.0,1.4634920634920636,1.0222222222222221,1.5227513227513227,52.662962962962965,1.5782010582010586,2.44603174603174,4.5,1.005050505050505,0.8780663780663781,1.1765271765271765,48.19023569023569,1.1257335257335255,2.7144781144781156,3.8,0,1.0,1.0,2,1.0,3.0,5.4,6.0,2.8,2.6
1745024400,Alianza Lima,Club Deportivo Los Chankas,0.0,1.604955833428932,0.6400596535505334,1.9827922450384305,53.447573706550415,1.685570723872892,2.401399564070206,4.5,0.8236987287119214,1.4233629167666106,0.44974814104101707,47.10026385224275,0.9806428400095947,2.8962341088990176,3.8,0,1.0,1.0,0,1.0,0.0,5.4,4.2,2.3,3.1
1745085600,Sport Boys,Cienciano,0.0,1.0569794050343249,1.0050343249427918,1.6178489702517163,52.07814645308924,1.2654462242562932,2.401372997711669,4.5,1.1870813397129185,1.7868421052631578,0.6313397129186603,47.100119617224884,1.2713636363636363,2.805382775119618,3.8,0,1.0,1.0,1,2.0,2.0,6.0,5.4,2.3,2.6
1745094600,Alianza Atletico,Sporting Cristal,0.0,2.150560725363875,1.1873061321880218,2.3457408732999285,53.4451204963016,2.122118826055834,2.401407778573131,4.5,3.013944996005934,1.422275476435011,1.3604245121533722,50.20466735136368,2.7327718817756477,2.805089581193656,3.8,0,1.0,1.0,0,1.0,0.0,5.4,4.2,2.3,3.1
1745107200,Cusco,Ayacucho FC,0.0,1.4231318419800096,1.1870537839124227,1.4369347929557355,52.35435506901475,1.5765349833412663,2.4922893860066617,4.5,0.6858638743455497,1.5514834205933683,0.480802792321117,46.70069808027923,0.8949389179755666,2.9363874345549767,3.8,0,1.0,1.0,0,3.0,0.0,6.6,4.2,2.3,3.1
1745172900,UTC Cajamarca,ADT,0.0,1.0598148587704723,1.3686209352005696,1.0735817707097082,51.53702824590553,1.3040588654165681,2.492262046047945,4.5,1.1873765467135884,1.970257690997843,0.9947780678851175,46.82545124304688,1.2898058803496424,2.80519922806221,3.8,0,1.0,1.0,2,0.0,1.0,4.8,4.8,2.8,2.6
1745181000,Sport Huancayo,Comerciantes Unidos,0.0,1.2394474637681159,1.9177989130434783,1.2525815217391305,50.982699275362314,1.4296875,2.583990036231883,4.5,1.3686079545454546,2.1503314393939394,0.6313920454545454,46.827178030303024,1.4165956439393939,2.9871922348484854,3.8,0,1.0,1.0,0,4.0,2.0,7.199999999999999,5.4,2.3,3.1
1745690400,Ayacucho FC,Alianza Atletico,0.0,1.5532467532467533,1.519047619047619,1.2692640692640693,52.0521645021645,1.665411255411256,2.5051948051947996,4.5,0.822360248447205,1.4225861095426313,0.44720496894409945,47.09943534726143,0.9977752682100507,2.896499153020893,3.8,0,1.0,1.0,2,0.0,2.0,4.8,5.4,2.8,2.6
1745710200,Deportivo Garcilaso,Deportivo Binacional,0.0,1.7874296012615454,0.8225726514980852,1.8002703311556656,53.44751070060824,1.8498265375084482,2.492746113989636,4.5,1.3531951640759932,2.2184801381692574,0.9827288428324699,46.70120898100173,1.4120898100172705,2.8530224525043204,3.8,0,1.0,1.0,2,0.0,1.0,4.8,4.8,2.8,2.6
1745777700,Club Deportivo Los Chankas,FBC Melgar,0.0,1.239231547017189,1.1877766543085047,1.2520390967307045,52.07740703291765,1.4295472418829347,2.4015279182114355,4.5,2.096311956777073,1.6046511627906979,2.2684989429175473,48.73725628376791,1.9805496828752638,2.7143998120742316,3.8,0,1.0,1.0,1,1.0,1.0,5.4,4.8,2.3,2.6
1745785800,Atletico Grau,Sport Boys,0.0,1.7863167760074976,1.0053889409559513,2.163308341143393,53.171626054358015,1.830763823805061,2.3106607310215543,4.5,1.3703720304796057,1.7869116987897802,0.8133572389063201,47.37496638278799,1.4361586732406992,2.896324518153295,3.8,0,1.0,1.0,1,3.0,3.0,6.6,6.0,2.3,2.6
1745794800,Universitario,UTC Cajamarca,0.0,3.248083156365262,1.0055884654073992,2.8951603889571924,55.36396557505309,3.0000983569911703,2.3101710070414647,4.5,1.0055884654073992,1.7872135911478708,0.9959763049066727,46.82733877277299,1.1260623672739465,2.804962557281771,3.8,0,1.0,1.0,0,6.0,0.0,8.399999999999999,4.2,2.3,3.1
1745863200,Sporting Cristal,Juan Pablo II College,0.0,2.336008918617614,0.6401337792642141,2.347603121516165,54.544035674470464,2.270434782608696,2.4014492753623173,4.5,0.6871794871794872,1.888034188034188,0.31709401709401713,46.19786324786325,0.9125641025641019,3.0192307692307714,3.8,0,1.0,1.0,0,3.0,2.0,6.6,5.4,2.3,3.1
1745872200,ADT,Cusco,0.0,2.1536973201378853,1.1881685755587679,2.165261870343601,53.44851551206494,2.124581341043034,2.3101189814299996,4.5,1.5533859668631158,1.6058712331813634,1.7259868786834203,47.92104970532636,1.5825664405648834,2.8050706104748144,3.8,0,1.0,1.0,0,2.0,1.0,6.0,4.8,2.3,3.1
1745884800,Cienciano,Sport Huancayo,0.0,2.701597160603372,1.5533717834960072,1.4350931677018635,53.72255989352262,2.5811579414374446,2.492701863354036,4.5,1.3707630878438333,1.2407275953859804,1.543167701863354,48.194831410825195,1.3999378881987579,2.7138198757763985,3.8,0,1.0,1.0,0,2.0,1.0,6.0,4.8,2.3,3.1
1746145800,FBC Melgar,Comerciantes Unidos,0.0,2.1557675996607295,0.6386344359626802,2.350551314673452,54.27591178965224,2.126162001696353,2.4013146734520765,4.5,1.3707489766567098,2.3364531474720653,0.6299148135855737,46.55122248036287,1.4181790021020022,2.987786259541985,3.8,0,1.0,1.0,1,1.0,1.0,5.4,4.8,2.3,2.6
1746217800,Sport Huancayo,Atletico Grau,0.0,1.605626057529611,1.5552876480541458,1.8003807106598986,52.07571912013536,1.722711505922166,2.4929568527918766,4.5,1.188126241447804,1.6058706687265505,0.9951445596998455,47.373162657250056,1.290333259766056,2.805120282498345,3.8,0,1.0,1.0,0,3.0,0.0,6.6,4.2,2.3,3.1
1746232200,Alianza Lima,Cienciano,0.0,1.6059071729957808,0.27172995780590725,2.5339662447257383,54.00147679324895,1.6862658227848102,2.309599156118142,4.5,1.1878921298844247,1.7887727022564666,0.6297193175564116,47.09845899834893,1.271898734177215,2.8051733626857462,3.8,0,1.0,1.0,2,0.0,1.0,4.8,4.8,2.8,2.6
1746295200,UTC Cajamarca,Deportivo Garcilaso,0.0,1.0579710144927537,1.3704874835309617,1.069828722002635,51.531444883618796,1.3027843653930613,2.4927097057531826,4.5,1.9217171717171717,1.0555555555555556,2.095580808080808,49.299031986531986,1.85888468013468,2.621569865319866,3.8,0,1.0,1.0,0,2.0,1.0,6.0,4.8,2.3,3.1
1746304200,Juan Pablo II College,Ayacucho FC,0.0,1.6670025188916877,1.0241813602015113,1.922418136020151,52.96523929471033,1.7610579345088164,2.44634760705289,4.5,0.5887009715725081,1.7621446563512055,0.4127383951061533,46.23911478949262,0.8246851385390422,2.959841669665349,3.8,0,1.0,1.0,1,0.0,0.0,4.8,4.2,2.3,2.6
1746315000,Cusco,Universitario,0.0,1.6055057898186587,1.0050251256281406,1.4351321826523924,52.90093948000874,1.7225649989075817,2.492658946908454,4.5,1.3702425169324886,0.692462311557789,1.7256281407035174,49.016451824339086,1.4177758357002401,2.6225038234651525,3.8,0,1.0,1.0,0,2.0,0.0,6.0,4.2,2.3,3.1
1746381600,Sport Boys,Alianza Universidad,0.0,1.2386800334168755,1.1879281537176274,1.6172514619883043,52.07633667502088,1.4108437761069343,2.40127401837928,4.5,1.0183792815371764,2.2213868003341686,0.8141186299081036,46.19465329991646,1.144152046783625,2.9364661654135356,3.8,0,1.0,1.0,0,4.0,2.0,7.199999999999999,5.4,2.3,3.1
1746390600,Alianza Atletico,ADT,0.0,2.1539130434782607,1.1876086956521739,2.348695652173913,53.449673913043476,2.124760869565218,2.4013043478260854,4.5,1.3714583333333332,1.9725,1.3616666666666666,47.09822916666666,1.4186874999999997,2.805,3.8,0,1.0,1.0,0,2.0,0.0,6.0,4.2,2.3,3.1
1746399600,Deportivo Binacional,Club Deportivo Los Chankas,0.0,1.390274314214464,1.3516209476309227,1.2709891936824604,52.05881130507066,1.5184538653366588,2.504904405652529,4.5,0.6395532906863277,1.2409411254472515,0.4467526835086198,47.09770139867722,0.8515038490729697,2.8965737829339697,3.8,0,1.0,1.0,2,1.0,2.0,5.4,5.4,2.8,2.6
1746822600,Comerciantes Unidos,Deportivo Binacional,0.0,0.8755786285961498,1.5528012113346312,0.8876919749080685,50.984382435647845,1.1386069651741295,2.4013627514600895,4.5,1.3020611229566452,1.9054726368159205,1.2693674484719262,47.094171997157076,1.3668798862828706,2.817128642501778,3.8,0,1.0,1.0,1,1.0,1.0,5.4,4.8,2.3,2.6
1746896400,Ayacucho FC,Sporting Cristal,0.0,1.3335696561503012,1.587734845799362,1.0875576036866361,51.619461183977315,1.5007444168734496,2.547252747252742,4.5,0.8214226633581473,1.605624483043838,0.8119106699751862,46.82349048800662,0.9969892473118279,2.89660876757651,3.8,0,1.0,1.0,2,1.0,4.0,5.4,6.6,2.8,2.6
1746909000,Atletico Grau,Alianza Lima,0.0,1.9709427464485578,1.1882049074472665,2.1653895824365046,53.17432199741714,1.9783684890228155,2.310116229014204,4.5,1.1882049074472665,1.60572535514421,1.7259147653895823,47.37350408953939,1.2721394748170467,2.8051011622901423,3.8,0,1.0,1.0,1,1.0,1.0,5.4,4.8,2.3,2.6
1746928800,Cienciano,FBC Melgar,0.0,1.7886831275720165,1.7386831275720165,1.4333333333333333,52.07520576131687,1.8508230452674899,2.493004115226336,4.5,1.9186258722490606,1.788191089640365,1.9085346215780998,48.195437466451956,1.838207192699946,2.713741277509394,3.8,0,1.0,1.0,2,1.0,2.0,5.4,5.4,2.8,2.6
1746986400,Club Deportivo Los Chankas,UTC Cajamarca,0.0,1.42188013136289,1.3722085385878489,1.2496305418719211,52.07471264367816,1.5573768472906409,2.401416256157634,4.5,0.822208538587849,2.7052134646962234,0.8127668308702792,45.17528735632184,0.9975944170771757,2.8964490968801315,3.8,0,1.0,1.0,0,2.0,1.0,6.0,4.8,2.3,3.1
1746994500,ADT,Juan Pablo II College,0.0,2.3386158886158883,1.3721949221949221,2.1665438165438164,53.4498361998362,2.272428337428338,2.309725634725633,4.5,0.8760968760968761,2.046683046683047,0.27167427167427166,46.243418743418744,1.054545454545454,3.030852930852932,3.8,0,1.0,1.0,1,2.0,2.0,6.0,5.4,2.3,2.6
1747002600,Deportivo Garcilaso,Cusco,0.0,1.6053513071895427,0.6390522875816993,1.7997140522875816,53.44965277777778,1.722479575163399,2.493035130718953,4.5,1.3723856209150327,1.7886846405228758,1.1792483660130717,47.37534722222222,1.4377205882352941,2.8964460784313726,3.8,0,1.0,1.0,2,1.0,3.0,5.4,6.0,2.8,2.6
1747006200,Universitario,Alianza Atletico,0.0,3.8052159739201303,0.8227791361043195,2.8993480032599837,56.473859005704966,3.4457008964955174,2.309779951100243,4.5,0.8227791361043195,1.0552159739201303,0.8129991850040751,47.651140994295034,0.9980277098614507,2.896393643031785,3.8,0,1.0,1.0,2,0.0,1.0,4.8,4.8,2.8,2.6
1747081800,Alianza Universidad,Sport Huancayo,0.0,1.0452961672473868,1.3066202090592334,0.9393728222996516,51.60871080139373,1.2843902439024397,2.476655052264803,4.5,1.3727642276422762,1.4215447154471543,1.3634146341463413,47.926626016260165,1.401341463414634,2.8046747967479675,3.8,0,1.0,1.0,2,0.0,1.0,4.8,4.8,2.8,2.6
1747427400,Alianza Atletico,Deportivo Garcilaso,0.0,2.3378751013787507,1.1894160583941604,2.348621248986212,53.72289132197891,2.2718613138686137,2.401601784266016,4.5,1.7418394160583943,1.052360097323601,1.9172749391727495,49.034024330900245,1.714869099756691,2.71243795620438,3.8,0,1.0,1.0,0,1.0,0.0,5.4,4.2,2.3,3.1
1747512000,UTC Cajamarca,Comerciantes Unidos,0.0,1.2377427184466019,1.372532362459547,1.4322006472491908,51.79801779935275,1.4467516181229774,2.493244336569578,4.5,1.5558656957928805,1.9710760517799353,0.8136326860841425,47.37698220064725,1.5478276699029125,2.8963389967637543,3.8,0,1.0,1.0,0,2.0,0.0,6.0,4.2,2.3,3.1
1747513800,Sporting Cristal,ADT,0.0,2.3378127522195316,1.0056497175141244,2.3491121872477803,53.998446327683624,2.27180387409201,2.4015536723163824,4.5,1.0054237288135592,1.9723002421307507,1.180900726392252,46.549491525423726,1.144160774818402,2.896532687651332,3.8,0,1.0,1.0,0,2.0,1.0,6.0,4.8,2.3,3.1
1747522800,Cusco,Club Deportivo Los Chankas,0.0,1.9712157809983897,0.822302737520129,1.9826892109500804,53.72357085346216,1.9968558776167478,2.401529790660224,4.5,1.0056360708534622,1.2378824476650563,0.9965780998389694,47.65142914653784,1.1259822866344604,2.8047705314009663,3.8,0,1.0,1.0,1,3.0,3.0,6.6,6.0,2.3,2.6
1747592100,Sport Huancayo,Sport Boys,0.0,1.7886265060240965,1.3737831325301204,1.7992289156626506,52.6224578313253,1.869185542168675,2.493445783132529,4.5,1.9226907630522088,2.154819277108434,0.9965863453815261,47.651606425702816,1.8596184738955825,2.804718875502008,3.8,0,1.0,1.0,0,1.0,0.0,5.4,4.2,2.3,3.1
1747600200,Juan Pablo II College,Universitario,0.0,1.3854166666666665,0.8565705128205129,1.7644230769230769,52.79407051282051,1.5478365384615391,2.422596153846148,4.5,1.3724759615384614,1.0546875,1.5463942307692309,48.47648237179487,1.4194591346153844,2.713100961538462,3.8,0,1.0,1.0,0,2.0,0.0,6.0,4.2,2.3,3.1
1747609200,FBC Melgar,Atletico Grau,0.0,1.7885659472422062,0.8213717026378897,1.983693045563549,53.450983213429254,1.8323299760191847,2.4014004796163055,4.5,1.0055955235811351,2.154756195043965,0.4462030375699441,46.27605915267786,1.1626338928856914,2.896482813749001,3.8,0,1.0,1.0,1,1.0,1.0,5.4,4.8,2.3,2.6
1747693800,Deportivo Binacional,Cienciano,0.0,1.3301435406698565,1.44771018455229,1.0840738209159262,51.82433356117566,1.4693779904306226,2.547778537252216,4.5,1.1889154704944178,1.2379585326953748,1.1795454545454545,47.9262360446571,1.272615629984051,2.7130980861244023,3.8,0,1.0,1.0,1,1.0,1.0,5.4,4.8,2.3,2.6
1747702800,Alianza Lima,Alianza Universidad,0.0,1.0523150357995226,0.453346062052506,1.9833890214797136,52.89864439140811,1.2617221957040576,2.401355608591884,4.5,1.1619502216160926,2.4725536992840094,0.7013296965564269,46.03341288782816,1.2546198431639954,2.959018070235254,3.8,0,1.0,1.0,0,2.0,0.0,6.0,4.2,2.3,3.1
1747965600,Universitario,Sporting Cristal,0.0,3.2603809523809524,0.6371428571428571,2.3516190476190477,55.93504761904762,3.028171428571429,2.4013333333333318,4.5,1.1891428571428573,1.4203809523809523,1.1801904761904762,47.652952380952385,1.2911428571428571,2.896571428571429,3.8,0,1.0,1.0,0,2.0,0.0,6.0,4.2,2.3,3.1
1748032200,Alianza Universidad,FBC Melgar,0.0,0.713895486935867,1.165439429928741,0.7495249406175772,51.323277909738714,1.0356888361045136,2.554097387173392,4.5,1.555146476642914,1.6046318289786226,1.912509897070467,47.9255740300871,1.5472842438638161,2.7131433095803645,3.8,0,1.0,1.0,1,1.0,1.0,5.4,4.8,2.3,2.6
1748048400,Sport Boys,Alianza Lima,0.0,1.7883222748815166,1.5569289099526067,1.6156966824644552,52.34727962085308,1.8505175355450239,2.401289099526065,4.5,1.0051342812006319,1.6045023696682466,1.362519747235387,47.100750394944704,1.125600315955766,2.804759083728278,3.8,0,1.0,1.0,2,0.0,1.0,4.8,4.8,2.8,2.6
1748109600,Comerciantes Unidos,Cusco,0.0,1.0541765169424744,1.738455476753349,0.8826635145784083,50.97377856579984,1.2632111899133178,2.4014184397163105,4.5,1.9249172576832152,1.4200094562647754,1.732406619385343,48.75717257683215,1.8613598108747047,2.8045200945626476,3.8,0,1.0,1.0,2,1.0,2.0,5.4,5.4,2.8,2.6
1748118600,Atletico Grau,Deportivo Binacional,0.0,1.604048742138365,1.188639937106918,1.7989779874213836,52.62330974842768,1.684772012578617,2.3098270440251554,4.5,0.8659198113207548,2.0621462264150945,0.9899764150943396,46.20507075471698,1.0171698113207546,2.813974056603773,3.8,0,1.0,1.0,0,3.0,0.0,6.6,4.2,2.3,3.1
1748127600,Cienciano,UTC Cajamarca,0.0,1.6041411764705884,1.740894117647059,1.2472470588235294,51.795058823529416,1.7031811764705884,2.585411764705881,4.5,1.004894117647059,2.5241411764705886,0.8126117647058824,45.72094117647059,1.125345882352941,2.8965176470588236,3.8,0,1.0,1.0,0,6.0,1.0,8.399999999999999,4.8,2.3,3.1
1748196000,ADT,Ayacucho FC,0.0,1.9729577464788732,1.1888826291079813,1.799474178403756,53.17630046948357,1.9798309859154932,2.309389671361501,4.5,0.5652582159624413,1.6154929577464792,0.538849765258216,46.424061032863854,0.8066549295774643,2.8892605633802813,3.8,0,1.0,1.0,2,0.0,1.0,4.8,4.8,2.8,2.6
1748214000,Deportivo Garcilaso,Juan Pablo II College,0.0,1.420646370023419,1.004871194379391,1.2471381733021079,52.62385011709602,1.5747971896955506,2.585461358313816,4.5,1.1652224824355972,2.2145199063231846,0.39004683840749416,46.42546838407495,1.2716042154566742,2.964110070257611,3.8,0,1.0,1.0,0,4.0,0.0,7.199999999999999,4.2,2.3,3.1
1748808000,Club Deportivo Los Chankas,Alianza Atletico,0.0,1.4210841121495328,1.1886728971962617,1.6153644859813086,52.348803738317756,1.556743925233645,2.401439252336447,4.5,0.8206728971962617,0.6850841121495327,1.3646355140186917,48.203196261682244,0.9963663551401869,2.804560747663551,3.8,0,1.0,1.0,2,1.0,2.0,5.4,5.4,2.8,2.6
1749758400,Alianza Atletico,Comerciantes Unidos,0.0,1.9729603729603729,1.0048484848484849,2.3510303030303032,53.45235431235431,1.979841491841492,2.401510489510488,4.5,1.3728484848484848,1.9729603729603729,0.813016317016317,47.09964568764568,1.4196997668997666,2.8965128205128203,3.8,0,1.0,1.0,0,3.0,0.0,6.6,4.2,2.3,3.1
1749844800,UTC Cajamarca,Atletico Grau,0.0,1.6052093023255816,0.6366511627906977,1.9832558139534884,53.45302325581395,1.7224372093023257,2.401488372093022,4.5,0.6366511627906977,1.6052093023255816,0.6288372093023256,46.54697674418605,0.8675534883720928,2.8045581395348833,3.8,0,1.0,1.0,2,0.0,2.0,4.8,5.4,2.8,2.6
1749859200,Cusco,Cienciano,0.0,2.524900232018562,1.1888259860788863,2.1669234338747105,54.00429698375871,2.421405104408353,2.309559164733177,4.5,1.0048259860788864,0.8689002320185615,1.365215777262181,48.2037030162413,1.125286310904872,2.620510440835267,3.8,0,1.0,1.0,1,0.0,0.0,4.8,4.2,2.3,2.6
1749924900,FBC Melgar,Sport Boys,0.0,1.6044159544159544,0.8198361823361824,1.6142094017094017,53.177047720797724,1.6849750712250717,2.4014779202279186,4.5,1.7406296296296297,1.9725925925925927,0.9972222222222222,47.651870370370375,1.7323407407407407,2.8044629629629627,3.8,0,1.0,1.0,0,2.0,1.0,6.0,4.8,2.3,3.1
1749933000,Juan Pablo II College,Club Deportivo Los Chankas,0.0,1.4737710326624875,0.7307819201583635,1.9392939623886507,53.11514351699109,1.6129330254041576,2.4054107555262236,4.5,1.3726189376443418,1.6046558891454967,0.9970438799076212,47.6517598152425,1.4195251732101615,2.8045080831408775,3.8,0,1.0,1.0,0,3.0,0.0,6.6,4.2,2.3,3.1
1749949200,Alianza Lima,Sport Huancayo,0.0,1.2354838709677418,0.45040765685926976,1.9838709677419355,53.177791563275434,1.4082842963488127,2.401435661113079,4.5,1.3724239631336406,1.4209032258064516,1.3648663594470045,47.92709677419355,1.40098064516129,2.8045529953917048,3.8,0,1.0,1.0,1,0.0,0.0,4.8,4.2,2.3,2.6
1750003200,Sporting Cristal,Deportivo Garcilaso,0.0,2.3405977011494254,1.0042298850574713,2.351080459770115,54.00473563218391,2.273986206896552,2.4014712643678147,4.5,1.18868258178603,0.8659593280282936,1.3662245800176835,48.48390804597701,1.2908045977011493,2.804332449160035,3.8,0,1.0,1.0,0,3.0,2.0,6.6,5.4,2.3,3.1
1750017600,Ayacucho FC,Universitario,0.0,1.015137614678899,1.9137614678899084,0.5978211009174312,50.652637614678895,1.246811926605505,2.629529816513757,4.5,1.1884036697247706,1.2368440366972477,1.364697247706422,47.92715596330275,1.2905688073394497,2.804550458715596,3.8,0,1.0,1.0,2,0.0,1.0,4.8,4.8,2.8,2.6
1750026600,Deportivo Binacional,Alianza Universidad,0.0,1.314187643020595,1.3137299771167046,1.196796338672769,52.0012585812357,1.456098398169337,2.4797482837528557,4.5,0.8637299771167049,2.3641876430205953,0.6908466819221968,45.7487414187643,1.0304805491990843,2.9640732265446217,3.8,0,1.0,1.0,1,1.0,1.0,5.4,4.8,2.3,2.6
1750291200,Comerciantes Unidos,Alianza Lima,0.0,1.0524200913242008,1.9243835616438356,0.6948310502283105,50.69223744292238,1.261852054794521,2.493497716894976,4.5,1.0043835616438357,1.0524200913242008,1.9170776255707762,47.92776255707763,1.1249388127853879,2.7124566210045664,3.8,0,1.0,1.0,2,0.0,1.0,4.8,4.8,2.8,2.6
1750363200,Atletico Grau,Cusco,0.0,1.972118451025057,1.1883735763097951,1.79850569476082,53.175799544419135,1.979225512528474,2.309567198177675,4.5,1.9272822849132645,1.4193446644471701,1.7360084107236728,48.761731207289294,1.8631960749956193,2.8042404065183106,3.8,0,1.0,1.0,1,0.0,0.0,4.8,4.2,2.3,2.6
1750460400,Alianza Universidad,UTC Cajamarca,0.0,0.5217171717171717,0.8560606060606061,0.8621212121212121,51.498989898989905,0.8838888888888894,2.4820707070707027,4.5,1.004020979020979,3.449825174825175,0.6283216783216783,44.33111888111888,1.1245979020979018,2.988811188811188,3.8,0,1.0,1.0,2,1.0,2.0,5.4,5.4,2.8,2.6
1750471200,Universitario,ADT,0.0,2.8958660387231814,0.6349555206698063,2.351962323390895,55.39154020582592,2.7366370137798715,2.4015524158381285,4.5,0.6349555206698063,1.9727891156462585,0.628676085818943,45.99307517878946,0.847800453514739,2.9887667887667884,3.8,0,1.0,1.0,0,5.0,0.0,7.8,4.2,2.3,3.1
1750528800,Sport Huancayo,FBC Melgar,0.0,1.9733727810650887,1.1886181691611557,2.352175426383571,53.17730595196659,1.9986390532544385,2.4015315001740327,4.5,1.556162895927602,1.7883076923076924,1.5496470588235296,47.651601809954755,1.547971040723982,2.7123619909502263,3.8,0,1.0,1.0,1,2.0,2.0,6.0,5.4,2.3,2.6
1750536900,Club Deportivo Los Chankas,Sporting Cristal,0.0,1.6042021184233373,1.5580135440180587,1.4289633616947386,52.06945650286508,1.684837645424553,2.4938183712450064,4.5,1.0041673901719048,1.7888175030387221,0.6285118944261157,46.82285118944261,1.1616357006424725,2.9887654106615726,3.8,0,1.0,1.0,0,3.0,1.0,6.6,4.8,2.3,3.1
1750550400,Deportivo Garcilaso,Ayacucho FC,0.0,1.789050589050589,1.004158004158004,1.2445599445599445,53.17751212751213,1.869636174636175,2.586105336105335,4.5,0.5453453453453453,1.3017017017017016,0.992992992992993,46.86496496496496,0.7913513513513508,2.8121121121121107,3.8,0,1.0,1.0,0,2.0,1.0,6.0,4.8,2.3,3.1
1750615200,Sport Boys,Deportivo Binacional,0.0,1.4198789974070873,1.5579948141745894,1.0601555747623164,51.79299913569577,1.5742955920484012,2.4937770095073453,4.5,0.7008739076154806,1.9240948813982521,0.9925093632958801,46.16466916354557,0.9001997503121095,2.812234706616728,3.8,0,1.0,1.0,0,3.0,1.0,6.6,4.8,2.3,3.1
1750623300,Comerciantes Unidos,Juan Pablo II College,0.0,0.8662642290444981,1.9272162814763711,0.5065194894791307,50.408744394618836,1.1314004829251467,2.58606416005519,4.5,1.16751370204285,2.70254110612855,0.3698056801195815,45.696960637767816,1.2734927752864968,2.9679123069257587,3.8,0,1.0,1.0,0,3.0,0.0,6.6,4.2,2.3,3.1
1750631400,Cienciano,Alianza Atletico,0.0,2.343417656169334,1.3731887799001894,1.7990363104457063,53.45551540182413,2.294658406470488,2.49373601789709,4.5,1.0039580106694201,0.4972638100154878,1.9201514369299604,48.75986921356049,1.1429977628635346,2.7120117019445877,3.8,0,1.0,1.0,0,3.0,2.0,6.6,5.4,2.3,3.1
1750896000,Atletico Grau,Universitario,0.0,1.6051854395604395,1.004120879120879,1.4300137362637362,52.901768543956045,1.7040693681318682,2.309100274725273,4.5,1.004120879120879,1.2359546703296702,1.36614010989011,47.652077609890114,1.1431215659340659,2.804361263736263,3.8,0,1.0,1.0,2,0.0,2.0,4.8,5.4,2.8,2.6
1751047200,Ayacucho FC,Club Deportivo Los Chankas,0.0,0.83637713437268,1.9457065082900273,0.3969314526107399,50.33650086612225,1.1200247463499138,2.715367483296209,4.5,1.1888984067157786,1.7895151618982355,0.9972588658557479,47.0989035463423,1.2909371252355661,2.804317286277197,3.8,0,1.0,1.0,2,1.0,2.0,5.4,5.4,2.8,2.6
1751055300,Juan Pablo II College,Cienciano,0.0,1.9155555555555557,0.5644444444444445,2.3955555555555557,54.02722222222222,1.952222222222223,2.3299999999999947,4.5,1.0044444444444445,0.8663247863247863,1.366837606837607,48.20700854700854,1.1249059829059826,2.6196581196581192,3.8,0,1.0,1.0,1,2.0,2.0,6.0,5.4,2.3,2.6
1751063400,Deportivo Binacional,Sport Huancayo,0.0,1.1473269278147327,1.479970436067997,0.8623306233062331,51.501527469820154,1.3220990391722105,2.482163094358212,4.5,1.189220535561999,1.2356131673204844,1.3668429131843767,47.9302404912161,1.2727204502814258,2.804229916425038,3.8,0,1.0,1.0,0,1.0,0.0,5.4,4.2,2.3,3.1
1751133600,ADT,Deportivo Garcilaso,0.0,1.6047311095983663,1.0044247787610618,1.6140912185159972,52.90062968005446,1.703710006807352,2.4014976174268194,4.5,1.5598164536217636,1.41937069813176,1.182726974762373,48.210504752540146,1.5691576532284497,2.896705998033431,3.8,0,1.0,1.0,1,0.0,0.0,4.8,4.2,2.3,2.6
1751141700,UTC Cajamarca,Sport Boys,0.0,1.6044489726608933,1.0042452029206996,1.7985736118186448,52.90047546272712,1.721959585668195,2.4937850229240945,4.5,1.5580913567668535,1.9736797418916625,0.8128374936321956,47.37644761419595,1.5862998811343179,2.8965359144167087,3.8,0,1.0,1.0,1,1.0,1.0,5.4,4.8,2.3,2.6
1751152500,FBC Melgar,Alianza Lima,0.0,1.7893620492739437,1.004078968836678,1.6133137542829175,53.17808777940937,1.832909120574319,2.401403165279816,4.5,0.8196204676380888,0.8658759742460183,1.920535411724839,47.930447305997966,0.9770552355133854,2.7118773297187393,3.8,0,1.0,1.0,2,0.0,1.0,4.8,4.8,2.8,2.6
1751212800,Sporting Cristal,Comerciantes Unidos,0.0,2.711749788672866,1.0042265426880812,2.9058326289095517,54.561453930684706,2.570887573964497,2.309213863060015,4.5,1.0042265426880812,1.9732882502113271,0.8131868131868132,46.54623837700761,1.1431952662721891,2.8964497041420114,3.8,0,1.0,1.0,0,2.0,0.0,6.0,4.2,2.3,3.1
1751227200,Alianza Atletico,Atletico Grau,0.0,1.7887314439946018,0.8194331983805668,2.3521929824561405,53.45411605937922,1.832469635627531,2.401501349527664,4.5,1.0040485829959513,1.234885290148448,1.1822537112010796,47.653576248313094,1.1430634278002696,2.7118758434547905,3.8,0,1.0,1.0,0,2.0,1.0,6.0,4.8,2.3,3.1
1751238000,Cusco,Alianza Universidad,0.0,2.3426359198788083,1.0040397239521965,2.167783201481232,54.008062615721265,2.294051506480391,2.3091735398081115,4.5,1.0116703136396792,1.9231704352054462,0.8371504984196451,46.63226355458303,1.1332555312424015,2.889982980792607,3.8,0,1.0,1.0,0,4.0,1.0,7.199999999999999,4.8,2.3,3.1
1751486400,Juan Pablo II College,FBC Melgar,0.0,1.6131974769529354,0.5449781659388646,2.107520621057739,53.602814167879664,1.7103833090732659,2.3264434740417226,4.5,1.3732616728249916,1.78918374202217,1.1819281155525698,47.375948941887806,1.401498152502519,2.711958347329526,3.8,0,1.0,1.0,1,1.0,1.0,5.4,4.8,2.3,2.6
1751652000,Sport Huancayo,UTC Cajamarca,0.0,1.9746631162753168,1.374243524570322,1.9838618575002016,52.90079076898249,1.9996691680787548,2.401387880254981,4.5,1.0038731541999515,2.9005890422012426,1.1826030823852176,45.15476478657306,1.1243928023884449,2.896659404502541,3.8,0,1.0,1.0,0,1.0,0.0,5.4,4.2,2.3,3.1
1751660100,Club Deportivo Los Chankas,ADT,0.0,1.6041867954911435,1.5592592592592593,1.4285024154589372,52.067552334943635,1.6847665056360712,2.4939613526570032,4.5,0.4481481481481482,2.530112721417069,0.6268921095008052,44.87689210950081,0.7168599033816423,2.9892914653784213,3.8,0,1.0,1.0,1,1.0,1.0,5.4,4.8,2.3,2.6
1751738400,Comerciantes Unidos,Ayacucho FC,0.0,1.0485257491765083,1.5592512251948263,0.8728207600224954,51.234072467261186,1.2772716317184867,2.586534908009961,4.5,0.6899783080260303,1.2910195227765726,0.9926247288503254,47.09800433839479,0.8914880694143162,2.8109761388286314,3.8,0,1.0,1.0,2,0.0,1.0,4.8,4.8,2.8,2.6
1751746500,Cienciano,Sporting Cristal,0.0,2.3445566778900115,1.3740580407247074,1.7984607984607985,53.45590828924162,2.2955908289241633,2.4940035273368593,4.5,1.1888728555395223,2.1593714927048264,0.6272246272246272,46.54409171075838,1.2909090909090908,2.9892095558762217,3.8,0,1.0,1.0,1,1.0,1.0,5.4,4.8,2.3,2.6
1751754600,Alianza Universidad,Alianza Atletico,0.0,0.6500215982721382,1.1699352051835852,0.6755075593952484,51.22056155507559,0.9718617710583158,2.5637580993520475,4.5,1.3740500759939205,1.0481561475081993,1.738340932725382,48.48868090552756,1.4205263578913685,2.803983681305495,3.8,0,1.0,1.0,0,2.0,0.0,6.0,4.2,2.3,3.1
1751763600,Alianza Lima,Deportivo Binacional,0.0,0.8630268199233717,0.4479565772669221,1.6133461047254152,52.62276500638569,1.1288793103448278,2.4013729246487854,4.5,0.8494827586206897,1.6101724137931037,0.993103448275862,46.858534482758614,1.0030862068965516,2.8108620689655153,3.8,0,1.0,1.0,0,5.0,1.0,7.8,4.8,2.3,3.1
1751824800,Sport Boys,Cusco,0.0,1.9746714456391876,1.3738749502190362,1.6135404221425729,52.90135404221426,1.9996734368777387,2.4013540422142556,4.5,1.188689765033851,1.0487455197132616,1.367662285941856,48.20975706889685,1.2907606531262443,2.804062126642771,3.8,0,1.0,1.0,2,1.0,2.0,5.4,5.4,2.8,2.6
1751832900,Atletico Grau,Juan Pablo II College,0.0,1.4190112859640756,1.1888412017167382,1.242886663487522,52.34541408361151,1.5736607852487683,2.401414719440469,4.5,1.169871244635193,2.8913304721030046,0.3535622317596566,45.417381974248926,1.2753648068669523,2.970858369098711,3.8,0,1.0,1.0,0,2.0,0.0,6.0,4.2,2.3,3.1
1751841000,Deportivo Garcilaso,Universitario,0.0,1.419065746688873,1.1886747561265762,1.2430803394400824,52.34574510270441,1.5737013244507891,2.58658101356174,4.5,1.1886747561265762,1.0486953763185027,1.7382028709651838,48.20981045285114,1.2907526370053135,2.8040605916408907,3.8,0,1.0,1.0,2,0.0,1.0,4.8,4.8,2.8,2.6
1752264000,ADT,Comerciantes Unidos,0.0,1.0484330484330484,1.0034821145932258,1.2427983539094651,52.06758467869579,1.2772079772079774,2.4014561570117112,4.5,0.6331117442228553,2.3447293447293447,0.25704336815447926,45.432415321304205,0.8648148148148148,2.9892054447609997,3.8,0,1.0,1.0,0,1.0,0.0,5.4,4.2,2.3,3.1
1752337800,Deportivo Binacional,FBC Melgar,0.0,1.1304904051172708,1.3289552238805968,1.1560767590618337,51.70272921108742,1.3082302771855017,2.483880597014921,4.5,1.3736871199557767,1.2335149648582484,1.3680012635236516,48.21010029218984,1.4017294479981044,2.6188738845455255,3.8,0,1.0,1.0,1,1.0,1.0,5.4,4.8,2.3,2.6
1752350400,Universitario,Club Deportivo Los Chankas,0.0,3.270449172576832,0.4477541371158393,2.3539795114263202,56.23420015760441,3.0362962962962965,2.4014184397163105,4.5,1.3736800630417652,1.7889676910953507,1.368006304176517,47.376910953506695,1.438754925137904,2.8040189125295503,3.8,0,1.0,1.0,1,0.0,0.0,4.8,4.2,2.3,2.6
1752350400,UTC Cajamarca,Alianza Lima,0.0,1.0479672878823623,1.0031453959267123,1.427931115829205,52.06739010772981,1.2768420224895811,2.493992293779978,4.5,1.0031453959267123,0.30722654714162145,2.479122434536447,49.0437210033813,1.10529999213651,2.618793740662105,3.8,0,1.0,1.0,1,0.0,0.0,4.8,4.2,2.3,2.6
1752352200,Alianza Atletico,Sport Boys,0.0,1.7884494664155681,0.262241054613936,2.909290646578782,54.289469554300055,1.832203389830509,2.3087884494664137,4.5,1.7437225360954176,1.4180790960451977,0.9976459510357816,48.488308223477716,1.7162900188323917,2.8039391086001246,3.8,0,1.0,1.0,0,1.0,0.0,5.4,4.2,2.3,3.1
1752422400,Sporting Cristal,Atletico Grau,0.0,2.158718972672461,1.0028188865398167,2.909482421110328,53.734006734006726,2.128415942369431,2.3087698692349834,4.5,0.8176337013546316,1.2327930467465351,0.9974943230757184,47.377104377104374,0.9939472241797823,2.803977762117296,3.8,0,1.0,1.0,0,2.0,1.0,6.0,4.8,2.3,3.1
1752430500,Ayacucho FC,Cienciano,0.0,0.6486919831223629,1.8075949367088608,0.35611814345991555,50.262067510548526,0.9708354430379753,2.7236286919831176,4.5,1.1879981247069855,1.047663697452727,1.3677137052664479,48.21034536646351,1.2717143303641192,2.6188310673542734,3.8,0,1.0,1.0,0,1.0,0.0,5.4,4.2,2.3,3.1
1752438600,Juan Pablo II College,Alianza Universidad,0.0,1.6084210526315792,0.6871578947368421,1.7966315789473686,53.38231578947369,1.70661052631579,2.3235789473684165,4.5,1.007157894736842,2.088421052631579,0.832421052631579,46.37768421052631,1.1293052631578941,2.8909473684210503,3.8,0,1.0,1.0,0,1.0,0.0,5.4,4.2,2.3,3.1
1752449400,Cusco,Sport Huancayo,0.0,2.3437597261126673,0.817304699657641,2.1693121693121693,54.289838157485214,2.2949579831932776,2.3087145969498892,4.5,1.002489884842826,0.8622782446311859,1.3674136321195145,48.21016184251478,1.1418456271397446,2.8040927482103943,3.8,0,1.0,1.0,0,3.0,0.0,6.6,4.2,2.3,3.1
1752868800,Alianza Atletico,Sport Huancayo,0.0,1.7888289907157833,0.2593890386343216,2.913447139862234,54.294309673554956,1.8324408505540581,2.308385744234799,4.5,0.44510332434860733,1.2316861335729261,0.8112908056304282,46.81997604073075,0.7145223120694816,2.896840371368673,3.8,0,1.0,1.0,1,0.0,0.0,4.8,4.2,2.3,2.6
1752883200,Deportivo Garcilaso,Club Deportivo Los Chankas,0.0,1.417154811715481,1.1878063359234907,1.2419007770472206,52.34417214584579,1.5722564255827856,2.5869396294082474,4.5,1.3735206216377764,1.6028690974297668,1.55415421398685,47.65582785415421,1.4386939629408249,2.711087866108786,3.8,0,1.0,1.0,0,3.0,0.0,6.6,4.2,2.3,3.1
1752890400,Universitario,Comerciantes Unidos,0.0,2.53164330450343,0.2590814196242171,1.9849388607217417,55.4089919475097,2.463844318520728,2.4012078735460767,4.5,0.2590814196242171,1.788786161646287,0.2540113331345064,45.70529376677602,0.5842946614971665,2.989695794810616,3.8,0,1.0,1.0,0,3.0,1.0,6.6,4.8,2.3,3.1
1752948000,UTC Cajamarca,FBC Melgar,0.0,1.0461309523809523,0.8162202380952381,1.6136904761904762,52.345014880952384,1.2754315476190479,2.4011904761904748,4.5,1.3733630952380953,1.231845238095238,1.368154761904762,48.21212797619047,1.4014285714285712,2.6183035714285707,3.8,0,1.0,1.0,2,1.0,2.0,5.4,5.4,2.8,2.6
1752956100,ADT,Cienciano,0.0,1.046035046035046,0.8163647163647163,1.6134244134244133,52.344653994653996,1.2753519453519455,2.4012474012474,4.5,0.8163647163647163,0.8603207603207603,1.1827442827442827,47.93391743391743,0.9929670329670329,2.7111226611226606,3.8,0,1.0,1.0,0,1.0,0.0,5.4,4.2,2.3,3.1
1752966000,Cusco,Alianza Lima,0.0,2.3459395376407826,0.816212211025489,2.1707468879668053,54.29473918197984,2.296701244813278,2.3083728512151733,4.5,0.816212211025489,0.3030823947836395,2.111173681090694,48.76954653230587,0.9742827504445762,2.6183017190278597,3.8,0,1.0,1.0,0,2.0,0.0,6.0,4.2,2.3,3.1
1753027200,Sporting Cristal,Alianza Universidad,0.0,2.3459923099674653,1.1874889086069211,2.9137829044661343,53.73790298728186,2.278169180715765,2.3083555161194895,4.5,0.8408808582721627,2.262525879917184,0.3371729719555806,45.86715603237342,1.0124336533032183,2.973950686994163,3.8,0,1.0,1.0,0,3.0,0.0,6.6,4.2,2.3,3.1
1753035300,Ayacucho FC,Atletico Grau,0.0,0.7903080390683695,1.6586776859504133,0.8173553719008264,50.69782118707739,1.0684673178061614,2.648497370398193,4.5,1.0016233766233766,1.6033353010625737,0.8108913813459268,47.09728453364817,1.12262987012987,2.8969451003541904,3.8,0,1.0,1.0,2,1.0,2.0,5.4,5.4,2.8,2.6
1753043400,Juan Pablo II College,Sport Boys,0.0,1.771883786316776,0.6772258669165885,2.1257731958762887,53.64236176194939,1.8209934395501408,2.321368322399246,4.5,1.0017673048600884,1.603240058910162,0.4397643593519882,47.097643593519884,1.1413107511045655,2.8969072164948444,3.8,0,1.0,1.0,0,3.0,0.0,6.6,4.2,2.3,3.1
1753473600,Sport Huancayo,Juan Pablo II College,0.0,2.1605820105820106,0.8159024103468547,2.5424456202233983,54.01716637272193,2.1298324514991185,2.30837742504409,4.5,0.840478862701085,2.5905723905723907,0.3372240927796483,45.37448559670782,1.0285072951739616,2.9740366629255495,3.8,0,1.0,1.0,0,5.0,1.0,7.8,4.8,2.3,3.1
1753484400,Deportivo Binacional,UTC Cajamarca,0.0,1.1190965092402463,1.004106776180698,1.3084935598282619,52.17285794287848,1.2987492999813335,2.403098749299977,4.5,0.8158990906424172,3.0896450572015253,0.6251980052801408,44.58923437958345,0.9926195365209738,2.989835728952771,3.8,0,1.0,1.0,1,0.0,0.0,4.8,4.2,2.3,2.6
1753552800,Alianza Universidad,Ayacucho FC,0.0,0.9548435171385992,0.8400894187779434,1.1445603576751118,52.17250372578241,1.200104321907601,2.4848733233979092,4.5,0.6764530551415797,1.1184798807749627,1.318703427719821,47.336587183308495,0.8809314456035762,2.810394932935914,3.8,0,1.0,1.0,2,1.0,2.0,5.4,5.4,2.8,2.6
1753561800,Sport Boys,Sporting Cristal,0.0,1.9750219106047326,1.5587496348232546,1.4279579316389133,52.62455448437044,1.999962021618464,2.4941133508618156,4.5,1.1873210633946831,1.6035933391761612,0.8112182296231376,47.375445515629565,1.2897604440549224,2.8969033011977787,3.8,0,1.0,1.0,2,0.0,2.0,4.8,5.4,2.8,2.6
1753572600,Cienciano,Universitario,0.0,2.5319241982507292,1.3731778425655976,1.9848396501457726,53.73826530612244,2.4269241982507297,2.401311953352768,4.5,0.8160349854227406,0.8604956268221574,1.7400874635568513,47.93316326530612,0.9927259475218658,2.8040087463556844,3.8,0,1.0,1.0,1,1.0,1.0,5.4,4.8,2.3,2.6
1753639200,FBC Melgar,Cusco,0.0,1.0461157986616234,1.1874599941809718,1.0561536223450683,51.78812918242654,1.2568460867035207,2.4941518766366,4.5,1.5588885656095433,1.0461157986616234,1.9258073901658423,48.76901367471632,1.5684317718940934,2.7111143439045673,3.8,0,1.0,1.0,2,0.0,2.0,4.8,5.4,2.8,2.6
1753647300,Comerciantes Unidos,Deportivo Garcilaso,0.0,1.045876887340302,1.0018873403019743,0.8701800232288037,52.066129500580715,1.2752380952380957,2.5870644599303123,4.5,1.0018873403019743,1.4173054587688734,0.8118176538908246,47.37672764227642,1.141396631823461,2.8967915214866427,3.8,0,1.0,1.0,1,0.0,0.0,4.8,4.2,2.3,2.6
1753657200,Alianza Lima,Alianza Atletico,0.0,1.6027818023761229,0.4445957693422196,1.9843523616343088,53.73742393509127,1.7207736887858596,2.4013329469718907,4.5,1.3731671979136482,1.2313532309475514,1.7403940886699507,48.212576064908724,1.4198580121703854,2.8038974210373793,3.8,0,1.0,1.0,1,1.0,1.0,5.4,4.8,2.3,2.6
1753898400,Ayacucho FC,Sport Boys,0.0,0.939608636977058,1.670715249662618,0.7965587044534412,50.90367746288799,1.1716261808367077,2.653070175438593,4.5,0.4430545860672903,1.6025966773698173,0.25279910651961474,46.26054725673601,0.7129582577132484,2.9899343850342026,3.8,0,1.0,1.0,1,0.0,0.0,4.8,4.2,2.3,2.6
1753906500,Sporting Cristal,Sport Huancayo,0.0,2.3471960989202367,0.8153256704980844,2.9157088122605366,54.297944966910485,2.279122257053292,2.308150470219434,4.5,0.25670498084291193,0.8575409265064439,0.9976314872866597,47.09860675722745,0.5825078369905954,2.803692093347265,3.8,0,1.0,1.0,0,5.0,0.0,7.8,4.2,2.3,3.1
1753984800,ADT,Alianza Universidad,0.0,0.8580088987764183,0.6289766407119022,1.6124304783092327,52.343687430478305,1.125011123470523,2.4012374860956602,4.5,0.5033602150537635,2.1068548387096775,0.3272849462365591,45.59442204301075,0.759139784946236,2.9756720430107504,3.8,0,1.0,1.0,2,0.0,3.0,4.8,6.0,2.8,2.6
1753992900,Cusco,Deportivo Binacional,0.0,2.3474363421910778,0.8154582668424339,2.1708041351557625,54.29810587663914,2.297943523208215,2.3081870533546085,4.5,0.8407536125845986,2.261423083958295,0.8305103347356869,45.86862996158771,0.9959904883848543,2.8915492957746456,3.8,0,1.0,1.0,0,2.0,0.0,6.0,4.2,2.3,3.1
1754006400,Juan Pablo II College,Alianza Lima,0.0,1.9397590361445785,0.6703480589022758,2.1298527443105755,53.90445113788488,1.9551204819277117,2.3197456492637176,4.5,0.6291095416147349,0.48541753219775663,1.928680238194156,48.21539952915108,0.8432017726076719,2.7106217975349667,3.8,0,1.0,1.0,2,1.0,2.0,5.4,5.4,2.8,2.6
1754013600,Universitario,Atletico Grau,0.0,1.9749844516619446,0.44303779973740587,1.9845207656692696,54.29805818533619,2.0185971943887777,2.401326791514061,4.5,1.3740722824960265,1.230156865455048,1.3703406813627255,48.215734918112084,1.4019252297698843,2.8036901388984856,3.8,0,1.0,1.0,0,3.0,1.0,6.6,4.8,2.3,3.1
1754071200,Club Deportivo Los Chankas,Comerciantes Unidos,0.0,1.6028571428571428,1.1874285714285715,1.6127142857142858,52.62328571428572,1.6837000000000006,2.401357142857141,4.5,0.2568275862068966,2.1613793103448278,0.0667586206896552,45.14303448275862,0.5826068965517239,3.08303448275862,3.8,0,1.0,1.0,0,3.0,2.0,6.6,5.4,2.3,3.1
1754079300,Alianza Atletico,FBC Melgar,0.0,1.416738935921261,0.2569619381925804,2.5434785601211374,53.73980315231606,1.5533746300502445,2.308190515520681,4.5,1.3742033175029251,1.230532039369537,1.3700736458118246,48.215369261477036,1.402019409456948,2.6175511046871764,3.8,0,1.0,1.0,1,0.0,0.0,4.8,4.2,2.3,2.6
1754092800,Deportivo Garcilaso,Cienciano,0.0,1.9751339469707379,1.0016485781013875,1.7985437560104411,53.46036543481247,2.000101662316253,2.4943810963044357,4.5,0.6292347849979393,1.044099464212117,0.6252507212529194,47.37756559967028,0.8619150982277785,2.803723038878966,3.8,0,1.0,1.0,0,2.0,1.0,6.0,4.8,2.3,3.1
1754251200,Sport Huancayo,Ayacucho FC,0.0,2.347597175567286,0.6292315075066841,2.5435387673956265,54.57768561047508,2.279448824295606,2.308157948858571,4.5,1.0039761431411531,0.7733598409542743,1.8273691186216037,48.345593108018555,1.1262756792577862,2.725745526838964,3.8,0,1.0,1.0,0,3.0,1.0,6.6,4.8,2.3,3.1
1754330400,UTC Cajamarca,Cusco,0.0,0.8581280788177341,1.0016420361247946,1.0540503557744938,51.784865900383146,1.1251122058018612,2.4943486590038297,4.5,1.7464696223316913,0.6719211822660099,2.4870552818828684,49.61168582375479,1.7184510125889436,2.6175834701696763,3.8,0,1.0,1.0,2,1.0,2.0,5.4,5.4,2.8,2.6
1754337600,Sport Boys,ADT,0.0,1.602867872994196,1.5603960396039604,1.2400136565380677,52.063844315466035,1.720901331512462,2.5875042676681446,4.5,0.6304101838755304,1.9743988684582745,0.8118811881188119,45.98387553041019,0.8442149929278641,2.896746817538896,3.8,0,1.0,1.0,0,1.0,0.0,5.4,4.2,2.3,3.1
1754352000,Cienciano,Club Deportivo Los Chankas,0.0,2.347608014174731,1.3740493389668802,1.6125937031484259,53.4604743083004,2.2794493662259785,2.4012811775930203,4.5,1.0016355458634318,1.9751942210712825,0.9975466812048521,46.5395256916996,1.1598282676843397,2.803789014583616,3.8,0,1.0,1.0,0,3.0,0.0,6.6,4.2,2.3,3.1
1754413200,Alianza Universidad,Universitario,0.0,1.1071663379355687,1.1702827087442471,0.9641683103221566,51.905654174884944,1.305687047994741,2.5697238658777084,4.5,1.0014962932734817,0.6719308984560974,1.9284499761953342,48.49421206556485,1.1224838468339793,2.7107189009045762,3.8,0,1.0,1.0,2,0.0,2.0,4.8,5.4,2.8,2.6
1754424000,FBC Melgar,Juan Pablo II College,0.0,0.8579147434156938,1.1878360032582134,1.0538962802063536,51.505253869128424,1.124944338854195,2.4944203095302724,4.5,0.6706036745406824,2.93996062992126,0.327755905511811,44.59563648293963,0.892913385826771,2.9758202099737505,3.8,0,1.0,1.0,1,1.0,1.0,5.4,4.8,2.3,2.6
1754442000,Alianza Lima,Sporting Cristal,0.0,1.6026556466364068,0.6292121130004742,1.6124110832599419,53.460300792629226,1.720734367590272,2.4013007248831366,4.5,1.560246595759095,1.4164487500846825,1.3701104261228914,48.21556127633629,1.5694736128988551,2.8037531332565533,3.8,0,1.0,1.0,1,0.0,0.0,4.8,4.2,2.3,2.6
1754510400,Atletico Grau,Deportivo Garcilaso,0.0,1.23109243697479,0.6301120448179272,1.6127450980392157,52.9016106442577,1.4234453781512606,2.4013305322128833,4.5,0.6290736984448952,1.2300202839756593,0.439080459770115,47.098444895199464,0.8617849898580121,2.8968221771467193,3.8,0,1.0,1.0,1,1.0,1.0,5.4,4.8,2.3,2.6
1754519400,Deportivo Binacional,Alianza Atletico,0.0,0.9390084801043705,0.6702544031311154,1.4628180039138943,52.403457273320285,1.1712002609262888,2.3197325505544644,4.5,1.187691477157703,1.4161414400431878,1.3701194412578446,47.657190093798505,1.2714326202847692,2.8036844591402916,3.8,0,1.0,1.0,0,2.0,0.0,6.0,4.2,2.3,3.1
1754683200,Comerciantes Unidos,Cienciano,0.0,0.8575700431034483,0.8151400862068966,0.8675377155172415,52.06377963362069,1.1432920258620693,2.58745959051724,4.5,0.62796875,1.2289843749999998,0.43765624999999997,47.098346354166665,0.8609531249999998,2.896927083333332,3.8,0,1.0,1.0,1,1.0,1.0,5.4,4.8,2.3,2.6
1754762400,Ayacucho FC,Alianza Lima,0.0,0.7590043484780327,1.0029989503673715,0.9504273504273505,51.63430799220273,1.0441085620032995,2.5719898035687474,4.5,0.8146328784925276,0.6689018843404808,1.9309941520467837,48.21846653671215,0.99161273554256,2.710227420402858,3.8,0,1.0,1.0,2,0.0,1.0,4.8,4.8,2.8,2.6
1754770500,ADT,Sport Huancayo,0.0,0.48202334630350196,0.8146303501945525,1.4249546044098573,51.50121919584955,0.8429546044098576,2.4945784695201025,4.5,0.06796368352788584,1.7886900129701688,0.4379247730220493,45.41878080415046,0.45027237354085586,2.8968612191958485,3.8,0,1.0,1.0,0,1.0,0.0,5.4,4.2,2.3,3.1
1754782200,Universitario,Sport Boys,0.0,2.535275080906149,0.4411650485436893,2.5451132686084144,55.141294498381875,2.4482200647249197,2.307896440129448,4.5,0.4411650485436893,1.4152750809061487,0.43779935275080906,46.53870550161812,0.7115080906148865,2.896893203883494,3.8,0,1.0,1.0,0,1.0,0.0,5.4,4.2,2.3,3.1
1754841600,Sporting Cristal,FBC Melgar,0.0,2.9085271317829458,0.6277002583979328,2.9186046511627906,55.421369509043934,2.7281524547803624,2.3078811369509027,4.5,1.1877002583979326,1.041860465116279,1.3710077519379844,48.21863049095607,1.2714108527131782,2.616925064599482,3.8,0,1.0,1.0,0,1.0,0.0,5.4,4.2,2.3,3.1
1754849700,Club Deportivo Los Chankas,Atletico Grau,0.0,1.9742546521710131,1.3733475621956912,1.9849262989395051,52.90149403054759,1.980777696258254,2.401240578936836,4.5,1.3742359767891683,1.601779497098646,1.1842166344294003,47.65855577047067,1.4019806576402318,2.8969568020631837,3.8,0,1.0,1.0,0,3.0,2.0,6.6,5.4,2.3,3.1
1754857800,Juan Pablo II College,Deportivo Binacional,0.0,1.6045144045144046,1.0023760023760024,1.6282744282744284,52.9035046035046,1.6866706266706275,2.402732402732399,4.5,0.6692406692406692,2.604890604890605,0.3268983268983269,45.09620334620335,0.8751930501930498,2.9758043758043726,3.8,0,1.0,1.0,1,0.0,0.0,4.8,4.2,2.3,2.6
1754942400,Alianza Atletico,UTC Cajamarca,0.0,1.2284136159280667,0.2542324983943481,2.1721515735388572,53.461400128452155,1.421400128452152,2.307835581245984,4.5,0.8147232742010498,1.9742209819945518,0.8111354727260648,46.26062055677364,0.9917042057006179,2.8968507075941785,3.8,0,1.0,1.0,0,2.0,0.0,6.0,4.2,2.3,3.1
1754956800,Deportivo Garcilaso,Alianza Universidad,0.0,2.1617948717948723,0.6274358974358973,2.3589743589743586,54.30166666666666,2.1494358974358976,2.401153846153844,4.5,1.001775147928994,1.7733727810650888,0.8245562130177515,46.842307692307685,1.1412721893491122,2.8930473372781034,3.8,0,1.0,1.0,1,1.0,1.0,5.4,4.8,2.3,2.6
1755288000,Atletico Grau,Comerciantes Unidos,0.0,1.229359984115428,0.6283804355020187,1.6126282348269245,52.90160169435436,1.4221060295188304,2.4011781057647745,4.5,0.6274344209852847,2.3483813179782467,0.0639795265515035,45.418451695457456,0.8605451055662188,3.083621241202814,3.8,0,1.0,1.0,2,1.0,2.0,5.4,5.4,2.8,2.6
1755306000,Sport Boys,Deportivo Garcilaso,0.0,1.0416347381864624,1.1875606641123881,1.2386462324393357,51.781238825031934,1.271969348659004,2.587854406130267,4.5,0.6275606641123882,1.0416347381864624,0.6242401021711366,47.378761174968076,0.8606411238825029,2.803588761174967,3.8,0,1.0,1.0,2,0.0,1.0,4.8,4.8,2.8,2.6
1755375300,UTC Cajamarca,Juan Pablo II College,0.0,0.6680943275971956,1.374225621414914,0.4917527087316762,50.94093052899936,0.9731472275334612,2.587903123008284,4.5,0.4943668186498015,2.787909986762759,0.31807618767465806,44.55939108692455,0.7522341520811879,2.977437858508601,3.8,0,1.0,1.0,1,0.0,0.0,4.8,4.2,2.3,2.6
1755383400,Deportivo Binacional,Sporting Cristal,0.0,1.0951262477980035,0.49406928948913686,1.796124486200822,52.901879036993535,1.2961362301820323,2.3182031708749227,4.5,0.8140966921119593,1.2278880407124682,0.9978371501272265,47.37918575063613,0.9912061068702289,2.8035241730279887,3.8,0,1.0,1.0,2,1.0,3.0,5.4,6.0,2.8,2.6
1755392400,Alianza Lima,ADT,0.0,1.6011428571428572,0.44101587301587303,1.7980952380952382,53.740317460317456,1.7195936507936511,2.307936507936506,4.5,0.44243021346469624,2.159802955665025,0.2532019704433498,45.423809523809524,0.712486042692939,2.9898193760262712,3.8,0,1.0,1.0,0,3.0,1.0,6.6,4.8,2.3,3.1
1755450000,Sport Huancayo,Universitario,0.0,2.3479847908745244,0.8143472750316857,2.544917617237009,54.30058301647655,2.2797313054499373,2.307921419518376,4.5,1.3743472750316856,0.2946514575411914,2.4913054499366285,49.61941698352344,1.4020633713561468,2.6168567807351066,3.8,0,1.0,1.0,1,1.0,1.0,5.4,4.8,2.3,2.6
1755460800,FBC Melgar,Ayacucho FC,0.0,0.854573055028463,1.1876786843769764,1.0514864010120177,51.50046805819102,1.1223327008222646,2.4945730550284617,4.5,1.1715661947160998,1.2643993577579915,1.6722522259524157,47.86045832725149,1.2432082907604727,2.8080572179243877,3.8,0,1.0,1.0,0,2.0,1.0,6.0,4.8,2.3,3.1
1755473400,Cusco,Alianza Atletico,0.0,2.161287878787879,0.2543434343434343,2.5449747474747477,54.86054292929293,2.149035353535354,2.3078914141414124,4.5,1.001010101010101,1.7879545454545456,0.8111868686868687,46.81945707070707,1.1407171717171716,2.8968560606060594,3.8,0,1.0,1.0,0,1.0,0.0,5.4,4.2,2.3,3.1
1755893700,Juan Pablo II College,Cusco,0.0,1.259735349716446,0.6590332163110991,1.6252768025924926,52.90132325141777,1.4277936807993525,2.4025924925735853,4.5,1.5608821676118463,0.6678764965343414,2.491064902331443,49.33938248267171,1.5699558916194076,2.616887208569627,3.8,0,1.0,1.0,1,0.0,0.0,4.8,4.2,2.3,2.6
1755964800,Sporting Cristal,UTC Cajamarca,0.0,2.536457699330493,0.2523432744978698,2.9209981740718196,55.42629336579428,2.4304686548995744,2.307608034083991,4.5,0.6274213836477986,1.9743396226415095,0.8110691823899371,45.97949685534591,0.8605283018867924,2.8968553459119484,3.8,0,1.0,1.0,1,2.0,2.0,6.0,5.4,2.3,2.6
1755972900,Club Deportivo Los Chankas,Sport Boys,0.0,2.16105461393597,1.5608788449466415,1.984934086629002,52.900389202762085,2.1301870684243567,2.4011801632140597,4.5,0.2524633983354596,1.226827045744487,0.4365226899945326,46.53833302958508,0.5793123139541945,2.896926067675109,3.8,0,1.0,1.0,0,2.0,1.0,6.0,4.8,2.3,3.1
1755981000,Comerciantes Unidos,Alianza Universidad,0.0,0.8544360902255639,0.6275438596491227,1.0517543859649123,52.340463659147865,1.1408897243107774,2.4944987468671664,4.5,1.0018796992481203,1.7737916219119225,0.823469387755102,46.841863587540274,1.141321160042964,2.8932599355531656,3.8,0,1.0,1.0,2,1.0,2.0,5.4,5.4,2.8,2.6
1755990000,Deportivo Garcilaso,Sport Huancayo,0.0,1.6009925558312657,0.8138715729589059,1.985353749319131,53.180802517702595,1.7007988864007748,2.401174120922349,4.5,0.06548447618471227,1.9751861042183623,0.24955516552684143,45.135326514555466,0.4484294619621133,2.990473884887731,3.8,0,1.0,1.0,1,1.0,1.0,5.4,4.8,2.3,2.6
1756058400,ADT,FBC Melgar,0.0,0.665434336112118,0.6267729853811768,1.9852603600338288,52.058112842817444,0.9710595626434703,2.4011598405219265,4.5,0.8138697595747252,0.8525311103056664,1.185042889935967,47.94188715718255,0.9910039869517941,2.709798236075872,3.8,0,1.0,1.0,1,2.0,2.0,6.0,5.4,2.3,2.6
1756066500,Cienciano,Atletico Grau,0.0,2.7209968847352024,1.0011214953271028,2.1713395638629285,54.57993769470405,2.578130841121496,2.3078504672897178,4.5,1.3752788664455833,2.1622550497437443,0.6237564063913175,46.81941513415737,1.4027072656014468,2.9904130238167004,3.8,0,1.0,1.0,0,1.0,0.0,5.4,4.2,2.3,3.1
1756074600,Universitario,Alianza Lima,0.0,2.3492778045257583,0.43967260471834385,2.546605681271064,54.86452816562349,2.2994198363023597,2.307583052479536,4.5,0.8138661531054406,0.6654068367838228,1.9333172845450168,48.22256860857005,0.9910038517091959,2.7097977852672113,3.8,0,1.0,1.0,1,0.0,0.0,4.8,4.2,2.3,2.6
1756584000,Alianza Universidad,Club Deportivo Los Chankas,0.0,1.0939693453659933,1.340466981807764,0.9493768801031371,51.63054003724395,1.2951926658071915,2.5718951439621796,4.5,0.44086902545003104,1.9740533829919304,0.811098696461825,45.700099317194294,0.7299441340782121,2.8967597765363116,3.8,0,1.0,1.0,0,2.0,1.0,6.0,4.8,2.3,3.1
1756670400,Atletico Grau,ADT,0.0,0.8541016109045849,1.0008674101610904,1.051548946716233,51.77997521685254,1.1219529120198268,2.4944733581164793,4.5,0.6275340768277571,2.347434944237918,0.25097893432465923,45.42002478314746,0.8419380421313505,2.990123915737297,3.8,0,1.0,1.0,0,2.0,0.0,6.0,4.2,2.3,3.1
1757700000,UTC Cajamarca,Ayacucho FC,0.0,0.6653061224489797,1.0007181758333832,0.6758393680052667,51.49700161589562,0.9709569692979835,2.4946376204440703,4.5,1.173018817916777,1.6017492711370263,1.1661277498012192,47.356639279088256,1.2439544129340043,2.893188444208849,3.8,0,1.0,1.0,2,0.0,1.0,4.8,4.8,2.8,2.6
1757708100,Sport Huancayo,Club Deportivo Los Chankas,0.0,2.348984468339307,1.0007168458781361,2.1724014336917565,54.02252090800478,2.2804898446833937,2.3075866188769396,4.5,0.6265232974910395,1.787694145758662,0.810752688172043,46.258124253285544,0.8598446833930702,2.8968936678614083,3.8,0,1.0,1.0,2,1.0,2.0,5.4,5.4,2.8,2.6
1757786400,Sport Boys,Comerciantes Unidos,0.0,1.0392343927016874,1.1879315485063502,1.2367062190686304,51.77707351976627,1.2701067318585657,2.588277383578795,4.5,1.0008347743128019,1.9747182636694294,0.6238983960407847,46.53905551249181,1.1405795718800307,2.990412020750103,3.8,0,1.0,1.0,2,0.0,1.0,4.8,4.8,2.8,2.6
1757794500,Alianza Atletico,Juan Pablo II College,0.0,1.039042971074872,0.25244613736459953,2.1719795262468753,53.18001428401381,1.2699630996309965,2.307677657421734,4.5,0.48755930416447024,2.1150237216657883,0.48202424881391676,45.55853979968371,0.7469847127042695,2.8929889298892957,3.8,0,1.0,1.0,2,0.0,1.0,4.8,4.8,2.8,2.6
1757808000,Alianza Lima,Deportivo Garcilaso,0.0,1.7872393512742828,0.6266381512505199,1.7975761896275175,53.74102061426959,1.8685296738549282,2.307722925206438,4.5,0.8137349254440682,0.8517554803065408,1.1856710033862057,47.942850353472345,0.9908905126834194,2.709707122913324,3.8,0,1.0,1.0,2,3.0,4.0,6.6,6.6,2.8,2.6
1757871000,Alianza Universidad,Cienciano,0.0,1.2578256302521007,1.3454831932773108,1.2798844537815126,51.868776260504205,1.4263182773109249,2.5743434873949544,4.5,0.8140891840607212,1.4132115749525616,0.4375237191650855,47.10119781783681,0.9911693548387097,2.8967741935483855,3.8,0,1.0,1.0,2,0.0,3.0,4.8,6.0,2.8,2.6
1757880000,FBC Melgar,Universitario,0.0,1.0388280556377627,1.1885173128144422,1.4229653743711157,51.77558449245339,1.2698076353950876,2.494909736608462,4.5,1.3756140870079905,0.4775377330571176,2.1216336194140277,49.3469961527079,1.4029653743711155,2.616099437703461,3.8,0,1.0,1.0,2,1.0,2.0,5.4,5.4,2.8,2.6
1757889000,Cusco,Sporting Cristal,0.0,2.348434361337587,0.2531490015360984,2.9195320808224032,55.143046201110714,2.280070896845091,2.3078577336641835,4.5,1.3757296466973885,1.0387569419827485,1.5605813541297413,48.50534089566347,1.421762968214581,2.7096183386505954,3.8,0,1.0,1.0,0,3.0,2.0,6.6,5.4,2.3,3.1
1758052800,ADT,UTC Cajamarca,0.0,1.0377056672760512,1.001599634369287,1.9846892138939671,52.05427330895795,1.250194241316271,2.401348263254112,4.5,0.8145544612844254,1.2260187533172142,0.9991743822610132,47.38268561655953,1.0102376599634368,2.8031963201037904,3.8,0,1.0,1.0,0,3.0,1.0,6.6,4.8,2.3,3.1
1758132000,Sporting Cristal,Alianza Atletico,0.0,2.5378649635036497,0.6265967153284672,2.547331204379562,54.86701642335766,2.4315693430656937,2.3075843978102175,4.5,0.62745467388745,1.7874735107134447,0.25067106192606553,46.259854014598545,0.8605533317635978,2.99032258064516,3.8,0,1.0,1.0,1,0.0,0.0,4.8,4.2,2.3,2.6
1758140100,Comerciantes Unidos,Sport Huancayo,0.0,1.0388977025677184,0.8144309301369059,1.0487690228568072,52.33681767436394,1.2698654445032025,2.4949115694224084,4.5,0.2514799635701275,1.9751821493624773,0.4365892531876138,45.41433287795993,0.5785746812386156,2.8968465391621114,3.8,0,1.0,1.0,0,2.0,0.0,6.0,4.2,2.3,3.1
1758155400,Cienciano,Sport Boys,0.0,1.7873313782991203,0.8143108504398828,2.171495601173021,53.45964809384164,1.8311906158357771,2.3078005865102624,4.5,0.25136363636363634,1.4127272727272726,0.2489772727272727,46.25784090909091,0.5784886363636363,2.9906249999999988,3.8,0,1.0,1.0,1,2.0,2.0,6.0,5.4,2.3,2.6
1758218400,Ayacucho FC,Cusco,0.0,0.7434793881254862,1.003370495203526,0.9366865439460722,51.610422608244754,1.0319989629245534,2.5743842364531986,4.5,1.1886189333177215,0.4777003688308648,2.121526842690709,49.06626075756689,1.290785082840583,2.616099759967214,3.8,0,1.0,1.0,2,0.0,1.0,4.8,4.8,2.8,2.6
1758226500,Atletico Grau,Alianza Universidad,0.0,1.2258999532491819,1.001519401589528,1.4228143992519868,52.336687704534825,1.4007620383356711,2.494927536231882,4.5,1.1764734299516908,1.2535265700483091,1.344975845410628,47.88417874396136,1.280942028985507,2.806545893719804,3.8,0,1.0,1.0,0,2.0,0.0,6.0,4.2,2.3,3.1
1758241800,Deportivo Garcilaso,FBC Melgar,0.0,1.412635623869801,0.8138562386980108,1.609742314647378,52.89828209764919,1.5501469258589518,2.401322332730559,4.5,1.0013562386980108,1.037635623869801,1.1865958408679929,47.94546790235081,1.1409810126582276,2.7093467450271236,3.8,0,1.0,1.0,1,1.0,1.0,5.4,4.8,2.3,2.6
1758412800,UTC Cajamarca,Universitario,0.0,0.4750676895306859,1.0013537906137184,0.48465703971119134,51.210683664259925,0.8375902527075815,2.5888086642599264,4.5,1.3763537906137184,0.6625676895306859,2.1240974729241877,49.070566335740075,1.403474729241877,2.6155685920577603,3.8,0,1.0,1.0,2,1.0,2.0,5.4,5.4,2.8,2.6
1758477600,FBC Melgar,Club Deportivo Los Chankas,0.0,0.85,1.376463963963964,0.8594594594594595,51.21041666666667,1.1187837837837842,2.58885135135135,4.5,0.626463963963964,1.7875,0.8118243243243243,46.25833333333333,0.8598085585585584,2.896790540540539,3.8,0,1.0,1.0,0,6.0,1.0,8.399999999999999,4.8,2.3,3.1
1758485700,Juan Pablo II College,Sporting Cristal,0.0,1.0810551558752997,0.48311750599520387,1.6204796163069544,52.897146282973615,1.3022446043165472,2.4028537170263755,4.5,1.5639613309352518,1.0379946043165467,1.5617131294964028,48.788837679856115,1.5723021582733812,2.7093187949640276,3.8,0,1.0,1.0,1,0.0,0.0,4.8,4.2,2.3,2.6
1758493800,Sport Huancayo,Cienciano,0.0,2.162814183123878,1.001346499102334,1.9845152603231597,53.742313734290846,2.131541741472173,2.4013240574506267,4.5,1.001346499102334,1.0378141831238779,0.8117145421903053,47.945186265709154,1.1409672351885098,2.8967908438061025,3.8,0,1.0,1.0,0,5.0,2.0,7.8,5.4,2.3,3.1
1758502800,Alianza Lima,Comerciantes Unidos,0.0,2.3506944444444446,1.376456093189964,1.6096550179211468,53.46146953405018,2.300593637992832,2.401310483870966,4.5,1.188956093189964,1.6006944444444444,1.1866039426523298,47.38228046594982,1.2723006272401431,2.896818996415769,3.8,0,1.0,1.0,0,4.0,0.0,7.199999999999999,4.2,2.3,3.1
1758571200,Alianza Atletico,Ayacucho FC,0.0,0.6634615384615384,0.2513416815742397,1.6097942754919499,52.6182915921288,0.9883050089445441,2.401296958855097,4.5,1.176195587358378,1.2553846153846153,1.69118664281455,47.88097793679189,1.2460608228980317,2.806607036374475,3.8,0,1.0,1.0,0,3.0,0.0,6.6,4.2,2.3,3.1
1758586500,Cusco,ADT,0.0,2.1636160714285713,0.4387276785714286,2.9224330357142856,54.58744419642857,2.132176339285715,2.3075334821428557,4.5,0.4399769585253457,2.3495391705069126,0.2504608294930876,45.135541474654374,0.7105875576036864,2.99032258064516,3.8,0,1.0,1.0,2,0.0,2.0,4.8,5.4,2.8,2.6
1758587400,Sport Boys,Atletico Grau,0.0,0.47593582887700536,1.188836898395722,0.6722370766488414,50.93075980392157,0.8382909982174691,2.682575757575756,4.5,1.188836898395722,1.9759358288770053,0.6241087344028521,46.81924019607843,1.2722147950089124,2.990597147950088,3.8,0,1.0,1.0,1,1.0,1.0,5.4,4.8,2.3,2.6
1758830400,Ayacucho FC,Juan Pablo II College,0.0,0.5618505338078291,0.8295136417556346,0.9272597864768684,51.59874258600237,0.9042325029655995,2.576132858837482,4.5,0.6561803084223012,1.6018505338078293,0.9981020166073546,46.58125741399763,0.8647117437722416,2.806548042704623,3.8,0,1.0,1.0,0,2.0,1.0,6.0,4.8,2.3,3.1
1758844800,Deportivo Garcilaso,UTC Cajamarca,0.0,1.6008827170461273,0.8134129931643254,1.79737337854567,53.18131223424297,1.681954895311912,2.3073200925776396,4.5,0.6263321492007105,1.600910301953819,0.43650088809946713,46.53802175843695,0.8597024866785079,2.8968472468916504,3.8,0,1.0,1.0,1,0.0,0.0,4.8,4.2,2.3,2.6
1758902400,Alianza Universidad,Sport Boys,0.0,1.0815602836879432,1.5226004728132387,1.2740425531914894,51.338676122931446,1.3026808510638301,2.5760756501182,4.5,0.6254244573393508,1.600709219858156,0.43539651837524174,46.536965398667526,0.8590242854072639,2.8969159681925625,3.8,0,1.0,1.0,2,2.0,3.0,6.0,6.0,2.8,2.6
1758910500,ADT,Alianza Atletico,0.0,1.4128720836685438,1.1892732636095467,1.9849825690533656,52.3355054974524,1.5503405738803973,2.4012872083668526,4.5,0.2514380530973451,1.2257743362831859,0.43672566371681415,46.538384955752214,0.5785398230088494,2.896792035398229,3.8,0,1.0,1.0,0,1.0,0.0,5.4,4.2,2.3,3.1
1758918600,Atletico Grau,Sport Huancayo,0.0,1.6007067137809188,0.6263250883392226,1.9846510600706715,53.46168286219081,1.6818573321554775,2.401314045936394,4.5,0.2497697826319734,1.788564086090588,0.4355070135988864,45.69170146696649,0.5772909305064781,2.8969161580468983,3.8,0,1.0,1.0,0,3.0,1.0,6.6,4.8,2.3,3.1
1759003200,Comerciantes Unidos,FBC Melgar,0.0,0.8508597883597884,0.8138227513227513,1.0472883597883598,52.05566578483245,1.1194775132275137,2.4950507054673707,4.5,1.0012826679493345,1.0371973705307038,1.1869167869167867,47.94602105713217,1.1409213831436051,2.7090641868419634,3.8,0,1.0,1.0,1,1.0,1.0,5.4,4.8,2.3,2.6
1759014000,Universitario,Cusco,0.0,1.4132922535211268,0.43882042253521125,2.172205105633803,53.461817781690144,1.5694212147887328,2.3075374119718295,4.5,1.3763204225352113,0.47579225352112675,2.4990096830985915,49.350682218309856,1.4221941021126758,2.615569982394365,3.8,0,1.0,1.0,0,3.0,2.0,6.6,5.4,2.3,3.1
1759100400,Cienciano,Alianza Lima,0.0,1.600944639718805,0.8139279437609842,1.797341827768014,53.1806348857645,1.6820408611599302,2.3075241652021075,4.5,0.6264279437609842,0.663444639718805,1.56140158172232,47.9443651142355,0.8597759226713532,2.7093475395430566,3.8,0,1.0,1.0,0,2.0,1.0,6.0,4.8,2.3,3.1
1759168800,UTC Cajamarca,Club Deportivo Los Chankas,0.0,0.6615629984051036,1.3771398192450823,0.2945241892610313,50.92674109516214,0.9680701754385969,2.6830409356725133,4.5,0.8135034556087188,2.9161084529505583,0.6230728335991493,44.84598617756513,0.9906858054226475,2.9909090909090894,3.8,0,1.0,1.0,0,2.0,0.0,6.0,4.2,2.3,3.1
1759176900,Sporting Cristal,Ayacucho FC,0.0,2.1646340816218226,0.43763731889826457,2.1734437191530014,54.59060128429656,2.1517369845566003,2.3072706044685014,4.5,1.0026269702276707,1.7770577933450087,1.1723730297723294,46.83813485113835,1.1243739054290713,2.893804728546407,3.8,0,1.0,1.0,0,3.0,0.0,6.6,4.2,2.3,3.1
1759255200,Sport Huancayo,Alianza Universidad,0.0,2.9162958253867344,1.376923076923077,1.9856961220597584,54.30916507734689,2.734276329730876,2.401197287560922,4.5,1.177403846153846,1.4273601398601397,1.3471590909090907,47.62484702797203,1.2817089160839157,2.8063592657342626,3.8,0,1.0,1.0,0,5.0,1.0,7.8,4.8,2.3,3.1
1759263300,Juan Pablo II College,ADT,0.0,0.9030977312390925,0.4773996509598604,1.2707678883071554,52.638765270506106,1.177530541012217,2.4024432809773093,4.5,0.8136998254799301,1.4140488656195462,0.8109729493891797,47.099367364746946,0.9908486038394414,2.896956806282721,3.8,0,1.0,1.0,1,1.0,1.0,5.4,4.8,2.3,2.6
1759278600,Cusco,Deportivo Garcilaso,0.0,1.6014359624115722,0.8132826523070426,2.361503537113293,53.18233555062824,1.7011719987329743,2.4011719987329725,4.5,1.1886977351916377,0.8514808362369338,1.7484756097560976,48.505716463414636,1.290842770034843,2.6156794425087093,3.8,0,1.0,1.0,0,4.0,0.0,7.199999999999999,4.2,2.3,3.1
1759359600,Alianza Atletico,Universitario,0.0,1.038050065876153,0.24953886693017124,1.6101185770750988,53.18287220026351,1.2880368906455866,2.4011594202898534,4.5,1.5646903820816864,0.8501712779973649,2.1256916996047432,49.071673254281954,1.5540711462450592,2.615230566534913,3.8,0,1.0,1.0,2,0.0,2.0,4.8,5.4,2.8,2.6
1759368600,Alianza Lima,Atletico Grau,0.0,2.165151515151515,1.1890361952861952,1.60993265993266,53.4642781986532,2.152150673400674,2.401199494949493,4.5,1.1890361952861952,1.7893939393939395,0.810753367003367,47.099358164983165,1.2723316498316497,2.8970223063973046,3.8,0,1.0,1.0,0,2.0,1.0,6.0,4.8,2.3,3.1
1759451400,FBC Melgar,Cienciano,0.0,1.9773121159602962,1.3769129772595976,1.4221837088388214,52.90070374455123,2.0018770022582855,2.4951263063914695,4.5,1.3769129772595976,1.7894333280815085,0.8106507011186388,47.38111443726695,1.4226290635996008,2.897048474344833,3.8,0,1.0,1.0,0,2.0,0.0,6.0,4.2,2.3,3.1
1759521600,Comerciantes Unidos,UTC Cajamarca,0.0,1.037957428960889,0.8131697598825627,1.2344343084827512,52.33728635839363,1.2503911083149841,2.4011743734927107,4.5,0.6252909720037747,1.4137150047184648,0.6226696026003984,46.81725909615182,0.8589137045192408,2.8031351578064365,3.8,0,1.0,1.0,0,2.0,1.0,6.0,4.8,2.3,3.1
1759600800,Club Deportivo Los Chankas,Cusco,0.0,2.3501253551729904,1.3753078165914534,2.5464705554627,53.46233773469274,2.2814151206195334,2.30768845061006,4.5,1.3768043125556078,0.8501177578897786,1.937719160517088,48.78992515831894,1.422544617156016,2.7092217511906616,3.8,0,1.0,1.0,0,2.0,1.0,6.0,4.8,2.3,3.1
1759608900,ADT,Sporting Cristal,0.0,1.4133874239350912,1.1892494929006086,1.9866125760649087,52.336308316430014,1.5507302231237325,2.401115618661256,4.5,1.3768025078369905,0.8501567398119122,1.5618599791013585,48.78986415882967,1.4413270637408568,2.70924764890282,3.8,0,1.0,1.0,0,3.0,2.0,6.6,5.4,2.3,3.1
1759622400,Sport Boys,Sport Huancayo,0.0,0.4745423251447347,1.0011474469305794,0.8590622229176446,51.21019663067856,0.8372283940958641,2.5890158034736337,4.5,0.4364078161385036,2.354702844993419,0.2452364078161385,45.12245621140022,0.7078343626607269,2.9913536498936906,3.8,0,1.0,1.0,0,2.0,1.0,6.0,4.8,2.3,3.1
1759683600,Alianza Universidad,Alianza Lima,0.0,1.0788230240549828,2.0523625429553265,0.7470790378006873,50.53990549828179,1.300592783505155,2.664819587628863,4.5,0.8132666874934916,1.038217223784234,1.3737790273872748,47.66247006143914,0.9904904717275851,2.803238571279807,3.8,0,1.0,1.0,0,2.0,1.0,6.0,4.8,2.3,3.1
1759694400,Atletico Grau,FBC Melgar,0.0,1.7897707781069703,0.813264722698685,1.986589739591455,53.46486303861947,1.8330432974686839,2.401112323925358,4.5,0.8128745837957825,1.0371304611038241,0.8097467460397538,47.663515286045815,0.9901765714862274,2.709050549894056,3.8,0,1.0,1.0,1,0.0,0.0,4.8,4.2,2.3,2.6
1759703400,Deportivo Garcilaso,Alianza Atletico,0.0,1.036966156325544,0.8127719580983078,1.4221998388396455,52.33639202256244,1.2495950846091866,2.306950040290087,4.5,0.2495226234952262,1.0380863428808633,0.43428808634288085,46.8170506434205,0.5770734744707344,2.8971772519717707,3.8,0,1.0,1.0,2,2.0,4.0,6.0,6.6,2.8,2.6
1759705200,Universitario,Juan Pablo II College,0.0,1.9775187775187775,0.8134680134680135,2.5499611499611503,53.74617974617974,2.002035742035743,2.3072002072002054,4.5,0.8277777777777778,1.6036324786324787,0.9961538461538462,46.83600427350427,0.9844658119658118,2.8066239316239283,3.8,0,1.0,1.0,0,3.0,0.0,6.6,4.2,2.3,3.1
1760292000,Ayacucho FC,ADT,0.0,0.7289249146757679,1.0025597269624573,0.9220563139931741,51.58976109215017,1.0381783276450516,2.5773250853242287,4.5,0.8133622918605854,1.4140242010549178,0.8101561692005378,47.09890371289689,0.9905719309132278,2.897176543592924,3.8,0,1.0,1.0,1,2.0,2.0,6.0,5.4,2.3,2.6
1760301000,Alianza Atletico,Club Deportivo Los Chankas,0.0,1.0371780739553063,0.6248321475097706,1.4220663393125563,52.61861910011024,1.2874055516584832,2.495199919831645,4.5,0.8130674416274176,2.7312957210141295,0.621625413368073,45.122557370478006,0.990335704980459,2.9913518388616076,3.8,0,1.0,1.0,0,1.0,0.0,5.4,4.2,2.3,3.1
1760310000,Cusco,Comerciantes Unidos,0.0,1.9782913165266107,0.8129651860744298,2.363365346138455,53.74808923569427,2.0026470588235297,2.401070428171267,4.5,1.1891156462585033,2.1655122655122656,1.1858173572459285,46.535301999587716,1.2723891981034838,2.8971758400329812,3.8,0,1.0,1.0,1,1.0,1.0,5.4,4.8,2.3,2.6
1760378400,UTC Cajamarca,Cienciano,0.0,0.8488165384999501,1.001198442025367,0.8574053730150804,51.77152701488066,1.1178887446319787,2.58929391790672,4.5,1.3776690302606611,1.9782283032058323,0.8097673025067412,47.09906122041346,1.4231958454009788,2.897233596324776,3.8,0,1.0,1.0,2,0.0,2.0,4.8,5.4,2.8,2.6
1760386500,Juan Pablo II College,Deportivo Garcilaso,0.0,0.5443668993020938,0.6496510468594218,0.914456630109671,51.842273180458626,0.8908275174476574,2.4021934197407746,4.5,1.1892141756548535,1.601643554185927,1.5617873651771959,47.381253210066774,1.2912480739599383,2.7092449922958384,3.8,0,1.0,1.0,2,0.0,1.0,4.8,4.8,2.8,2.6
1760482800,FBC Melgar,Alianza Universidad,0.0,2.3543744401313824,1.0012939185826615,1.9864636209813875,54.029720314521754,2.284703891708968,2.401134667064794,4.5,1.355529013635911,1.7793371155568827,1.3497561461132674,47.36408878272121,1.406529312232507,2.806131183437839,3.8,0,1.0,1.0,0,2.0,1.0,6.0,4.8,2.3,3.1
1760662800,Alianza Lima,Sport Boys,0.0,2.3544117647058824,1.189527027027027,1.9865858505564389,53.74742647058823,2.303555246422894,2.4011228139904595,4.5,1.189527027027027,1.4132352941176471,0.9983108108108109,47.664338235294125,1.2914944356120825,2.803090222575515,3.8,0,1.0,1.0,0,3.0,1.0,6.6,4.8,2.3,3.1
1760810400,Club Deportivo Los Chankas,Juan Pablo II College,0.0,2.1642074198988195,1.3763701517706577,2.548376897133221,53.181861298482296,2.132641231028668,2.307430438448565,4.5,0.6496379327447674,1.2502727903977782,0.9964289257018153,47.09884932050392,0.8594484674139468,2.8062295407201634,3.8,0,1.0,1.0,0,1.0,0.0,5.4,4.2,2.3,3.1
1760818500,Comerciantes Unidos,Alianza Atletico,0.0,1.4133095662507427,1.0011883541295306,1.610358486829075,52.61828084769262,1.5318459100812045,2.4010992275698144,4.5,0.8129530600118835,1.2250742721330956,0.8098831451772628,47.38171915230738,1.0278847296494353,2.8972568825509986,3.8,0,1.0,1.0,0,1.0,0.0,5.4,4.2,2.3,3.1
1760828400,Cienciano,Cusco,0.0,1.789406671759613,0.8132416603004838,2.1744334097275275,53.46434937611408,1.8327578304048893,2.307181054239876,4.5,1.189322787938705,1.2250123578843302,1.3744933267424617,47.94636678200692,1.2725160652496292,2.8031636183885302,3.8,0,1.0,1.0,2,1.0,2.0,5.4,5.4,2.8,2.6
1760904000,Atletico Grau,UTC Cajamarca,0.0,1.6014212396367944,0.6247137781287011,1.986774575602053,53.46515988945914,1.7011547572048955,2.401125148045794,4.5,0.8129490722463482,1.7896565337544414,0.43351756810106595,46.53484011054086,0.9902368732727991,2.8972562179234096,3.8,0,1.0,1.0,2,0.0,2.0,4.8,5.4,2.8,2.6
1760913000,Deportivo Garcilaso,Sporting Cristal,0.0,1.0355108877721944,1.3783871739650633,0.8555539602775785,51.48578128738932,1.2484335965542,2.401129456807847,4.5,1.3777515026110947,1.4130259138831411,0.9984234899990146,47.94698985121686,1.442075081288797,2.8031136072519445,3.8,0,1.0,1.0,2,0.0,1.0,4.8,4.8,2.8,2.6
1760984100,Sport Huancayo,Alianza Lima,0.0,2.9187487704111743,1.3777493606138107,1.9864253393665159,54.31159748180208,2.736208931733229,2.4012000786936833,4.5,1.0012787723785166,1.036395829234704,1.3750934487507378,47.947226047609675,1.1220696439110758,2.803088727129646,3.8,0,1.0,1.0,2,1.0,2.0,5.4,5.4,2.8,2.6
1761001200,Sport Boys,FBC Melgar,0.0,0.8480997741333596,0.8131395463026613,1.4215457134439753,52.05253854463321,1.1173347736423453,2.4953550034370995,4.5,0.8127641306940139,1.035296923443835,0.8102838063439066,47.66610541378488,0.9900815645122822,2.708690674934413,3.8,0,1.0,1.0,0,1.0,0.0,5.4,4.2,2.3,3.1
1761009300,Universitario,Ayacucho FC,0.0,1.977450980392157,0.6248039215686274,2.551078431372549,54.02906862745098,2.001990196078432,2.307107843137253,4.5,0.649607843137255,2.1313725490196083,0.6445098039215686,45.7771568627451,0.8594313725490192,2.982647058823526,3.8,0,1.0,1.0,0,2.0,1.0,6.0,4.8,2.3,3.1
1761267600,Sporting Cristal,Universitario,0.0,2.1657237936772047,0.4365665068023882,2.174728393853382,54.5938338064011,2.1526064402466485,2.307096016443181,4.5,1.7542135656259177,0.6598414407360282,2.504512087696976,49.64146031124596,1.705592639718117,2.614877165508465,3.8,0,1.0,1.0,2,0.0,1.0,4.8,4.8,2.8,2.6
1761336000,Juan Pablo II College,Comerciantes Unidos,0.0,0.3571797711332596,0.4690660760428203,0.9074935400516797,51.83235511258768,0.7591435954226656,2.4023624953857485,4.5,1.1895055696697283,1.789095172952902,1.375298026187219,47.100517881571236,1.2726460816884893,2.8030877467265958,3.8,0,1.0,1.0,2,0.0,1.0,4.8,4.8,2.8,2.6
1761415200,Ayacucho FC,Deportivo Garcilaso,0.0,0.8955223880597016,1.002536337918252,1.0899424446395474,51.839674178128966,1.1717978733782075,2.490810652619254,4.5,1.37773875719442,1.600702370500439,1.9402009560042923,47.66545702858258,1.4232289532728515,2.7089454687347563,3.8,0,1.0,1.0,0,4.0,2.0,7.199999999999999,5.4,2.3,3.1
1761423300,Alianza Atletico,Cienciano,0.0,1.2237653736991485,0.6241816461684012,1.798088930936613,52.899470198675495,1.4179091769157997,2.495525070955533,4.5,1.5670387890255442,1.6009082308420057,1.3761021759697254,47.94910122989593,1.574635761589404,2.8029990539262046,3.8,0,1.0,1.0,2,0.0,1.0,4.8,4.8,2.8,2.6
1761433200,Cusco,Atletico Grau,0.0,1.7893270365997638,1.0013223140495868,1.9864935064935065,53.18210153482881,1.8515088547815823,2.4012750885478145,4.5,1.0013612056392804,1.9772484200291687,0.24618376276130288,46.53607194944094,1.122119591638308,2.9912980068060264,3.8,0,1.0,1.0,0,1.0,0.0,5.4,4.2,2.3,3.1
1761494400,Sporting Cristal,Club Deportivo Los Chankas,0.0,1.2235549269212636,0.6240829797265441,1.6094672324375296,52.89930221593588,1.4177463460631778,2.4012635549269197,4.5,0.8126544082979728,2.354983498349835,0.621914191419142,45.68641206977841,0.9899877416313059,2.9915700141442696,3.8,0,1.0,1.0,2,0.0,1.0,4.8,4.8,2.8,2.6
1761502500,UTC Cajamarca,Alianza Universidad,0.0,0.6576888679689339,1.0012238173687926,0.8550152977171099,51.48479171569781,0.9839180983760888,2.5898705577782994,4.5,1.0023796448837634,2.1343950210507048,0.8207578253706755,46.30179388614315,1.1238550247116965,2.8946732564524953,3.8,0,1.0,1.0,0,3.0,2.0,6.6,5.4,2.3,3.1
1761510600,ADT,Universitario,0.0,1.9778195488721804,1.0013157894736842,2.552274436090226,53.46484962406015,1.983449248120301,2.3070018796992464,4.5,1.56703007518797,0.6578195488721805,2.5077255639097746,49.36372180451128,1.5557669172932331,2.6144266917293217,3.8,0,1.0,1.0,2,1.0,2.0,5.4,5.4,2.8,2.6
1761519600,FBC Melgar,Sport Huancayo,0.0,2.5434764250527797,1.0014074595355384,2.3635374149659865,54.31319727891156,2.4359727891156466,2.4013230119634046,4.5,0.6242646023926812,1.7891907107670655,0.24505747126436783,46.25251700680273,0.8392653061224489,2.991545859723198,3.8,0,1.0,1.0,0,2.0,0.0,6.0,4.2,2.3,3.1
1761958800,Alianza Lima,FBC Melgar,0.0,2.9206557377049176,1.378454332552693,2.3636533957845436,54.313395784543324,2.737714285714286,2.401311475409835,4.5,0.8123861566484517,1.0339708561020036,0.8103825136612022,47.66753187613844,0.9897723132969034,2.70846994535519,3.8,0,1.0,1.0,1,2.0,2.0,6.0,5.4,2.3,2.6
1762020000,Club Deportivo Los Chankas,Ayacucho FC,0.0,2.164370381391658,1.189366661707087,2.9250111590537125,53.46260477111541,2.1327560382879533,2.307439369141495,4.5,0.64717221312966,1.9569012547735951,0.6429896344789963,46.035224586288415,0.8574577195853789,2.9835606473904313,3.8,0,1.0,1.0,0,1.0,0.0,5.4,4.2,2.3,3.1
1762028100,Comerciantes Unidos,Sporting Cristal,0.0,1.412063492063492,0.8127357609710552,1.9865546218487395,52.89908496732026,1.5308366013071897,2.401288515406161,4.5,1.5670214752567695,1.412063492063492,1.3763025210084032,48.23234360410831,1.5746218487394958,2.80299719887955,3.8,0,1.0,1.0,2,1.0,4.0,5.4,6.6,2.8,2.6
1762038000,Deportivo Garcilaso,ADT,0.0,0.8450063440275513,1.3793184701830705,0.6645459488852637,51.19862243973174,1.1149338408555376,2.4957313757476873,4.5,1.189866615487957,1.60059495249976,0.9993282794357548,47.38381153440169,1.272923903656079,2.8030611265713445,3.8,0,1.0,1.0,0,1.0,0.0,5.4,4.2,2.3,3.1
1762106400,Alianza Universidad,Cusco,0.0,1.2481318260203105,1.8854186625790381,1.2663345468480554,51.044261352749565,1.4362329948265955,2.5791722552213034,4.5,1.1900604932526757,1.2233783154955793,1.3763983248022336,47.949930200093064,1.2730553745928337,2.8029967426710076,3.8,0,1.0,1.0,1,2.0,2.0,6.0,5.4,2.3,2.6
1762115400,Atletico Grau,Alianza Atletico,0.0,1.4119860627177698,0.6244367015098723,1.9864343786295007,53.18141695702672,1.5684831591173056,2.401300813008129,4.5,0.8130081300813009,1.0348432055749128,0.8106852497096401,47.66715447154471,1.0279814169570267,2.897259001161438,3.8,0,1.0,1.0,1,1.0,1.0,5.4,4.8,2.3,2.6
1762124400,Sport Boys,UTC Cajamarca,0.0,0.8462152133580706,0.8130055658627088,1.4206493506493505,52.04990723562152,1.1158645640074214,2.4955751391465664,4.5,1.190148423005566,1.411929499072356,0.9992578849721707,47.667235621521336,1.2731187384044524,2.8029499072356194,3.8,0,1.0,1.0,1,2.0,2.0,6.0,5.4,2.3,2.6
1762124400,Cienciano,Juan Pablo II College,0.0,1.7887882543617122,1.0017160835160646,1.9858899799790257,53.180703594241585,1.8322413957479267,2.401315664028981,4.5,0.4699081577525662,1.2454889249054566,0.8207815595173781,46.836448766432554,0.7334197730956237,2.89457950657302,3.8,0,1.0,1.0,0,2.0,1.0,6.0,4.8,2.3,3.1
1762373700,Club Deportivo Los Chankas,Alianza Lima,0.0,1.7888254330858557,0.813478012564249,2.9271844660194173,53.46311631448696,1.832269179516467,2.3071863696935067,4.5,1.0016643550624134,1.0348589921405456,1.3763106796116504,47.95011558021267,1.1223245492371703,2.802949607027275,3.8,0,1.0,1.0,2,1.0,2.0,5.4,5.4,2.8,2.6
1762538400,Cusco,Sport Boys,0.0,1.789391491653204,1.0017052593789266,1.9866271764494705,53.181619098905045,1.8515419134805244,2.401265481960149,4.5,1.3788968382183244,1.9776598199861528,0.8107823678744519,47.101763212554815,1.4241070851603967,2.8972120932379393,3.8,0,1.0,1.0,0,3.0,0.0,6.6,4.2,2.3,3.1
1762546500,Sporting Cristal,Cienciano,0.0,1.0339605734767026,0.8127240143369175,1.0422939068100359,52.33194444444444,1.2849731182795703,2.4956989247311814,4.5,1.5682795698924732,1.4117383512544803,1.7548387096774194,48.23472222222222,1.5755913978494622,2.802867383512543,3.8,0,1.0,1.0,0,2.0,1.0,6.0,4.8,2.3,3.1
1762567200,Universitario,Deportivo Garcilaso,0.0,1.7892523579480102,0.6245134575569359,2.5521877156659767,53.74720036806993,1.8514276512537384,2.306993328732457,4.5,1.5673706004140788,2.1663952150908674,1.7534575569358177,47.10137106050149,1.5748884288014722,2.802972164711293,3.8,0,1.0,1.0,1,0.0,0.0,4.8,4.2,2.3,2.6
1762632900,Juan Pablo II College,Atletico Grau,0.0,0.34834997461499406,0.6449822304958538,0.7223218818751058,51.55522084955153,0.7524251142325271,2.491809104755455,4.5,0.8129903536977493,1.6005328433624255,0.244887459807074,46.81859439595774,0.990247129076711,2.991520440973815,3.8,0,1.0,1.0,0,3.0,1.0,6.6,4.8,2.3,3.1
1762711200,UTC Cajamarca,Sport Huancayo,0.0,1.2228642767968612,1.3792937399678973,1.2313358302122348,51.76544497948992,1.4172106295701803,2.590110576065631,4.5,0.6237381844123417,1.9784198323524167,0.2435527019796683,45.967888353843406,0.8388460852505796,2.991778134474762,3.8,0,1.0,1.0,2,0.0,3.0,4.8,6.0,2.8,2.6
1762719300,Alianza Atletico,Alianza Universidad,0.0,0.84494301994302,0.8128027065527066,1.231178774928775,52.0482995014245,1.1337695868945872,2.5901442307692295,4.5,1.182152496626181,2.4956815114709854,0.6407557354925776,46.029537786774625,1.267547233468286,2.984379217273951,3.8,0,1.0,1.0,0,2.0,1.0,6.0,4.8,2.3,3.1
1762804800,ADT,Club Deportivo Los Chankas,0.0,1.9783111111111111,1.3794666666666666,1.9868444444444444,52.898355555555554,1.9837955555555558,2.4012444444444427,4.5,0.8128,1.9783111111111111,1.188088888888889,46.251644444444445,0.9900888888888888,2.8973333333333318,3.8,0,1.0,1.0,0,1.0,0.0,5.4,4.2,2.3,3.1
1763323200,Sport Boys,Alianza Atletico,0.0,1.2227014554490594,1.0015974440894568,1.6091764288249912,52.33174476393326,1.3981948881789141,2.4012335818246346,4.5,1.0015974440894568,1.0338125665601705,0.9991125310614128,47.951588569400066,1.160021299254526,2.802910898118564,3.8,0,1.0,1.0,2,0.0,1.0,4.8,4.8,2.8,2.6
1763582400,Atletico Grau,Sporting Cristal,0.0,1.2225589225589226,0.8127060074428496,1.6090200248094986,52.61486797802587,1.4169767853978383,2.4012670565302128,4.5,1.757150451887294,1.4114478114478115,1.3770689349636718,48.51846535530746,1.7266826156299837,2.8028885344674803,3.8,0,1.0,1.0,2,1.0,2.0,5.4,5.4,2.8,2.6
1763843400,Club Deportivo Los Chankas,Universitario,0.0,1.4117197452229298,0.8131574158325752,2.363403093721565,52.89793448589627,1.5305586897179255,2.401337579617833,4.5,1.7572363765038923,0.6558386411889597,2.8883581033262558,49.65200813871196,1.707859164897381,2.613977353149326,3.8,0,1.0,1.0,0,3.0,1.0,6.6,4.8,2.3,3.1
1763928000,Alianza Universidad,Juan Pablo II College,0.0,1.6008125772831656,1.8922451863628333,1.4401695813460518,51.56302773361597,1.7007242536654306,2.491467938526759,4.5,0.6452849133963685,1.6007698100577357,0.6409338130700359,46.5666053049954,0.8559333946950043,2.984419713831475,3.8,0,1.0,1.0,0,3.0,0.0,6.6,4.2,2.3,3.1
1763928000,Sport Huancayo,Cusco,0.0,2.543401360544218,1.5673469387755103,1.4207709750566893,53.46417233560091,2.43590022675737,2.495600907029477,4.5,1.5682539682539682,1.6005291005291005,1.3770723104056437,47.951499118165785,1.5566754850088182,2.8029100529100512,3.8,0,1.0,1.0,2,1.0,2.0,5.4,5.4,2.8,2.6
1763928000,Alianza Lima,UTC Cajamarca,0.0,2.733808769149498,1.5683394963902095,1.9867054058813172,53.74829195280859,2.5881915830251807,2.4013118506779345,4.5,1.1905617186124318,1.411586546927276,0.9994717379820391,47.66837471385808,1.2734072900158477,2.8028878323648514,3.8,0,1.0,1.0,0,3.0,0.0,6.6,4.2,2.3,3.1
1763928000,Comerciantes Unidos,ADT,0.0,1.4117088607594936,1.1904711673699016,1.9868143459915613,52.33194444444444,1.5305098452883263,2.401300984528831,4.5,1.0016274864376131,1.2234719710669077,0.9993670886075949,47.667142857142856,1.141150090415913,2.802992766726942,3.8,0,1.0,1.0,1,0.0,0.0,4.8,4.2,2.3,2.6
1763928000,Cienciano,Ayacucho FC,0.0,1.6004694199954865,1.1901060708643647,1.986368765515685,52.615635296772744,1.6815581132927107,2.401327014218008,4.5,0.46598486738172445,1.7798120894653697,0.6409412155982372,46.02909287436601,0.730413236883678,2.984418391951439,3.8,0,1.0,1.0,0,2.0,1.0,6.0,4.8,2.3,3.1
1764723600,Sporting Cristal,Alianza Lima,0.0,1.032909881490323,0.6230710205473612,1.4196436183817887,52.61484355017478,1.2842015517094385,2.4958393724955226,4.5,1.1903785488958991,1.2227129337539433,1.3770767613038906,47.95141079565369,1.2732684893094988,2.8029092183666298,3.8,0,1.0,1.0,1,1.0,1.0,5.4,4.8,2.3,2.6
1765414800,Sporting Cristal,Cusco,0.0,1.2214670534604228,0.8119353501864899,1.4190634065478658,52.614380439287196,1.4161541649399092,2.4959386655615403,4.5,1.758203873164503,1.7896148116620556,1.377697382421792,47.952798467759095,1.7085805490529902,2.802809108320918,3.8,0,1.0,1.0,0,1.0,0.0,5.4,4.2,2.3,3.1
1765753200,Cusco,Sporting Cristal,0.0,1.789563148053714,0.6229814720380757,1.987251402345742,53.749957504674484,1.8516828148903623,2.4012238653748073,4.5,1.7581166071732108,1.0328063912969574,1.9451810300866905,49.087880333163355,1.7274349821519634,2.708235594084649,3.8,0,1.0,1.0,0,2.0,0.0,6.0,4.2,2.3,3.1
1769792400,Sport Huancayo,Alianza Lima,1.0,2.5448630734345024,1.7568637711494854,1.2314495028780743,53.182086167800456,2.4370329670329665,2.5901360544217673,4.5,1.379651236794094,1.4112181255038398,1.3775298061012347,47.95256480970767,1.4057490771776484,2.802851202851201,3.8,0,1.0,1.0,2,1.0,2.0,0.0,0.0,0.0,0.0
1769804100,UTC Cajamarca,Atletico Grau,1.0,1.2219774633567737,1.7581123443192408,1.2304498856222994,51.195840040667626,1.4165296958400408,2.5901974074387857,0.0,0.6236154649947754,1.6003657262277953,0.24374782305816792,46.534831069313825,0.8387513061650991,2.9915708812260515,0.0,0,1.0,1.0,0,2.0,0.0,2.0,2.0,1.0,1.0
1769882400,Sport Boys,Club Deportivo Los Chankas,1.0,1.2220107431375036,1.0012688745083111,1.6089328765385105,52.33030918242186,1.3976356638328473,2.400888212155816,2.0,0.4337013069407436,1.9787674998942604,0.6208602969166349,45.68320433109166,0.7057480015226493,2.9916423465719224,1.0,0,1.0,1.0,1,1.0,1.0,1.0,3.0,1.0,3.0
1769902200,FBC Melgar,Cienciano,1.0,2.5449124631651934,0.8125845033801352,2.364603917490033,54.5986219448778,2.4370653492806382,2.4007800312012466,3.975,1.190622760045537,1.7896445587553231,1.1884302399122992,47.101340810389175,1.2734409916937215,2.897040097820127,3.15,0,1.0,1.0,0,2.0,0.0,9.0,9.0,3.0,0.0
1769968800,Deportivo Garcilaso,Sporting Cristal,1.0,0.8437315820493391,1.1905363307232466,1.041340405826387,51.479413993432686,1.1139260756083187,2.495402879515028,4.58,1.7592064272831611,1.4110018035743563,1.7570749303164452,48.52267584849975,1.728288243974422,2.8021478930972274,3.12,0,1.0,1.0,1,1.0,1.0,3.0,3.0,2.0,3.0
1769976900,Alianza Atletico,Cusco,1.0,1.2220587617166154,0.812155857256946,1.7980328695725274,52.614055735362115,1.4165861039889036,2.495367996301121,4.6499999999999995,1.380257018908079,1.4109519521977572,1.378128836866661,47.954735205042155,1.4251256445935991,2.8021609233035916,3.6,0,1.0,1.0,0,1.0,0.0,3.0,3.0,2.0,1.0
1769986800,Universitario,ADT,1.0,1.6003968253968255,0.6235162180814355,2.1758626639061425,53.46195652173913,1.7192253278122847,2.306314699792959,4.414285714285714,1.0012939958592133,0.8448412698412698,1.1879399585921324,48.23804347826086,1.1409006211180124,2.7076777087646637,3.085714285714286,0,1.0,1.0,0,2.0,0.0,13.0,3.0,1.0,5.0
1770408000,UCV Moquegua,UTC Cajamarca,1.0,1.6068111455108358,1.020123839009288,1.7693498452012384,52.809597523219814,1.7043962848297247,2.412383900928765,4.544444444444444,1.0010877750815832,1.4111789808384236,0.9989122249184169,47.38867040415028,1.1407363400552255,2.8021755501631644,2.8444444444444446,0,1.0,1.0,2,2.0,3.0,1.0,6.0,2.0,3.0
1770487200,ADT,Sport Boys,1.0,1.789590208446468,1.0012531851789965,2.365762980909812,53.17724215714943,1.8326947658632358,2.4006349471573567,4.29,1.3790657736561909,2.3559677142366477,0.8101665808002748,46.54005667181865,1.4242229091533574,2.8966941439120713,3.2600000000000002,0,1.0,1.0,0,1.0,0.0,4.0,5.0,3.0,2.0
1770495300,Atletico Grau,Sport Huancayo,1.0,1.0327827827827827,1.190357023690357,1.0415415415415414,51.75842509175843,1.2650850850850852,2.495278611945277,4.536363636363636,1.0011678345011679,1.7895395395395395,0.6206206206206206,46.822655989322655,1.1408024691358025,2.9913079746413063,3.1454545454545455,0,1.0,1.0,1,0.0,0.0,5.0,3.0,2.0,1.0
1770512400,Cusco,Universitario,1.0,2.1686319033330634,0.24315951666531513,2.556175492660774,54.88370772848917,2.1359062525342636,2.3058957099991875,4.491666666666666,1.5686503144130264,1.032648981801524,2.3233248656977468,48.808624495065175,1.5569558155998833,2.707371007371006,3.0500000000000003,0,1.0,1.0,1,1.0,1.0,6.0,2.0,0.0,4.0
1770566400,Sporting Cristal,FBC Melgar,1.0,0.8411834319526628,0.8112820512820513,1.418777120315582,52.04149901380671,1.1118690335305723,2.495297830374752,4.607692307692307,0.8118918918918919,1.0325987525987526,0.8098128898128899,47.67247401247401,0.9893837837837838,2.7074677754677743,3.2,0,1.0,1.0,2,1.0,2.0,7.0,6.0,2.0,5.0
1770574500,Club Deportivo Los Chankas,Alianza Atletico,1.0,1.6001194743130227,0.8123058542413382,2.3646356033452807,53.17933094384708,1.6811486601809185,2.4004266939750796,4.564285714285714,1.1903516419645452,1.032548677709968,1.3775480549674097,48.23902935193257,1.2921484618258812,2.8022418732096135,3.185714285714286,0,1.0,1.0,0,1.0,0.0,5.0,3.0,2.0,2.0
1770582600,Cienciano,Juan Pablo II College,1.0,1.7889570552147238,1.3788854805725972,1.986963190184049,52.61319018404908,1.8322171097477846,2.40039195637355,4.526666666666667,0.46199386503067486,2.1401226993865032,0.0983128834355828,45.48625766871165,0.7273588957055211,3.0740184049079726,3.3066666666666666,0,1.0,1.0,0,6.0,1.0,3.0,6.0,2.0,1.0
1770591600,Alianza Lima,Comerciantes Unidos,1.0,2.7355655808948307,0.8118869252100493,2.554985306899549,54.88286908654443,2.5894739456148343,2.3057530731343885,4.93125,1.0011376066506235,1.2233121855173923,1.9418070444104134,47.66953839422446,1.121914679501203,2.7078494858893007,3.35,0,1.0,1.0,0,2.0,1.0,8.0,2.0,2.0,3.0
1770669000,FC Cajamarca,Deportivo Garcilaso,1.0,1.6085626911314985,1.0198776758409787,1.769113149847095,52.85626911314985,1.7057186544342546,2.40581039755349,5.111764705882353,1.3788820931022765,2.1671423717295277,1.376673462453279,46.81909616038056,1.4429680598029222,2.8020897043832806,3.211764705882353,0,1.0,1.0,1,1.0,1.0,3.0,6.0,7.0,2.0
1771012800,UTC Cajamarca,Cusco,1.0,1.4109280835676978,1.3799919646444354,1.7983125753314584,50.14945761349939,1.567628766572921,2.249096022498994,4.049415204678363,1.1907614014484242,1.2209042865531414,1.378469367782345,53.554374633000585,1.292479154433353,2.4034018398903876,0.17264957264957279,0,1.0,1.0,0,1.0,0.0,7.0,7.0,1.0,2.0
1771032600,Universitario,Cienciano,1.0,1.9787409360580093,0.622610415293342,2.555125247198418,53.8413810151615,2.002928477257746,2.0600362557679617,4.996870554765292,0.8114890885750964,1.221405648267009,1.1883504492939667,48.5254974326059,0.9890629011553274,2.309213735558407,3.0210526315789474,0,1.0,1.0,0,2.0,1.0,4.0,1.0,3.0,3.0
1771092000,Deportivo Garcilaso,ADT,1.0,0.8424897861091085,1.1904349915885604,1.040615236721942,50.52803012096451,1.112875110149804,2.438503564848192,4.994473684210527,0.6226089102801431,1.2220165370850302,0.6203875107984697,47.29283392982023,0.8568711176930355,3.1613682175325994,1.1367567567567567,0,1.0,1.0,0,1.0,0.0,5.0,4.0,5.0,2.0
1771100100,Juan Pablo II College,Sporting Cristal,1.0,1.4196555217831812,1.363496888116949,1.0736720220002895,52.07931683311623,1.5737009697496025,2.491952525691125,7.6052154195011346,1.5700880679604083,1.0310965630114566,1.9474709687475644,49.75985503857844,1.5769729561218921,2.782771412984178,5.867155067155067,0,1.0,1.0,2,0.0,2.0,1.0,9.0,3.0,2.0
1771108200,Sport Boys,Atletico Grau,1.0,1.221260282725022,1.0009583899049597,1.6089928919415384,54.41106940340228,1.396949125469212,2.154546761440778,4.04043062200957,0.622605913956445,1.789402452528401,0.24209490218594926,48.14538818028955,0.8379518516999548,2.5936636180945727,2.085012285012285,0,1.0,1.0,0,1.0,0.0,7.0,2.0,3.0,2.0
1771117200,Alianza Atletico,Alianza Lima,1.0,0.8422647527910687,0.8114035087719299,1.7985645933014354,46.452073365231264,1.1126985645933016,2.4388038277511948,3.091304347826087,1.5692982456140352,1.2212121212121212,1.9461722488038278,48.62161084529506,1.5574194577352471,2.214290271132375,0.17986270022883313,0,1.0,1.0,1,0.0,0.0,1.0,5.0,4.0,2.0
1771178400,Sport Huancayo,FC Cajamarca,1.0,2.5459786564173856,1.7575745185427485,1.2308950402747678,53.082328167804725,2.4378337490289077,2.0605225497812474,0.2542792792792793,1.6767523953605648,2.067070095814423,0.9848714069591529,47.484619263741806,1.6670801815431149,2.75350479072111,4.772222222222222,0,1.0,1.0,0,2.0,0.0,5.0,6.0,2.0,2.0
1771186500,Comerciantes Unidos,Club Deportivo Los Chankas,1.0,1.0316425504849738,1.000715535061218,1.9880744156463668,50.99812370806169,1.0823046589282876,2.5336333280330723,4.978736842105263,0.43229448242963914,1.0316425504849738,0.8092542534584195,45.02292892351725,0.7047304817936078,2.972052790586737,3.013894736842105,0,1.0,1.0,1,1.0,1.0,4.0,0.0,3.0,3.0
1771198200,FBC Melgar,UCV Moquegua,1.0,2.735151441033794,0.4331661978720802,2.9336349924585217,54.31176878235702,2.5891174432350907,2.4389140271493197,6.870893970893971,0.6757164404223228,1.4002011060834592,0.6505781799899447,48.82151835093012,0.8469482151835075,2.552840623428839,3.1435897435897435,0,1.0,1.0,0,4.0,0.0,3.0,5.0,1.0,3.0
1771635600,Alianza Lima,Sport Boys,1.0,2.3581008243500317,1.0006341154090044,2.556531388712746,56.778852251109704,2.287448478123019,2.249356372859859,7.822417153996101,1.189840442852491,2.167779225008141,0.8094268967762944,46.44334093129274,1.2918324649951156,2.6880820579615747,2.061261261261261,0,1.0,1.0,0,1.0,0.0,10.0,2.0,2.0,3.0
1771696800,FC Cajamarca,FBC Melgar,1.0,1.4020050125313284,1.0070175438596491,1.517293233082707,49.20601503759399,1.5338446115288247,3.944761904761887,3.7357142857142858,1.0005540166204987,1.0317372378314207,1.18804907004353,45.21005144440048,1.1404091808468537,3.1615670755836947,3.0030075187969927,0,1.0,1.0,0,3.0,1.0,5.0,7.0,2.0,2.0
1771707600,Sporting Cristal,Universitario,1.0,1.0302552552552553,1.0005255255255254,1.4188888888888889,54.795765765765765,1.244120870870871,2.3438258258258244,4.032586206896552,1.3795005531847637,1.031847637110795,1.94586691955113,46.062351825509715,1.405668563300142,2.9720278172909738,4.897640653357532,0,1.0,1.0,1,2.0,2.0,8.0,6.0,4.0,2.0
1771718400,Cienciano,Alianza Atletico,1.0,2.5462539000769886,1.1898375136755945,2.3663033348190767,52.23424774099437,2.4379926253089677,2.3442643543093302,10.662882882882883,1.1901049475262369,1.0318787974433836,1.37744811804624,47.198232462716014,1.292043714984613,2.5930150714116613,4.899298245614035,0,1.0,1.0,1,1.0,1.0,3.0,5.0,2.0,0.0
1771776000,ADT,UTC Cajamarca,1.0,1.4107784431137724,0.8111566341002207,2.367128900094548,52.991648282382606,1.5295847778127958,2.533592814371256,6.879286926994906,1.569051370942326,1.7897258115348251,1.3774503624330285,50.987299086038455,1.5762503939489443,2.8770028364323967,6.793887945670628,0,1.0,1.0,1,2.0,2.0,7.0,4.0,1.0,6.0
1771784100,Club Deportivo Los Chankas,Sport Huancayo,1.0,1.4111016846442856,0.6223488062053084,2.3661778370298547,54.2216499010221,1.5298678948006303,2.344115864743666,4.040371621621621,1.000708048147274,1.4108095350483834,0.809031547478562,46.06049878058374,1.1405200220281646,2.5930422468727863,2.068421052631579,0,1.0,1.0,0,3.0,2.0,4.0,2.0,3.0,1.0
1771792200,Atletico Grau,Juan Pablo II College,1.0,0.4635506677140614,1.0007855459544384,0.6619010212097408,52.51830322073842,0.8286417910447763,2.4387902592301636,4.038118022328549,0.4585643212508885,2.8673773987206825,0.0923951670220327,46.109737029140014,0.7248571428571426,2.6938166311300615,3.9353535353535354,0,1.0,1.0,2,1.0,2.0,7.0,5.0,1.0,2.0
1771803000,Cusco,Comerciantes Unidos,1.0,1.6003362757461117,0.4316099201345103,2.1781267912415454,56.217921968741635,1.6812021857923503,1.8694822117772925,5.933484162895927,0.8120218579234972,1.4114754098360656,1.3762874648120549,44.36391786719656,0.9706731246895182,2.7824358337473076,1.1333333333333333,0,1.0,1.0,0,3.0,1.0,2.0,3.0,3.0,4.0
1771876800,UCV Moquegua,Deportivo Garcilaso,1.0,1.7390873015873018,1.6775793650793651,1.1835317460317463,46.24404761904763,1.8033829365079392,2.2771825396825225,3.807619047619048,0.8116956241956242,1.7896557271557272,0.998471685971686,48.4261583011583,0.9892993886743886,2.6878700128700115,5.863474903474903,0,1.0,1.0,0,1.0,0.0,3.0,7.0,3.0,5.0
1772222400,Alianza Atletico,ADT,1.0,0.8414218767859184,0.43153122261591803,1.9885701222996914,45.1171829161428,1.1708371242427709,2.6664944565093136,3.558262108262108,0.43236099163212643,1.2214592945960743,0.4300148588410105,47.10341753343239,0.7237326972706654,3.047832955345271,1.1280701754385967,0,1.0,1.0,1,0.0,0.0,0.0,3.0,3.0,1.0
1772232300,FBC Melgar,Club Deportivo Los Chankas,1.0,2.358175855067937,0.2428080587224739,2.9355770732469155,56.875776979540845,2.285607215367796,2.1925003904419786,5.924466571834993,0.6211975956783079,0.841299551091836,0.9984782774100281,45.015909609678154,0.9147080575211137,2.9531339876740454,2.5486486486486486,0,1.0,1.0,2,1.0,2.0,5.0,10.0,1.0,1.0
1772241300,Deportivo Garcilaso,Cienciano,1.0,1.030997150997151,1.1905033238366571,1.419145299145299,50.71365622032289,1.2447073124406463,2.951046533713199,4.025506072874494,1.0007597340930674,1.2207407407407407,1.1883760683760685,46.81967711301045,1.1215855650522315,2.288892687559353,4.449527665317139,0,1.0,1.0,2,2.0,3.0,4.0,6.0,1.0,2.0
1772294400,Sport Huancayo,Sporting Cristal,1.0,1.9792120834630955,1.3798816568047336,1.2300373715353472,51.28523824353784,1.9104216754905017,2.002805979445654,1.1860998650472336,1.7608875739644971,1.0302514792899409,1.9488165680473373,52.13902366863905,1.7296841715976332,2.6681094674556203,6.356538461538461,0,1.0,1.0,0,2.0,1.0,8.0,2.0,6.0,1.0
1772302500,UTC Cajamarca,Alianza Lima,1.0,1.2208006665909177,1.3803961671022231,1.7985910691966822,46.72876567056774,1.4155618679695494,2.002492898534256,4.5075641025641024,1.3803961671022231,0.8413134871037382,2.1371738060068934,50.80456766276559,1.5239706094004468,2.00407680945347,1.1353846153846154,0,1.0,1.0,2,0.0,1.0,4.0,7.0,2.0,2.0
1772323200,Sport Boys,UCV Moquegua,1.0,1.0309356327055443,0.8111640571817563,1.608713410483322,51.66158384388473,1.2447061493079197,2.2870766205279462,4.032395247029394,0.5088495575221239,2.051622418879056,0.4889380530973451,43.349557522123895,0.6713053097345119,2.6591445427728466,2.8,0,1.0,1.0,1,0.0,0.0,2.0,6.0,2.0,5.0
1772388000,Comerciantes Unidos,Atletico Grau,1.0,0.8410709565348741,1.000830784335939,1.6086552622635097,51.28332011630981,0.8841025641025644,2.6665322306559402,4.981562881562882,0.4324315944500427,1.7895201922331603,0.05146887838152086,50.609224091155724,0.7048159057437405,2.4790264320595288,1.1385964912280704,0,1.0,1.0,0,3.0,1.0,4.0,8.0,5.0,3.0
1772397000,Juan Pablo II College,Cusco,1.0,1.2366310160427807,1.5469251336898395,0.8882352941176471,49.52834224598931,1.4456016042780753,2.620106951871655,5.8338266384778015,0.8108088235294119,1.2201470588235295,0.8088235294117647,56.12941176470588,1.007571323529412,2.2880882352941168,2.084418604651163,0,1.0,1.0,0,2.0,1.0,0.0,2.0,2.0,2.0
1772406000,Universitario,FC Cajamarca,1.0,1.78965916995131,0.432429090347013,2.5564417652059666,55.83051240435891,1.8516871473838785,2.192660947522991,4.505861244019139,1.2580763582966226,2.051762114537445,0.7375183553597651,48.860132158590304,1.4156754772393527,2.5602790014684143,4.0204545454545455,0,1.0,1.0,0,1.0,0.0,5.0,2.0,0.0,0.0
1772829000,Atletico Grau,FC Cajamarca,1.0,0.6514173998044966,1.3802391157229867,0.4704714640198512,52.89452590420332,0.960067674261223,2.192154297315586,4.0272364672364676,1.0058651026392962,1.8410557184750733,0.5894428152492669,46.68269794721408,1.212099706744867,2.0465689149560005,3.8097777777777777,0,1.0,1.0,0,1.0,0.0,3.0,1.0,3.0,1.0
1772899200,UCV Moquegua,Sport Huancayo,1.0,1.550878477306003,1.256588579795022,1.6379941434846268,42.637994143484626,1.6507979502196213,2.4589311859443503,3.2815217391304348,1.1904193415174382,1.4103465104929234,0.8088298231782859,46.821744190411835,1.2922709013777827,2.193526298006531,3.0341137123745816,0,1.0,1.0,0,2.0,1.0,3.0,4.0,6.0,1.0
1772907300,Comerciantes Unidos,UTC Cajamarca,1.0,1.2201169590643275,1.190657894736842,1.608888888888889,49.472938596491225,1.1871016081871348,3.180154970760233,5.295283687943263,1.7596491228070175,1.7898635477582845,1.5677312940470836,49.95339631129105,1.7286774628879893,3.4267236467236453,8.251336606655755,0,1.0,1.0,2,1.0,2.0,5.0,7.0,1.0,3.0
1772915400,Sporting Cristal,Alianza Atletico,1.0,1.4098273099519316,1.1909560263485846,1.6085454869147233,57.55282179099163,1.528843866832829,2.572244970624887,5.926727642276423,0.62126146359723,0.841100505334082,0.9986524424480628,45.49575145049598,0.8369387984278494,2.098532659554556,3.9846153846153847,0,1.0,1.0,0,3.0,1.0,2.0,3.0,2.0,6.0
1772928000,Cusco,Deportivo Garcilaso,1.0,1.9801749271137026,0.430728862973761,2.5588483965014577,58.49768221574344,1.9851450437317786,2.002020408163264,5.454489795918367,0.81129353997238,1.2212367653828449,0.9985422740524781,53.360334509743744,0.9889596440079791,3.0471597360748794,3.987755102040816,0,1.0,1.0,0,1.0,0.0,2.0,1.0,3.0,1.0
1772993700,ADT,Juan Pablo II College,1.0,1.6001343634531406,1.1904154070092934,1.9886537528458925,54.03201955734707,1.6811368641062967,2.2872436830515417,6.401435897435897,0.8193727669710202,2.5093290988487498,0.6337170834987429,46.565965330157475,0.995376472145031,2.4921265052269392,4.8919999999999995,0,1.0,1.0,2,2.0,3.0,12.0,2.0,2.0,2.0
1773001800,Club Deportivo Los Chankas,Universitario,1.0,1.7896419828641372,1.0008414932680538,2.367166462668299,53.74749082007344,1.8327685128518976,2.476875764993878,4.034984520123839,1.3803070960047703,1.4104203935599284,1.5678890876565295,43.02552176505665,1.406225402504472,2.857549194991054,4.4649069884364,0,1.0,1.0,0,3.0,1.0,0.0,9.0,2.0,2.0
1773095400,Cienciano,Sport Boys,1.0,2.3581697349323965,1.1903139561530822,1.9883125811626308,53.083202199984726,2.287589183408449,2.2873699488197983,6.878441295546558,0.8113665877320297,1.9792223665113438,0.6196012527690781,44.92732411580475,1.0079642502482622,2.762685814681841,1.6220647773279353,0,1.0,1.0,0,3.0,1.0,3.0,4.0,2.0,2.0
1773106200,Alianza Lima,FBC Melgar,1.0,2.1696023782980305,0.811073950204385,2.557933853586028,58.017428465254554,2.136706800445931,2.1922779635823098,5.9341074020319295,1.0008175399479748,1.4106280193236715,0.998513563730955,44.25949461166853,1.1405767372723892,3.0471720549981405,3.04121915820029,0,1.0,1.0,0,3.0,1.0,3.0,4.0,3.0,2.0
1773432000,FC Cajamarca,Comerciantes Unidos,1.0,1.804630969609262,1.007959479015919,1.890738060781476,51.14218523878437,1.8546237337192493,3.4601302460202477,4.406481481481482,0.811671295028748,1.978879023741542,0.8091680682129307,41.808952947158446,0.9703883912856417,3.0464153009739103,3.5186186186186186,0,1.0,1.0,2,3.0,4.0,3.0,6.0,2.0,5.0
1773511200,Sport Huancayo,ADT,1.0,1.4108344449384913,1.3805246776345041,1.2296872684155922,49.193641618497104,1.5846869719875503,2.7045975989328572,3.7256254856254856,0.05231954942937606,0.841603675707722,0.4293611975692901,46.34738402252853,0.4386638506002667,2.7436846005632116,2.0975291375291376,0,1.0,1.0,2,0.0,1.0,5.0,3.0,0.0,3.0
1773519300,Juan Pablo II College,Club Deportivo Los Chankas,1.0,1.6007779659953574,1.549582784365393,1.4327247631595459,45.950116067507366,1.718797917058787,2.474448836187964,4.64332298136646,1.001010101010101,0.8404473304473306,1.5687734487734488,48.15118326118326,1.1995334776334774,2.553606060606059,3.679404761904762,0,1.0,1.0,2,2.0,3.0,8.0,3.0,2.0,1.0
1773529200,Deportivo Garcilaso,Alianza Lima,1.0,1.0304755043227667,1.0011527377521614,1.4186887608069163,51.84955331412103,1.2157939481268014,2.6097780979827077,4.66921052631579,1.1911527377521614,0.6504755043227666,2.1389193083573486,51.66544668587896,1.2774231988472622,1.888475504322765,1.463684210526316,0,1.0,1.0,1,1.0,1.0,1.0,3.0,4.0,1.0
1773538200,Universitario,UTC Cajamarca,1.0,1.4106991330012912,0.4319498247555802,2.5575724036155694,56.87749492713522,1.5484065670540492,1.7557867552112143,3.402799882110227,1.7611510791366907,1.980431654676259,1.5689208633093525,52.61694244604316,1.7296244604316546,3.503345323741006,7.479540229885058,0,1.0,1.0,0,2.0,0.0,8.0,2.0,0.0,1.0
1773590400,Sporting Cristal,Sport Boys,1.0,1.6004378762999454,1.1915024630541873,1.6083059660645866,60.131773399014776,1.6811596880131365,2.5149698960043776,6.890153349475383,0.4318744473916888,2.169702328323018,0.050103153551429455,43.311936339522546,0.7041747715885645,2.6484261715296182,2.09787049109083,0,1.0,1.0,0,3.0,0.0,4.0,3.0,2.0,1.0
1773598500,FBC Melgar,Atletico Grau,1.0,2.1698046573225915,0.6215428760622448,2.3680094176507374,53.46273406172976,2.134816686899901,1.9453217084207026,4.6691452991453,0.43179928631865505,1.9800610675790016,0.0500312695434647,52.41931722032153,0.704119486443733,2.458549828937202,2.7312820512820513,0,1.0,1.0,1,0.0,0.0,6.0,5.0,1.0,0.0
1773606600,Alianza Atletico,UCV Moquegua,1.0,0.6504441260744986,0.4309312320916906,1.6087535816618912,45.579756446991404,1.0371098853868197,2.799587392550142,3.0851639344262294,0.4074498567335244,1.6435530085959886,0.5902578796561605,40.88194842406877,0.6157020057306579,3.1190830945558625,3.364590163934426,0,1.0,1.0,0,3.0,0.0,7.0,3.0,0.0,0.0
1773615600,Cusco,Cienciano,1.0,1.9810181792805053,0.43010572594996344,2.5598450748455983,61.07573537108762,1.9856470916640498,2.1340632959977657,4.987332808811959,1.1908583690987125,1.600543633762518,1.1887124463519312,45.679871244635194,1.3342091559370528,2.1726852646638037,5.578978494623657,0,1.0,1.0,2,1.0,2.0,4.0,4.0,1.0,2.0
1774038600,ADT,FBC Melgar,1.0,1.4104999999999999,1.3809285714285713,1.4187142857142856,57.55042857142857,1.529252142857143,2.2293142857142842,7.203888888888889,1.1909285714285713,1.9805,0.8088571428571429,44.82457142857143,1.4064628571428568,2.93262857142857,3.9949206349206348,0,1.0,1.0,1,1.0,1.0,3.0,5.0,2.0,2.0
1774053000,Cienciano,FC Cajamarca,1.0,2.73892973407952,1.0009510223490252,2.5575990343465382,54.6978163063755,2.5920231171586385,2.1346515966202118,6.569898504273504,0.8395149786019972,1.7030432715168806,0.49239182120779845,48.73086067522587,1.0911816452686627,1.8638135996195817,3.3895833333333334,0,1.0,1.0,0,3.0,0.0,9.0,0.0,0.0,0.0
1774108800,UCV Moquegua,Cusco,1.0,1.6444444444444444,1.2068376068376068,1.90997150997151,42.332763532763536,1.7235099715099729,3.1609116809116706,3.7686153846153845,0.6203460496143423,1.2200542005420054,0.6183309012577305,60.13502883746786,0.8549746369258562,2.1715836286567978,3.3565478424015014,0,1.0,1.0,2,1.0,2.0,4.0,3.0,2.0,3.0
1774116900,Comerciantes Unidos,Universitario,1.0,1.220011796135031,0.8106581549457031,1.6084099503868439,47.09390417375013,1.18672032751622,2.8376442424452684,4.282076866223208,1.3809246088193456,1.9805120910384069,0.9989331436699858,45.393748221906115,1.4063812233285917,2.7423883357041237,4.309545454545455,0,1.0,1.0,1,0.0,0.0,2.0,9.0,1.0,1.0
1774125000,Club Deportivo Los Chankas,Sporting Cristal,1.0,2.169638694638695,1.1906177156177156,2.3677593240093238,50.80804195804196,2.1367271270396273,2.418959790209789,4.676795509631331,1.1910753880266074,1.21990022172949,1.3794484478935698,52.241130820399114,1.2507267184035473,2.36171840354767,5.580706224972698,0,1.0,1.0,0,3.0,2.0,5.0,9.0,3.0,1.0
1774135800,Alianza Lima,Juan Pablo II College,1.0,2.170496453900709,0.8109219858156029,2.5586524822695034,56.88400709219858,2.384275886524823,2.324028368794325,7.210710784313725,1.3668208448967005,2.6965155720012333,1.1806352143077397,43.18433549182855,1.4146000616712917,2.2871908726487797,4.601790281329924,0,1.0,1.0,0,2.0,0.0,5.0,1.0,1.0,3.0
1774202400,UTC Cajamarca,Alianza Atletico,1.0,1.2205240793201133,1.1908498583569405,1.7987393767705382,46.149447592067986,1.4266174220963177,1.8489291784702537,4.3607971014492755,0.8108498583569406,1.2205240793201133,0.9987960339943343,42.92555240793201,0.9693144475920681,2.6471501416430576,4.943188405797102,0,1.0,1.0,1,1.0,1.0,3.0,4.0,3.0,1.0
1774211400,Atletico Grau,Deportivo Garcilaso,1.0,0.8404809052333806,1.000848656294201,1.0386845827439888,51.374321074964634,1.2232817538896748,2.2289717114568584,4.676833333333334,0.6213832372248214,1.4107496463932108,0.42953614042722954,50.23659376926703,0.8557037681790156,2.7420759438581204,4.625592185592186,0,1.0,1.0,1,0.0,0.0,7.0,3.0,3.0,2.0
1774220400,Sport Boys,Sport Huancayo,1.0,0.8403672316384182,0.8107768361581922,1.228629943502825,54.604830508474585,1.1110967514124297,2.2290141242937835,4.360258215962441,1.190776836158192,1.410367231638418,0.8087994350282487,49.19516949152542,1.2922584745762709,1.791968926553671,3.044788732394366,0,1.0,1.0,0,3.0,0.0,7.0,2.0,1.0,3.0
1775232000,Sporting Cristal,UCV Moquegua,1.0,1.981828320267655,1.0006560173188572,1.9895037228982846,61.0950077082035,1.9862085479056653,2.4571305802473176,6.662726098191214,0.3380347907851434,1.8697696285848613,0.4915373765867419,41.06911142454161,0.5780394922425942,2.593229901269384,3.4611111111111112,0,1.0,1.0,2,1.0,2.0,10.0,3.0,1.0,3.0
1775246400,Alianza Atletico,Atletico Grau,1.0,1.2199244245963585,0.23978014428031608,2.1791137066300243,46.99893507385778,1.4737451047749919,2.2666506355204388,4.041363180755095,0.430774647887324,1.7904225352112677,0.23887323943661976,49.66859154929577,0.7032591549295772,1.8679999999999986,2.807431506849315,0,1.0,1.0,1,2.0,2.0,3.0,7.0,1.0,3.0
1775258100,Cienciano,ADT,1.0,2.930450070323488,0.8108438818565401,2.558537271448664,57.836983122362874,3.1137596343178626,1.6967187060478188,8.318175675675676,0.24084388185654013,0.6504500703234881,0.9988748241912799,46.43801687763713,0.41261223628691973,2.7230154711673684,2.8081756756756757,0,1.0,1.0,0,3.0,2.0,4.0,4.0,2.0,4.0
1775326500,Deportivo Garcilaso,Sport Boys,1.0,1.2200465881063305,1.0008906549739656,1.60841326390792,48.330597423951765,1.1865723485886548,2.8372595231570283,4.280666666666667,0.24091292134831466,2.1705477528089885,0.04880617977528094,42.923637640449435,0.5703651685393257,2.2481011235955037,2.8089,0,1.0,1.0,0,3.0,2.0,2.0,2.0,2.0,3.0
1775334600,FBC Melgar,Cusco,1.0,1.7906451612903227,0.43098176718092573,1.988709677419355,56.22207573632539,1.850302664796634,1.6966633941093958,4.518355263157894,0.6199826354104054,1.219662058371736,0.617845455152608,60.62659453683296,0.7974654377880184,2.2467775328925383,4.233458646616541,0,1.0,1.0,2,1.0,3.0,5.0,4.0,1.0,3.0
1775350800,Universitario,Alianza Lima,1.0,1.4106022408963586,0.24112044817927175,2.5585854341736693,57.55278711484594,1.5481883753501402,1.3165658263305309,3.803344155844156,1.0010931201748992,0.6493680398988864,1.7598824895811984,55.18752476600396,1.1384548746327796,1.5815918562546958,1.8576021539436174,0,1.0,1.0,0,1.0,0.0,3.0,2.0,3.0,3.0
1775412900,Sport Huancayo,Comerciantes Unidos,1.0,1.2205594405594407,1.191048951048951,1.2286713286713287,49.66765734265734,1.3885132867132872,2.1716083916083906,3.0909615384615385,1.569525211630475,1.7900625690099374,1.3776959882223039,43.881413323518586,1.3430916451969084,3.4054177401545807,4.627260458839407,0,1.0,1.0,1,1.0,1.0,4.0,1.0,2.0,3.0
1775421000,Juan Pablo II College,UTC Cajamarca,1.0,1.967527932960894,1.9184124767225326,1.4310288640595903,48.22320763500931,1.9017702513966486,2.3259683426443183,4.27576476793249,1.3815097424717262,1.9809919607575963,1.3793296089385474,51.66690284779943,1.444695462597084,3.198694645047008,6.372861994442729,0,1.0,1.0,0,2.0,1.0,3.0,7.0,2.0,6.0
1775505600,FC Cajamarca,Club Deportivo Los Chankas,1.0,2.0443514644351466,1.60836820083682,1.509623430962343,50.34588563458856,1.7044072524407268,3.1564295676429466,4.5245,1.3815083171752218,1.2200428615164813,1.5695070925604655,45.770013947001395,1.182136680613668,2.2476939823791526,3.993658536585366,0,1.0,1.0,2,0.0,1.0,5.0,5.0,4.0,1.0
1776189600,UCV Moquegua,Juan Pablo II College,1.0,1.5362116991643453,1.340297121634169,1.5905292479108635,43.284586815227485,1.5997818012999083,2.964438254410391,3.7670781893004115,1.1850742804085421,2.700719591457753,1.1814763231197771,42.153853296193134,1.215644846796657,2.2671030640668497,3.5340534979423865,0,1.0,1.0,0,3.0,0.0,3.0,5.0,3.0,1.0
1776197700,ADT,Alianza Lima,1.0,1.4102717188507072,1.1911937311306353,1.608453475355338,57.84423148682113,1.545945181315513,2.0763004172461743,7.1294765020820945,0.8104510232465726,0.6481223922114048,1.5703026690509305,55.387774024769854,1.0678429035035433,1.6563216107026943,1.7088269454123113,0,1.0,1.0,2,0.0,1.0,3.0,3.0,2.0,2.0
1776214800,Sport Boys,FBC Melgar,1.0,1.0296747967479676,0.4302168021680217,1.6083333333333334,54.231436314363144,1.2624004065040655,1.9811517615176142,4.51140170437849,1.3814363143631436,1.9808943089430895,0.9989837398373984,45.10271002710027,1.4541287262872629,2.723008130081299,3.5188657067293563,0,1.0,1.0,2,1.0,3.0,6.0,2.0,2.0,4.0
1776283200,UTC Cajamarca,Sport Huancayo,1.0,0.8393897364771152,1.0010825073576672,1.4179696221372753,45.67087378640777,1.1215861439058221,1.9811251310848743,4.272590011614402,1.1913264097966916,1.6003653462332128,0.808876560332871,50.143760359933694,1.292526639829505,1.7718710463110166,3.0439024390243903,0,1.0,1.0,1,2.0,2.0,2.0,1.0,3.0,2.0
1776456000,Club Deportivo Los Chankas,Atletico Grau,1.0,2.5504016620498615,1.1911772853185596,2.9383656509695286,47.67577562326869,2.144546675900277,2.4566952908587245,4.986411764705883,0.6206607661644483,1.600391865414499,0.4283899736504291,48.52607256266469,0.8550165529356124,1.847915681372879,3.235351506456241,0,1.0,1.0,0,2.0,0.0,7.0,2.0,3.0,1.0
1776535200,FC Cajamarca,ADT,1.0,1.7028584601198709,1.5073766712770862,1.256339326878746,49.47325956662056,1.50311664361457,3.298248040571684,4.410465116279069,0.6205917079917687,1.2199305063590056,0.8088115237998853,47.95513274634821,0.6970636575245419,2.9892588469453147,3.235961429381736,0,1.0,1.0,1,2.0,2.0,3.0,5.0,1.0,2.0
1776543300,Juan Pablo II College,Comerciantes Unidos,1.0,1.7847292817679559,1.921878453038674,1.4294364640883979,45.99982320441989,1.6704439779005527,2.270625414364639,4.037599999999999,1.570434905794022,1.790211078056382,1.3784955376115597,40.26934409973084,1.2864659300184162,3.4819861170137405,3.9997642204538755,0,1.0,1.0,1,2.0,2.0,6.0,6.0,2.0,1.0
1776551400,Sport Huancayo,Deportivo Garcilaso,1.0,1.2199831791421363,1.00121110176619,1.417897392767031,53.56548359966359,1.3441288477712365,2.019135407905802,3.6549334811529937,0.24124137931034487,0.6504827586206897,0.6190344827586207,49.28537931034483,0.5703517241379308,2.532813793103447,4.949772727272728,0,1.0,1.0,0,2.0,1.0,4.0,7.0,1.0,0.0
1776560400,Alianza Lima,Cusco,1.0,2.171228918900759,0.430477726264866,2.9399314654303565,58.22673520123631,2.1717222334206823,2.0761150305717924,6.652521238695533,1.1918508552758023,1.2190787366263052,1.1897366903709397,58.82799666858863,1.0144810045486576,2.2266256646806317,4.953279331068723,0,1.0,1.0,0,8.0,0.0,4.0,1.0,1.0,1.0
1776614400,Sporting Cristal,UTC Cajamarca,1.0,1.9826810053770163,1.382881080405152,1.4168313117419031,65.78653244966863,1.9866056021007878,2.208565712142052,5.947424242424242,1.5725420842339686,1.79138010087116,1.3799043689002424,54.242680290823344,1.525062553219362,3.750953035959912,5.521481481481481,0,1.0,1.0,0,3.0,2.0,7.0,4.0,0.0,2.0
1776628800,Alianza Atletico,Sport Boys,1.0,1.2200418628990057,0.4297488226059655,1.7986656200941915,48.42431972789116,1.4736584249084252,2.0183411826268958,4.420669806384092,0.6207183060841597,2.1717502010184937,0.04764138300723671,41.677526132404175,0.6400170195658,2.2277539533637083,2.666470115250603,0,1.0,1.0,2,0.0,1.0,5.0,6.0,3.0,3.0
1776636900,FBC Melgar,Universitario,1.0,1.600910033791696,1.0012044564890092,1.4180266987855064,57.75201579176286,1.7554229984275151,1.4480979624611048,3.8499999999999996,1.0012044564890092,1.7911539362307203,0.6185084813811101,47.384569574090804,1.300160192713038,2.4370377061795296,4.950477200424178,0,1.0,1.0,0,2.0,1.0,1.0,2.0,1.0,2.0
1776645000,Cienciano,UCV Moquegua,1.0,3.1228867357166723,1.0012028065486134,2.559572335449382,56.039425325760114,3.26788172402272,1.6382492482459061,7.844689221085759,0.5784735812133073,1.7483365949119374,0.850880626223092,38.311937377690796,0.7677769080234824,2.64806262230919,3.7069124423963133,0,1.0,1.0,0,2.0,1.0,5.0,1.0,1.0,1.0
1776880800,Comerciantes Unidos,Alianza Atletico,1.0,1.219985668686079,0.8106963715718846,1.608233991270927,44.80555012702756,1.203136603478601,2.5896293401081354,3.8489868287740627,0.810957258683394,1.2204731240198858,0.9988655700510494,43.104070601581526,0.9690654299155851,2.341746354809648,4.711650233523612,0,1.0,1.0,0,1.0,0.0,0.0,2.0,2.0,0.0
1776888900,Atletico Grau,Sporting Cristal,1.0,0.6497001199520193,0.8108889777422364,1.0377848860455818,52.900546448087425,1.0895696388111424,2.361058243369318,4.752901155327343,1.1915820973198021,1.6008977361436378,0.8083528493364559,55.385180848295605,1.1078486859224563,2.055334374186832,5.425864661654136,0,1.0,1.0,0,4.0,1.0,8.0,0.0,4.0,3.0
1776898800,Cusco,FC Cajamarca,1.0,1.601052426427597,0.8106282076268434,1.9893458065354381,61.185408952121094,1.6813220294939262,1.8849477035015905,4.992013888888889,0.7209121029039174,1.8920288442798676,0.42116546482167216,46.03040343013058,0.9413603586045598,1.5892418631845566,2.9208333333333334,0,1.0,1.0,0,1.0,0.0,5.0,2.0,1.0,2.0
1776907800,Universitario,Deportivo Garcilaso,1.0,1.6010367515119295,0.24008772512793253,2.9403867880640657,57.371422874991694,1.5728815046188611,1.447903236525552,4.040181040985668,0.4303316275669569,1.0303050441948562,0.4279391240778893,48.33589419817904,0.753987638731973,2.037136970824748,4.756751320090521,0,1.0,1.0,0,4.0,1.0,10.0,1.0,0.0,1.0
1776974400,Club Deportivo Los Chankas,Cienciano,1.0,2.3621702339472375,1.001061888169902,2.940467894474863,47.85936618549859,1.9934461589513857,2.589208561473369,4.9924838227974115,1.3815496930479507,1.7914385266301642,1.1888501742160278,44.43575576572092,1.4864237597478014,2.0560444665671134,4.945545047287207,0,1.0,1.0,0,1.0,0.0,4.0,10.0,1.0,3.0
1777140000,UCV Moquegua,FC Cajamarca,1.0,1.7496118012422361,1.1486801242236024,1.7946428571428572,44.9763198757764,1.7739868012422368,2.9648291925465773,3.6735930735930737,0.25509510869565216,1.6059103260869567,0.2425271739130435,43.57072010869565,0.585669157608695,1.4398097826086889,2.1712121212121214,0,1.0,1.0,0,2.0,1.0,5.0,3.0,0.0,1.0
1777149000,Comerciantes Unidos,Sporting Cristal,1.0,1.2197279984853742,0.8102489665835726,1.6085071471395664,44.98646934460888,1.366713893534442,2.3987756776371825,3.468325581395349,1.3823419898393865,1.982518696159793,0.8078508093780569,58.2553911205074,1.2411915685841406,2.0352024234009645,4.7574883720930226,0,1.0,1.0,0,1.0,0.0,3.0,5.0,2.0,2.0
1777161600,Sport Boys,Juan Pablo II College,1.0,1.2201574396696349,0.8104271518905666,1.6087882307394503,55.85140018066847,1.3956297586785396,1.827293844367014,4.230504479019331,1.1855176151761517,2.7058644986449867,1.18139837398374,42.409647696476966,1.2156502981029809,1.8764661246612444,3.252594059405941,0,1.0,1.0,1,1.0,1.0,10.0,3.0,6.0,2.0
1777219200,UTC Cajamarca,Cienciano,1.0,1.2201172755976546,0.8104259295057671,1.608737676396675,48.42257877440557,1.407025581545203,2.01800373735421,4.611064425770308,1.1913783104581481,1.6010696565500355,1.188929699078549,44.529802177975384,1.3534557639023133,2.0359430375668524,4.755182072829132,0,1.0,1.0,1,2.0,2.0,3.0,10.0,3.0,1.0
1777227300,Cusco,Sport Huancayo,1.0,1.4103708359522311,0.8102451288497801,1.9898805782526714,63.672721558768075,1.5287410433689506,1.6362287869264602,4.80112892300745,1.000965250965251,1.982046332046332,0.42702702702702705,47.387451737451734,1.140171171171171,1.6548777348777337,3.6137771613499767,0,1.0,1.0,0,2.0,1.0,3.0,5.0,2.0,2.0
1777235400,Atletico Grau,Alianza Lima,1.0,1.2201657991131676,0.6200115673799884,1.6087655035023456,50.89820705610179,1.5461107897950004,2.5894479789216622,5.182188644688645,0.6195461820920817,0.45690612936634967,1.570523805040329,49.67616985217964,0.9151411982550292,2.0349496280952817,2.467978533094812,0,1.0,1.0,2,0.0,1.0,1.0,4.0,1.0,2.0
1777244400,Universitario,Alianza Atletico,1.0,1.9819663714542421,0.42953407778205627,2.9419843409061737,57.56366320112951,1.8774618149146451,1.256026184058528,4.419002267573696,0.6200102682582467,1.4105378000256708,0.4270953664484662,43.38871775125145,0.8354036709023231,1.8452573482223067,4.183945578231293,0,1.0,1.0,2,1.0,2.0,4.0,1.0,1.0,2.0
1777320000,ADT,Club Deportivo Los Chankas,1.0,1.2200217906812794,1.3819778247772865,1.0371082484137666,62.897583797987565,1.4126674357495355,2.017842722553354,5.9411051212938,1.572454015253477,1.029545600205089,2.1415112478369545,47.38813048772672,1.315452156636544,1.8452092546305185,4.5654088050314465,0,1.0,1.0,0,4.0,0.0,2.0,2.0,3.0,1.0
1777334400,Deportivo Garcilaso,FBC Melgar,1.0,1.601126472094214,1.3819124423963134,1.6086149513568868,50.1358166922683,1.1899315156169996,2.7797875064004085,4.227814864263463,1.5723886328725039,1.7916026625704045,1.3795442908346134,43.768945212493605,1.6068330773169484,2.9879544290834597,3.8035603026257228,0,1.0,1.0,0,1.0,0.0,3.0,2.0,3.0,3.0
1777744800,FC Cajamarca,Sport Boys,1.0,1.7493767976989454,1.57679769894535,1.2235858101629913,47.66788111217642,1.4508226270373932,2.9646788111217575,4.0738095238095235,0.8104186641099393,1.9820389900926814,0.6175775007989773,41.10297219558964,0.772499840204538,2.4165420262064545,3.421781305114638,0,1.0,1.0,0,3.0,2.0,2.0,4.0,4.0,2.0
1777752900,ADT,Atletico Grau,1.0,1.791844878109608,1.3823305692374834,1.036473595610699,63.098559760583576,1.8701554959785525,2.01760708273583,5.941924471943675,0.6200051066002809,1.6011745180645984,0.4270394484871697,46.43718881654539,0.8544529554449125,1.845065747478615,3.804106596767147,0,1.0,1.0,0,1.0,0.0,1.0,6.0,0.0,0.0
1777761000,Cienciano,Comerciantes Unidos,1.0,2.3630394594250017,1.000892458723784,2.561229043156754,57.753426404028815,2.6451743481863965,1.4464461018677874,6.894761904761904,1.7609370816599732,2.1711914323962516,0.9983266398929049,40.54890227576975,1.2883258366800536,3.177135207496652,3.993909090909091,0,1.0,1.0,0,1.0,0.0,4.0,2.0,4.0,6.0
1777770000,Alianza Lima,UCV Moquegua,1.0,3.1249045072574484,0.4293990323402088,2.9422587216704863,58.325630252100844,2.9346657754010694,1.82750190985485,7.846374946374946,0.7043449197860963,1.9057486631016043,0.8413101604278076,36.24044117647059,0.7323810160427799,2.4867647058823463,3.6630630630630634,0,1.0,1.0,0,2.0,1.0,1.0,0.0,2.0,2.0
1777824000,Sporting Cristal,Cusco,1.0,2.3654887998813234,1.3829936211244622,1.990624536418929,64.46031746031746,2.292816496068833,1.825646046580625,5.9459920634920636,1.1916980216045636,2.5556135453331716,1.1892705425415706,52.54285714285714,1.0140667556742324,2.224820973419103,4.947077922077923,0,1.0,1.0,1,2.0,2.0,7.0,3.0,2.0,2.0
1777832100,Juan Pablo II College,Universitario,1.0,1.601846153846154,1.739897435897436,1.4298461538461538,45.41958974358974,1.3462123076923078,2.2135794871794854,3.87930565010211,1.000888888888889,1.6011428571428572,0.6173333333333334,48.91168253968254,1.300118095238095,2.2259555555555544,4.56283185840708,0,1.0,1.0,2,1.0,4.0,0.0,9.0,3.0,4.0
1777840200,Alianza Atletico,Sport Huancayo,1.0,1.0289846096677298,0.6196575109156782,1.227238101136469,54.70847552101074,1.3399573282135449,2.208249465828507,4.609179926560587,1.1917505341714922,2.363868330597962,0.23566097915957018,48.724082618524136,1.2737497290434459,1.8440343108413575,3.421623827009384,0,1.0,1.0,0,4.0,1.0,4.0,4.0,2.0,3.0
1777849200,FBC Melgar,UTC Cajamarca,1.0,1.6012537993920972,1.1915526849037488,1.4184397163120568,57.373036980749745,1.755742781155015,1.065564842958459,3.2769772256728777,1.382446808510638,1.982619990103909,0.8076942107867393,49.48680108857002,1.3729096981692228,3.560329045027213,5.136744186046512,0,1.0,1.0,0,2.0,0.0,11.0,1.0,1.0,2.0
1777917600,Club Deportivo Los Chankas,Deportivo Garcilaso,1.0,2.363182191867451,1.001011825713021,2.9423259343578065,46.70701321697338,1.9938563207487512,2.398811104787199,5.373111658456486,0.42958325428444954,1.6012774299626888,0.2363877822045153,45.86441535445519,0.7535508758616328,1.8450515398722558,3.801149425287356,0,1.0,1.0,2,0.0,1.0,6.0,4.0,1.0,4.0
1778270400,UTC Cajamarca,FC Cajamarca,1.0,1.2197520202331749,1.1916846585651717,1.2272777743507493,48.416963790019125,1.4067617050151133,2.398753932514958,4.610614192009541,0.38249336870026523,1.6054818744473915,0.21485411140583555,43.45228411435308,0.6338909519599168,1.2328323017978131,2.5593542260208926,0,1.0,1.0,2,1.0,2.0,8.0,3.0,2.0,3.0
1778349600,UCV Moquegua,ADT,1.0,1.7559602649006623,0.8556291390728478,2.246026490066225,46.669205298013246,1.7771754966887428,2.693178807947014,4.203177966101695,1.0010722169662567,1.220182907600126,0.998549353516241,51.19634184799747,0.8774052349416588,2.4165752128666025,4.752865213882163,0,1.0,1.0,1,2.0,2.0,3.0,0.0,3.0,5.0
1778357700,Atletico Grau,Cienciano,1.0,1.2197366802017964,0.8104097452934662,1.4178171527008734,46.1287313891965,1.545934170050449,2.3987695336532533,4.801446159859292,1.573200442967885,1.6011320290390059,1.379980312538452,45.289873261966285,1.6398678479143596,2.2256306140027062,5.516826265389876,0,1.0,1.0,2,1.0,2.0,3.0,5.0,2.0,5.0
1778374800,Alianza Lima,Sporting Cristal,1.0,3.126675063746122,0.4290743755952198,2.943288992657676,58.14263156277841,2.936058247058462,1.8266535590304436,7.471666666666667,1.1920499579680557,1.9828869941155278,0.6169208598534887,61.32424642728474,1.2510767383211236,1.843364957367598,3.8021212121212122,0,1.0,1.0,1,1.0,1.0,1.0,2.0,2.0,3.0
1778436000,Sport Huancayo,Juan Pablo II College,1.0,1.410604347279809,0.8107174268124137,1.9895087322527956,54.89860535243121,1.5307896720693555,2.2082171127026,4.993270365997639,1.1865435356200529,1.7863608686827683,1.367099654962452,42.57917596914959,1.2162788715242538,2.058027197077327,3.249841068022886,0,1.0,1.0,0,2.0,1.0,7.0,5.0,1.0,2.0
1778444100,Comerciantes Unidos,FBC Melgar,1.0,1.219235836627141,0.6193196790034734,1.9900586896634327,40.394310695891726,1.3509531680440774,2.2077614085519213,2.8943740685543964,1.1918619971198332,1.7917762049207955,0.8079541624536569,48.15000766001778,1.3215145387137297,2.607133008548579,3.610446054136485,0,1.0,1.0,1,1.0,1.0,3.0,3.0,1.0,2.0
1778452200,Cusco,Club Deportivo Los Chankas,1.0,1.6010167464114833,0.8102272727272727,2.3718301435406697,61.20311004784689,1.6811955741626796,2.0167703349282284,4.6129711751662965,1.3825581395348836,1.6010403916768667,1.952141982864137,48.913096695226436,1.1823023255813954,1.4629008567931443,4.75432028738892,0,1.0,1.0,1,1.0,1.0,5.0,4.0,2.0,3.0
1778522400,Deportivo Garcilaso,Alianza Atletico,1.0,1.6010023530849862,1.1918589371390151,1.9897319927879473,49.17987348348257,1.1891924334565904,2.9706261650826624,3.6605776444111027,1.0011612627204107,1.4103046786663813,0.9986553800079455,42.81082419093604,1.1212761666106406,1.84431134064725,4.183420855213804,0,1.0,1.0,0,2.0,1.0,7.0,2.0,3.0,1.0
1778549400,Sport Boys,Universitario,1.0,1.2196301043764877,0.8104620643349814,1.6084111579075873,53.18471586400537,1.3951638893975464,2.7799670390038442,4.233451162790698,1.5732527620094001,1.6010254532136972,0.9985961057193432,54.44319111273881,1.758203503631813,2.2255997070133664,5.328037209302326,0,1.0,1.0,1,0.0,0.0,3.0,2.0,3.0,0.0
1778875200,FC Cajamarca,Sporting Cristal,1.0,2.0549803407601575,1.7558977719528177,1.4949541284403667,46.975425950196595,1.6773597640891227,2.5425294888597585,4.379960317460318,1.0010484927916121,2.1742187272462505,0.23421581476627346,57.89770205329838,1.098230493665356,2.033190621814474,3.2276543209876545,0,1.0,1.0,0,3.0,1.0,6.0,3.0,5.0,4.0
1778893200,Universitario,Atletico Grau,1.0,1.7917082673809814,0.619700474856934,2.371228540119323,57.190295872397414,1.7251103129185437,0.8731888469499562,3.8535799304156746,0.619700474856934,1.6010105929623768,0.4264458784853281,43.3817971508584,0.8542384025325703,1.4627176427614743,4.374656656290057,0,1.0,1.0,2,0.0,1.0,8.0,0.0,2.0,2.0
1778954400,FBC Melgar,Sport Huancayo,1.0,1.219516643866849,1.1917920656634746,1.4176318589451282,55.47463140294878,1.4523885088919288,1.063863809089526,3.662172965116279,1.0010695187165775,2.5554367201426027,0.23505644682115268,48.149792038027336,1.1211396316102196,2.2248841354723696,2.8469460227272725,0,1.0,1.0,0,4.0,1.0,5.0,3.0,4.0,3.0
1778962500,Juan Pablo II College,Alianza Atletico,1.0,1.7868678077555362,2.1128517551494053,1.4281984334203655,45.030364568223575,1.4745363117686878,2.2129774683299472,3.3304048234280796,1.0010681224780442,1.6010325183954426,0.8077260859245193,43.18591265131735,1.1212075718015664,2.0339900308568706,4.564834390415785,0,1.0,1.0,2,0.0,2.0,5.0,5.0,2.0,3.0
1778971500,Cienciano,Alianza Lima,1.0,2.363748825081107,0.8104545041084261,2.943179406324854,59.09826263606318,2.646077559807162,1.8267305418271116,6.903720930232558,0.8102169017423254,0.4554818063292639,1.953300936351784,51.20397060566552,0.9494340405357353,2.0340049780727734,2.848111888111888,0,1.0,1.0,2,0.0,1.0,7.0,1.0,1.0,3.0
1778981400,Sport Boys,Cusco,1.0,1.0281131628787878,0.8102154356060606,1.226183712121212,60.2508759469697,1.406168087121212,2.78058712121212,4.4230742539902845,1.5744328703703705,2.747488425925926,1.381122685185185,49.87025462962963,1.3008371527777778,2.2243749999999993,4.56776929601357,0,1.0,1.0,0,1.0,0.0,7.0,3.0,3.0,5.0
1779033600,ADT,Comerciantes Unidos,1.0,1.6008038775268945,1.0010639555503014,1.4171651495448634,62.350585175552666,1.717357370847618,1.8260787327107213,6.52379476584022,1.5718735132734942,1.981350502711789,0.9987313267150877,41.1066890798947,1.155508769704082,3.7488470931523343,3.993939393939394,0,1.0,1.0,0,2.0,0.0,3.0,9.0,2.0,4.0
1779041700,Deportivo Garcilaso,UTC Cajamarca,1.0,1.7917355371900827,1.3828217237308147,1.989964580873672,49.75076741440378,1.3412237308146402,2.5896930342384876,4.423820915926179,1.0010035419126329,1.9826446280991736,0.6169421487603306,48.72195985832349,1.086818772136954,2.797863046044863,3.6129186602870815,0,1.0,1.0,0,2.0,0.0,1.0,6.0,2.0,3.0
1779049800,Club Deportivo Los Chankas,UCV Moquegua,1.0,1.7915663740837933,0.810267547431605,2.37120019304437,49.56309836213917,1.5551807679546346,2.0173377974843896,5.377889621659146,0.8490560599510015,1.6041504539559015,0.8381034731229284,36.75408560311284,0.8673376567228701,2.322957198443574,3.8172470978441124,0,1.0,1.0,0,1.0,0.0,5.0,6.0,3.0,2.0
1779480000,Juan Pablo II College,FBC Melgar,1.0,1.415562546262028,2.3013878608438194,0.8701702442635084,49.465044411547005,1.1949876017764622,2.2123982235381185,3.1364550264550264,1.1917922750824306,1.4099034385303815,0.9986457842675459,49.867699010833725,1.3215544041450777,2.6069241639189813,3.611986531986532,0,1.0,1.0,1,1.0,1.0,6.0,4.0,0.0,1.0
1779558300,UCV Moquegua,Universitario,1.0,1.9149058502227971,1.1598677590915625,1.951415840160989,48.62202098605721,1.8433727181256296,2.7045565617363754,4.980228758169934,1.1917911325414559,1.2189580148182995,0.9986475361637069,52.35004116194284,1.4418245325179349,1.8431847583205916,4.567914438502673,0,1.0,1.0,1,0.0,0.0,3.0,3.0,2.0,0.0
1779566400,UTC Cajamarca,Sport Boys,1.0,1.2188630490956072,1.5735494479680527,0.6536528071411791,53.18562367864694,1.4059829692271553,2.5895466290815117,4.231685467816855,1.1915389700138213,2.363487771167598,0.6172225226849347,45.098431584640345,1.058147827654588,2.2254191454840444,4.5661857070106935,0,1.0,1.0,1,0.0,0.0,4.0,4.0,1.0,2.0
1779574500,Cusco,Atletico Grau,1.0,1.2183512544802868,0.8096344086021505,1.9901935483870967,58.91882437275986,1.3750256630824376,1.8252559139784936,4.994170692431561,0.6189442815249266,1.0278592375366569,0.9986510263929619,39.751202346041055,0.7086463343108502,1.2702521994134885,3.4215415019762845,0,1.0,1.0,0,1.0,0.0,4.0,2.0,3.0,4.0
1779586200,Alianza Lima,Club Deportivo Los Chankas,1.0,3.1278233364573573,0.6188847235238988,2.5627694470477977,57.38610590440487,2.9369743439550144,1.825866916588565,8.048626553302812,1.3825210871602625,1.6005506091846298,1.9531396438612934,49.4866213683224,1.1037846766635424,1.4612347703842536,5.711510791366906,0,1.0,1.0,0,3.0,0.0,3.0,1.0,0.0,2.0
1779638400,Sporting Cristal,ADT,1.0,2.3658217223434614,1.3832242180068268,1.9905433383694253,61.795187734318176,2.2929936769067205,1.4420010072183975,6.334130434782609,1.382053814611954,1.4099488192511447,1.1892011612941844,52.53538056328753,0.9683864595492501,2.9881955044745734,5.327774086378738,0,1.0,1.0,0,2.0,1.0,12.0,0.0,2.0,7.0
1779646500,Sport Huancayo,Cienciano,1.0,1.4099719017157888,1.000657619417708,1.9899563579840975,56.61871226161296,1.6046158904764753,2.0170024511269196,5.948837209302326,1.7642790371582147,1.4097452675858846,1.9530264080392616,47.5771675625146,2.014375321336761,2.60689413414349,5.901225016118633,0,1.0,1.0,1,2.0,2.0,4.0,3.0,3.0,0.0
1779654600,Alianza Atletico,FC Cajamarca,1.0,1.7915859493523165,0.8097911074804528,1.608320690862411,57.00448126969309,1.8718012603571013,1.8257439607888892,5.186395646606914,0.6830808729139922,1.6029781771501928,0.6733247753530166,43.34028241335045,0.8586464698331189,1.6696277278562206,2.5256338028169014,0,1.0,1.0,1,1.0,1.0,6.0,0.0,2.0,2.0
1779741000,Comerciantes Unidos,Deportivo Garcilaso,1.0,0.8361823361823362,0.6184615384615384,1.608091168091168,41.146780626780625,1.044443874643875,1.4429287749287738,2.8940170940170935,0.6193202146690517,1.409958258795468,0.8077519379844962,39.37662492546213,0.886426952892069,1.6533571854502076,3.9917384940640757,0,1.0,1.0,1,0.0,0.0,6.0,3.0,1.0,3.0
1780084800,Atletico Grau,UCV Moquegua,1.0,1.2187289023396577,0.809731113956466,1.4173204516354325,45.741671516703526,1.4497932720288678,2.589279478524036,5.188352272727273,0.8428169014084508,1.7624071702944943,0.6733418693982074,38.536645326504484,0.8760460947503195,1.8295006402048606,3.320555555555556,0,1.0,1.0,0,1.0,0.0,4.0,4.0,1.0,1.0
1780156800,ADT,Cusco,1.0,1.6005001420858198,0.4272350099460074,1.9903381642512077,59.30337027564649,1.522125149190111,1.824995737425404,5.763187739463602,1.3831646836428333,2.557011008562215,1.3811075280773935,46.620616034693654,1.1763166907594793,2.7976203713999768,4.181889055472264,0,1.0,1.0,2,1.0,2.0,12.0,0.0,2.0,3.0
1780171200,Deportivo Garcilaso,Juan Pablo II College,1.0,1.7915765574003124,0.8095132680573294,2.563570313608628,47.83704838938556,1.2336485880516534,2.780530722293173,4.235829528158296,1.0010406319474008,1.9711461141857054,0.8124497422070858,42.19010453620926,1.0677087176576319,2.055229175535687,2.3168949771689498,0,1.0,1.0,0,4.0,1.0,0.0,3.0,2.0,1.0
1780180200,Sport Boys,Comerciantes Unidos,1.0,1.2183786848072562,0.8095124716553288,1.6080839002267573,56.245714285714286,1.6598763038548752,2.971621315192743,4.809765684051398,1.381620505344995,1.791120019436346,0.9984207968901846,42.62244897959184,1.1761491739552965,3.7496841593780355,3.798380304502753,0,1.0,1.0,0,1.0,0.0,8.0,3.0,3.0,2.0
1780189200,Universitario,Sport Huancayo,1.0,1.6005790387955994,0.8096699478865084,1.7992472495657208,57.38743485813549,1.745839606253619,1.2528314997104795,4.23664004914005,1.0005661712668081,2.9383439490445857,0.23402689313517336,45.092285916489736,1.3482216560509555,2.6063297947629147,2.8427027027027023,0,1.0,1.0,0,2.0,1.0,12.0,5.0,2.0,1.0
1780243200,FBC Melgar,Alianza Atletico,1.0,1.7915105250983114,1.0005783021050196,1.9902266944251676,59.296819338422395,1.5320387462410365,1.6346287300485765,4.809060402684564,1.1916765620582415,1.0272547356516821,1.3806389595702573,45.47422109132033,1.2736861747243426,1.4595646027707083,4.754780014914243,0,1.0,1.0,0,3.0,1.0,5.0,1.0,1.0,3.0
1780251300,FC Cajamarca,Alianza Lima,1.0,2.069998588168855,1.7806014400677679,1.4858958068614991,44.89755753211916,1.6756108993364403,3.013355922631648,4.847259259259259,0.8094536213468869,0.45399971763377095,1.9539178314273613,48.9138218269095,0.948795143300861,2.224023718763235,3.6078814814814817,0,1.0,1.0,1,1.0,1.0,2.0,1.0,0.0,0.0
1780258500,Club Deportivo Los Chankas,UTC Cajamarca,1.0,1.4097369635440702,0.6187586525149977,2.372069681587448,52.99653899400092,1.262891439778496,2.2071412090447615,4.808759783263095,0.6183417935702199,2.173965031020869,0.04280879864636205,46.81227298364354,0.7959041173152848,2.7972024816694856,3.0349080206033845,0,1.0,1.0,1,2.0,2.0,5.0,8.0,2.0,2.0
1780264800,Cienciano,Sporting Cristal,1.0,1.791577370664823,0.8097246226523793,2.3720244267772785,58.91449475746054,2.2957268118446827,1.6343933632907006,6.144527511961723,1.000606160797928,2.3658566154185263,0.23318454841020553,58.29048327547253,1.1208177660219318,2.60591833360886,3.9907322654462245,0,1.0,1.0,0,3.0,2.0,6.0,5.0,0.0,2.0
1784311200,FC Cajamarca,Juan Pablo II College,1.0,1.7632911392405064,1.3230379746835441,1.637215189873418,43.704810126582274,1.6878759493670894,2.710734177215185,4.358562091503268,0.6296564195298372,2.344032549728752,0.2544303797468354,46.44828209764919,0.7871265822784808,1.8667992766726926,1.9415499533146592,0,1.0,1.0,1,2.0,2.0,1.0,4.0,5.0,3.0
1784319300,Sporting Cristal,Deportivo Garcilaso,1.0,2.175188960916696,1.3836780805336633,1.9908545606154342,61.03943298275816,2.1405853081206123,1.4407241036124476,5.957142857142857,0.6189288587518675,1.2189518446155614,0.9982760602229629,39.93969658659925,0.886124238593265,2.033432938742672,3.0361865407319955,0,1.0,1.0,0,1.0,0.0,10.0,3.0,1.0,0.0
1784336400,Cienciano,FBC Melgar,1.0,1.7918294051627386,1.1917845117845118,2.3727384960718294,56.43747474747475,1.9257372615039288,1.6335690235690226,4.809146953405018,1.1917845117845118,1.027384960718294,1.189371492704826,50.824747474747475,1.1877895622895622,2.4147586980920304,3.9898494623655916,0,1.0,1.0,2,1.0,3.0,2.0,4.0,1.0,4.0
1784390400,UCV Moquegua,Comerciantes Unidos,1.0,1.6030769230769233,1.003530895334174,1.6368726355611602,48.50385876418663,1.6080902900378318,2.0707187894073096,4.681153846153846,0.6194257896125985,1.4100178890876565,0.42620604709815535,42.236311915305436,0.7701503269890612,3.178310214375787,3.0359570661896242,0,1.0,1.0,1,2.0,2.0,5.0,3.0,4.0,1.0
1784398500,ADT,Universitario,1.0,1.6006899572883584,0.6182126820720621,1.7992771876026723,60.64801226590735,1.9413205563465121,1.8241594567955306,6.339933536416505,1.0008396305625524,0.6451497341169885,1.189487825356843,51.782031905961375,1.3083014833473274,1.4591771620486973,3.990828025477707,0,1.0,1.0,2,1.0,2.0,2.0,4.0,1.0,1.0
1784406600,Atletico Grau,UTC Cajamarca,1.0,1.2184486373165617,0.8097833682739343,1.4169392033542976,49.36497554157931,1.318019846261356,2.206842767295597,5.764978902953587,1.0008750341810226,2.174569319114028,0.23330598851517637,48.34295870932458,1.0827525293956792,2.988230790265244,3.2264171711612546,0,1.0,1.0,0,3.0,1.0,2.0,4.0,0.0,2.0
1784417400,Cusco,Alianza Atletico,1.0,1.2181232248197509,0.8095695870657635,1.9905505789818658,59.30829145728644,1.3750207559536816,1.8239567402228525,5.1920973475526395,1.1921782827179375,1.4094275726458378,1.1897749617653486,43.75257810793096,1.2740457723399607,1.8403648678173465,4.5658736669401145,0,1.0,1.0,0,4.0,1.0,8.0,2.0,1.0,1.0
1784476800,Club Deportivo Los Chankas,Sport Boys,1.0,1.2186588596124355,0.6186700125470515,1.990408476230308,55.86209396347414,1.407901686881361,2.0155248849853606,4.236916666666667,1.0009125128322116,1.7918101973309,0.8074369795825254,47.768312991901446,0.924410174518079,2.223919242614348,4.755852272727273,0,1.0,1.0,0,1.0,0.0,5.0,5.0,0.0,1.0
1784505600,Alianza Lima,Sport Huancayo,1.0,3.12973544973545,0.4275020885547201,2.5638095238095238,57.39098858256753,2.6902290169869114,1.250949596212753,7.486901311249137,1.192121608368748,2.7486542443064184,0.23314808761033015,43.56098943009698,1.4825257709491118,2.222785223929388,3.609181744531461,0,1.0,1.0,0,2.0,1.0,11.0,2.0,4.0,3.0
1784923200,Alianza Atletico,Club Deportivo Los Chankas,1.0,1.9830899735780838,1.000834376303713,1.608321513002364,57.009495202336254,2.0061187595605623,1.6332638019746897,6.149931412894376,1.000834376303713,1.9830899735780838,1.380497844527882,47.19494924210819,0.8170695035460993,1.6499735780837146,5.138600823045268,0,1.0,1.0,0,3.0,1.0,2.0,6.0,1.0,1.0
1784943000,Universitario,Cusco,1.0,1.6009444444444445,1.0008333333333332,1.7995,57.58283333333333,1.7462344444444446,1.633188888888888,4.047689161554192,1.3837765957446808,2.5583510638297873,1.3812765957446809,44.514308510638294,1.0558398936170212,2.796691489361701,3.418639864247487,0,1.0,1.0,0,2.0,1.0,3.0,4.0,1.0,3.0
1784993400,Sport Boys,ADT,1.0,0.8357270802800847,0.8095098518156651,1.608272268360202,56.056852846984754,1.4880277913477722,3.354133420181294,4.42924178154825,1.57357848144365,1.7918964930200885,0.99812734082397,51.204199296334124,1.1019174895017592,4.13284530700261,4.756042128603104,0,1.0,1.0,0,2.0,0.0,6.0,2.0,4.0,2.0
1785002400,Sport Huancayo,Atletico Grau,1.0,1.4100997506234414,1.1917025617773747,1.6087168442530038,57.1958626161868,1.475136476989345,1.4430514622534563,5.194462809917355,0.6185536159600997,1.2187642006095871,0.8070047104461069,39.550712108617354,0.708144860072042,2.0320753671377103,3.036255892255892,0,1.0,1.0,0,2.0,0.0,10.0,2.0,1.0,1.0
1785010500,Juan Pablo II College,Cienciano,1.0,1.2291493107742517,1.9321509855284065,1.0547086357195001,45.91881307167089,1.1383010263237001,1.8376175548589329,3.5169505608641463,1.5740528573405286,1.4098962224989622,1.5713961533139615,48.53232046492321,1.801259388404594,2.2230911858309113,5.1379919678714865,0,1.0,1.0,0,2.0,0.0,7.0,5.0,0.0,3.0
1785027600,FBC Melgar,Sporting Cristal,1.0,2.3654726368159205,1.1917744610281924,2.373101160862355,57.774239911553344,1.9718100608070759,1.6330016583747917,5.386986027944112,1.0006351222610352,2.3669418863131155,0.2321371864083836,53.89700434000213,1.2644432094844924,2.7965915105324433,3.6080010192381198,0,1.0,1.0,0,2.0,1.0,5.0,2.0,1.0,3.0
1785088800,UTC Cajamarca,UCV Moquegua,1.0,1.2188267770876466,1.3828847481021393,0.844278812974465,52.99663216011042,1.3947831608005523,2.3973719806763274,3.667751322751323,0.8390739695087521,1.4406549971767362,0.6643704121964991,38.013777526821,0.8697718802936192,1.9673178994918081,2.816233766233766,0,1.0,1.0,1,0.0,0.0,7.0,1.0,3.0,1.0
1785097800,Comerciantes Unidos,Alianza Lima,1.0,0.6444168734491315,0.2353759844643435,1.799795015643543,46.68458301866436,0.9104287409645055,1.4409429280397013,4.431463853871881,0.8092890279426044,0.4531125256230445,1.954525838817564,47.193677850900855,0.9352099471356133,2.031222354083503,3.990892719320813,0,1.0,1.0,1,2.0,2.0,1.0,2.0,2.0,4.0
1785110400,Deportivo Garcilaso,FC Cajamarca,1.0,2.3661763913582243,0.8093421690641668,2.9475782554819245,51.08517860029093,1.660307742039761,2.397446258283497,5.005601023017903,0.8390672524501521,1.6040103638616652,0.8280274867635463,40.789253126056096,0.9516492058127742,1.8035822913146289,2.8188235294117647,0,1.0,1.0,0,2.0,1.0,2.0,3.0,2.0,0.0
1785528000,Club Deportivo Los Chankas,Comerciantes Unidos,1.0,1.0270662935858803,0.6180370210934136,1.9911213947481705,55.293445975032284,1.2547241713301767,1.4409061558329737,5.006331045003813,0.8097659765976598,1.6010238523852385,0.42513501350135013,47.95685193519352,0.9184987623762375,2.79619711971197,3.9913875598086124,0,1.0,1.0,0,3.0,2.0,5.0,7.0,4.0,2.0
1785607200,FC Cajamarca,Sport Huancayo,1.0,2.0953140802337344,1.4938307675019666,1.7995055624227443,45.132644117316545,1.934545904034162,2.8805259017867133,4.5364693446088795,1.0006837966493964,2.7499671251610867,0.0405018015411724,42.790232227862084,1.1802090839754884,2.4134234542250734,3.418010885700148,0,1.0,1.0,2,0.0,2.0,1.0,2.0,3.0,3.0
1785616200,Atletico Grau,Sport Boys,1.0,1.7922705314009661,1.000751476113795,1.7997852925389157,44.77133655394525,1.5531524422973702,1.6323349436392904,5.962276954008545,1.0007681755829905,1.4098765432098763,0.8068587105624142,48.531522633744856,0.9240823045267488,2.2229245541838125,3.9919332048811818,0,1.0,1.0,2,0.0,1.0,7.0,5.0,2.0,4.0
1785625200,Cusco,UTC Cajamarca,1.0,1.7923498701366845,0.6177558569667078,2.565653120654826,59.50822467665346,1.6716601516383771,1.8231182936747374,5.579579359256542,1.000734580370963,2.3668179552430675,0.23220610226408162,49.68326468504866,1.10556602041084,2.222016423118293,3.8010760577158225,0,1.0,1.0,0,4.0,1.0,1.0,3.0,1.0,4.0
1785634200,Alianza Lima,Alianza Atletico,1.0,3.13144142214607,0.6181409295352324,2.5649710858856287,58.73688155922039,3.0817105375883487,1.8235489398158053,8.06631055900621,1.3837123991195892,1.9839639450791322,1.1896027670055551,42.02347762289068,1.4119468609160464,2.030594277329419,5.332790273556231,0,1.0,1.0,0,3.0,1.0,8.0,3.0,2.0,2.0
1785686400,Sporting Cristal,Juan Pablo II College,1.0,1.7927019270192703,1.3840508405084049,1.9914924149241493,62.7739749897499,2.133695059450595,1.247550225502254,6.155184659090909,1.0011875980828773,2.3465411205836197,0.4382406582686517,47.187903465241554,1.1381862832421423,1.863315943504261,3.056269592476489,0,1.0,1.0,0,2.0,0.0,6.0,2.0,4.0,2.0
1785694500,ADT,Deportivo Garcilaso,1.0,1.792566260651367,0.8091902347221497,1.799884991374353,56.63772282921219,2.0318312509801877,1.631627372052903,6.9201586729174185,0.6184875784875785,1.41001365001365,0.8068140868140868,38.78282282282282,0.9565240513240513,1.6496532896532885,1.8893910860012555,0,1.0,1.0,2,0.0,1.0,6.0,5.0,3.0,1.0
1785702600,UCV Moquegua,FBC Melgar,1.0,1.7678750697155605,1.0029001673173452,1.7991076408254323,47.272058003346345,1.9720992749581714,2.3898271054099234,5.1829417773238,1.5746065617498,1.0271005601493732,1.5719925313416911,54.26972526006935,1.5799887970125366,2.796308348893037,4.374206155349292,0,1.0,1.0,1,0.0,0.0,3.0,5.0,2.0,0.0
1785713400,Cienciano,Universitario,1.0,1.4096227621483375,1.3832480818414323,1.7997442455242967,54.52899616368286,1.6200896206308615,1.4410272804774074,4.6207675491863,1.3832480818414323,0.8357097186700767,1.571994884910486,48.14926470588235,1.3503841645353793,1.4570332480818404,3.799611367500607,0,1.0,1.0,0,2.0,0.0,7.0,2.0,0.0,0.0
1786046400,Alianza Atletico,Cienciano,1.0,1.9835559576392954,1.1918897344473418,1.608504071097866,56.059805225906025,1.8898441807248154,1.823511255388217,5.769299516908212,1.1918897344473418,1.6009472619871215,0.998030972273961,49.67932520887659,1.5148665850673193,2.413410675323292,4.755458937198068,0,1.0,1.0,0,1.0,0.0,5.0,2.0,3.0,3.0
1786125600,Sport Huancayo,Club Deportivo Los Chankas,1.0,1.7920456397718012,1.0005433306166802,2.182091822874219,59.30503667481663,1.8246574300461833,1.632958435207823,6.533038674033149,0.6179228234293611,2.174827256298501,0.8066758796640799,49.105942383331566,1.0212621452110129,1.648208780695226,5.52097045399952,0,1.0,1.0,1,1.0,1.0,11.0,2.0,3.0,5.0
1786133700,Comerciantes Unidos,Cusco,1.0,1.0263944093731328,0.6175408515834048,1.799833736003949,51.275712467201835,1.0033689242199881,1.6315901592497328,5.1959083469721765,1.0005087505087504,2.7508445258445255,0.8064000814000815,47.3841982091982,0.9712076719576719,2.796316646316645,2.457188644688644,0,1.0,1.0,0,3.0,1.0,1.0,1.0,3.0,2.0
1786152600,Universitario,Sporting Cristal,1.0,1.7922587486744432,1.1918345705196183,1.7998939554612938,57.01590668080594,2.008456521739131,1.2497030752916216,4.047731052506534,1.0005081300813008,1.984247967479675,0.23135162601626014,50.83475609756098,1.1686224593495935,2.796280487804877,3.9901183970856104,0,1.0,1.0,1,1.0,1.0,2.0,4.0,2.0,2.0
1786212000,UTC Cajamarca,ADT,1.0,1.0270084202722025,1.1918339246941694,0.8433299793465021,56.63282317428374,1.3752120955356673,2.3975109887200117,3.855931001890359,1.3827635674651508,2.1742752740560296,0.4245554202192448,51.01533631073217,1.1264841791852755,3.9426607118689936,3.989033816425121,0,1.0,1.0,1,1.0,1.0,7.0,1.0,3.0,3.0
1786221000,Juan Pablo II College,Atletico Grau,1.0,1.228029197080292,1.7474776966747771,1.0530413625304136,47.398215733982155,1.2227505271695056,1.4629034874290334,4.259423423423423,0.23531154130963713,1.2182799111393208,0.6153284671532847,38.966381043055115,0.4205586586268908,1.648270390352268,2.4586603995299647,0,1.0,1.0,1,0.0,0.0,9.0,1.0,0.0,3.0
1786237200,Sport Boys,Alianza Lima,1.0,1.0263178304593987,0.23450789793438637,2.1827512215299505,55.105503994209045,1.640969726739226,3.737902329308962,5.003637611530542,1.1919547064450247,0.6433391070551433,2.146919676326879,44.70300664408883,1.2049342054238514,2.221726428996147,4.946602608098833,0,1.0,1.0,1,1.0,1.0,0.0,4.0,2.0,1.0
1786298400,Deportivo Garcilaso,UCV Moquegua,1.0,2.1752220615575295,0.6174860565998761,2.9486676306548234,47.63659367899194,1.688815843833919,2.397459202644081,5.768892934349755,0.5018203883495146,1.2696197411003236,0.3254449838187702,39.17334142394822,0.6143183656957925,1.6180825242718406,2.622638146167558,0,1.0,1.0,0,2.0,0.0,5.0,4.0,0.0,3.0
1786307400,FBC Melgar,FC Cajamarca,1.0,2.557312252964427,0.8091172595520422,2.9476152832674574,56.44137022397892,2.4578924901185775,1.6320632411067184,6.724259944495837,1.0016161616161616,1.4363636363636365,0.8252525252525253,44.84141414141414,1.1158363636363633,1.7848080808080768,3.621099290780142,0,1.0,1.0,2,2.0,4.0,10.0,4.0,3.0,4.0
1786737600,Atletico Grau,Comerciantes Unidos,1.0,1.0263252794807067,1.0005666889907785,1.225233115243934,47.637112977177885,0.959271547060945,1.2484364535572605,5.194393785883148,0.8094807640570353,1.7919397363465162,0.23351089588377721,50.25012644605865,1.0691947269303201,2.987129405434489,4.370840681951794,0,1.0,1.0,0,1.0,0.0,5.0,0.0,1.0,4.0
1786748400,Cusco,Juan Pablo II College,1.0,2.3674123337363966,0.8088371624345022,2.5664349052801287,57.40672108020959,2.1315528012898026,1.822359935509874,5.96094298245614,1.0008061265618702,2.1611930673115682,0.4368561064087062,45.88257960499798,1.1379326078194274,2.0474647319629167,3.236,0,1.0,1.0,0,2.0,0.0,8.0,5.0,1.0,3.0
1786816800,ADT,Alianza Atletico,1.0,1.0257648953301126,1.0004528985507246,1.2248289049919483,57.790408615136876,1.4377341988727859,1.630626006441223,5.960274869109948,1.1921195652173913,2.367431561996779,0.6146537842190015,39.526258051529794,1.2586707930756842,2.02967995169082,4.947120418848168,0,1.0,1.0,1,1.0,1.0,15.0,4.0,3.0,6.0
1786825800,Club Deportivo Los Chankas,FBC Melgar,1.0,1.409260067243282,1.0004619767471703,1.9912737725534482,52.233221261196526,1.5605890203526427,2.0142904807124697,5.001972517730496,1.0004619767471703,0.8347919821368991,1.1894361317147037,60.022097887739655,1.139835741601006,2.030480199163308,3.6051861702127663,0,1.0,1.0,2,0.0,3.0,7.0,3.0,0.0,1.0
1786840200,Alianza Lima,UTC Cajamarca,1.0,2.1751345808766986,0.80907459625737,2.5656498333760576,62.19092540374263,2.3169305306331713,2.0141707254550107,6.53343622533348,0.8088855421686747,2.5589859437751006,0.23142570281124497,49.875552208835344,0.9519874497991966,2.604759036144577,3.4130397236614853,0,1.0,1.0,0,1.0,0.0,8.0,1.0,1.0,0.0
1786896000,Sporting Cristal,Sport Huancayo,1.0,1.9842825216729292,1.000491171197721,2.5671111766006045,59.714285714285715,2.287372086740834,1.8216901200913571,6.5367767725646955,1.1921680705976734,2.367288407541115,0.61471119133574,40.86666666666667,1.333347172081829,2.6046229442438817,3.79557560137457,0,1.0,1.0,0,4.0,1.0,11.0,4.0,1.0,3.0
1786904100,UCV Moquegua,Sport Boys,1.0,1.2696314102564101,1.002003205128205,1.4659455128205128,42.83333333333333,1.5931850961538465,2.221634615384612,4.676837606837607,0.8092182274247491,0.8355560200668896,1.3805183946488295,50.060869565217395,0.9867109113712375,2.4135346989966546,4.56,0,1.0,1.0,1,1.0,1.0,1.0,11.0,5.0,4.0
1786912200,FC Cajamarca,Universitario,1.0,1.7695078031212486,1.5020008003201282,1.632452981192477,49.16446578631452,1.8346778711484597,3.2221688675470155,4.50671768707483,1.1920002043370541,0.8347679497330848,1.5724247145666779,45.660136394983525,1.216381701616817,1.072887027151285,3.412635692574902,0,1.0,1.0,2,2.0,3.0,6.0,3.0,4.0,2.0
1786923000,Cienciano,Deportivo Garcilaso,1.0,1.409255574263993,1.1921016378386653,1.7996836573294557,54.72309811725088,1.6352487371804687,1.2482983825705385,5.0014904417323685,0.618016890835158,1.026848086747993,1.380627671775623,38.00900844541758,0.9045090188718591,1.8396517568553843,1.6916795409401897,0,1.0,1.0,1,0.0,0.0,6.0,1.0,2.0,5.0
1787331600,FC Cajamarca,Atletico Grau,1.0,1.6023952095808385,1.6789497927222476,1.1217871948410871,52.32215568862276,1.6910879778903736,3.236093965914322,4.496114996114996,0.23460313415721745,0.834705057969168,0.8065740858708116,38.57472289463627,0.4198150082813096,2.030414065486048,2.0719105953148507,0,1.0,1.0,2,1.0,3.0,4.0,4.0,2.0,1.0
1787342400,Alianza Atletico,Sporting Cristal,1.0,1.7921205334419221,0.8091723506057213,1.9910414333706608,52.61702127659574,1.7367006006311723,2.205711086226203,5.575515877258634,1.1924714383361,1.984278879015721,0.4227321550629822,48.34285714285714,1.1590826091202027,2.7964358949321344,4.179448261716747,0,1.0,1.0,0,3.0,1.0,6.0,5.0,3.0,3.0
1787414400,Sport Huancayo,UCV Moquegua,1.0,1.7920211937042232,1.0006752895953457,2.182213910965664,58.35600228559556,1.8687291049815595,1.8232611292919838,6.7232391304347825,0.3254664093373771,1.264074993107251,0.3162760775664002,41.24799191250804,0.6505352449223414,1.9404650307876077,2.428923076923077,0,1.0,1.0,2,0.0,2.0,10.0,1.0,3.0,2.0
1787422500,UTC Cajamarca,Comerciantes Unidos,1.0,0.8346620626618596,1.0007109125069822,0.842075864520388,57.78779261666582,1.2215883816584576,2.3972680647945963,3.852948025828305,0.8094220193006122,1.791937324893639,0.2329666908789042,54.268994500363185,1.0691473487599874,2.6048770364221223,4.751935972312351,0,1.0,1.0,2,1.0,3.0,7.0,6.0,1.0,0.0
1787430600,Juan Pablo II College,ADT,1.0,0.8525049021492561,1.3754238917297859,1.0507516628859241,49.07142912068899,1.1204336960282981,1.0860778961128827,3.6925263494091345,1.1921334922526818,1.7919054775353682,0.6156811939679743,46.42577602736176,0.9735760999119033,3.752562574493443,3.605682307361171,0,1.0,1.0,0,5.0,1.0,2.0,6.0,0.0,0.0
1787443200,Deportivo Garcilaso,Cusco,1.0,2.367410714285714,0.6174603174603174,2.949503968253968,48.399900793650794,1.842247023809524,1.8221428571428562,5.9597495894909684,1.1926141885325556,1.7925655976676387,0.8065111758989311,50.26132167152576,1.1054776482021378,2.987988338192419,2.8380416205891223,0,1.0,1.0,0,4.0,1.0,4.0,8.0,1.0,3.0
1787508000,Sport Boys,Cienciano,1.0,1.0258620689655171,0.23412604042806182,2.1828973444312325,52.80798652397939,1.6410282401902503,2.9720768925881877,4.618892973856209,1.1922989349052546,1.6008804108584007,0.9982290586181597,51.59609886912743,1.515341918182508,2.413024008905304,4.946516478931999,0,1.0,1.0,0,5.0,1.0,3.0,8.0,2.0,2.0
1787517000,FBC Melgar,Alianza Lima,1.0,2.558498003739829,1.3837873351190175,2.3740839945418712,60.85060898569768,2.458810330014656,2.014019305604689,7.3007576543850545,1.192458432304038,0.8343626286619161,1.7648851939825811,52.94211203483769,1.2052319873317499,2.0293844022169427,4.564756097560975,0,1.0,1.0,1,1.0,1.0,3.0,2.0,3.0,1.0
1787527800,Universitario,Club Deportivo Los Chankas,1.0,1.2180409378864743,1.1922970142096363,1.4165972590293026,54.914439312485804,1.5492211201130714,1.6310744302263942,3.2796736211526545,0.6178289291032533,2.3669771080992406,0.4237146967517226,45.085560687514196,1.0213285883748517,2.4129022488074496,4.564883288576739,0,1.0,1.0,0,3.0,0.0,3.0,2.0,3.0,2.0
1787949000,Comerciantes Unidos,FC Cajamarca,1.0,1.4093996840442335,0.8090738546603475,1.7996445497630331,49.93328396524487,1.3095410742496052,1.822126777251184,5.386533816425121,1.6796573095151293,1.6039372949325557,1.331717098067809,44.46172074371127,1.6409759387531895,2.108056872037911,4.301003344481606,0,1.0,1.0,2,2.0,3.0,5.0,3.0,2.0,2.0
1788026400,Club Deportivo Los Chankas,Juan Pablo II College,1.0,1.4094181459566073,1.384171597633136,1.9912228796844182,50.70088757396449,1.6373052268244581,1.8221104536489143,4.811518429487179,0.8142011834319527,2.3500668066424892,0.2489406375262455,43.81798053063562,1.0073025386524144,2.232357320099254,2.8624069478908187,0,1.0,1.0,2,3.0,4.0,4.0,2.0,3.0,1.0
1788035400,UTC Cajamarca,Universitario,1.0,0.6428191489361701,1.1926516942474388,0.6494680851063829,58.36770094562648,1.0680338849487787,2.013810086682426,3.6621012759170655,1.0009850275807723,1.0261524822695036,1.573374704491726,41.440632387706856,0.8814598108747043,0.6874802994483834,2.8411483253588514,0,1.0,1.0,2,2.0,4.0,3.0,8.0,4.0,2.0
1788049800,Alianza Lima,Deportivo Garcilaso,1.0,1.984504132231405,0.6177981109799291,2.566046831955923,61.62588547815821,2.380920405352224,1.8222255017709554,6.920813492063493,0.4266874324901404,0.26077017759803056,1.5729106483458517,38.190585043583106,0.9027983621794066,2.604200055263884,1.5026545086119554,0,1.0,1.0,2,0.0,1.0,10.0,2.0,3.0,3.0
1788105600,UCV Moquegua,Alianza Atletico,1.0,1.0963352685050798,1.0041727140783745,1.1204644412191582,41.83730043541364,1.3953323657474603,3.066799709724235,3.831352533722202,1.1929437812860992,2.1765787447054294,0.8067674239507124,38.36561417019638,1.2726003080477473,2.9877165960723904,4.376245284843796,0,1.0,1.0,2,1.0,4.0,5.0,4.0,1.0,3.0
1788113700,ADT,Sport Huancayo,1.0,1.0255282324944113,1.1930867046465228,0.8400374990985794,59.14050623783082,1.7291860772577583,2.205413331410302,5.195668078552176,1.1930867046465228,2.368385375351554,0.6150284848921901,41.05133049686305,1.3436930843008579,2.6040575947693556,3.801155179052753,0,1.0,1.0,2,1.0,3.0,9.0,0.0,4.0,6.0
1788121800,Sport Boys,Sporting Cristal,1.0,1.9846818727490996,0.42583433373349344,2.566482593037215,48.01450180072029,1.9478554621848743,2.7810036014405752,5.195075213183865,1.1933176470588234,2.3689882352941174,0.23082352941176476,50.83778823529412,1.1596122352941178,2.796131764705881,3.801352112676056,0,1.0,1.0,0,1.0,0.0,9.0,2.0,2.0,1.0
1788134400,Cienciano,Cusco,1.0,1.217665491578535,1.1929886408147277,1.4158441049745396,52.61901684292989,1.6888691735213477,0.863924794359576,5.002706386292835,1.0012690951821386,2.1769588719153936,0.6147779083431257,50.83774383078731,1.0136569682726204,3.18005170387779,3.6088224299065423,0,1.0,1.0,2,1.0,2.0,6.0,3.0,1.0,3.0
1788292800,Atletico Grau,FBC Melgar,1.0,1.2176349765258214,0.8097026604068858,1.7990903755868546,49.552298513302034,1.092814749608764,1.2471928794992164,5.577887596899224,1.5763693270735526,0.6426349765258215,1.7654929577464789,56.96436815336463,1.2112883411580595,1.64590179968701,3.609031007751938,0,1.0,1.0,0,1.0,0.0,0.0,4.0,1.0,1.0
1788544800,FC Cajamarca,Cienciano,1.0,1.2603583989281528,2.0330932842070006,0.597085915257076,54.54855133143527,1.416708089097304,2.733009546139672,3.8078703703703702,1.0013188745603752,2.1759378663540447,0.8071121531848379,50.44833919499804,1.5370850918327472,2.604152012504884,4.76003086419753,0,1.0,1.0,2,2.0,5.0,4.0,3.0,1.0,1.0
1788552900,Alianza Atletico,UTC Cajamarca,1.0,2.367622950819672,0.8098458235753317,2.565729898516784,49.93513856362217,2.177637392661983,2.2053961748633872,6.1517089093702,0.809644888400325,2.368283706925393,0.23155379247717828,49.68394589685991,0.87574420494193,2.2203125746785823,3.0347220916016178,0,1.0,1.0,0,3.0,2.0,5.0,2.0,3.0,3.0
1788638400,Sport Huancayo,Sport Boys,1.0,1.4095558044046286,1.1930819957695658,1.6076147816349384,61.61906183899465,1.5472584297623493,2.205544357347268,6.7257271130197145,0.8101032723653105,1.0265770810003731,0.9988055244494214,52.934129650367055,1.092664178175936,2.6041707104641025,4.759437829396838,0,1.0,1.0,0,2.0,1.0,9.0,2.0,3.0,7.0
1788649200,Cusco,UCV Moquegua,1.0,2.368367346938775,0.6178523745946977,2.5665458706847226,58.94894144573718,2.132078008773603,1.6298397863818417,5.38663684651943,0.49105473965287055,0.9178571428571429,0.8243991989319093,39.964419225634174,0.7835066755674228,1.9290053404539353,2.9489889106327465,0,1.0,1.0,0,2.0,0.0,5.0,2.0,0.0,2.0
1788658200,Universitario,Comerciantes Unidos,1.0,1.6010598988720344,0.8098405289770517,1.9909082069233761,54.72767405678724,1.8557186892259823,2.013681446907817,4.237670454545455,1.3845179870403932,1.601082449911865,0.8072196429901438,55.80577968668537,1.3549646217632016,1.83839221430522,5.9078529980657635,0,1.0,1.0,1,2.0,2.0,7.0,3.0,3.0,2.0
1788710400,Sporting Cristal,Club Deportivo Los Chankas,1.0,2.177034965034965,0.8094918414918415,2.5672354312354315,58.762564102564106,2.157423403263403,2.0131655011655005,7.116144796380091,0.6182206682206681,2.1760780885780884,0.42373737373737375,43.93066239316239,1.0216891996891995,2.6042249417249406,3.8016591251885368,0,1.0,1.0,0,5.0,0.0,9.0,7.0,2.0,2.0
1788719400,Deportivo Garcilaso,Atletico Grau,1.0,2.7522368202228504,0.6177995295906488,2.9502981635028864,46.86388539117626,1.9077842769238078,1.4379083414506655,6.347986762272477,0.8098370197904541,0.8345750873108265,1.3820236709351958,37.988950329840904,0.8606526969344198,2.2208575863407054,2.4598348348348344,0,1.0,1.0,0,4.0,2.0,12.0,3.0,2.0,4.0
1788724800,Juan Pablo II College,Alianza Lima,1.0,1.6020348837209302,0.8148255813953489,1.611482558139535,50.754505813953486,1.719806686046512,0.5205232558139522,4.446720852017937,1.1933554817275747,1.0258186995728524,1.38234456573327,49.29909824394874,1.1577769340294255,1.8368201233981958,5.336194746957079,0,1.0,1.0,1,1.0,1.0,2.0,4.0,1.0,1.0
1788737400,FBC Melgar,ADT,1.0,2.367992644212156,1.5765485869144407,1.9909504452187379,58.944231513743716,2.3485127758420448,2.396951219512194,7.114453125,1.0015815355721946,2.3673116366422025,0.42414807126794674,44.890997602985145,0.9260627177700348,3.3702177082561087,2.652279635258359,0,1.0,1.0,0,3.0,0.0,8.0,2.0,1.0,1.0
1789156800,UTC Cajamarca,Juan Pablo II College,1.0,0.8340167621572991,1.576978076613476,0.648335621951797,56.07218144798523,1.048471992045078,2.3969506131919114,4.431002267573696,1.3772476798143851,2.539588167053364,0.8103973317865429,43.80822215777262,1.4669750580046403,2.043633990719256,4.176555555555556,0,1.0,1.0,2,1.0,2.0,3.0,5.0,5.0,3.0
1789171200,Cusco,FBC Melgar,1.0,2.5613070683661645,0.4254831981460024,2.951286210892236,61.64203939745075,2.286278563151796,1.2451355735805323,6.35070796460177,1.3851869368836758,0.6421500697613923,1.5742332158819496,58.508123063825764,1.077202780996524,1.4529997398727732,4.760592378544337,0,1.0,1.0,2,0.0,1.0,9.0,5.0,3.0,2.0
1789227000,Club Deportivo Los Chankas,FC Cajamarca,1.0,1.7930933484504914,2.1525321239606954,1.415513983371126,50.70032123960696,1.63924716553288,1.8215986394557817,5.773622224220085,2.033862433862434,1.6043981481481482,1.8530092592592593,40.13458994708994,1.9234867724867724,2.2710978835978803,4.6640654499685334,0,1.0,1.0,2,1.0,2.0,2.0,2.0,2.0,4.0
1789236000,Comerciantes Unidos,Sport Huancayo,1.0,1.6012268491211514,1.385230624041524,1.2235932523298336,57.79879674413118,1.5241207974519289,1.821583107231331,5.965073397780165,1.5775260115606937,1.7932023121387284,1.1909364161849711,39.701179190751446,1.4227708670520232,3.179967630057803,4.186315789473684,0,1.0,1.0,2,0.0,1.0,1.0,8.0,1.0,5.0
1789261200,Alianza Lima,Universitario,1.0,1.7929867559032853,0.6178818871659518,2.3745298581326293,64.51284347457228,2.247288023754537,2.0133572135551674,6.731503431066749,1.7689022953292173,1.40931328651553,1.9581939011170288,46.42185040297874,1.1731514351699108,1.0694631663288863,4.570448266642901,0,1.0,1.0,2,1.0,2.0,8.0,3.0,2.0,3.0
1789311600,UCV Moquegua,Sporting Cristal,1.0,0.9182072829131653,1.3484593837535015,0.9391333003789752,42.89691876750701,1.3195663206459058,2.732410611303342,3.1297515527950313,1.0015378700499808,1.9853902345251826,0.2305131510505009,49.110649750096115,1.0252577063120518,2.2196937829341645,2.458243819266837,0,1.0,1.0,2,1.0,2.0,10.0,4.0,3.0,4.0
1789322400,Sport Boys,Deportivo Garcilaso,1.0,1.985069124423963,0.42561290322580647,2.5668755760368662,49.16299539170507,1.8272467281105993,2.5891059907834095,4.2364848484848485,0.4266801075268817,0.2594470046082949,1.5741839477726576,37.221879800307214,0.9028964093701997,2.412653609831028,1.8865440115440115,0,1.0,1.0,0,1.0,0.0,7.0,6.0,1.0,3.0
1789330500,Atletico Grau,Alianza Atletico,1.0,1.217388036917874,0.42608675230736714,2.374420516192668,47.24842065710058,1.1883919588548886,1.0541274277259802,4.812543983110485,1.57756501726122,2.3690402761795166,0.8071714614499426,38.74054775604142,1.5802383429228999,2.9881611047180656,3.9956206896551723,0,1.0,1.0,0,3.0,1.0,6.0,2.0,2.0,2.0
