timestamp,home_team_name,away_team_name,stats_real,l_gf,l_gc,l_ppg,l_pos,l_xg,l_yc,l_sot,v_gf,v_gc,v_ppg,v_pos,v_xg,v_yc,v_sot,is_cup,home_team_lsi,away_team_lsi,target_1x2,home_team_goal_count,away_team_goal_count,home_team_corner_count,away_team_corner_count,home_team_yellow_cards,away_team_yellow_cards
1724499000,Brighton,Manchester United,1,0.9,1.2,1.4,43.5,1.2230000000000003,1.5,4.5,1.2,0.9,1.4,56.5,1.3129999999999997,2.3,3.8,0.0,1.0,1.0,0,2.0,1.0,4.0,4.0,1.0,2.0
1724508000,Southampton,Nottingham Forest,1,1.0,1.1818181818181819,1.5454545454545454,43.90909090909091,1.301818181818182,1.4545454545454546,4.5,1.1818181818181819,1.0,1.2727272727272727,56.09090909090909,1.3236363636363633,2.272727272727273,3.8,0.0,1.0,1.0,2,0.0,1.0,4.0,10.0,3.0,3.0
1724508000,Tottenham,Everton,1,0.9166666666666666,1.1666666666666667,1.4166666666666667,45.666666666666664,1.2050000000000003,1.5833333333333333,4.5,1.1666666666666667,0.9166666666666666,1.4166666666666667,54.333333333333336,1.4174999999999998,2.3333333333333335,3.8,0.0,1.0,1.0,0,4.0,0.0,12.0,5.0,0.0,0.0
1724508000,Manchester City,Ipswich,1,1.1538461538461537,1.0769230769230769,1.5384615384615385,47.61538461538461,1.2992307692307696,1.4615384615384615,4.5,1.0769230769230769,1.1538461538461537,1.3076923076923077,52.38461538461539,1.3853846153846152,2.1538461538461537,3.8,0.0,1.0,1.0,0,4.0,1.0,10.0,1.0,2.0,3.0
1724508000,Crystal Palace,West Ham,1,1.3571428571428572,1.0714285714285714,1.6428571428571428,49.57142857142857,1.4450000000000003,1.5,4.5,1.0714285714285714,1.3571428571428572,1.2142857142857142,50.42857142857143,1.307142857142857,2.2142857142857144,3.8,0.0,1.0,1.0,2,0.0,2.0,3.0,3.0,1.0,1.0
1724508000,Fulham,Leicester,1,1.2666666666666666,1.1333333333333333,1.5333333333333334,50.13333333333333,1.438666666666667,1.4666666666666666,4.5,1.1333333333333333,1.2666666666666666,1.3333333333333333,49.86666666666667,1.3126666666666664,2.1333333333333333,3.8,0.0,1.0,1.0,0,2.0,1.0,7.0,5.0,2.0,2.0
1724517000,Aston Villa,Arsenal,1,1.3125,1.125,1.625,50.375,1.4600000000000004,1.5,4.5,1.125,1.3125,1.25,49.625,1.2687499999999998,2.125,3.8,0.0,1.0,1.0,2,0.0,2.0,4.0,1.0,1.0,3.0
1724590800,Wolves,Chelsea,1,1.2352941176470589,1.1764705882352942,1.5294117647058822,49.705882352941174,1.4494117647058828,1.4705882352941178,4.5,1.1764705882352942,1.2352941176470589,1.3529411764705883,50.294117647058826,1.2452941176470587,2.176470588235294,3.8,0.0,1.0,1.0,2,2.0,6.0,5.0,5.0,2.0,3.0
1724590800,Bournemouth,Newcastle,1,1.2777777777777777,1.4444444444444444,1.4444444444444444,49.166666666666664,1.4777777777777783,1.5,4.5,1.4444444444444444,1.2777777777777777,1.4444444444444444,50.833333333333336,1.2694444444444444,2.2222222222222223,3.8,0.0,1.0,1.0,1,1.0,1.0,8.0,9.0,2.0,2.0
1724599800,Liverpool,Brentford,1,1.263157894736842,1.4210526315789473,1.4210526315789473,48.63157894736842,1.518947368421053,1.5263157894736843,4.5,1.4210526315789473,1.263157894736842,1.4210526315789473,51.36842105263158,1.291578947368421,2.210526315789474,3.8,0.0,1.0,1.0,0,2.0,0.0,9.0,4.0,2.0,3.0
1725103800,Arsenal,Brighton,1,1.5333333333333334,0.9000000000000001,2.0,50.56666666666667,1.4636666666666671,1.7000000000000002,4.5,1.9000000000000001,0.8666666666666668,1.9000000000000001,54.43333333333334,1.3066666666666666,1.8333333333333335,3.8,0.0,1.0,1.0,1,1.0,1.0,3.0,7.0,5.0,2.0
1725112800,Ipswich,Fulham,1,0.8571428571428573,1.5555555555555556,0.9841269841269843,45.142857142857146,1.2163492063492065,2.1428571428571432,4.5,0.888888888888889,1.1904761904761907,0.888888888888889,49.1904761904762,0.9952380952380953,2.492063492063492,3.8,0.0,1.0,1.0,1,1.0,1.0,8.0,6.0,2.0,3.0
1725112800,Brentford,Southampton,1,1.5151515151515151,1.2121212121212122,1.9696969696969697,47.81818181818183,1.561515151515152,1.4848484848484849,4.5,0.8787878787878789,1.1818181818181819,0.8787878787878789,60.18181818181819,1.4287878787878787,2.8484848484848486,3.8,0.0,1.0,1.0,0,3.0,1.0,2.0,8.0,2.0,1.0
1725112800,Leicester,Aston Villa,1,1.2318840579710146,1.2028985507246377,1.347826086956522,42.14492753623189,1.4172463768115944,1.4927536231884058,4.5,1.5362318840579712,1.2318840579710146,1.8405797101449277,50.52173913043479,1.5244927536231883,2.1449275362318843,3.8,0.0,1.0,1.0,2,1.0,2.0,1.0,4.0,4.0,5.0
1725112800,Nottingham Forest,Wolves,1,1.2222222222222223,1.2222222222222223,1.3055555555555556,50.083333333333336,1.4686111111111115,1.5555555555555556,4.5,0.888888888888889,1.5555555555555556,0.888888888888889,49.91666666666667,1.0122222222222224,2.2222222222222223,3.8,0.0,1.0,1.0,1,1.0,1.0,7.0,3.0,3.0,4.0
1725112800,Everton,Bournemouth,1,0.8800000000000001,1.8800000000000001,0.9600000000000001,45.17333333333333,1.1716000000000004,1.5866666666666667,4.5,1.2133333333333334,1.2133333333333334,1.2133333333333334,49.82666666666667,1.2477333333333331,2.6,3.8,0.0,1.0,1.0,2,2.0,3.0,8.0,4.0,2.0,1.0
1725121800,West Ham,Manchester City,1,1.2307692307692308,1.5897435897435899,0.9230769230769231,49.794871794871796,1.852820512820513,1.5897435897435899,4.5,1.5897435897435899,0.8974358974358976,1.9230769230769231,51.53846153846155,1.1223076923076922,1.8974358974358976,3.8,0.0,1.0,1.0,2,1.0,3.0,3.0,11.0,3.0,2.0
1725193800,Chelsea,Crystal Palace,1,0.888888888888889,1.6296296296296298,0.888888888888889,48.04938271604939,1.3492592592592596,1.617283950617284,4.5,1.2962962962962963,1.5555555555555556,0.962962962962963,52.617283950617285,1.2976543209876543,3.2222222222222223,3.8,0.0,1.0,1.0,1,1.0,1.0,4.0,4.0,4.0,2.0
1725193800,Newcastle,Tottenham,1,1.2142857142857144,0.9523809523809526,1.880952380952381,39.73809523809524,1.1161904761904764,2.0,4.5,1.2857142857142858,1.2142857142857144,1.2857142857142858,57.5952380952381,1.2814285714285716,1.8809523809523812,3.8,0.0,1.0,1.0,0,2.0,1.0,7.0,12.0,4.0,4.0
1725202800,Manchester United,Liverpool,1,1.2298850574712645,0.942528735632184,1.9195402298850577,50.402298850574724,1.8493103448275865,2.0459770114942533,4.5,1.6091954022988506,0.8965517241379312,1.9195402298850577,55.264367816091955,1.7697701149425287,1.9195402298850577,3.8,0.0,1.0,1.0,2,0.0,3.0,5.0,2.0,4.0,1.0
1726313400,Southampton,Manchester United,1,0.8666666666666668,1.3111111111111111,0.888888888888889,53.84444444444445,1.0815555555555556,2.4222222222222225,4.5,1.3111111111111111,1.5333333333333334,0.9555555555555557,51.82222222222222,1.3733333333333333,2.2222222222222223,3.8,0.0,1.0,1.0,2,0.0,3.0,0.0,7.0,1.0,4.0
1726322400,Liverpool,Nottingham Forest,1,1.5053763440860215,1.0107526881720432,1.860215053763441,53.08602150537635,1.9089247311827957,2.064516129032258,4.5,1.3440860215053765,0.838709677419355,1.989247311827957,46.24731182795699,1.7418279569892474,2.591397849462366,3.8,0.0,1.0,1.0,2,0.0,1.0,7.0,2.0,4.0,4.0
1726322400,Crystal Palace,Leicester,1,0.8125000000000001,1.6666666666666665,0.8333333333333335,51.85416666666667,1.463125,1.7708333333333335,4.5,1.3333333333333333,1.4791666666666667,1.0208333333333335,49.47916666666667,1.10875,2.291666666666667,3.8,0.0,1.0,1.0,1,2.0,2.0,5.0,2.0,0.0,3.0
1726322400,Fulham,West Ham,1,1.494949494949495,1.3434343434343434,1.8282828282828283,50.88888888888889,1.6272727272727272,2.0606060606060606,4.5,1.676767676767677,0.8282828282828284,2.0101010101010104,47.77777777777778,1.366161616161616,1.9696969696969697,3.8,0.0,1.0,1.0,1,1.0,1.0,3.0,2.0,2.0,3.0
1726322400,Brighton,Ipswich,1,1.4901960784313726,1.3333333333333333,1.823529411764706,49.00000000000001,1.730392156862745,1.7254901960784315,4.5,1.3333333333333333,2.156862745098039,1.0,42.0,0.9878431372549019,2.647058823529412,3.8,0.0,1.0,1.0,1,0.0,0.0,9.0,2.0,4.0,3.0
1726322400,Manchester City,Brentford,1,2.1333333333333333,1.3047619047619048,1.8190476190476192,58.371428571428574,2.149142857142857,2.0952380952380953,4.5,0.9714285714285715,1.4666666666666668,0.9904761904761906,45.62857142857143,0.9923809523809523,2.6571428571428575,3.8,0.0,1.0,1.0,0,2.0,1.0,12.0,3.0,3.0,1.0
1726331400,Aston Villa,Everton,1,0.814814814814815,1.6296296296296298,0.8518518518518519,46.44444444444445,1.4738888888888888,1.7777777777777777,4.5,0.962962962962963,2.1481481481481484,0.962962962962963,42.88888888888889,1.199259259259259,1.62962962962963,3.8,0.0,1.0,1.0,0,3.0,2.0,6.0,2.0,1.0,4.0
1726340400,Bournemouth,Chelsea,1,1.1801801801801801,1.3063063063063063,1.2162162162162162,46.85585585585586,1.8104504504504502,2.09009009009009,4.5,2.972972972972973,1.5135135135135136,1.9369369369369371,52.810810810810814,1.4187387387387385,2.6576576576576576,3.8,0.0,1.0,1.0,2,0.0,1.0,6.0,3.0,6.0,8.0
1726405200,Tottenham,Arsenal,1,2.1578947368421053,0.9649122807017545,1.8596491228070176,57.21052631578948,1.8705263157894738,1.4912280701754388,4.5,1.6315789473684212,0.824561403508772,1.9649122807017545,53.45614035087719,1.1398245614035087,2.754385964912281,3.8,0.0,1.0,1.0,2,0.0,1.0,7.0,6.0,5.0,3.0
1726414200,Wolves,Newcastle,1,1.4700854700854702,2.9572649572649574,0.8376068376068377,47.111111111111114,1.6988034188034187,2.2051282051282053,4.5,1.2905982905982907,1.1367521367521367,1.324786324786325,53.22222222222223,1.404017094017094,2.4273504273504276,3.8,0.0,1.0,1.0,2,1.0,2.0,4.0,7.0,3.0,3.0
1726918200,West Ham,Chelsea,1,1.1,1.975,0.6125,46.3125,1.577375,2.1625,4.5,2.475,1.1,2.2625,56.4375,1.2487499999999998,4.075,3.8,0.0,1.0,1.0,2,0.0,3.0,6.0,5.0,5.0,2.0
1726927200,Southampton,Ipswich,1,0.5853658536585366,1.7439024390243902,0.5975609756097561,52.59146341463415,1.0862195121951217,2.1951219512195124,4.5,0.9939024390243902,1.5853658536585367,1.0304878048780488,38.65853658536585,0.8049999999999999,2.8170731707317076,3.8,0.0,1.0,1.0,1,1.0,1.0,2.0,10.0,4.0,4.0
1726927200,Aston Villa,Wolves,1,1.3333333333333335,1.7380952380952381,1.3452380952380953,53.38095238095238,1.6324999999999998,1.7142857142857142,4.5,0.9880952380952381,1.3333333333333335,1.0238095238095237,48.36904761904762,0.9522619047619046,2.833333333333333,3.8,0.0,1.0,1.0,0,3.0,1.0,6.0,5.0,3.0,6.0
1726927200,Tottenham,Brentford,1,1.6046511627906976,0.9825581395348837,1.3662790697674418,59.156976744186046,1.5694186046511627,2.4709302325581395,4.5,0.9825581395348837,1.6046511627906976,0.7558139534883721,45.343023255813954,0.970581395348837,2.3720930232558137,3.8,0.0,1.0,1.0,0,3.0,1.0,9.0,4.0,3.0,1.0
1726927200,Liverpool,Bournemouth,1,1.125,0.9772727272727273,1.3863636363636362,58.375,1.704090909090909,2.7272727272727275,4.5,1.7272727272727273,1.375,1.7386363636363638,49.625,1.4951136363636364,2.3522727272727275,3.8,0.0,1.0,1.0,0,3.0,0.0,3.0,9.0,1.0,4.0
1726927200,Leicester,Everton,1,1.1444444444444444,1.4611111111111112,0.9055555555555556,47.46666666666667,1.1865555555555556,2.4611111111111112,4.5,1.2111111111111112,2.3944444444444444,0.7222222222222222,38.53333333333333,1.1079999999999997,2.3666666666666667,3.8,0.0,1.0,1.0,1,1.0,1.0,6.0,1.0,1.0,2.0
1726927200,Fulham,Newcastle,1,1.391304347826087,1.2065217391304348,1.6521739130434783,52.80434782608695,1.631086956521739,2.1956521739130435,4.5,1.4565217391304348,1.141304347826087,1.7173913043478262,52.44565217391305,1.4336956521739128,2.608695652173913,3.8,0.0,1.0,1.0,0,3.0,1.0,6.0,0.0,6.0,0.0
1726936200,Crystal Palace,Manchester United,1,1.1595744680851063,1.702127659574468,0.9202127659574468,56.67553191489362,1.783404255319149,1.4840425531914894,4.5,1.702127659574468,1.1595744680851063,1.452127659574468,51.57446808510638,1.6591489361702125,2.829787234042553,3.8,0.0,1.0,1.0,1,0.0,0.0,4.0,11.0,3.0,2.0
1727010000,Brighton,Nottingham Forest,1,1.1458333333333335,0.9375,1.6666666666666665,54.48958333333333,1.7395833333333335,2.489583333333333,4.5,1.1875,0.6458333333333334,2.1979166666666665,41.26041666666667,1.3611458333333333,3.072916666666667,3.8,0.0,1.0,1.0,1,2.0,2.0,9.0,1.0,3.0,6.0
1727019000,Manchester City,Arsenal,1,2.1530612244897958,1.193877551020408,2.163265306122449,57.68877551020408,2.1734183673469385,2.4948979591836737,4.5,1.443877551020408,0.6530612244897959,2.193877551020408,48.81122448979592,1.0426020408163263,2.857142857142857,3.8,0.0,1.0,1.0,1,2.0,2.0,8.0,2.0,3.0,6.0
1727523000,Newcastle,Manchester City,1,1.4100000000000001,0.95,2.16,39.7,1.3218,2.75,4.5,1.95,0.91,2.19,54.3,1.5764999999999998,2.1399999999999997,3.8,0.0,1.0,1.0,1,1.0,1.0,5.0,6.0,4.0,4.0
1727532000,Nottingham Forest,Fulham,1,1.156862745098039,1.196078431372549,1.156862745098039,51.818627450980394,1.3864705882352941,2.264705882352941,4.5,0.946078431372549,1.156862745098039,0.9362745098039216,48.431372549019606,0.9779901960784312,2.9019607843137254,3.8,0.0,1.0,1.0,2,0.0,1.0,6.0,5.0,2.0,4.0
1727532000,Chelsea,Brighton,1,0.8942307692307693,1.4423076923076923,0.8942307692307693,53.22115384615385,1.63875,2.5096153846153846,4.5,1.6923076923076923,0.8942307692307693,1.7019230769230769,56.02884615384615,1.446153846153846,2.1634615384615383,3.8,0.0,1.0,1.0,0,4.0,2.0,8.0,2.0,3.0,2.0
1727532000,Arsenal,Leicester,1,1.419811320754717,0.9481132075471698,1.6603773584905661,47.62735849056604,1.6480188679245282,3.0141509433962264,4.5,1.4481132075471699,1.669811320754717,0.9386792452830188,44.37264150943396,1.0897169811320753,2.6556603773584904,3.8,0.0,1.0,1.0,0,4.0,2.0,17.0,0.0,2.0,4.0
1727532000,Everton,Crystal Palace,1,1.1944444444444444,2.2037037037037037,0.6759259259259259,46.85185185185185,1.4506481481481481,2.0092592592592595,4.5,1.2037037037037037,1.4444444444444444,0.9259259259259259,47.14814814814815,1.0485185185185184,3.166666666666667,3.8,0.0,1.0,1.0,0,2.0,1.0,5.0,8.0,2.0,0.0
1727532000,Brentford,West Ham,1,1.95,1.2,2.190909090909091,46.25,1.9308636363636364,2.004545454545455,4.5,1.45,0.95,1.6636363636363636,46.25,1.155863636363636,2.3909090909090907,3.8,0.0,1.0,1.0,1,1.0,1.0,7.0,6.0,2.0,3.0
1727541000,Wolves,Liverpool,1,1.4464285714285714,2.696428571428571,0.6875,47.80357142857143,1.6241964285714285,2.5,4.5,1.9464285714285714,0.6964285714285714,2.1607142857142856,51.69642857142857,1.7261607142857138,1.8928571428571428,3.8,0.0,1.0,1.0,2,1.0,2.0,2.0,10.0,2.0,3.0
1727614800,Ipswich,Aston Villa,1,0.9429824561403509,1.4517543859649122,0.9254385964912281,47.25,1.0427192982456142,2.495614035087719,4.5,1.7017543859649122,1.192982456140351,2.175438596491228,47.0,1.5226315789473683,3.144736842105263,3.8,0.0,1.0,1.0,1,2.0,2.0,10.0,0.0,4.0,1.0
1727623800,Manchester United,Tottenham,1,0.9482758620689655,1.456896551724138,1.4224137931034484,52.439655172413794,1.761293103448276,2.7586206896551726,4.5,1.206896551724138,1.4482758620689655,0.9224137931034483,58.560344827586206,1.2338793103448273,2.6293103448275863,3.8,0.0,1.0,1.0,2,0.0,3.0,5.0,3.0,5.0,3.0
1727722800,Bournemouth,Southampton,1,0.9364406779661016,1.2203389830508473,0.9110169491525424,43.33898305084746,1.818135593220339,3.2796610169491522,4.5,0.9703389830508474,1.6864406779661016,0.6864406779661016,59.91101694915254,1.4872033898305084,2.63135593220339,3.8,0.0,1.0,1.0,0,3.0,1.0,6.0,4.0,2.0,5.0
1728127800,Crystal Palace,Liverpool,1,0.96,1.3733333333333333,0.94,51.8,1.6269333333333333,1.8199999999999998,4.5,1.9733333333333336,0.7599999999999999,2.34,52.599999999999994,1.9130666666666665,2.12,3.8,0.0,1.0,1.0,2,0.0,1.0,3.0,8.0,4.0,2.0
1728136800,Arsenal,Southampton,1,1.9508196721311477,1.1704918032786886,1.9311475409836065,52.87868852459016,2.2265573770491804,2.8295081967213114,4.5,0.9704918032786884,1.9508196721311477,0.5508196721311476,60.12131147540983,1.3057704918032784,3.114754098360656,3.8,0.0,1.0,1.0,0,3.0,1.0,13.0,1.0,0.0,3.0
1728136800,Leicester,Bournemouth,1,1.1612903225806452,1.367741935483871,0.9419354838709677,49.53548387096774,1.0785161290322582,2.2129032258064516,4.5,1.367741935483871,1.761290322580645,1.3419354838709676,48.064516129032256,1.4176129032258062,2.7161290322580642,3.8,0.0,1.0,1.0,0,1.0,0.0,0.0,9.0,4.0,1.0
1728136800,West Ham,Ipswich,1,0.9587301587301587,2.1587301587301586,0.5523809523809524,47.49523809523809,1.4492698412698413,2.822222222222222,4.5,0.9587301587301587,1.5587301587301587,0.9333333333333333,40.304761904761904,0.9851746031746031,3.104761904761905,3.8,0.0,1.0,1.0,0,4.0,1.0,5.0,5.0,0.0,1.0
1728136800,Manchester City,Fulham,1,2.175,1.35625,1.9625000000000001,61.3125,2.1929374999999998,2.60625,4.5,0.95625,0.9750000000000001,1.325,50.8875,1.0591249999999999,3.09375,3.8,0.0,1.0,1.0,0,3.0,2.0,8.0,3.0,2.0,1.0
1728136800,Brentford,Wolves,1,1.7846153846153845,1.16,1.9723076923076923,48.16,1.602523076923077,2.0030769230769234,4.5,0.96,1.7846153846153845,0.7169230769230769,48.24000000000001,0.8672,3.483076923076923,3.8,0.0,1.0,1.0,0,5.0,3.0,10.0,3.0,2.0,3.0
1728145800,Everton,Newcastle,1,1.406060606060606,1.9696969696969697,1.1818181818181819,45.121212121212125,1.3323636363636364,2.0,4.5,1.3696969696969696,1.606060606060606,1.309090909090909,54.47878787878787,1.4716363636363634,2.084848484848485,3.8,0.0,1.0,1.0,1,0.0,0.0,0.0,10.0,1.0,2.0
1728219600,Chelsea,Nottingham Forest,1,1.5970149253731343,1.5611940298507463,1.37910447761194,50.41194029850746,2.172358208955224,2.5910447761194026,4.5,1.3611940298507461,0.9970149253731344,1.9074626865671642,39.188059701492534,1.388089552238806,3.6805970149253726,3.8,0.0,1.0,1.0,1,1.0,1.0,11.0,3.0,6.0,4.0
1728219600,Aston Villa,Manchester United,1,1.7941176470588234,1.5588235294117647,1.776470588235294,53.10588235294118,1.6950588235294117,2.011764705882353,4.5,1.3588235294117648,0.9941176470588236,1.3058823529411763,54.89411764705882,1.683470588235294,2.6882352941176473,3.8,0.0,1.0,1.0,1,0.0,0.0,6.0,3.0,1.0,5.0
1728228600,Brighton,Tottenham,1,1.3855072463768114,1.1507246376811593,1.5739130434782609,57.527536231884056,1.6122608695652174,2.6028985507246376,4.5,1.5507246376811594,1.1855072463768117,1.3043478260869565,59.27246376811594,1.9251304347826084,2.701449275362319,3.8,0.0,1.0,1.0,0,3.0,2.0,4.0,7.0,2.0,2.0
1729337400,Tottenham,West Ham,1,1.9942857142857144,0.9542857142857142,1.782857142857143,56.674285714285716,1.994857142857143,2.5999999999999996,4.5,1.354285714285714,0.9942857142857142,1.497142857142857,45.92571428571429,1.1473714285714285,2.4971428571428573,3.8,0.0,1.0,1.0,0,4.0,1.0,13.0,5.0,1.0,3.0
1729346400,Manchester United,Brentford,1,0.8084507042253521,1.752112676056338,1.1915492957746479,49.51267605633803,1.614338028169014,3.1915492957746476,4.5,0.9521126760563381,2.0084507042253525,0.49014084507042255,46.88732394366197,0.940450704225352,2.098591549295775,3.8,0.0,1.0,1.0,0,2.0,1.0,9.0,2.0,2.0,2.0
1729346400,Newcastle,Brighton,1,1.411111111111111,0.95,2.0,38.91111111111111,1.3925,2.988888888888889,4.5,1.75,1.6111111111111112,1.2833333333333332,56.888888888888886,1.3880555555555554,2.0944444444444446,3.8,0.0,1.0,1.0,2,0.0,1.0,9.0,4.0,2.0,2.0
1729346400,Fulham,Aston Villa,1,1.8027397260273972,1.1479452054794521,1.9917808219178084,49.76438356164384,1.7864931506849318,2.9863013698630136,4.5,1.747945205479452,1.4027397260273973,1.893150684931507,49.03561643835616,1.393150684931507,2.6904109589041094,3.8,0.0,1.0,1.0,2,1.0,3.0,6.0,11.0,3.0,5.0
1729346400,Southampton,Leicester,1,0.8,1.5567567567567568,0.7837837837837838,52.77297297297298,1.4151351351351353,2.589189189189189,4.5,1.5567567567567568,2.2,0.7027027027027027,40.627027027027026,0.9472972972972971,2.902702702702703,3.8,0.0,1.0,1.0,2,2.0,3.0,10.0,6.0,5.0,3.0
1729346400,Ipswich,Everton,1,1.2026666666666666,1.5653333333333332,0.976,46.328,1.0837333333333334,2.8026666666666666,4.5,1.1653333333333333,2.2026666666666666,0.712,39.272000000000006,1.1255466666666667,2.304,3.8,0.0,1.0,1.0,2,0.0,2.0,5.0,7.0,1.0,1.0
1729355400,Bournemouth,Arsenal,1,1.3947368421052633,1.168421052631579,1.3684210526315788,42.55263157894737,1.7495263157894736,2.9947368421052634,4.5,1.568421052631579,0.9947368421052631,1.9210526315789473,43.847368421052636,0.9837894736842103,3.4947368421052634,3.8,0.0,1.0,1.0,0,2.0,0.0,7.0,4.0,1.0,1.0
1729429200,Wolves,Manchester City,1,1.3974025974025972,2.5610389610389612,0.5766233766233766,46.945454545454545,1.4303376623376622,2.3870129870129873,4.5,1.761038961038961,0.9974025974025973,1.9142857142857146,56.25454545454545,1.4604675324675322,2.4857142857142858,3.8,0.0,1.0,1.0,2,1.0,2.0,1.0,18.0,4.0,1.0
1729438200,Liverpool,Chelsea,1,1.594871794871795,0.7641025641025642,1.7692307692307692,58.199999999999996,1.792769230769231,2.3948717948717952,4.5,2.5641025641025643,0.9948717948717949,2.323076923076923,54.8,1.4560512820512819,3.6769230769230767,3.8,0.0,1.0,1.0,0,2.0,1.0,1.0,5.0,4.0,3.0
1729537200,Nottingham Forest,Crystal Palace,1,0.9974683544303797,1.1620253164556962,0.9772151898734176,49.164556962025316,1.2922025316455699,2.2025316455696204,4.5,1.1620253164556962,1.5974683544303798,0.7164556962025316,50.23544303797469,1.0564050632911393,2.478481012658228,3.8,0.0,1.0,1.0,0,1.0,0.0,6.0,6.0,2.0,3.0
1729882800,Leicester,Nottingham Forest,1,1.1625,1.1291666666666667,1.3208333333333333,48.47083333333333,1.0455833333333335,2.5,4.5,1.2958333333333334,0.9958333333333333,1.7583333333333333,38.3625,1.2989166666666667,3.7333333333333334,3.8,0.0,1.0,1.0,2,1.0,3.0,6.0,7.0,5.0,3.0
1729951200,Manchester City,Southampton,1,2.3271604938271606,1.4691358024691359,2.148148148148148,60.69547325102881,2.0935390946502057,2.5102880658436213,4.5,0.9691358024691359,2.1604938271604937,0.4320987654320988,56.971193415637856,1.2023251028806583,3.067901234567901,3.8,0.0,1.0,1.0,0,1.0,0.0,12.0,1.0,1.0,3.0
1729951200,Brighton,Wolves,1,1.6585365853658536,1.2967479674796747,1.8211382113821137,54.72357723577236,1.640487804878049,2.5040650406504064,4.5,1.2967479674796747,2.3252032520325203,0.5934959349593496,49.609756097560975,0.8945121951219512,3.402439024390244,3.8,0.0,1.0,1.0,1,2.0,2.0,9.0,6.0,3.0,3.0
1729951200,Brentford,Ipswich,1,2.3273092369477912,1.465863453815261,2.1526104417670684,47.39357429718875,2.0523895582329317,2.0060240963855422,4.5,0.9658634538152611,1.9939759036144578,0.7590361445783133,41.43975903614458,0.9297590361445783,2.736947791164659,3.8,0.0,1.0,1.0,0,4.0,3.0,4.0,5.0,0.0,3.0
1729951200,Aston Villa,Bournemouth,1,1.503968253968254,1.3055555555555556,1.6587301587301586,53.28571428571429,1.5020634920634923,1.8293650793650795,4.5,1.1388888888888888,1.6706349206349205,1.0873015873015874,49.38095238095238,1.5464285714285713,2.404761904761905,3.8,0.0,1.0,1.0,1,1.0,1.0,9.0,7.0,7.0,6.0
1729960200,Everton,Fulham,1,1.1686274509803922,1.6372549019607843,1.1568627450980393,42.978431372549025,1.227529411764706,1.8470588235294119,4.5,1.1372549019607843,1.335294117647059,1.0862745098039217,49.35490196078431,1.3158823529411765,2.7509803921568627,3.8,0.0,1.0,1.0,1,1.0,1.0,4.0,2.0,1.0,0.0
1730034000,West Ham,Manchester United,1,1.5,1.9689922480620154,0.9883720930232558,48.43798449612403,1.8656976744186045,2.3410852713178296,4.5,1.1356589147286822,0.8333333333333333,1.251937984496124,53.3953488372093,1.4891085271317828,3.0736434108527133,3.8,0.0,1.0,1.0,0,2.0,1.0,6.0,5.0,5.0,1.0
1730034000,Chelsea,Newcastle,1,1.5019157088122608,1.4674329501915708,1.3275862068965516,53.07662835249042,2.232413793103448,3.1839080459770113,4.5,1.1340996168582376,1.3352490421455938,1.2471264367816093,56.75670498084291,1.5664750957854405,2.0670498084291187,3.8,0.0,1.0,1.0,0,2.0,1.0,7.0,4.0,6.0,3.0
1730034000,Crystal Palace,Tottenham,1,0.8371212121212122,1.2992424242424243,0.8333333333333333,48.40909090909091,1.4904166666666665,2.1969696969696972,4.5,1.6325757575757573,1.503787878787879,1.0757575757575757,59.25757575757576,1.8300757575757574,2.5681818181818183,3.8,0.0,1.0,1.0,0,1.0,0.0,8.0,8.0,4.0,4.0
1730043000,Arsenal,Liverpool,1,2.1685393258426964,1.1273408239700375,2.1722846441947565,53.84831460674157,2.3569850187265917,2.368913857677903,4.5,1.794007490636704,0.6685393258426966,2.404494382022472,55.31835205992509,1.8296254681647939,2.0730337078651684,3.8,0.0,1.0,1.0,1,2.0,2.0,1.0,3.0,2.0,2.0
1730550600,Newcastle,Arsenal,1,1.1703703703703705,0.962962962962963,1.6703703703703703,42.32962962962963,1.504148148148148,2.8666666666666667,4.5,1.2962962962962963,1.1703703703703705,1.5703703703703702,45.17037037037038,0.9244814814814815,3.0703703703703704,3.8,0.0,1.0,1.0,0,1.0,0.0,4.0,6.0,4.0,4.0
1730559600,Bournemouth,Manchester City,1,1.5018315018315018,0.9578754578754579,1.6758241758241756,43.44505494505495,1.7616117216117213,2.7051282051282053,4.5,1.791208791208791,1.0018315018315018,2.0659340659340657,60.05494505494505,1.48025641025641,2.241758241758242,3.8,0.0,1.0,1.0,0,2.0,1.0,3.0,10.0,2.0,1.0
1730559600,Liverpool,Brighton,1,1.6702898550724639,0.7898550724637682,2.0144927536231885,55.56159420289855,1.8213043478260866,2.7028985507246377,4.5,1.6231884057971013,1.3369565217391304,1.5615942028985506,54.27173913043478,1.346231884057971,2.0688405797101446,3.8,0.0,1.0,1.0,0,2.0,1.0,9.0,7.0,1.0,1.0
1730559600,Southampton,Everton,1,1.0053763440860215,1.7885304659498207,0.6863799283154122,50.725806451612904,1.5395698924731183,3.0304659498207887,4.5,1.2885304659498207,1.838709677419355,1.0573476702508962,40.44086021505376,1.2202150537634409,2.0627240143369177,3.8,0.0,1.0,1.0,0,1.0,0.0,3.0,6.0,4.0,2.0
1730559600,Ipswich,Leicester,1,1.00354609929078,1.6170212765957446,0.8581560283687943,47.61347517730496,1.1079432624113474,2.5354609929078014,4.5,1.7836879432624113,2.1702127659574466,1.053191489361702,43.719858156028366,1.3261702127659571,2.893617021276596,3.8,0.0,1.0,1.0,1,1.0,1.0,4.0,6.0,6.0,2.0
1730559600,Nottingham Forest,West Ham,1,1.0017543859649125,0.9491228070175439,1.356140350877193,49.25263157894737,1.367298245614035,2.2140350877192985,4.5,1.2824561403508772,1.5017543859649125,1.219298245614035,45.58070175438597,1.0854035087719298,2.557894736842105,3.8,0.0,1.0,1.0,0,3.0,0.0,10.0,6.0,1.0,4.0
1730568600,Wolves,Crystal Palace,1,1.3402777777777777,2.4444444444444446,0.5277777777777778,42.59722222222223,1.3507638888888889,2.7083333333333335,4.5,0.9444444444444444,1.5069444444444446,0.5486111111111112,50.236111111111114,1.0330208333333333,2.5625,3.8,0.0,1.0,1.0,1,2.0,2.0,3.0,6.0,1.0,2.0
1730642400,Tottenham,Aston Villa,1,2.3419243986254297,0.9467353951890034,2.0257731958762886,56.62199312714777,1.9819931271477662,2.3694158075601375,4.5,1.9467353951890034,1.3419243986254297,2.0481099656357387,49.0446735395189,1.4455670103092784,3.0601374570446733,3.8,0.0,1.0,1.0,0,4.0,1.0,6.0,4.0,2.0,0.0
1730651400,Manchester United,Chelsea,1,1.0170068027210886,1.6122448979591835,1.5306122448979593,49.45918367346938,1.5679931972789114,3.0340136054421767,4.5,2.2789115646258504,1.183673469387755,1.8775510204081634,55.20748299319728,1.3741496598639458,3.5510204081632653,3.8,0.0,1.0,1.0,1,1.0,1.0,4.0,8.0,6.0,2.0
1730750400,Fulham,Brentford,1,1.6818181818181817,1.4444444444444444,1.695286195286195,49.946127946127945,1.7873905723905723,3.0454545454545454,4.5,0.9444444444444444,2.015151515151515,0.3771043771043771,47.553872053872055,0.9301346801346801,2.048821548821549,3.8,0.0,1.0,1.0,0,2.0,1.0,11.0,3.0,2.0,1.0
1731164400,Wolves,Southampton,1,1.4428571428571428,2.38,0.6,44.72,1.378342857142857,2.4657142857142853,4.5,0.8085714285714285,2.0142857142857142,0.32,54.99428571428571,1.0552285714285714,3.0371428571428574,3.8,0.0,1.0,1.0,0,2.0,0.0,1.0,9.0,1.0,4.0
1731164400,West Ham,Everton,1,1.5869872701555872,1.804809052333805,1.3182461103253182,47.517680339462515,2.0214851485148513,2.746817538896747,4.5,1.0905233380480905,1.72984441301273,0.8882602545968883,39.62517680339462,1.267722772277228,2.041018387553041,3.8,0.0,1.0,1.0,1,0.0,0.0,7.0,6.0,1.0,2.0
1731164400,Crystal Palace,Fulham,1,0.8683473389355743,1.0868347338935576,1.173669467787115,46.2296918767507,1.3763025210084032,2.4565826330532214,4.5,1.0868347338935576,1.2969187675070026,1.0308123249299719,51.056022408963585,1.3072268907563027,2.3249299719887957,3.8,0.0,1.0,1.0,2,0.0,2.0,1.0,8.0,1.0,1.0
1731164400,Brentford,Bournemouth,1,2.5783633841886267,1.6601941747572817,2.3120665742024964,49.7628294036061,2.341650485436893,1.737864077669903,4.5,1.08876560332871,1.578363384188627,1.0360610263522885,48.665742024965326,1.3673092926490986,2.8918169209431346,3.8,0.0,1.0,1.0,0,3.0,2.0,6.0,4.0,2.0,4.0
1731173400,Brighton,Manchester City,1,1.7252747252747254,1.3763736263736264,1.7445054945054945,54.05494505494505,1.5883241758241757,2.5934065934065935,4.5,1.6620879120879122,1.1538461538461537,1.7472527472527473,60.65934065934066,1.4952197802197802,2.0384615384615383,3.8,0.0,1.0,1.0,0,2.0,1.0,0.0,4.0,3.0,3.0
1731182400,Liverpool,Aston Villa,1,1.726530612244898,0.8040816326530611,2.1768707482993195,54.6,1.792925170068027,2.4517006802721086,4.5,1.804081632653061,1.726530612244898,1.74421768707483,49.114285714285714,1.5091428571428573,2.6108843537414965,3.8,0.0,1.0,1.0,0,2.0,0.0,2.0,9.0,0.0,3.0
1731247200,Manchester United,Leicester,1,1.0134770889487872,1.5148247978436657,1.4663072776280324,48.919137466307276,1.6253369272237195,3.4447439353099734,4.5,1.6576819407008085,2.0134770889487874,1.0269541778975741,45.79514824797844,1.363611859838275,2.7547169811320753,3.8,0.0,1.0,1.0,0,3.0,0.0,1.0,5.0,0.0,1.0
1731247200,Tottenham,Ipswich,1,2.588785046728972,0.9399198931909213,2.184245660881175,55.779706275033384,2.045794392523364,2.2950600801068095,4.5,1.225634178905207,2.3030707610146863,0.595460614152203,40.64886515353805,0.984646194926569,2.7503337783711617,3.8,0.0,1.0,1.0,2,1.0,2.0,12.0,2.0,1.0,5.0
1731247200,Nottingham Forest,Newcastle,1,1.3015873015873014,0.7989417989417988,1.6084656084656086,49.822751322751316,1.4812433862433863,2.0052910052910056,4.5,1.0846560846560847,1.4444444444444444,1.029100529100529,55.89153439153439,1.6040476190476192,2.185185185185185,3.8,0.0,1.0,1.0,2,1.0,3.0,4.0,5.0,1.0,1.0
1731256200,Chelsea,Arsenal,1,1.5858453473132372,1.3748361730013106,1.6041939711664484,52.521625163827,2.1271428571428572,3.5727391874180867,4.5,1.0891218872870247,1.1572739187418086,1.3197903014416776,47.90694626474443,0.9479292267365662,3.1808650065530797,3.8,0.0,1.0,1.0,1,1.0,1.0,4.0,3.0,4.0,2.0
1732365000,Leicester,Chelsea,1,1.155844155844156,1.374025974025974,1.174025974025974,50.66233766233766,0.9983116883116883,2.862337662337662,4.5,2.088311688311688,1.155844155844156,1.748051948051948,55.05194805194805,1.3385454545454547,3.322077922077922,3.8,0.0,1.0,1.0,2,1.0,2.0,2.0,9.0,4.0,3.0
1732374000,Bournemouth,Brighton,1,1.5830115830115832,0.9472329472329473,1.8841698841698842,42.343629343629345,1.7926640926640929,2.5804375804375805,4.5,1.5186615186615189,1.4401544401544402,1.3243243243243243,53.7992277992278,1.307953667953668,1.8944658944658945,3.8,0.0,1.0,1.0,2,1.0,2.0,7.0,0.0,2.0,4.0
1732374000,Fulham,Wolves,1,1.7244897959183674,1.3775510204081631,1.8801020408163265,52.5,1.7183673469387755,2.8647959183673466,4.5,1.3775510204081631,2.295918367346939,0.6147959183673469,49.64285714285714,0.9683928571428572,3.3265306122448983,3.8,0.0,1.0,1.0,2,1.0,4.0,7.0,2.0,3.0,0.0
1732374000,Arsenal,Nottingham Forest,1,2.1517067003792665,1.2414664981036663,2.0189633375474085,52.52338811630847,2.1354108723135274,2.2945638432364097,4.5,1.527180783817952,1.008849557522124,1.9051833122629585,38.0480404551201,1.3655246523388118,3.6055625790139065,3.8,0.0,1.0,1.0,0,3.0,0.0,8.0,1.0,3.0,2.0
1732374000,Everton,Brentford,1,1.155388471177945,1.523809523809524,1.1654135338345863,42.421052631578945,1.145739348370927,1.7243107769423558,4.5,0.9523809523809524,2.012531328320802,0.3308270676691729,45.29323308270676,0.8858897243107771,1.8897243107769426,3.8,0.0,1.0,1.0,1,0.0,0.0,10.0,4.0,0.0,0.0
1732374000,Aston Villa,Crystal Palace,1,1.4372670807453416,1.2347826086956522,1.5925465838509318,53.72919254658385,1.5261118012422359,2.5751552795031056,4.5,1.0919254658385094,1.5801242236024846,0.6161490683229813,49.127950310559,1.252496894409938,2.4546583850931674,3.8,0.0,1.0,1.0,1,2.0,2.0,10.0,1.0,3.0,2.0
1732383000,Manchester City,Tottenham,1,2.152709359605911,1.2364532019704433,2.3054187192118225,60.20689655172414,2.211206896551724,2.29064039408867,4.5,1.3793103448275863,1.438423645320197,0.9014778325123154,60.221674876847295,1.6766502463054187,2.7389162561576352,3.8,0.0,1.0,1.0,2,0.0,4.0,9.0,3.0,4.0,2.0
1732456800,Southampton,Liverpool,1,1.006105006105006,1.5286935286935288,1.0158730158730158,52.94017094017094,1.4167277167277166,3.151404151404151,4.5,1.8144078144078144,0.8632478632478632,2.191697191697192,55.2026862026862,1.6910012210012209,2.023199023199023,3.8,0.0,1.0,1.0,2,2.0,3.0,3.0,10.0,3.0,4.0
1732465800,Ipswich,Manchester United,1,1.0072639225181599,1.5326876513317194,0.8692493946731235,46.91041162227603,1.0858595641646487,3.009685230024213,4.5,1.1041162227602905,1.0072639225181599,1.053268765133172,53.94673123486683,1.6254237288135591,2.7409200968523004,3.8,0.0,1.0,1.0,1,1.0,1.0,4.0,3.0,0.0,0.0
1732564800,Newcastle,West Ham,1,1.1488595438175269,0.8175270108043218,1.8679471788715487,41.45738295318127,1.352893157262905,3.003601440576231,4.5,1.1032412965186076,1.7202881152460985,1.0528211284513804,45.68547418967587,0.9598439375750301,2.7346938775510203,3.8,0.0,1.0,1.0,2,0.0,2.0,8.0,3.0,1.0,0.0
1732910400,Brighton,Southampton,1,1.7270833333333333,1.3916666666666666,1.7312500000000002,53.181250000000006,1.6117916666666665,2.875,4.5,0.7916666666666666,2.177083333333333,0.3,54.16875,0.8860208333333335,3.0375000000000005,3.8,0.0,1.0,1.0,1,1.0,1.0,7.0,6.0,2.0,4.0
1732978800,Wolves,Bournemouth,1,1.4260330578512395,1.540909090909091,0.9801652892561985,42.83512396694215,1.2518842975206612,2.2739669421487605,4.5,1.2409090909090907,1.8760330578512396,0.8995867768595043,48.614876033057854,1.5888595041322315,3.0404958677685956,3.8,0.0,1.0,1.0,2,2.0,4.0,3.0,4.0,5.0,1.0
1732978800,Crystal Palace,Newcastle,1,0.8270491803278688,1.096311475409836,1.1270491803278688,42.855327868852456,1.3814754098360655,2.4290983606557375,4.5,1.3963114754098358,1.4270491803278686,1.35327868852459,55.34467213114755,1.6288811475409832,1.987295081967213,3.8,0.0,1.0,1.0,1,1.0,1.0,8.0,9.0,3.0,3.0
1732978800,Brentford,Leicester,1,2.776016260162602,1.8455284552845528,2.3260162601626018,50.802845528455286,2.353747967479675,1.8300813008130083,4.5,1.545528455284553,2.1760162601626014,1.0528455284552845,45.89715447154472,1.3742317073170731,2.5882113821138213,3.8,0.0,1.0,1.0,0,4.0,1.0,5.0,4.0,1.0,1.0
1732978800,Nottingham Forest,Ipswich,1,1.2810483870967742,1.094758064516129,1.4290322580645158,48.57258064516129,1.368306451612903,1.977016129032258,4.5,1.3947580645161288,1.8810483870967742,1.0504032258064515,41.377419354838715,1.1741814516129034,3.035080645161291,3.8,0.0,1.0,1.0,0,1.0,0.0,8.0,7.0,1.0,3.0
1732987800,West Ham,Arsenal,1,1.4299999999999997,1.5420000000000003,1.432,47.062,1.7884000000000002,2.7239999999999998,4.5,0.9420000000000002,1.2799999999999998,1.048,46.188,1.0347,3.0360000000000005,3.8,0.0,1.0,1.0,2,2.0,5.0,2.0,10.0,4.0,1.0
1733059800,Manchester United,Everton,1,1.2809523809523808,1.5492063492063495,1.4289682539682538,48.39166666666666,1.3667142857142855,3.176984126984127,4.5,1.0992063492063493,1.130952380952381,1.0515873015873016,42.30833333333333,1.2972142857142859,2.2829365079365083,3.8,0.0,1.0,1.0,0,4.0,0.0,2.0,2.0,2.0,3.0
1733059800,Tottenham,Fulham,1,2.1858267716535433,1.2464566929133858,1.7318897637795276,55.46102362204725,1.9281062992125984,2.4259842519685035,4.5,1.3964566929133857,1.1358267716535433,1.499212598425197,53.83897637795276,1.529712598425197,1.9838582677165355,3.8,0.0,1.0,1.0,1,1.0,1.0,7.0,11.0,0.0,1.0
1733059800,Chelsea,Aston Villa,1,1.734765625,1.245703125,1.730859375,52.912499999999994,2.22644921875,4.071093749999999,4.5,1.5457031250000002,1.884765625,1.3488281249999998,47.3875,1.4281875,2.7308593749999996,3.8,0.0,1.0,1.0,0,3.0,0.0,3.0,4.0,2.0,2.0
1733068800,Liverpool,Manchester City,1,1.7375968992248063,0.7930232558139534,2.1837209302325578,54.889147286821704,1.697081395348837,2.12015503875969,4.5,1.5430232558139536,1.437596899224806,1.3465116279069766,62.2108527131783,1.7309767441860466,2.27984496124031,3.8,0.0,1.0,1.0,0,2.0,0.0,7.0,4.0,1.0,3.0
1733254200,Ipswich,Crystal Palace,1,1.1384615384615384,1.3903846153846153,0.9865384615384616,47.07692307692308,1.229826923076923,2.5673076923076925,4.5,1.2403846153846154,1.5884615384615386,0.7442307692307693,45.42307692307692,1.2680192307692308,1.9807692307692308,3.8,0.0,1.0,1.0,2,0.0,1.0,4.0,7.0,2.0,4.0
1733256900,Leicester,West Ham,1,1.1354961832061068,1.5396946564885499,0.9835877862595421,51.88396946564885,0.9726374045801527,3.3164122137404584,4.5,1.0896946564885497,1.7354961832061069,1.047709923664122,46.166030534351144,0.8546030534351146,2.583587786259542,3.8,0.0,1.0,1.0,0,3.0,1.0,3.0,9.0,2.0,2.0
1733340600,Manchester City,Nottingham Forest,1,1.5882575757575759,1.6890151515151515,1.8863636363636362,58.162499999999994,2.0581098484848486,2.565530303030303,4.5,1.3890151515151512,1.4382575757575755,1.4954545454545456,37.1875,1.0559242424242423,3.4825757575757574,3.8,0.0,1.0,1.0,0,3.0,0.0,8.0,2.0,2.0,4.0
1733340600,Everton,Wolves,1,1.1409774436090225,1.086466165413534,1.2890977443609022,45.2921052631579,1.2360827067669171,1.5146616541353382,4.5,1.986466165413534,2.1909774436090226,1.0432330827067668,48.55789473684211,1.0835413533834588,3.035338345864662,3.8,0.0,1.0,1.0,0,4.0,0.0,3.0,4.0,2.0,0.0
1733340600,Southampton,Chelsea,1,1.2955223880597013,1.833955223880597,0.9917910447761196,49.03022388059702,1.5739402985074626,3.1638059701492534,4.5,1.5339552238805971,0.9955223880597015,1.791044776119403,55.619776119402985,1.5069850746268658,3.3305970149253734,3.8,0.0,1.0,1.0,2,1.0,5.0,5.0,7.0,1.0,0.0
1733340600,Newcastle,Liverpool,1,0.9944444444444445,1.0907407407407408,1.4388888888888887,45.720370370370375,1.5453148148148148,2.861111111111111,4.5,1.990740740740741,1.1444444444444444,2.2444444444444445,55.47962962962963,1.7965555555555557,2.4259259259259256,3.8,0.0,1.0,1.0,1,3.0,3.0,5.0,6.0,2.0,5.0
1733343300,Aston Villa,Brentford,1,1.7470588235294118,1.24375,1.7378676470588237,58.60330882352941,1.7981654411764705,2.860294117647059,4.5,0.9437500000000001,1.7470588235294118,0.44411764705882356,45.59669117647059,0.9906911764705884,1.3805147058823528,3.8,0.0,1.0,1.0,0,3.0,1.0,10.0,5.0,2.0,2.0
1733343300,Arsenal,Manchester United,1,2.3496350364963505,1.243065693430657,2.0405109489051094,54.70109489051096,2.155124087591241,2.4094890510948903,4.5,1.093065693430657,0.8496350364963503,1.191970802919708,55.34890510948905,1.5540583941605841,2.4295620437956202,3.8,0.0,1.0,1.0,0,2.0,0.0,13.0,0.0,1.0,3.0
1733427000,Fulham,Brighton,1,1.6003623188405798,1.8405797101449275,1.4431159420289854,53.50072463768116,1.6115724637681157,3.006884057971015,4.5,1.3905797101449273,1.6003623188405798,1.339855072463768,51.29927536231884,1.2429673913043477,2.2804347826086957,3.8,0.0,1.0,1.0,0,3.0,1.0,5.0,6.0,2.0,2.0
1733429700,Bournemouth,Tottenham,1,1.6028776978417267,1.0899280575539567,1.7456834532374101,44.48776978417266,1.7057913669064746,2.5561151079136692,4.5,1.8399280575539567,1.3028776978417265,1.1877697841726618,56.562230215827334,1.907654676258993,2.879496402877698,3.8,0.0,1.0,1.0,0,1.0,0.0,5.0,9.0,2.0,2.0
1733583600,Crystal Palace,Manchester City,1,0.6682539682539683,0.9222222222222223,1.1317460317460317,39.74285714285714,1.2544444444444443,2.8714285714285714,4.5,1.0777777777777777,1.6015873015873017,0.8761904761904762,60.87936507936508,1.4151269841269845,2.425396825396825,3.8,0.0,1.0,1.0,1,2.0,2.0,6.0,8.0,1.0,2.0
1733583600,Brentford,Newcastle,1,3.0022064617809296,1.8565799842395587,2.3752561071710008,54.33664302600473,2.3257368006304175,1.6247438928289992,4.5,1.2343577620173365,1.4466509062253743,1.0315208825847124,55.61891252955083,1.4137084318360917,1.957919621749409,3.8,0.0,1.0,1.0,0,4.0,2.0,3.0,4.0,3.0,0.0
1733583600,Aston Villa,Southampton,1,1.7615023474178404,1.07981220657277,1.7552425665101723,55.10516431924883,1.8553082942097023,3.0256651017214398,4.5,0.7687010954616589,1.9170579029733958,0.40751173708920185,52.05039123630673,0.790112676056338,3.5095461658841938,3.8,0.0,1.0,1.0,0,1.0,0.0,14.0,1.0,1.0,3.0
1733592600,Manchester United,Nottingham Forest,1,1.916083916083916,1.0777000777000776,1.912975912975913,49.34514374514375,1.314980574980575,2.867909867909868,4.5,1.2332556332556333,1.916083916083916,1.027972027972028,37.277078477078476,1.115171717171717,3.51033411033411,3.8,0.0,1.0,1.0,2,2.0,3.0,5.0,3.0,0.0,2.0
1733666400,Fulham,Arsenal,1,1.9166666666666667,1.8580246913580247,1.7549382716049384,51.71111111111111,1.4735740740740741,3.019753086419753,4.5,1.5469135802469136,1.6055555555555556,1.0308641975308641,49.84444444444445,1.475246913580247,2.73179012345679,3.8,0.0,1.0,1.0,1,1.0,1.0,0.0,6.0,4.0,2.0
1733666400,Leicester,Brighton,1,1.4490421455938696,1.3908045977011494,1.4429118773946359,48.88659003831418,1.090183908045977,3.022222222222222,4.5,1.3908045977011494,1.9157088122605364,1.1862068965517243,50.33563218390805,1.180727969348659,2.264367816091954,3.8,0.0,1.0,1.0,1,2.0,2.0,4.0,5.0,1.0,2.0
1733666400,Ipswich,Bournemouth,1,0.9829528158295282,1.391780821917808,0.8197869101978691,47.64992389649924,1.220353120243531,2.5534246575342463,4.5,1.391780821917808,1.9162861491628616,0.8748858447488584,46.59452054794521,1.7721156773211568,3.0414003044140028,3.8,0.0,1.0,1.0,2,1.0,2.0,6.0,13.0,2.0,1.0
1733675400,Tottenham,Chelsea,1,2.382010582010582,1.23718820861678,1.906273620559335,53.55056689342403,1.9509886621315191,1.619501133786848,4.5,2.170521541950113,1.1375661375661377,1.8110355253212396,54.07165532879819,2.2432411186696903,2.105820105820106,3.8,0.0,1.0,1.0,2,3.0,4.0,5.0,10.0,2.0,3.0
1733774400,West Ham,Wolves,1,1.6063063063063063,1.8633633633633633,1.437237237237237,48.08978978978979,1.9217807807807805,2.8633633633633635,4.5,1.8633633633633633,2.695195195195195,0.8804804804804804,49.887987987987984,1.0880960960960961,2.417717717717718,3.8,0.0,1.0,1.0,0,2.0,1.0,11.0,0.0,5.0,4.0
1734188400,Newcastle,Leicester,1,1.1401938851603282,1.3961222967934377,1.128262490678598,46.540492170022375,1.5847501864280384,2.5561521252796418,4.5,1.3961222967934377,2.540193885160328,0.8787472035794184,46.92617449664429,1.3604489187173752,2.264429530201342,3.8,0.0,1.0,1.0,0,4.0,0.0,5.0,2.0,3.0,3.0
1734188400,Wolves,Ipswich,1,1.6103703703703705,1.8607407407407408,0.9748148148148148,44.22074074074074,1.121274074074074,2.5570370370370368,4.5,1.394074074074074,2.0770370370370372,0.8770370370370371,44.89037037037037,1.2155703703703704,3.042962962962963,3.8,0.0,1.0,1.0,2,1.0,2.0,7.0,3.0,2.0,2.0
1734188400,Liverpool,Fulham,1,2.076085356880059,0.6172185430463576,2.683590875643856,51.071228844738776,2.1147137601177337,1.6231052244297275,4.5,1.3949963208241352,1.1427520235467254,1.5019867549668873,53.75099337748344,1.6430905077262694,1.6422369389256803,3.8,0.0,1.0,1.0,1,2.0,2.0,5.0,4.0,3.0,4.0
1734188400,Arsenal,Everton,1,2.5432748538011696,1.0847953216374269,2.371637426900585,56.99853801169591,2.1900847953216376,1.7795321637426902,4.5,0.7736842105263158,1.2988304093567251,1.0350877192982457,44.090350877192975,1.252421052631579,2.111111111111111,3.8,0.0,1.0,1.0,1,0.0,0.0,8.0,2.0,0.0,3.0
1734197400,Nottingham Forest,Aston Villa,1,1.2964415395787945,0.9272331154684096,1.7485838779956429,47.39331880900509,1.4614582425562817,1.6204793028322437,4.5,1.2383442265795206,2.229774872912128,0.8793028322440087,46.38445896877269,1.3874466230936822,2.2673928830791574,3.8,0.0,1.0,1.0,0,2.0,1.0,4.0,3.0,0.0,1.0
1734271200,Brighton,Crystal Palace,1,1.9191919191919191,1.548917748917749,1.7506493506493508,50.65974025974026,1.6172034632034633,2.55036075036075,4.5,1.2378066378066377,1.4525252525252523,1.0331890331890332,46.695815295815294,1.4420836940836939,2.2652236652236653,3.8,0.0,1.0,1.0,2,1.0,3.0,8.0,5.0,1.0,4.0
1734280200,Manchester City,Manchester United,1,1.7627240143369176,1.5512544802867383,1.9039426523297491,60.32544802867384,2.115605734767025,2.392831541218638,4.5,0.6179211469534049,1.1405017921146954,0.7247311827956989,54.6078853046595,1.1774480286738351,2.2673835125448027,3.8,0.0,1.0,1.0,2,1.0,2.0,8.0,2.0,1.0,1.0
1734289200,Chelsea,Brentford,1,2.072934472934473,1.0854700854700854,2.0572649572649575,53.17236467236467,2.147282051282051,3.790883190883191,4.5,0.9299145299145299,1.9173789173789173,0.41623931623931626,46.20541310541311,0.9855783475783476,1.4874643874643874,3.8,0.0,1.0,1.0,0,2.0,1.0,8.0,5.0,2.0,2.0
1734289200,Southampton,Tottenham,1,1.451238499646143,2.1738145789101204,0.970417551309271,49.14451521585279,1.6441160651096958,3.168152866242038,4.5,1.7071479122434536,1.1401273885350318,1.1923566878980891,56.61104033970277,1.8679193205944797,2.575654635527247,3.8,0.0,1.0,1.0,2,0.0,5.0,2.0,5.0,1.0,3.0
1734379200,Bournemouth,West Ham,1,1.760056258790436,0.9344585091420534,2.2126582278481015,44.62165963431786,2.0100956399437413,1.9218002812939523,4.5,1.090014064697609,2.071167369901547,0.8838255977496484,48.5338959212377,1.2083122362869199,2.420815752461322,3.8,0.0,1.0,1.0,1,1.0,1.0,12.0,6.0,0.0,2.0
1734784200,Aston Villa,Manchester City,1,1.4432704402515721,0.9205031446540881,1.7506918238993712,54.38037735849056,1.9507522012578615,2.7066666666666666,4.5,1.240503144654088,1.7632704402515724,0.8752201257861636,62.099622641509434,1.5067396226415095,2.09811320754717,3.8,0.0,1.0,1.0,0,2.0,1.0,5.0,4.0,3.0,3.0
1734793200,West Ham,Brighton,1,1.92375,1.56,1.9125,48.292500000000004,1.9459874999999998,2.8675,4.5,1.4,1.6037500000000002,1.3537499999999998,48.0275,1.2487,2.25875,3.8,0.0,1.0,1.0,1,1.0,1.0,8.0,4.0,2.0,2.0
1734793200,Brentford,Nottingham Forest,1,3.5229813664596277,2.0395031055900623,2.7118012422360254,52.447204968944106,2.4815751552795033,1.747080745341615,4.5,1.399503105590062,1.9229813664596274,1.3535403726708073,36.6727950310559,1.0177540372670806,2.898136645962733,3.8,0.0,1.0,1.0,2,0.0,2.0,9.0,5.0,3.0,4.0
1734793200,Ipswich,Newcastle,1,0.8009876543209875,1.4002469135802467,0.6298765432098765,47.50419753086419,1.2308395061728394,2.2279012345679012,4.5,1.4002469135802467,1.6009876543209878,1.0358024691358025,54.89580246913581,1.4075654320987654,1.94,3.8,0.0,1.0,1.0,2,0.0,4.0,2.0,1.0,2.0,0.0
1734802200,Crystal Palace,Arsenal,1,0.9590184049079755,1.2434355828220858,1.1079754601226994,39.33398773006135,1.2921055214723924,2.547484662576687,4.5,1.4034355828220857,1.4390184049079753,1.038036809815951,56.66601226993865,1.7015386503067487,2.096932515337423,3.8,0.0,1.0,1.0,2,1.0,5.0,3.0,3.0,2.0,2.0
1734876000,Leicester,Wolves,1,1.5982926829268296,1.5678048780487805,1.4260975609756095,48.28390243902439,1.1768585365853657,3.0270731707317076,4.5,1.8878048780487804,2.558292682926829,0.8802439024390245,49.636097560975614,1.2345560975609757,2.096341463414634,3.8,0.0,1.0,1.0,2,0.0,3.0,6.0,1.0,2.0,0.0
1734876000,Everton,Chelsea,1,1.4404040404040404,0.632996632996633,1.738047138047138,44.609427609427605,1.0716161616161615,1.4518518518518517,4.5,2.3696969696969696,1.5963636363636367,1.8424242424242425,56.35151515151516,2.373418181818182,2.2533333333333334,3.8,0.0,1.0,1.0,1,0.0,0.0,2.0,5.0,4.0,1.0
1734876000,Fulham,Southampton,1,1.5944578313253013,1.8879518072289156,1.423614457831325,50.97807228915663,1.1223397590361446,2.70867469879518,4.5,0.6079518072289156,1.5944578313253013,0.40216867469879514,50.94192771084338,0.7347566265060241,3.211566265060241,3.8,0.0,1.0,1.0,1,0.0,0.0,6.0,5.0,1.0,3.0
1734876000,Manchester United,Bournemouth,1,2.232574850299401,1.0862275449101797,1.902994011976048,54.50634730538923,1.4014538922155686,2.067065868263473,4.5,1.7262275449101798,1.5925748502994015,1.3619161676646705,49.01365269461078,2.1398083832335333,2.5722155688622754,3.8,0.0,1.0,1.0,2,0.0,3.0,13.0,1.0,1.0,3.0
1734885000,Tottenham,Liverpool,1,2.3907142857142856,1.7280952380952381,1.4211904761904761,52.27809523809524,1.858245238095238,1.4254761904761903,4.5,2.0312169312169313,1.5896825396825398,1.9822751322751324,57.57989417989418,1.8452301587301592,3.0365079365079364,3.8,0.0,1.0,1.0,2,3.0,6.0,7.0,5.0,1.0,2.0
1735216200,Manchester City,Everton,1,1.5924260355029587,1.573491124260355,1.7394082840236686,56.60023668639053,1.9266319526627218,2.063905325443787,4.5,0.613491124260355,1.1124260355029585,1.0461538461538462,40.99976331360946,1.0939360946745564,2.2523076923076926,3.8,0.0,1.0,1.0,1,1.0,1.0,8.0,5.0,1.0,4.0
1735225200,Southampton,West Ham,1,1.271764705882353,2.8529411764705888,0.7788235294117647,47.17882352941176,1.3751882352941176,2.7023529411764704,4.5,1.092941176470588,2.071764705882353,0.8858823529411766,49.461176470588235,1.379423529411765,2.254117647058824,3.8,0.0,1.0,1.0,2,0.0,1.0,2.0,2.0,1.0,2.0
1735225200,Chelsea,Fulham,1,1.7499415204678364,0.9323976608187134,2.0570760233918133,56.62315789473684,1.8485309941520467,3.6608187134502925,4.5,1.5723976608187136,1.429941520467836,1.207953216374269,50.576842105263154,1.639101754385965,1.613567251461988,3.8,0.0,1.0,1.0,2,1.0,2.0,3.0,1.0,1.0,3.0
1735225200,Bournemouth,Crystal Palace,1,1.4293023255813952,0.9330232558139535,1.8953488372093024,46.219302325581396,2.116751162790697,1.5793023255813952,4.5,1.5730232558139536,1.2693023255813953,1.5300000000000002,42.5806976744186,1.671539534883721,2.8941860465116283,3.8,0.0,1.0,1.0,1,0.0,0.0,5.0,2.0,2.0,2.0
1735225200,Nottingham Forest,Tottenham,1,1.5875144508670522,0.9313294797687861,2.2147976878612714,48.78127167630058,1.6061826589595372,1.2589595375722542,4.5,2.0513294797687864,1.107514450867052,1.2097109826589594,56.33872832369943,1.544034682080925,2.57364161849711,3.8,0.0,1.0,1.0,0,1.0,0.0,2.0,7.0,3.0,4.0
1735225200,Newcastle,Aston Villa,1,1.5868965517241382,1.249655172413793,1.4165517241379308,49.877931034482756,1.9336137931034483,2.3797701149425285,4.5,1.089655172413793,2.226896551724138,0.7282758620689654,45.322068965517246,1.3306597701149427,2.2554022988505746,3.8,0.0,1.0,1.0,0,3.0,0.0,9.0,6.0,2.0,1.0
1735234200,Wolves,Manchester United,1,1.5885714285714287,1.888,0.9382857142857144,45.57257142857143,1.202125714285714,2.5394285714285716,4.5,0.928,1.2685714285714285,1.0468571428571427,51.70742857142857,1.2382514285714286,2.0937142857142854,3.8,0.0,1.0,1.0,0,2.0,0.0,4.0,4.0,2.0,4.0
1735243200,Liverpool,Leicester,1,1.9090909090909092,0.9263636363636365,2.38,51.49340909090908,2.132463636363636,1.8990909090909092,4.5,1.0863636363636364,2.549090909090909,0.8854545454545455,49.306590909090914,1.3395704545454545,2.0954545454545452,3.8,0.0,1.0,1.0,0,3.0,1.0,14.0,1.0,3.0,2.0
1735327800,Brighton,Brentford,1,1.7507344632768362,1.7258757062146894,1.5816949152542374,49.91457627118644,1.6095977401129942,2.2198870056497175,4.5,0.9258757062146894,1.7507344632768362,0.40406779661016945,43.84542372881356,1.1063887005649717,1.614915254237288,3.8,0.0,1.0,1.0,1,0.0,0.0,5.0,3.0,0.0,2.0
1735330500,Arsenal,Ipswich,1,1.9089887640449439,0.7642696629213482,2.061123595505618,57.60314606741573,1.6540539325842696,1.4173033707865168,4.5,1.5642696629213484,2.068988764044944,1.203820224719101,44.636853932584266,1.1332404494382025,2.7343820224719098,3.8,0.0,1.0,1.0,0,1.0,0.0,5.0,1.0,1.0,1.0
1735482600,Leicester,Manchester City,1,1.4257998984255966,2.056983240223464,0.9298120873539868,49.92981208735398,1.1659349923819198,2.705332656170645,4.5,1.0751650584052819,1.9167089893346878,0.3840528186896902,58.74291518537329,1.411152869476892,2.411579481970543,3.8,0.0,1.0,1.0,2,0.0,2.0,4.0,4.0,2.0,1.0
1735484400,Fulham,Bournemouth,1,1.4242424242424243,1.403030303030303,1.582828282828283,51.8969696969697,0.9627070707070706,2.3777777777777778,4.5,2.221212121212121,1.4242424242424243,1.8585858585858586,46.303030303030305,2.068868686868687,2.901010101010101,3.8,0.0,1.0,1.0,1,2.0,2.0,1.0,7.0,1.0,3.0
1735484400,Everton,Nottingham Forest,1,1.1071823204419888,0.44397790055248615,1.4205524861878451,42.10828729281768,1.075820994475138,1.73414364640884,4.5,1.5672526368658968,1.7519839276745355,1.6947262682069313,36.64701155198392,1.0140261175288798,2.901557006529382,3.8,0.0,1.0,1.0,2,0.0,2.0,5.0,4.0,4.0,1.0
1735484400,Tottenham,Wolves,1,2.2413586413586413,2.5496503496503498,0.9262737262737263,51.58461538461538,1.7551168831168829,1.3964035964035961,4.5,1.8951048951048952,1.7504495504495505,1.3692307692307693,47.924475524475525,1.2383136863136863,1.5910089910089908,3.8,0.0,1.0,1.0,1,2.0,2.0,5.0,5.0,1.0,2.0
1735484400,Crystal Palace,Southampton,1,1.0963735717834078,1.8956780923994039,1.0894187779433682,40.78201689021361,1.4366646795827123,2.2133134624937902,4.5,0.4229508196721311,1.0963735717834078,0.5508196721311476,51.19980129160457,0.6534813710879284,3.226924987580725,3.8,0.0,1.0,1.0,0,2.0,1.0,8.0,7.0,2.0,3.0
1735492500,West Ham,Liverpool,1,1.4241106719367589,1.5679841897233202,1.581818181818182,47.15928853754941,1.541806324110672,3.1948616600790514,4.5,2.6847826086956523,1.9065217391304348,2.0045652173913044,56.60478260869565,2.3505608695652174,2.890217391304348,3.8,0.0,1.0,1.0,2,0.0,5.0,2.0,6.0,0.0,0.0
1735587900,Ipswich,Chelsea,1,0.768058968058968,1.7351351351351352,0.5985257985257986,45.35479115479116,1.128211302211302,2.3744471744471745,4.5,2.226044226044226,1.2589680589680587,2.024078624078624,59.39066339066339,2.4237149877149875,1.915970515970516,3.8,0.0,1.0,1.0,0,2.0,0.0,4.0,7.0,4.0,4.0
1735587900,Aston Villa,Brighton,1,1.7503421309872924,1.0791788856304985,2.0727272727272728,52.85610948191594,2.142731182795699,3.0306940371456506,4.5,1.4064516129032258,1.7503421309872924,1.0410557184750733,50.25298142717497,1.2166862170087978,2.244770283479961,3.8,0.0,1.0,1.0,1,2.0,2.0,12.0,3.0,2.0,3.0
1735588800,Manchester United,Newcastle,1,1.914438502673797,1.407000486144871,1.4176956733106465,56.301798736023336,1.550536703937773,1.8849781234807974,4.5,2.061545940690326,1.5871657754010697,1.3681088964511425,53.35274671852213,1.455350510452115,1.5907632474477393,3.8,0.0,1.0,1.0,2,0.0,2.0,2.0,3.0,1.0,1.0
1735752600,Brentford,Arsenal,1,2.7311411992263057,1.8984526112185687,2.2344294003868472,55.813346228239844,1.9163984526112186,1.883752417794971,4.5,2.225725338491296,1.2584139264990328,1.5334622823984527,57.9321083172147,2.067872340425532,2.243907156673114,3.8,0.0,1.0,1.0,2,1.0,3.0,4.0,3.0,1.0,2.0
1735993800,Tottenham,Newcastle,1,1.9197530864197532,2.741622574955908,0.5802469135802468,51.07936507936508,1.724400352733686,1.2089947089947088,4.5,2.241622574955908,1.2530864197530864,1.8738977072310405,52.920634920634924,1.4760141093474428,1.2398589065255732,3.8,0.0,1.0,1.0,2,1.0,2.0,9.0,10.0,1.0,4.0
1736002800,Bournemouth,Everton,1,1.0937799043062202,0.9186602870813397,1.5770334928229666,46.65645933014354,2.066717703349282,1.7177033492822968,4.5,0.42775119617224877,1.2574162679425838,0.7186602870813397,38.94354066985646,0.9026698564593301,2.7358851674641147,3.8,0.0,1.0,1.0,0,1.0,0.0,9.0,3.0,2.0,2.0
1736002800,Southampton,Brentford,1,0.9296525464064731,2.553641123274631,0.7603046168491194,49.118134221799146,1.242225606853879,2.0447405997144217,4.5,0.7536411232746311,1.420561637315564,0.5538315088053308,42.372774869109946,1.1360209424083771,1.5900047596382674,3.8,0.0,1.0,1.0,2,0.0,5.0,2.0,2.0,2.0,0.0
1736002800,Manchester City,West Ham,1,1.2554924242424241,1.4115530303030304,1.4134469696969696,58.118560606060605,2.013354166666666,1.880871212121212,4.5,1.084280303030303,1.4191287878787877,1.3736742424242423,49.89962121212122,1.5480208333333336,2.078598484848485,3.8,0.0,1.0,1.0,0,4.0,1.0,7.0,1.0,2.0,1.0
1736002800,Crystal Palace,Chelsea,1,1.2530224525043177,2.0768566493955096,1.0803108808290156,42.59671848013817,1.6381865284974093,1.8739205526770293,4.5,2.0768566493955096,1.4196891191709846,1.874784110535406,63.236614853195164,2.597322970639033,2.237478411053541,3.8,0.0,1.0,1.0,1,1.0,1.0,6.0,6.0,0.0,2.0
1736002800,Aston Villa,Leicester,1,1.9192439862542956,1.243127147766323,2.079896907216495,53.419243986254294,2.144415807560137,2.2053264604811,4.5,0.7561387066541705,2.7300843486410495,0.3904404873477038,44.83355201499531,0.87201686972821,1.9132146204311153,3.8,0.0,1.0,1.0,0,2.0,1.0,6.0,2.0,0.0,1.0
1736011800,Brighton,Arsenal,1,1.2578088578088578,1.4102564102564101,1.252214452214452,52.721678321678326,1.5304289044289041,1.8764568764568765,4.5,2.7427350427350428,1.252991452991453,2.0401709401709405,55.57179487179487,2.2263333333333337,1.9025641025641025,3.8,0.0,1.0,1.0,1,1.0,1.0,2.0,5.0,2.0,3.0
1736085600,Fulham,Ipswich,1,1.41921768707483,1.5756802721088436,1.2474489795918366,49.256802721088434,0.9026700680272107,2.203231292517007,4.5,1.4098330241187385,1.584601113172542,1.2072356215213358,42.04712430426716,1.0489740259740261,2.730612244897959,3.8,0.0,1.0,1.0,1,2.0,2.0,9.0,2.0,1.0,5.0
1736094600,Liverpool,Manchester United,1,2.075957544993078,0.919427780341486,2.3967697277341946,55.846331333640975,2.1347891093677895,1.711490539916936,4.5,0.919427780341486,1.5850484540839873,0.8797415782187357,52.17185048454084,1.2160627595754498,1.9148131056760498,3.8,0.0,1.0,1.0,1,2.0,2.0,5.0,9.0,2.0,4.0
1736193600,Wolves,Nottingham Forest,1,1.749127640036731,1.574471992653811,1.4145087235996328,50.28484848484849,1.1704646464646462,2.2022038567493114,4.5,1.40993265993266,1.5867003367003367,1.7062289562289563,36.388888888888886,0.9690993265993266,2.5732323232323235,3.8,0.0,1.0,1.0,2,0.0,3.0,5.0,3.0,1.0,2.0
1736883000,West Ham,Fulham,1,1.085427135678392,2.2445561139028474,1.0787269681742044,47.619765494137354,1.0975879396984924,2.3676716917922946,4.5,1.5758793969849247,1.0931932389218821,1.6993147555961627,52.3238921882138,1.509325719506624,1.9158519872087711,3.8,0.0,1.0,1.0,0,3.0,2.0,0.0,3.0,3.0,3.0
1736883000,Brentford,Manchester City,1,2.2533333333333334,1.9116666666666666,1.7466666666666666,53.61416666666667,1.2903833333333332,2.035,4.5,1.2449999999999999,1.586666666666667,0.8733333333333333,55.88583333333334,1.368466666666667,2.4066666666666667,3.8,0.0,1.0,1.0,1,2.0,2.0,4.0,5.0,0.0,0.0
1736883000,Chelsea,Bournemouth,1,1.7495251017639077,1.0859339665309813,1.9050203527815468,53.71940298507462,1.6304848484848486,2.854364540931705,4.5,2.412106135986733,1.5870646766169156,1.873134328358209,47.05721393034826,2.3657131011608623,2.4046434494195688,3.8,0.0,1.0,1.0,1,2.0,2.0,9.0,3.0,2.0,3.0
1736884800,Nottingham Forest,Liverpool,1,1.5863186318631866,0.9227722772277228,2.231863186318632,45.54329432943294,1.4987524752475245,1.3814581458145814,4.5,3.3773177317731777,1.9135913591359137,2.0250225022502253,54.456705670567054,2.665485148514852,2.569216921692169,3.8,0.0,1.0,1.0,1,1.0,1.0,0.0,9.0,2.0,1.0
1736969400,Newcastle,Wolves,1,2.076757725033587,1.0859829825347067,1.9041648007165248,50.43296014330497,2.0588687863860278,2.3630989699955216,4.5,1.9121510673234812,1.7536945812807883,1.3727422003284073,48.40311986863711,1.1343431855500823,1.4039408866995073,3.8,0.0,1.0,1.0,0,3.0,0.0,4.0,2.0,0.0,2.0
1736969400,Leicester,Crystal Palace,1,1.2549019607843137,1.9109477124183007,0.9133986928104576,48.27205882352941,1.244550653594771,2.197712418300654,4.5,1.5755793226381463,1.0962566844919786,1.6964349376114083,42.03048128342246,1.59274688057041,2.731194295900178,3.8,0.0,1.0,1.0,2,0.0,2.0,4.0,3.0,0.0,0.0
1736969400,Everton,Aston Villa,1,1.0949002217294899,0.7578713968957871,1.2496674057649666,47.17516629711752,1.0972372505543235,2.1955654101995568,4.5,0.5942350332594235,2.5676274944567625,0.22527716186252766,43.333924611973394,1.1120221729490023,1.5835920177383591,3.8,0.0,1.0,1.0,2,0.0,1.0,8.0,5.0,2.0,1.0
1736971200,Arsenal,Tottenham,1,1.584466019417476,0.5938217122683143,2.0665489849955874,59.283671668137686,1.4928331862312443,1.5408649602824358,4.5,1.7392762577228598,0.7662842012356574,1.20864960282436,58.22541924095322,1.476755516328332,2.8914386584289495,3.8,0.0,1.0,1.0,0,2.0,1.0,10.0,4.0,3.0,1.0
1737055800,Ipswich,Brighton,1,0.9194847020933978,1.5772946859903383,0.9122383252818036,42.27858293075684,1.2141465378421898,2.029790660225443,4.5,1.5772946859903383,1.752818035426731,1.2069243156199678,48.388083735909824,1.2375201288244768,2.566022544283414,3.8,0.0,1.0,1.0,2,0.0,2.0,1.0,9.0,2.0,2.0
1737057600,Manchester United,Southampton,1,1.751602564102564,1.577724358974359,1.2443910256410255,57.60817307692308,1.366426282051282,1.029647435897436,4.5,0.5777243589743589,1.251602564102564,0.5416666666666666,53.05849358974359,0.7671714743589744,3.2323717948717947,3.8,0.0,1.0,1.0,0,3.0,1.0,4.0,4.0,1.0,3.0
1737203400,Newcastle,Bournemouth,1,2.4194577352472093,1.0773524720893142,1.912280701754386,54.61562998405103,2.3312200956937796,1.6953748006379585,4.5,2.4252484357747517,1.417960986382039,2.052926021347074,46.17018770702981,2.138412955465587,2.2303275671696725,3.8,0.0,1.0,1.0,2,1.0,4.0,7.0,6.0,1.0,6.0
1737212400,West Ham,Crystal Palace,1,1.586813186813187,2.5963369963369964,1.4102564102564104,46.72527472527472,1.1099194139194137,2.7025641025641027,4.5,1.5793650793650795,0.7523809523809524,2.0420634920634924,41.88095238095238,1.481293650793651,2.4023809523809523,3.8,0.0,1.0,1.0,2,0.0,2.0,2.0,4.0,3.0,0.0
1737212400,Leicester,Fulham,1,1.078016769959898,1.91979584396646,0.9014947138169888,51.63536274152388,1.3374232592052495,1.5185563251913963,4.5,1.7464454976303316,1.4178515007898893,1.543443917851501,51.711690363349135,1.6195576619273304,2.400473933649289,3.8,0.0,1.0,1.0,2,0.0,2.0,5.0,2.0,3.0,1.0
1737212400,Brentford,Liverpool,1,2.0923076923076924,1.9201741654571842,1.4081277213352685,52.47300435413643,1.451689404934688,1.688388969521045,4.5,3.24685534591195,1.75,2.044811320754717,57.22091194968553,2.8868396226415096,2.39937106918239,3.8,0.0,1.0,1.0,2,0.0,2.0,2.0,15.0,2.0,3.0
1737221400,Arsenal,Aston Villa,1,1.5821596244131457,0.4139280125195618,2.407668231611894,60.76995305164319,1.5763223787167449,1.6956181533646324,4.5,0.5805946791862284,1.915492957746479,0.7128325508607198,43.39671361502348,1.0000860719874805,1.7331768388106417,3.8,0.0,1.0,1.0,1,2.0,2.0,10.0,1.0,2.0,3.0
1737295200,Everton,Tottenham,1,0.9158878504672897,0.7476635514018691,1.07398753894081,48.781931464174455,1.142795950155763,2.3621495327102804,4.5,1.9143302180685358,0.9158878504672897,1.2126168224299065,55.218068535825545,1.486456386292835,2.4003115264797508,3.8,0.0,1.0,1.0,0,3.0,2.0,3.0,8.0,2.0,1.0
1737295200,Manchester United,Brighton,1,1.7542039355992844,1.7520572450805008,1.2386404293381037,59.23363148479427,1.81161717352415,1.1803220035778175,4.5,1.5828264758497317,1.5849731663685154,1.2107334525939177,49.90483005366726,1.2418998211091234,2.2300536672629696,3.8,0.0,1.0,1.0,2,1.0,3.0,4.0,2.0,3.0,3.0
1737295200,Nottingham Forest,Southampton,1,1.25,1.0825617283950617,1.9074074074074074,41.4375,1.183009259259259,1.529320987654321,4.5,0.7377492877492877,1.4153846153846155,0.535042735042735,47.87307692307692,0.908880341880342,3.076638176638177,3.8,0.0,1.0,1.0,0,3.0,2.0,2.0,8.0,0.0,4.0
1737304200,Ipswich,Manchester City,1,0.7395249911378944,1.753491669620702,0.7310173697270471,43.15370436015597,0.9843431407302374,2.36398440269408,4.5,1.4150301311591635,1.5856788372917405,1.0418291386033323,55.15398794753634,1.3501970932293512,1.893158454448777,3.8,0.0,1.0,1.0,2,0.0,6.0,4.0,7.0,0.0,1.0
1737403200,Chelsea,Wolves,1,1.75,1.253058103975535,1.574159021406728,54.919724770642205,1.775940366972477,2.1926605504587156,4.5,1.2489767113620325,2.0923076923076924,0.8738179251940721,48.05871559633027,1.1837967537050107,1.722935779816514,3.8,0.0,1.0,1.0,0,3.0,1.0,3.0,6.0,4.0,2.0
1737817200,Bournemouth,Nottingham Forest,1,0.9178082191780822,0.7526636225266361,1.5753424657534247,50.26255707762557,2.0404718417047185,1.6940639269406395,4.5,1.9255356515630488,1.077976817702845,2.2267650158061114,37.04994731296101,1.2714000702493853,2.568809272918862,3.8,0.0,1.0,1.0,0,5.0,0.0,3.0,9.0,2.0,3.0
1737817200,Wolves,Arsenal,1,1.4204545454545454,1.7515151515151515,1.2431818181818182,50.929545454545455,1.1705530303030303,2.193939393939394,4.5,2.7706293706293703,1.2496503496503495,2.056643356643357,56.34195804195804,2.129090909090909,2.0615384615384613,3.8,0.0,1.0,1.0,2,0.0,1.0,1.0,5.0,2.0,1.0
1737817200,Southampton,Newcastle,1,0.7526395173453997,3.4177978883861235,0.24208144796380085,46.76395173453997,1.1582503770739063,1.693815987933635,4.5,2.0933518969718063,1.248590323703446,1.8886181691611557,50.75635224504003,1.6092600069613643,1.7221023320570832,3.8,0.0,1.0,1.0,2,1.0,3.0,3.0,8.0,1.0,0.0
1737817200,Liverpool,Ipswich,1,2.085585585585586,1.0855855855855856,2.0743243243243246,56.59909909909909,2.3376351351351348,1.8596096096096095,4.5,1.2522522522522523,1.2522522522522523,1.3806306306306306,40.567567567567565,1.0958333333333334,3.0638138138138142,3.8,0.0,1.0,1.0,0,4.0,1.0,3.0,4.0,0.0,2.0
1737817200,Brighton,Everton,1,1.0874439461883407,1.2518684603886396,1.242152466367713,51.780269058295964,1.5629372197309412,1.6913303437967115,4.5,0.4185351270553064,1.2541106128550075,0.7130044843049327,39.8863976083707,0.7567937219730942,2.7301943198804186,3.8,0.0,1.0,1.0,2,0.0,1.0,9.0,1.0,4.0,4.0
1737826200,Manchester City,Chelsea,1,1.7529761904761905,1.5848214285714286,1.4077380952380953,58.127232142857146,1.8456398809523806,2.0260416666666665,4.5,1.9244505494505495,1.4181318681318682,1.5516483516483517,63.25178571428572,2.362340659340659,2.0597527472527473,3.8,0.0,1.0,1.0,0,3.0,1.0,2.0,3.0,3.0,2.0
1737900000,Tottenham,Leicester,1,1.9268376068376067,2.77025641025641,0.5620512820512821,49.61401709401709,1.6203008547008542,1.1784615384615384,4.5,0.7511111111111111,2.920740740740741,0.2133333333333333,41.534814814814816,0.6749851851851852,1.7311111111111113,3.8,0.0,1.0,1.0,2,1.0,2.0,6.0,4.0,1.0,5.0
1737900000,Crystal Palace,Brentford,1,1.418788291354663,1.924438393464942,1.2379850238257317,42.851735874744726,1.5623961878829136,1.6853641933287953,4.5,1.418141592920354,1.0870206489675516,1.0479351032448379,45.02728613569322,1.781755162241888,1.3997050147492625,3.8,0.0,1.0,1.0,2,1.0,2.0,4.0,7.0,2.0,2.0
1737909000,Aston Villa,West Ham,1,1.926126736699424,1.0786174178244663,2.4216197899017287,51.98759742460183,1.888675703151474,1.6852592341579127,4.5,1.2518355359765052,1.5866372980910426,1.382525697503671,49.36343612334801,1.7601615271659325,1.5660792951541849,3.8,0.0,1.0,1.0,1,1.0,1.0,4.0,3.0,2.0,3.0
1737918000,Fulham,Manchester United,1,1.587314439946019,1.2475033738191632,1.4059379217273955,51.64588394062078,1.0944952766531713,1.8543859649122807,4.5,1.0847953216374269,1.5862573099415207,1.0489766081871346,50.53362573099415,1.0017470760233917,2.3998538011695905,3.8,0.0,1.0,1.0,2,0.0,1.0,3.0,0.0,0.0,1.0
1738413000,Nottingham Forest,Brighton,1,1.586294927779644,0.9087000335908634,2.420356063150823,41.49217332885455,1.4154289553241517,1.345246892845146,4.5,1.9295071740486587,1.2444167186525266,1.7287585776668746,48.34298190892078,1.3181958827199003,2.3990018714909542,3.8,0.0,1.0,1.0,0,7.0,0.0,4.0,6.0,1.0,3.0
1738422000,Bournemouth,Liverpool,1,1.5899665551839466,0.4,2.082943143812709,49.60602006688963,2.0563545150501668,1.6829431438127092,4.5,3.1076923076923078,1.4207357859531773,2.0608695652173914,57.16321070234113,2.95723745819398,2.2301003344481605,3.8,0.0,1.0,1.0,2,0.0,2.0,3.0,3.0,2.0,3.0
1738422000,Newcastle,Fulham,1,2.6043290043290046,1.4157176157176157,1.9127539127539128,55.02024642024642,2.195127539127539,1.6828504828504829,4.5,1.754179154179154,1.4197136197136198,1.5543123543123545,51.24129204129204,1.6853593073593074,2.3997335997335996,3.8,0.0,1.0,1.0,2,1.0,2.0,3.0,7.0,4.0,4.0
1738422000,Ipswich,Southampton,1,0.7322660098522168,2.6149014778325124,0.7181034482758621,39.47426108374384,0.9906822660098522,2.020935960591133,4.5,0.9006157635467982,1.7608374384236454,0.35862068965517246,49.04002463054187,0.8814926108374386,3.0864532019704436,3.8,0.0,1.0,1.0,2,1.0,2.0,1.0,2.0,0.0,3.0
1738422000,Everton,Leicester,1,1.4190161769560912,1.0779135028062066,1.4031693628260151,44.69950478705844,1.2621056454275337,2.698052162429845,4.5,1.0779135028062066,2.6036315615714756,0.7103994717728623,39.7312644437108,0.8204146583030703,2.4011885110597557,3.8,0.0,1.0,1.0,0,4.0,0.0,5.0,6.0,0.0,0.0
1738431000,Wolves,Aston Villa,1,1.0821827744904668,1.9230769230769231,0.727284681130835,54.8508875739645,1.074844181459566,2.3581854043392503,4.5,0.9076923076923078,1.9283366206443129,0.8787639710716635,42.61065088757397,0.9347771203155819,1.7226824457593688,3.8,0.0,1.0,1.0,0,2.0,0.0,5.0,8.0,2.0,3.0
1738504800,Manchester United,Crystal Palace,1,1.2480243161094224,2.270516717325228,0.7191489361702128,57.97811550151975,1.8843890577507596,1.3325227963525836,4.5,1.5836333878887072,0.40556464811783965,2.400981996726678,44.48510638297873,1.4926088379705404,2.0615384615384613,3.8,0.0,1.0,1.0,2,0.0,2.0,11.0,0.0,3.0,1.0
1738504800,Brentford,Tottenham,1,1.4185230024213076,2.099394673123487,0.8897094430992737,48.90230024213076,1.160685230024213,1.8473365617433413,4.5,1.5839634941329859,1.4199478487614081,0.7097783572359844,59.19752281616688,1.2513859191655803,2.229856584093872,3.8,0.0,1.0,1.0,2,0.0,2.0,10.0,3.0,0.0,1.0
1738513800,Arsenal,Manchester City,1,1.4189548847776696,0.7381369685167153,2.0802986043492373,60.943070431678024,1.5995157416423236,1.5111327491074327,4.5,2.4425557564798073,1.246172393007836,1.5600964436407476,57.09572031344183,1.723810729355033,1.5411693791440628,3.8,0.0,1.0,1.0,0,5.0,1.0,5.0,2.0,2.0,0.0
1738612800,Chelsea,West Ham,1,2.098125404007757,1.2455074337427279,1.9120879120879122,57.38616677440207,2.0509903038138333,2.1879767291532,4.5,1.0762766645119586,1.7596638655462185,1.048480930833872,50.56767937944408,1.8480232708468005,2.058177117000646,3.8,0.0,1.0,1.0,0,2.0,1.0,4.0,3.0,3.0,1.0
1739388600,Everton,Liverpool,1,1.419964136282128,1.0705319784817693,1.405020920502092,45.1403466826061,1.5052635983263598,2.3607890017931856,4.5,2.956246264196055,0.9056784219964137,2.4156604901374776,55.88822474596533,3.067337716676629,1.8817692767483563,3.8,0.0,1.0,1.0,1,2.0,2.0,2.0,3.0,4.0,4.0
1739563200,Brighton,Chelsea,1,0.7448717948717949,1.2455128205128205,0.7282051282051282,56.71153846153846,1.297576923076923,1.8512820512820511,4.5,1.2422619047619048,1.763095238095238,1.0440476190476191,61.38214285714286,1.7502976190476194,2.3970238095238097,3.8,0.0,1.0,1.0,0,3.0,0.0,2.0,9.0,1.0,2.0
1739622600,Leicester,Arsenal,1,0.5639596917605217,2.0985180794309426,0.3771191464137523,51.63473621813871,1.180803793716657,1.6755186721991702,4.5,2.0985180794309426,0.9068168346176646,2.0718435091879077,54.365263781861294,1.6897854179016008,2.0539419087136928,3.8,0.0,1.0,1.0,2,0.0,2.0,3.0,7.0,2.0,1.0
1739631600,Manchester City,Newcastle,1,2.2678957406230134,1.0756516211061666,1.91290527654164,58.04602670057215,1.9092383979656706,1.8504767959313413,4.5,2.441676505312869,1.2487603305785124,2.2442739079102716,50.08583234946872,2.104630460448642,1.1959858323494688,3.8,0.0,1.0,1.0,0,4.0,0.0,7.0,4.0,0.0,1.0
1739631600,Southampton,Bournemouth,1,0.577144666033555,3.4439379550490656,0.2215891104779994,49.25324469768914,1.0616049382716048,1.3414371636593858,4.5,2.4407995296884186,1.2502057613168724,2.0720752498530275,46.99341563786008,1.9703750734861847,3.080893592004703,3.8,0.0,1.0,1.0,2,1.0,3.0,4.0,6.0,1.0,3.0
1739631600,Fulham,Nottingham Forest,1,1.0784543325526932,1.2416861826697891,0.8906323185011711,53.00327868852459,1.0906077283372366,1.5021077283372366,4.5,1.9274004683840749,1.4213114754098362,2.244496487119438,39.45386416861827,1.2828313817330212,2.395550351288056,3.8,0.0,1.0,1.0,0,2.0,1.0,8.0,4.0,0.0,0.0
1739631600,Aston Villa,Ipswich,1,1.5930029154518952,1.0699708454810497,2.091545189504373,51.46355685131196,1.6206822157434404,1.6723032069970847,4.5,1.0753532182103611,1.761695447409733,0.8778649921507065,39.7469387755102,0.8927441130298274,2.562951334379906,3.8,0.0,1.0,1.0,1,1.0,1.0,16.0,1.0,0.0,5.0
1739631600,West Ham,Brentford,1,1.2498257839721254,2.0982578397212546,1.405574912891986,49.078281068524966,0.8840360046457607,2.5282229965156797,4.5,1.7519699812382739,1.2536585365853659,1.3853658536585367,47.008005003126954,1.8533358348968105,1.7184490306441527,3.8,0.0,1.0,1.0,2,0.0,1.0,9.0,2.0,1.0,1.0
1739640600,Crystal Palace,Everton,1,1.4203585887796415,2.097975708502024,1.0618854829381146,42.39733950260266,1.4441746674378253,1.4990167727009833,4.5,0.56705076300218,1.2526938648396138,1.0479601370289628,36.341326689504825,0.6976592961694177,3.0714419184054815,3.8,0.0,1.0,1.0,2,1.0,2.0,6.0,2.0,0.0,1.0
1739714400,Liverpool,Wolves,1,2.4369727047146403,1.2442928039702232,2.0811414392059553,58.07853598014888,2.3410533498759305,1.8437965260545905,4.5,1.4125576036866359,1.9343317972350231,0.874078341013825,44.74135944700461,1.1890080645161292,2.0512672811059907,3.8,0.0,1.0,1.0,0,2.0,1.0,4.0,3.0,2.0,2.0
1739723400,Tottenham,Manchester United,1,1.9345955249569706,2.955134825014343,0.3762478485370052,51.31531841652324,1.6637464142283418,1.3263339070567985,4.5,1.0747605807846772,1.4218721037998148,1.3866543095458759,48.691195551436515,0.8971553907939451,2.5626814952116157,3.8,0.0,1.0,1.0,0,1.0,0.0,10.0,5.0,1.0,2.0
1739993400,Aston Villa,Liverpool,1,1.592,1.2373333333333334,1.752,56.52373333333333,1.644384,1.4906666666666666,4.5,2.2773333333333334,0.7253333333333333,2.081066666666667,58.556266666666666,2.214805333333333,2.2208,3.8,0.0,1.0,1.0,1,2.0,2.0,6.0,8.0,1.0,0.0
1740168000,Leicester,Brentford,1,0.20557768924302783,2.104276228419655,0.19176626826029214,49.071022576361216,0.9869731739707834,1.8367596281540504,4.5,1.754581673306773,0.7345475241889585,1.9009675583380763,45.25247581104155,1.968067159931702,1.5352305065452476,3.8,0.0,1.0,1.0,2,0.0,4.0,5.0,6.0,4.0,0.0
1740227400,Everton,Manchester United,1,1.7647619047619048,1.4122751322751323,1.4043386243386244,47.16285714285714,1.4890814814814815,2.3577777777777778,4.5,1.0702947845804989,1.2479591836734694,1.387641723356009,47.65408163265306,1.1144251700680274,2.3910430839002266,3.8,0.0,1.0,1.0,1,2.0,2.0,7.0,8.0,4.0,1.0
1740236400,Arsenal,West Ham,1,1.9339356295878034,0.8991530208921514,2.0901185770750987,60.39582156973461,1.3992128740824392,1.6701298701298701,4.5,1.0705815923207227,1.5910784867306607,1.0446075663466967,45.604178430265385,1.5304415584415587,1.8760022586109542,3.8,0.0,1.0,1.0,2,0.0,1.0,2.0,0.0,1.0,3.0
1740236400,Ipswich,Tottenham,1,0.7241994750656168,2.6256167979002627,0.71002624671916,41.791811023622046,1.0228188976377952,1.6648818897637794,4.5,1.9274465691788527,1.2473565804274465,1.2169853768278964,56.05163104611923,1.2439763779527562,2.0478065241844767,3.8,0.0,1.0,1.0,2,1.0,4.0,4.0,4.0,2.0,1.0
1740236400,Fulham,Crystal Palace,1,1.243921568627451,1.2402614379084966,1.2292810457516339,56.86666666666667,1.4351372549019608,0.7981699346405229,4.5,1.757422969187675,0.3899159663865547,2.4179271708683476,42.17142857142857,1.6555854341736695,1.5327731092436976,3.8,0.0,1.0,1.0,2,0.0,2.0,7.0,7.0,1.0,3.0
1740236400,Southampton,Brighton,1,0.5604910714285715,3.129129464285714,0.20200892857142863,49.26339285714286,0.9214598214285714,1.3260044642857143,4.5,1.5871875,2.1097916666666667,1.5642708333333333,51.4475,1.1991614583333334,2.5642708333333335,3.8,0.0,1.0,1.0,2,0.0,4.0,5.0,6.0,2.0,0.0
1740236400,Bournemouth,Wolves,1,1.416787103946637,0.7305169538632574,1.5726514730405783,52.00578098943858,1.693811006114508,1.66881600889383,4.5,1.4151491569390402,1.935667963683528,0.8718028534370946,45.381271076523994,1.1935673151750974,1.6963942931258107,3.8,0.0,1.0,1.0,2,0.0,1.0,6.0,7.0,3.0,3.0
1740245400,Aston Villa,Chelsea,1,1.588953488372093,1.4139534883720928,1.4003875968992248,57.97722868217054,1.4671346899224806,1.1356589147286822,4.5,0.5482170542635658,1.7615503875968992,0.5259948320413437,62.89095607235142,1.3568113695090442,2.216744186046512,3.8,0.0,1.0,1.0,0,2.0,1.0,2.0,3.0,1.0,3.0
1740319200,Newcastle,Nottingham Forest,1,2.273359073359073,1.2442360728075013,1.744180915609487,56.28891340319912,1.9697297297297296,2.011583011583012,4.5,1.5879536679536679,1.4151351351351351,1.7386357786357787,41.91701415701416,1.2116741312741313,2.043758043758044,3.8,0.0,1.0,1.0,0,4.0,3.0,7.0,6.0,1.0,4.0
1740328200,Manchester City,Liverpool,1,2.4461538461538463,1.0736263736263736,1.9164835164835166,57.49230769230769,1.8247637362637363,1.4967032967032967,4.5,1.7644230769230769,1.0653846153846154,1.741826923076923,57.59423076923076,2.1112548076923074,2.2168269230769235,3.8,0.0,1.0,1.0,2,0.0,2.0,7.0,5.0,0.0,0.0
1740511800,Wolves,Fulham,1,1.0738916256157636,1.245320197044335,1.2299945265462506,49.95774493705528,1.2654121510673233,1.838423645320197,4.5,1.9310344827586206,1.4167487684729063,1.905856595511768,51.756540777230434,1.6833388067870827,2.9036672140120414,3.8,0.0,1.0,1.0,2,1.0,2.0,7.0,4.0,1.0,3.0
1740511800,Crystal Palace,Aston Villa,1,1.2420356234096692,2.1092111959287534,0.8806106870229007,46.83185750636133,1.506529262086514,1.3153180661577608,4.5,0.9027262813522356,1.7593238822246455,0.8781897491821157,48.151581243184296,0.7937808069792803,1.87546346782988,3.8,0.0,1.0,1.0,0,4.0,1.0,3.0,8.0,3.0,1.0
1740511800,Brighton,Bournemouth,1,1.0749592612710483,1.0738728951656709,1.0586637696903858,53.21173275393808,1.2479239543726237,1.6669201520912549,4.5,2.6289480354879595,1.2432953105196451,2.085627376425856,46.5890494296578,1.6167427122940432,3.429759188846641,3.8,0.0,1.0,1.0,0,2.0,1.0,1.0,9.0,2.0,1.0
1740514500,Chelsea,Southampton,1,1.9323593073593073,1.4164502164502164,1.9166666666666667,58.1788961038961,2.05238961038961,2.3525974025974024,4.5,1.242020202020202,1.7635353535353535,0.8716161616161616,47.28636363636364,0.9910393939393941,3.0824242424242425,3.8,0.0,1.0,1.0,0,4.0,0.0,4.0,2.0,1.0,2.0
1740598200,Manchester United,Ipswich,1,0.8981132075471698,2.1079245283018873,0.709685534591195,57.39823899371069,1.8035320754716981,1.8352201257861636,4.5,1.2442048517520217,1.762264150943396,1.0474393530997306,34.2733153638814,0.8494609164420487,2.9024258760107813,3.8,0.0,1.0,1.0,0,3.0,2.0,5.0,6.0,4.0,4.0
1740598200,Tottenham,Manchester City,1,1.5921804511278195,2.2815037593984964,0.8838095238095238,54.275288220551374,1.548307769423559,1.1428571428571428,4.5,2.2815037593984964,1.7655137844611528,1.3902756892230577,54.738045112781954,1.6147127819548874,1.1764411027568922,3.8,0.0,1.0,1.0,2,0.0,1.0,8.0,3.0,3.0,0.0
1740598200,Nottingham Forest,Arsenal,1,2.6193686463349386,0.9013376136971644,2.431888710540396,40.01198501872659,1.7094906367041198,1.3249866238630283,4.5,2.2812484394506867,0.7247440699126092,2.431111111111111,53.34881398252185,1.5804064918851437,1.8686142322097377,3.8,0.0,1.0,1.0,1,0.0,0.0,3.0,11.0,1.0,1.0
1740598200,Brentford,Everton,1,0.7239800995024875,2.107164179104478,0.36288557213930345,50.629950248756224,1.2980129353233834,1.3161194029850747,4.5,0.9005330490405118,0.7328358208955225,1.561727078891258,36.510767590618336,0.7553592750533049,2.729957356076759,3.8,0.0,1.0,1.0,1,1.0,1.0,2.0,5.0,2.0,1.0
1740600900,Liverpool,Newcastle,1,2.446840148698885,1.4145512480084972,2.08858204992034,59.20414232607541,2.0225438130642592,2.010090281465746,4.5,2.106914498141264,1.243717472118959,2.2574473358116482,46.94280049566295,1.9389873605947958,1.3473110285006196,3.8,0.0,1.0,1.0,0,2.0,0.0,4.0,2.0,0.0,1.0
1740686400,West Ham,Leicester,1,0.8972839506172839,2.106172839506173,0.8834567901234568,49.94222222222222,0.8525777777777778,1.8350617283950617,4.5,0.8994708994708995,2.6185185185185187,0.7037037037037037,41.819047619047616,0.6844391534391536,2.2142857142857144,3.8,0.0,1.0,1.0,0,2.0,0.0,3.0,3.0,0.0,0.0
1741437000,Nottingham Forest,Manchester City,1,2.284182041820418,0.718769987699877,2.0975645756457566,37.29239852398524,1.4712654366543667,1.487380073800738,4.5,2.286346863468635,1.416420664206642,1.915129151291513,52.68837638376384,1.8066614391143916,0.6364391143911439,3.8,0.0,1.0,1.0,0,1.0,0.0,3.0,2.0,3.0,2.0
1741446000,Crystal Palace,Ipswich,1,1.7661764705882352,1.4106617647058823,1.4046874999999999,45.72748161764706,1.9828060661764701,1.4823529411764704,4.5,1.2380392156862745,2.110588235294118,0.522156862745098,35.67735294117647,0.8820450980392157,3.2520588235294117,3.8,0.0,1.0,1.0,0,1.0,0.0,5.0,4.0,4.0,3.0
1741446000,Liverpool,Southampton,1,2.456996336996337,1.063980463980464,2.4457631257631256,59.29802197802198,1.9535594627594626,1.4887912087912087,4.5,1.234981684981685,2.465934065934066,0.6889194139194139,46.745604395604396,1.0662087912087914,2.9116300366300365,3.8,0.0,1.0,1.0,0,3.0,1.0,6.0,4.0,2.0,1.0
1741446000,Brighton,Fulham,1,1.2443795620437956,0.7170802919708029,1.5798540145985402,49.42783454987834,1.4920048661800487,1.835425790754258,4.5,1.9304136253041362,1.2443795620437956,2.2542092457420924,51.95883211678832,1.7655883211678833,2.7317761557177613,3.8,0.0,1.0,1.0,0,2.0,1.0,3.0,7.0,0.0,2.0
1741455000,Brentford,Aston Villa,1,0.8918181818181818,1.9345454545454546,0.5318181818181819,48.53954545454546,1.4299909090909093,1.1322727272727273,4.5,0.8901818181818182,2.1112727272727274,0.8669090909090909,50.57115151515151,0.7773527272727273,1.864969696969697,3.8,0.0,1.0,1.0,2,0.0,1.0,6.0,5.0,2.0,2.0
1741464000,Wolves,Everton,1,1.0705314009661835,1.2366183574879228,1.2332367149758454,50.99323671497585,1.2714995169082128,1.661062801932367,4.5,1.0632850241545895,0.8971980676328501,1.5610628019323671,40.686763285024156,0.9679884057971015,2.384830917874396,3.8,0.0,1.0,1.0,1,1.0,1.0,5.0,5.0,2.0,2.0
1741528800,Chelsea,Leicester,1,2.283610108303249,1.2363898916967508,1.9263537906137185,57.933814681107094,2.1152490974729243,2.1810348977135985,4.5,0.8897232250300842,2.283610108303249,0.6942478941034897,41.89285198555957,0.7062676293622143,1.6913598074608904,3.8,0.0,1.0,1.0,0,1.0,0.0,12.0,2.0,1.0,0.0
1741528800,Tottenham,Bournemouth,1,1.0656474820143884,1.4084532374100718,0.8816546762589929,55.02814748201439,1.558892985611511,1.4817446043165465,4.5,2.2834532374100722,1.5906474820143885,1.562769784172662,49.52185251798561,1.5864235611510793,3.0846223021582735,3.8,0.0,1.0,1.0,1,2.0,2.0,3.0,6.0,3.0,3.0
1741537800,Manchester United,Arsenal,1,1.4158602150537634,1.9336917562724014,1.2314516129032258,54.857616487455196,1.5326272401433692,2.357168458781362,4.5,1.4086917562724013,0.5408602150537635,2.0876344086021508,54.59238351254481,1.250791218637993,1.6849462365591399,3.8,0.0,1.0,1.0,1,1.0,1.0,2.0,9.0,0.0,1.0
1741636800,West Ham,Newcastle,1,1.065625,1.933482142857143,1.23125,52.049107142857146,0.8501071428571427,1.4812499999999997,4.5,1.4084821428571428,1.5906250000000002,1.7375,43.575892857142854,1.5746473214285719,1.509375,3.8,0.0,1.0,1.0,2,0.0,1.0,3.0,4.0,0.0,1.0
1742050800,Manchester City,Brighton,1,2.2826097271648873,1.062158956109134,1.9259786476868328,60.01238434163701,1.7769134045077106,1.3123606168446025,4.5,2.1082740213523135,1.9399466192170818,1.9132562277580072,50.7508896797153,1.7269048042704627,2.2088078291814948,3.8,0.0,1.0,1.0,1,2.0,2.0,4.0,5.0,2.0,5.0
1742050800,Ipswich,Nottingham Forest,1,0.8901595744680851,2.633510638297872,0.7054078014184397,41.55310283687944,1.0948014184397163,1.6553191489361703,4.5,1.7585106382978724,2.1151595744680853,1.2131205673758867,43.04689716312057,1.3631959219858156,2.035017730496454,3.8,0.0,1.0,1.0,2,2.0,4.0,6.0,3.0,1.0,1.0
1742050800,Everton,West Ham,1,2.1153710247349826,1.4096289752650175,1.5797703180212015,42.605300353356895,1.6665468197879858,2.3548586572438164,4.5,1.0636042402826855,1.4163957597173145,1.3881272084805654,42.581012956419315,1.3600056537102474,2.036749116607774,3.8,0.0,1.0,1.0,1,1.0,1.0,6.0,5.0,1.0,2.0
1742050800,Southampton,Wolves,1,0.5494835680751173,2.9700469483568077,0.19154929577464785,50.660375586854464,0.7916544600938967,1.4846948356807512,4.5,1.059419014084507,1.9401408450704225,0.8637323943661972,46.89339788732394,1.3455105633802817,2.2093309859154933,3.8,0.0,1.0,1.0,2,1.0,2.0,5.0,1.0,0.0,0.0
1742059800,Bournemouth,Brentford,1,1.2425730994152047,0.7169590643274854,1.4042105263157896,51.01076023391813,1.4554339181286549,2.177076023391813,4.5,2.2769590643274853,0.37590643274853797,2.4287719298245616,47.6025730994152,1.957265497076024,1.1688888888888889,3.8,0.0,1.0,1.0,2,1.0,2.0,4.0,3.0,3.0,0.0
1742131800,Fulham,Tottenham,1,1.2396853146853148,1.5848776223776224,1.0533216783216783,57.83854895104895,1.3145192307692308,0.7789335664335665,4.5,1.7572027972027973,1.4156643356643357,1.2162237762237762,56.26554778554779,1.114608857808858,1.687832167832168,3.8,0.0,1.0,1.0,0,2.0,0.0,6.0,5.0,0.0,0.0
1742131800,Arsenal,Chelsea,1,1.9358885017421603,1.0631823461091754,1.924274099883856,58.990522648083626,1.396290824622532,1.8299186991869918,4.5,0.709233449477352,2.1148954703832756,0.33963414634146344,58.258885017421605,1.5511472125435541,2.5563588850174215,3.8,0.0,1.0,1.0,0,1.0,0.0,5.0,4.0,3.0,3.0
1742151600,Leicester,Manchester United,1,0.1896701388888889,2.28359375,0.1796875,48.03671875,0.9289322916666668,2.1784722222222226,4.5,1.0625,1.4156481481481482,1.0416666666666667,50.0275,0.8192814814814816,2.3804629629629632,3.8,0.0,1.0,1.0,2,0.0,3.0,6.0,4.0,2.0,0.0
1743533100,Arsenal,Fulham,1,1.9390138408304498,1.059256055363322,1.9290657439446366,54.337975778546706,1.2034956747404844,2.178460207612457,4.5,1.7592560553633216,1.4140138408304497,1.7397923875432526,50.912024221453294,1.613444636678201,2.5557093425605535,3.8,0.0,1.0,1.0,0,2.0,1.0,5.0,4.0,1.0,2.0
1743533100,Wolves,West Ham,1,0.8892241379310346,1.4090517241379308,0.8797413793103449,53.63793103448276,1.2511034482758618,1.6530172413793105,4.5,1.0590517241379311,1.5892241379310346,1.0392241379310345,42.51206896551724,1.1862801724137935,2.030603448275862,3.8,0.0,1.0,1.0,0,1.0,0.0,1.0,2.0,4.0,2.0
1743534000,Nottingham Forest,Manchester United,1,2.2890034364261167,0.7084192439862543,2.1054123711340207,37.358591065292096,1.4014432989690722,1.4788659793814432,4.5,1.5834192439862544,1.0640034364261168,1.5636597938144332,49.516408934707904,0.8730171821305844,1.6804982817869418,3.8,0.0,1.0,1.0,0,1.0,0.0,3.0,10.0,1.0,3.0
1743619500,Newcastle,Brentford,1,2.2813698630136985,1.7549771689497717,1.7531506849315068,56.02712328767123,1.8218502283105025,1.6569863013698631,4.5,2.632791095890411,0.5387842465753425,2.788099315068493,47.42457191780822,1.9196284246575344,0.8058219178082192,3.8,0.0,1.0,1.0,0,2.0,1.0,4.0,5.0,1.0,1.0
1743619500,Brighton,Aston Villa,1,1.5889931740614336,0.8825938566552902,1.931740614334471,48.54914675767918,1.5286843003412969,1.8279863481228669,4.5,1.05759385665529,1.5889931740614336,1.387542662116041,51.100853242320824,0.9414889078498296,2.0302901023890785,3.8,0.0,1.0,1.0,2,0.0,3.0,4.0,0.0,2.0,3.0
1743619500,Southampton,Crystal Palace,1,0.7133503401360545,3.158248299319728,0.18112244897959184,51.52627551020408,0.7776590136054422,1.3029761904761905,4.5,1.5821315192743763,0.200907029478458,2.427482993197279,42.58530612244898,1.479399546485261,1.3393197278911564,3.8,0.0,1.0,1.0,1,1.0,1.0,2.0,2.0,2.0,1.0
1743619500,Bournemouth,Ipswich,1,1.4131355932203389,1.0580508474576271,1.2309322033898304,52.2228813559322,1.487720338983051,2.3529661016949155,4.5,1.2330508474576272,2.1131355932203393,0.513135593220339,37.802118644067804,1.1074788135593219,3.6050847457627118,3.8,0.0,1.0,1.0,2,1.0,2.0,8.0,3.0,1.0,2.0
1743619500,Manchester City,Leicester,1,2.4629222972972973,1.233277027027027,1.930320945945946,59.05337837837838,1.7118589527027028,1.4775337837837836,4.5,0.7082770270270271,1.9379222972972974,0.6888513513513513,43.921621621621625,0.6558944256756758,1.3299831081081082,3.8,0.0,1.0,1.0,0,2.0,0.0,5.0,0.0,1.0,4.0
1743620400,Liverpool,Everton,1,2.463131313131313,1.0576599326599327,2.4559764309764307,59.762205387205384,2.3421523569023575,1.3021043771043772,4.5,1.0576599326599327,0.8881313131313132,1.5632996632996634,40.58779461279461,1.0980976430976432,2.0307239057239057,3.8,0.0,1.0,1.0,0,1.0,0.0,11.0,5.0,2.0,2.0
1743706800,Chelsea,Tottenham,1,2.2879194630872486,0.8820469798657719,2.456627516778523,59.77181208053691,2.2335872483221473,2.177097315436242,4.5,1.7570469798657717,1.5879194630872484,1.212751677852349,51.60318791946309,1.1240562080536918,0.9806208053691277,3.8,0.0,1.0,1.0,0,1.0,0.0,4.0,6.0,5.0,5.0
1743852600,Everton,Arsenal,1,2.2943143812709033,1.406059413732048,1.7597875270509542,43.25536100727916,1.6409620302970684,2.179618335628566,4.5,1.0531182372614598,0.5296084989179619,1.740901042691324,57.979933110367895,1.195945307889042,1.5004918355301986,3.8,0.0,1.0,1.0,1,1.0,1.0,3.0,8.0,3.0,1.0
1743861600,Crystal Palace,Brighton,1,1.5882352941176472,1.2294117647058824,1.4066666666666665,47.305882352941175,2.2019607843137257,1.8270588235294116,4.5,2.111764705882353,1.9411764705882353,1.9172549019607843,50.752941176470586,1.887878431372549,2.5588235294117645,3.8,0.0,1.0,1.0,0,2.0,1.0,2.0,4.0,4.0,3.0
1743861600,West Ham,Bournemouth,1,1.0590189564197772,1.2292358803986712,1.2307992964627712,52.94782098886066,0.9045339065858902,1.4748876294703928,4.5,2.288059409810436,1.5884307211256596,1.5638069181160839,47.93453195231581,1.6247957787766272,3.088528434629666,3.8,0.0,1.0,1.0,1,2.0,2.0,4.0,7.0,2.0,2.0
1743861600,Ipswich,Wolves,1,0.8827425009738996,3.3470977795091543,0.1717958706661473,47.126217374366966,0.8830268796260227,1.1219322165952474,4.5,1.0529801324503312,1.76509544215037,1.2107518504090378,44.932606155044795,1.2792091936112195,1.8531359563693026,3.8,0.0,1.0,1.0,2,1.0,2.0,4.0,8.0,2.0,2.0
1743870600,Aston Villa,Nottingham Forest,1,1.5884294311784122,1.2296641428848767,1.759464181712289,56.65288293535235,1.562152980003883,0.9454474859250632,4.5,2.1120170840613475,2.4707823723548823,1.211415259172976,44.4059405940594,1.3679673849737914,2.0295088332362647,3.8,0.0,1.0,1.0,0,2.0,1.0,4.0,4.0,2.0,2.0
1743944400,Fulham,Liverpool,1,1.2356811145510838,1.2294891640866874,1.4071207430340555,58.77089783281733,1.289202786377709,0.5924922600619196,4.5,1.9353715170278638,0.8827399380804954,2.0932662538699693,51.11145510835913,1.8868343653250776,2.0294117647058822,3.8,0.0,1.0,1.0,0,3.0,2.0,4.0,4.0,3.0,0.0
1743944400,Brentford,Chelsea,1,0.7068466730954677,1.582642237222758,0.5253616200578592,50.11880424300868,1.5147772420443586,1.2987463837994215,4.5,0.7002892960462874,1.9421407907425265,0.3280617164898747,55.35178399228544,1.2604146576663453,2.3814850530376086,3.8,0.0,1.0,1.0,1,0.0,0.0,3.0,6.0,1.0,3.0
1743944400,Tottenham,Southampton,1,1.0592079969242598,1.4056132256824296,0.8781237985390236,57.350249903883125,1.428169934640523,1.8277585544021528,4.5,1.2291426374471357,2.6474432910419066,0.6808919646289889,42.29680891964629,0.9585966935793928,2.5582468281430217,3.8,0.0,1.0,1.0,0,3.0,1.0,4.0,1.0,1.0,1.0
1743953400,Manchester United,Manchester City,1,1.5891933320559495,1.7583828319601456,1.4081241617168039,51.17378808200805,1.6383943284154052,2.180302739988504,4.5,1.9348534201954397,1.5891933320559495,1.38628089672351,56.76738838858018,1.7349415596857634,0.793063805326691,3.8,0.0,1.0,1.0,1,0.0,0.0,5.0,3.0,3.0,2.0
1744052400,Leicester,Newcastle,1,0.17685255920550041,2.4637127578304048,0.1726508785332315,47.993506493506494,0.8899197860962568,2.1806722689075633,4.5,1.2284186401833461,1.5886172650878534,1.7391138273491213,43.88884644766998,1.4822536287242176,1.4988540870893812,3.8,0.0,1.0,1.0,2,0.0,3.0,12.0,2.0,2.0,0.0
1744457400,Manchester City,Crystal Palace,1,2.11745669141443,1.0525414049114792,1.9367980201789454,61.93736912240624,1.770106605749096,1.298305730059014,4.5,1.7558252427184466,0.36229773462783177,2.4360032362459547,44.104045307443364,1.5555444983818771,1.154126213592233,3.8,0.0,1.0,1.0,0,5.0,2.0,1.0,4.0,2.0,3.0
1744466400,Nottingham Forest,Everton,1,2.2952561669829223,0.5233396584440229,2.4667931688804554,37.7673624288425,1.4286185958254272,1.298292220113852,4.5,1.052751423149905,0.8834914611005693,1.5628083491461102,37.70322580645161,1.0896242884250475,2.0277039848197345,3.8,0.0,1.0,1.0,2,0.0,1.0,1.0,7.0,0.0,3.0
1744466400,Brighton,Leicester,1,1.4123321354265177,1.2290523926612447,1.7603555891810099,50.469831662568566,1.4176451673917156,1.8269339890296954,4.5,0.5231700397200681,1.9417439001324002,0.6811045961793077,41.94193304331378,0.5902080574995273,1.8515226026101759,3.8,0.0,1.0,1.0,1,2.0,2.0,3.0,6.0,2.0,5.0
1744466400,Southampton,Aston Villa,1,0.883107088989442,2.4645550527903466,0.3484162895927602,50.119909502262445,0.8097171945701358,1.2975113122171946,4.5,1.405731523378582,1.5889894419306185,1.3868778280542986,50.05656108597285,0.9449622926093516,2.381975867269985,3.8,0.0,1.0,1.0,2,0.0,3.0,2.0,13.0,3.0,1.0
1744475400,Arsenal,Brentford,1,1.941364405186995,1.0533734260477354,1.9361022364217253,53.9981206540124,1.3633715467017478,1.8272881037398985,4.5,1.935726367224206,0.8825408757752303,2.269874083818831,47.94305581657583,1.4255854162751362,0.9697425295996994,3.8,0.0,1.0,1.0,1,1.0,1.0,13.0,5.0,1.0,3.0
1744549200,Liverpool,West Ham,1,2.2941176470588234,0.7002622705133009,2.8182840014986885,63.53240914200075,2.0955076807793183,1.297489696515549,4.5,0.8767328587485951,1.0588235294117647,1.0344698388909703,45.11464968152866,1.1798651180217312,2.2053203446983893,3.8,0.0,1.0,1.0,0,2.0,1.0,10.0,3.0,0.0,2.0
1744549200,Chelsea,Ipswich,1,2.117833800186742,0.5236227824463119,2.818860877684407,58.59271708683473,1.9897161531279177,2.7084967320261435,4.5,1.2295051353874884,1.9413632119514472,0.8575163398692811,39.28963585434174,1.0316769374416435,3.0875816993464054,3.8,0.0,1.0,1.0,1,2.0,2.0,15.0,4.0,2.0,2.0
1744549200,Wolves,Tottenham,1,1.0591958302308266,0.8767684288905436,1.4069247952345494,50.130677587490695,1.1746947133283692,2.179076693968727,4.5,1.5826507818317201,1.4121370067014145,1.2103499627699181,52.16344005956813,1.1250930752047656,1.6757259865971705,3.8,0.0,1.0,1.0,0,4.0,2.0,1.0,4.0,1.0,2.0
1744558200,Newcastle,Manchester United,1,2.1138801261829654,1.9317823343848581,1.7579652996845425,53.45828075709779,1.5910733438485805,1.477365930599369,4.5,1.2299127853033958,0.8836518834663204,1.3863425496381516,53.22750046390796,0.9717814065689367,1.4991649656708108,3.8,0.0,1.0,1.0,0,4.0,1.0,7.0,2.0,0.0,2.0
1744657200,Bournemouth,Fulham,1,1.4139844617092119,1.4062153163152051,0.7021827598964114,53.300776914539405,1.4928893821679616,2.1779504254532003,4.5,1.5826859045504995,1.237513873473918,1.7388087310395857,49.699223085460595,1.4550684424713283,2.3814280429152794,3.8,0.0,1.0,1.0,0,1.0,0.0,6.0,9.0,3.0,2.0
1744828200,Newcastle,Crystal Palace,1,2.2961460446247464,2.111561866125761,1.7615710861146967,51.17942098469482,1.6022699612760465,1.4724322330813202,4.5,1.7586206896551724,1.2373225152129819,1.9148073022312373,42.114696662364004,1.5573096072284716,1.6754563894523327,3.8,0.0,1.0,1.0,0,5.0,0.0,5.0,4.0,2.0,3.0
1745071200,Brentford,Brighton,1,0.3475694444444445,1.2270833333333333,0.5197916666666668,49.40590277777778,1.2862534722222223,1.4684027777777777,4.5,1.9381944444444443,2.303125,1.3857638888888888,52.194097222222226,1.8984548611111112,2.738194444444444,3.8,0.0,1.0,1.0,0,4.0,2.0,4.0,7.0,3.0,3.0
1745071200,Crystal Palace,Bournemouth,1,1.7706472827968154,1.227275874004846,1.7647628937348563,47.27082035306334,2.1220256143994463,2.5354101765316717,4.5,2.293942540671513,1.5928695050190378,1.5631014191761856,48.10695742471444,1.7953631014191764,2.9162339910003463,3.8,0.0,1.0,1.0,1,0.0,0.0,5.0,4.0,5.0,4.0
1745071200,West Ham,Southampton,1,0.8812284334023466,1.2267770876466528,0.8757073844030367,55.084748102139415,0.854064182194617,1.2919944789510007,4.5,1.2267770876466528,2.659006211180124,0.674120082815735,43.84858523119393,0.8671373360938579,2.2057280883367842,3.8,0.0,1.0,1.0,1,1.0,1.0,2.0,5.0,2.0,1.0
1745071200,Everton,Manchester City,1,1.9477124183006536,1.2266253869969042,1.4088751289989678,42.285104919160645,1.488513243894049,2.358651530787754,4.5,1.5821809425524598,1.2366013071895425,1.3851393188854488,57.53711730306158,1.4517743378052979,1.1386308909528724,3.8,0.0,1.0,1.0,2,0.0,2.0,2.0,5.0,4.0,0.0
1745080200,Aston Villa,Newcastle,1,1.5916323731138546,1.22681755829904,1.763923182441701,55.078943758573395,1.8242969821673525,1.2926611796982168,4.5,1.4045953360768175,1.4138545953360766,1.7412894375857337,43.67661179698217,1.6315596707818933,0.7823045267489713,3.8,0.0,1.0,1.0,0,4.0,1.0,7.0,7.0,1.0,3.0
1745154000,Manchester United,Wolves,1,1.0591452991452992,1.5822222222222224,1.0533333333333332,47.78905982905983,1.1934324786324786,2.5367521367521366,4.5,1.4044444444444444,1.4147008547008546,1.7408547008547008,47.944273504273504,1.4732102564102565,1.8492307692307692,3.8,0.0,1.0,1.0,2,0.0,1.0,9.0,2.0,2.0,3.0
1745154000,Ipswich,Arsenal,1,1.0586230402181322,3.3598500340831627,0.16394001363326524,46.72549420586231,0.9711349693251534,1.114519427402863,4.5,1.0487389229720518,0.525289706884799,1.7414451261077026,60.741172460804364,1.3572726653033405,1.138377641445126,3.8,0.0,1.0,1.0,2,0.0,4.0,0.0,12.0,0.0,0.0
1745154000,Fulham,Chelsea,1,1.4136595310907236,1.2273870200475705,1.7634386680258238,52.583350322799866,1.0204471627590894,0.9360516479782537,4.5,0.5162759089364595,1.7692150866462792,0.3198097179748557,54.88331634386681,1.2581189262657153,2.5598369011213045,3.8,0.0,1.0,1.0,2,1.0,2.0,5.0,4.0,1.0,3.0
1745163000,Leicester,Liverpool,1,0.16903794037940387,2.6497967479674793,0.1629403794037941,48.13556910569106,0.6680115176151763,2.5357046070460703,4.5,1.9386856368563685,1.413482384823848,1.5648373983739838,51.331097560975614,1.5477371273712737,1.4934281842818427,3.8,0.0,1.0,1.0,2,0.0,1.0,1.0,13.0,1.0,2.0
1745262000,Tottenham,Nottingham Forest,1,1.4129685916919958,1.2274231678486998,1.4068895643363728,56.310368118878756,1.6364741641337386,1.8242485646740967,4.5,1.760756501182033,2.835190813914218,0.6765281999324553,46.000742992232354,1.253031408308004,2.0266801756163457,3.8,0.0,1.0,1.0,2,1.0,2.0,7.0,1.0,1.0,4.0
1745348400,Manchester City,Aston Villa,1,2.479461279461279,1.2276094276094276,1.9397306397306397,63.96127946127945,2.0046801346801346,1.112794612794613,4.5,1.5831649831649832,1.2350168350168351,1.7437710437710436,54.705387205387204,1.2953973063973065,2.0272727272727273,3.8,0.0,1.0,1.0,0,2.0,1.0,10.0,2.0,3.0,3.0
1745434800,Arsenal,Crystal Palace,1,1.7685129237999329,0.8719033232628399,1.9402484055052032,53.65391070829138,1.2951990600872774,1.6464585431352805,4.5,1.4052366565961731,2.1240684793554885,1.387781134608929,41.0127559583753,1.6795011748909032,2.2053037932192012,3.8,0.0,1.0,1.0,1,2.0,2.0,3.0,6.0,1.0,1.0
1745667000,Chelsea,Everton,1,1.9464524765729585,0.694310575635877,2.4734270414993307,60.5929718875502,1.8355267737617136,2.3572289156626507,4.5,1.0498661311914324,0.879785809906292,1.5654618473895583,42.42925033467202,1.178314591700134,1.849330655957162,3.8,0.0,1.0,1.0,0,1.0,0.0,10.0,2.0,0.0,0.0
1745676000,Brighton,West Ham,1,1.7685018351685018,1.4049382716049381,1.9406072739406073,48.68321654988321,1.9810884217550886,1.4676676676676674,4.5,0.871604938271605,1.2351685018351686,0.8539205872539206,43.49456122789456,1.211781114447781,2.0263596930263597,3.8,0.0,1.0,1.0,0,3.0,2.0,8.0,1.0,1.0,1.0
1745676000,Wolves,Leicester,1,1.7689953426480372,1.0495675316034598,1.9411177644710578,47.43945442448437,1.4636833000665337,2.000665335994677,4.5,0.5162341982701265,2.124550898203593,0.32015968063872263,42.24943446440452,0.5735256154357953,1.8481703260146374,3.8,0.0,1.0,1.0,0,3.0,0.0,4.0,2.0,1.0,4.0
1745676000,Southampton,Fulham,1,0.7028192371475954,2.471310116086235,0.3416252072968492,47.796683250414596,0.722514096185738,1.6447761194029853,4.5,1.2268656716417912,1.4139303482587064,1.2086235489220565,49.358872305140956,1.2561194029850749,2.5598673300165835,3.8,0.0,1.0,1.0,2,1.0,2.0,0.0,13.0,1.0,1.0
1745676000,Newcastle,Ipswich,1,3.013756613756614,1.4048280423280421,2.2966931216931217,52.058068783068784,1.7337731481481482,1.6444444444444446,4.5,1.4048280423280421,1.5915343915343916,1.031415343915344,38.519708994709,1.1338002645502645,3.0927910052910055,3.8,0.0,1.0,1.0,0,3.0,0.0,11.0,2.0,1.0,4.0
1745758800,Bournemouth,Manchester United,1,0.7031322123310255,1.4043521266073193,0.6971974942301352,51.5336630398945,1.449765908341576,2.355225848994395,4.5,1.2265743488295417,1.5920211012199144,0.8532146389713157,53.79967029343884,1.051603033300363,1.6711506758984505,3.8,0.0,1.0,1.0,1,1.0,1.0,5.0,10.0,4.0,2.0
1745767800,Liverpool,Tottenham,1,1.9474030243261011,0.6930966469428008,2.8303747534516766,60.951610782380016,2.0627712031558185,1.2892176199868508,4.5,1.5819855358316899,1.591847468770546,1.2086785009861933,51.84838921761999,1.2724260355029586,1.8488494411571335,3.8,0.0,1.0,1.0,0,5.0,1.0,8.0,2.0,2.0,1.0
1746124200,Nottingham Forest,Brentford,1,1.7707636840380203,0.33739757456571623,1.9419862340216323,37.13300557194363,1.1545742379547688,1.2892166502785973,4.5,1.7596197967879383,0.8818747951491315,1.91937069813176,44.91143887250082,1.1974605047525402,1.1373320222877745,3.8,0.0,1.0,1.0,2,0.0,2.0,4.0,5.0,3.0,5.0
1746212400,Manchester City,Wolves,1,2.1297213622291022,1.4040247678018574,1.9445820433436531,64.0640866873065,1.8623498452012384,1.6427244582043343,4.5,1.4040247678018574,0.8770897832817337,2.2820433436532506,48.46222910216718,1.3645170278637773,2.0256965944272447,3.8,0.0,1.0,1.0,0,1.0,0.0,4.0,5.0,0.0,0.0
1746271800,Aston Villa,Fulham,1,2.129557030405927,1.224633431085044,2.124000617379225,55.47862324432783,2.0768164840253123,1.1052631578947367,4.5,1.224633431085044,1.4137675567217163,1.207964192004939,51.679271492514275,1.408967124556259,2.0250038586201575,3.8,0.0,1.0,1.0,0,1.0,0.0,5.0,3.0,0.0,5.0
1746280800,Everton,Ipswich,1,1.2346568174823023,1.5820867959372114,0.871837488457987,39.73154816866728,1.208748538011696,3.07306863650354,4.5,1.224192059095106,1.9504462911665128,0.8496768236380425,38.07897814712219,1.0831240381655896,2.920590951061865,3.8,0.0,1.0,1.0,1,2.0,2.0,2.0,3.0,4.0,4.0
1746280800,Leicester,Southampton,1,0.16111707841031148,2.476998618996471,0.15589995396654902,48.68104956268221,0.6250820929875709,2.1789473684210527,4.5,1.0454196716280497,2.308485499462943,0.8495933711830597,42.5505293846862,0.8181239834279578,1.6684977750498695,3.8,0.0,1.0,1.0,0,2.0,0.0,6.0,7.0,1.0,3.0
1746289800,Arsenal,Bournemouth,1,1.2349449204406364,1.0449816401468788,1.5879436964504283,57.628090575275394,1.3247301101591187,1.4628518971848223,4.5,1.5818237454100368,1.413892288861689,1.2070991432068543,53.108751529987764,1.5211321909424727,2.563463892288862,3.8,0.0,1.0,1.0,2,1.0,2.0,2.0,3.0,0.0,2.0
1746363600,Brighton,Newcastle,1,1.7716247139588102,1.7609458428680398,1.9453852021357743,52.61723874904653,1.9635423340961098,1.4622425629290616,4.5,1.0451563691838293,1.9505720823798627,1.207627765064836,44.519603356216635,1.2865919145690314,1.3107551487414186,3.8,0.0,1.0,1.0,1,1.0,1.0,1.0,4.0,2.0,1.0
1746363600,West Ham,Tottenham,1,1.0556738667477943,1.0450258594463036,1.0505019774870703,54.763066626102834,0.9593958016428353,1.104350471554609,4.5,1.4029205962884088,2.4872528141162156,0.6707027684818984,50.4264070581077,1.1990629753574689,1.8472163066626104,3.8,0.0,1.0,1.0,1,1.0,1.0,1.0,3.0,2.0,2.0
1746363600,Brentford,Manchester United,1,1.0555134233277719,1.223843470347338,1.0503564386470499,50.64877900803883,1.5407699074776278,1.6411952070377673,4.5,1.4027908387683905,1.5923555285909297,1.028515091763992,57.04595783406643,1.2275152434400125,1.6681935386015472,3.8,0.0,1.0,1.0,0,4.0,3.0,7.0,3.0,0.0,2.0
1746372600,Chelsea,Liverpool,1,1.7720508166969149,0.508529945553539,2.482395644283122,58.342286751361165,1.6950538415003022,1.8195402298850576,4.5,1.7611615245009076,1.4141560798548094,1.56497277676951,52.57350272232305,1.5568390804597703,1.3102238354506957,3.8,0.0,1.0,1.0,0,3.0,1.0,3.0,6.0,2.0,2.0
1746471600,Crystal Palace,Nottingham Forest,1,1.593545468255165,0.8662946765193786,1.9460111597044185,43.66376112200271,1.9961719197707732,3.0721761423616347,4.5,2.1189262554667474,2.1303875735183233,1.206695822651184,42.55729150957623,1.1612719046900921,2.2048861408535667,3.8,0.0,1.0,1.0,1,1.0,1.0,7.0,4.0,3.0,8.0
1746885600,Wolves,Brighton,1,1.9512781954887217,1.045112781954887,1.9458646616541353,51.89473684210526,1.5330105263157896,1.8198496240601505,4.5,1.7609022556390979,2.8460150375939848,0.8487218045112782,53.29473684210526,1.8106556390977446,2.743458646616541,3.8,0.0,1.0,1.0,2,0.0,2.0,7.0,4.0,1.0,1.0
1746885600,Fulham,Everton,1,1.5929224771330035,1.4031788873894135,1.7664717348927876,50.82255210676263,0.9405104213525266,1.103763682711051,4.5,0.6873894137052032,0.877133003448793,1.0281901334532915,42.91428999850053,1.0824036587194485,1.6693957115009745,3.8,0.0,1.0,1.0,2,1.0,3.0,5.0,5.0,1.0,0.0
1746885600,Ipswich,Brentford,1,1.055921052631579,3.0141746411483252,0.15550239234449761,45.27906698564593,0.8919754784688994,1.1034688995215312,4.5,1.9404904306220097,0.8769736842105263,1.923444976076555,45.59461722488039,1.1288588516746412,1.8476674641148327,3.8,0.0,1.0,1.0,2,0.0,1.0,5.0,6.0,2.0,4.0
1746885600,Southampton,Manchester City,1,0.6975697032950648,2.298255553898912,0.3340092440733562,45.9945430147607,0.687799314149396,1.640316087669599,4.5,0.8666766065304905,1.2344118085582227,1.38711793648427,57.584404353660354,1.2738219770389148,0.9534516177128374,3.8,0.0,1.0,1.0,1,0.0,0.0,1.0,15.0,2.0,0.0
1746894600,Bournemouth,Aston Villa,1,0.8760630389533155,1.224145108534047,0.8707106749925662,49.56663693131132,1.260008920606601,2.7140053523639605,4.5,1.760987213797205,1.2339577757954208,1.7449301219149569,49.180731489741305,1.5137490336009518,2.0264644662503715,3.8,0.0,1.0,1.0,2,0.0,1.0,10.0,0.0,4.0,5.0
1746961200,Newcastle,Chelsea,1,3.3808747220163085,1.0450704225352112,2.8386953298739805,57.444773906597476,2.1097968865826537,1.1040770941438103,4.5,0.6871756856931059,1.4124536693847294,0.8507042253521127,57.76575240919199,1.0948999258710157,2.7430689399555224,3.8,0.0,1.0,1.0,0,2.0,0.0,2.0,8.0,4.0,2.0
1746969300,Tottenham,Crystal Palace,1,1.412596096984033,1.2235955056179775,1.4075694855115315,57.979834417504435,1.8324423418095799,1.8204612655233592,4.5,1.40254287403903,2.486280307510349,1.0292726197516262,40.76753400354819,1.5384920165582499,2.2061502069781196,3.8,0.0,1.0,1.0,2,0.0,2.0,4.0,8.0,1.0,1.0
1746969300,Manchester United,West Ham,1,0.8753059118384195,1.223765295591921,1.0492407489311515,49.210231461005456,1.1593545628777826,2.3570101724900487,4.5,1.0448179271708684,1.4121480171015774,0.8508329647648534,46.13713696004718,1.2187760577915379,2.0268317853457174,3.8,0.0,1.0,1.0,2,0.0,2.0,8.0,5.0,0.0,1.0
1746969300,Nottingham Forest,Leicester,1,0.5169655983534255,0.687092031755366,1.406703910614525,40.263157894736835,0.7014607468391648,1.640635107321376,4.5,0.5081446633343134,1.9485445457218464,0.31449573654807406,40.589473684210525,0.7142616877389004,2.563304910320494,3.8,0.0,1.0,1.0,1,2.0,2.0,4.0,4.0,3.0,3.0
1746977400,Liverpool,Arsenal,1,2.485529980941211,0.687259932561208,2.83814689928163,63.16988711332649,2.1759246444802813,1.2830376777598593,4.5,1.5819967746664712,0.517108928309632,1.7459903239994137,65.64063920246298,1.6339595367248205,0.9529980941210966,3.8,0.0,1.0,1.0,1,2.0,2.0,3.0,1.0,1.0,3.0
1747420200,Aston Villa,Tottenham,1,2.131388888888889,1.0430555555555556,2.4861111111111116,51.17944444444445,1.816472222222222,1.098611111111111,4.5,0.8630555555555556,2.4913888888888893,0.3086111111111111,47.74055555555556,1.0293000000000003,2.0255555555555556,3.8,0.0,1.0,1.0,0,2.0,0.0,9.0,1.0,1.0,2.0
1747422900,Chelsea,Manchester United,1,1.5915235457063712,0.6826592797783934,2.486537396121884,53.88415512465374,1.7984376731301936,1.9983379501385041,4.5,1.5826592797783934,1.951523545706371,0.8482548476454295,55.47584487534627,1.4340631578947372,1.8454847645429364,3.8,0.0,1.0,1.0,0,1.0,0.0,7.0,2.0,1.0,6.0
1747566000,Everton,Southampton,1,1.2313812154696133,1.582265193370166,0.8669613259668509,43.443038674033154,1.1340486187845302,3.0780662983425415,4.5,0.6822651933701658,2.4913812154696133,0.30790055248618786,43.77696132596685,0.7281696132596687,1.6665193370165747,3.8,0.0,1.0,1.0,0,2.0,0.0,4.0,5.0,1.0,1.0
1747574100,West Ham,Nottingham Forest,1,1.2315151515151515,1.0418732782369147,1.227382920110193,54.24275482093664,0.9597840220385674,1.2777961432506888,4.5,2.1218732782369147,1.9515151515151516,1.3875482093663911,43.777245179063364,1.2123283746556475,3.6461707988980714,3.8,0.0,1.0,1.0,2,1.0,2.0,8.0,7.0,6.0,3.0
1747576800,Leicester,Ipswich,1,0.5113736263736264,2.1220329670329674,0.6869780219780219,50.465494505494505,0.8318780219780219,1.998901098901099,4.5,1.222032967032967,1.7713736263736264,1.028021978021978,35.674505494505496,0.9766934065934066,2.9263736263736266,3.8,0.0,1.0,1.0,0,2.0,0.0,2.0,2.0,1.0,0.0
1747576800,Brentford,Fulham,1,1.7715068493150685,1.4016438356164382,1.5873972602739728,49.385479452054796,1.674082191780822,1.6386301369863014,4.5,0.8616438356164384,1.4115068493150684,0.6676712328767124,53.13452054794521,1.2575068493150685,2.3857534246575343,3.8,0.0,1.0,1.0,2,2.0,3.0,5.0,3.0,4.0,4.0
1747582200,Arsenal,Newcastle,1,1.411639344262295,1.2220765027322404,1.5869945355191257,54.42546448087432,1.3594530054644807,1.2791803278688525,4.5,1.2220765027322404,1.411639344262295,1.3881420765027321,47.374535519125686,1.5364054644808744,1.3062295081967212,3.8,0.0,1.0,1.0,0,1.0,0.0,10.0,7.0,3.0,3.0
1747681200,Brighton,Liverpool,1,1.59149863760218,1.7616893732970027,1.5874114441416896,53.165449591280655,1.6544141689373295,1.4594550408719345,4.5,1.581689373297003,1.59149863760218,1.387792915531335,52.95455040871935,1.6355416893732972,0.9464305177111717,3.8,0.0,1.0,1.0,0,3.0,2.0,3.0,3.0,1.0,0.0
1747767600,Manchester City,Bournemouth,1,2.3119021739130434,1.0418478260869566,2.487826086956522,63.78489130434783,1.8634005434782608,1.6391847826086958,4.5,1.4018478260869565,1.4119021739130435,1.207445652173913,52.23510869565217,1.4809777173913043,2.3858152173913045,3.8,0.0,1.0,1.0,0,3.0,1.0,3.0,1.0,1.0,3.0
1747767600,Crystal Palace,Wolves,1,1.5923035230352305,0.6817344173441735,2.128238482384824,42.006504065040644,2.1496070460704604,3.6189159891598917,4.5,1.2217344173441735,0.6923035230352304,2.28710027100271,45.933495934959346,1.1731116531165315,1.6660162601626018,3.8,0.0,1.0,1.0,0,4.0,2.0,0.0,9.0,1.0,2.0
1748185200,Fulham,Manchester City,1,1.412972972972973,1.761891891891892,1.2286486486486488,52.26108108108107,0.6862459459459458,1.2786486486486486,4.5,0.6818918918918919,0.33297297297297296,1.5667567567567569,60.87891891891892,1.4557243243243243,0.9459459459459459,3.8,0.0,1.0,1.0,2,0.0,2.0,1.0,6.0,0.0,0.0
1748185200,Bournemouth,Leicester,1,0.8725606469002696,1.2220485175202156,0.8682479784366577,53.34,1.2909822102425874,2.89811320754717,4.5,0.8620485175202157,1.9525606469002694,0.48722371967654987,40.9,0.8333628032345014,3.10533692722372,3.8,0.0,1.0,1.0,0,2.0,0.0,6.0,1.0,0.0,2.0
1748185200,Southampton,Arsenal,1,0.6926881720430107,1.5816666666666668,0.5086559139784946,42.00322580645161,0.6772102150537632,1.6375806451612904,4.5,1.5816666666666668,0.8726881720430109,1.3868817204301076,65.01677419354839,1.8518677419354843,1.3052688172043012,3.8,0.0,1.0,1.0,2,1.0,2.0,5.0,8.0,0.0,0.0
1748185200,Tottenham,Brighton,1,1.2325469168900804,1.5818230563002682,0.8682573726541556,56.39973190348526,1.5553699731903485,1.8170509383378017,4.5,2.1218230563002685,1.5925469168900805,1.3873458445040214,49.90026809651474,1.9385426273458444,2.3846648793565683,3.8,0.0,1.0,1.0,2,1.0,4.0,2.0,11.0,3.0,1.0
1748185200,Nottingham Forest,Chelsea,1,0.8724064171122995,1.0425133689839572,1.4078609625668448,43.97491978609626,0.858908021390374,1.9973262032085561,4.5,0.6825133689839572,1.2324064171122995,0.8478074866310161,55.30508021390374,1.1215759358288773,2.744331550802139,3.8,0.0,1.0,1.0,2,0.0,1.0,7.0,4.0,2.0,2.0
1748185200,Ipswich,West Ham,1,0.8720000000000001,2.8424,0.14746666666666663,43.9752,0.7760239999999998,1.4573333333333334,4.5,1.2224,1.412,0.8482666666666667,49.0048,1.3429013333333333,1.6642666666666668,3.8,0.0,1.0,1.0,2,1.0,3.0,4.0,0.0,1.0,1.0
1748185200,Newcastle,Everton,1,3.0318617021276597,0.5028191489361702,2.8470744680851063,55.31255319148936,1.8702180851063828,1.6370744680851066,4.5,1.0428191489361702,0.8718617021276596,1.3887234042553191,40.727446808510635,1.0368244680851064,1.483936170212766,3.8,0.0,1.0,1.0,2,0.0,1.0,12.0,3.0,1.0,4.0
1748185200,Manchester United,Aston Villa,1,0.8714588859416446,1.2227055702917773,1.046684350132626,46.49628647214854,1.3571538461538464,1.816816976127321,4.5,1.7627055702917773,0.5114588859416446,2.2891777188328915,43.78371352785146,1.6235692307692307,2.7444031830238726,3.8,0.0,1.0,1.0,0,2.0,0.0,4.0,3.0,2.0,2.0
1748185200,Wolves,Brentford,1,1.7715873015873016,1.0423280423280423,1.947089947089947,51.18052910052911,1.4601343915343914,1.816825396825397,4.5,1.4023280423280422,0.8715873015873017,1.9288359788359788,45.2194708994709,1.1085105820105823,2.5643386243386246,3.8,0.0,1.0,1.0,1,1.0,1.0,8.0,3.0,2.0,1.0
1748185200,Liverpool,Crystal Palace,1,2.491451187335093,1.04221635883905,2.4869656992084437,60.18000000000001,2.3042089709762537,1.4568337730870713,4.5,1.4022163588390502,2.491451187335093,1.028759894459103,43.419999999999995,1.9185277044854883,1.8440105540897098,3.8,0.0,1.0,1.0,1,1.0,1.0,11.0,0.0,2.0,0.0
1755284400,Liverpool,Bournemouth,1,2.134586466165414,1.0401002506265664,2.130325814536341,59.871177944862154,1.9502606516290726,1.4541353383458646,4.5,1.4020050125313284,1.5917293233082708,1.2082706766917293,49.719298245614034,1.4203182957393483,2.746115288220551,3.8,0.0,1.0,1.0,0,4.0,2.0,6.0,7.0,1.0,2.0
1755343800,Aston Villa,Newcastle,1,2.135208098987627,0.6783402074740656,2.854518185226847,54.083189601299836,1.9486246719160103,1.0919885014373203,4.5,1.2211973503312086,1.2304461942257217,1.388901387326584,49.173953255843024,1.8329731283589554,1.6603424571928511,3.8,0.0,1.0,1.0,1,0.0,0.0,3.0,6.0,1.0,1.0
1755352800,Brighton,Fulham,1,1.7736607142857141,1.9439484126984128,1.5884920634920636,52.452331349206354,1.774592261904762,1.6336309523809525,4.5,1.2201388888888889,1.4117559523809522,1.2072420634920633,53.51909722222222,1.2735396825396825,2.7448908730158728,3.8,0.0,1.0,1.0,1,1.0,1.0,4.0,3.0,3.0,3.0
1755361800,Wolves,Manchester City,1,1.7735312306740878,1.0390847247990105,1.9502782931354359,48.10921459492888,1.5085837971552256,1.8148423005565864,4.5,0.8581323438466296,0.3259121830550402,1.5690785405071122,62.5669758812616,1.6135807050092763,0.9355596784168213,3.8,0.0,1.0,1.0,2,0.0,4.0,4.0,5.0,1.0,2.0
1755435600,Nottingham Forest,Brentford,1,0.6874414014310387,1.2206760424377003,0.8641993584998767,47.745077720207256,0.9401579077226746,1.814606464347397,4.5,1.2206760424377003,0.8683937823834198,1.5695040710584753,47.0073032321737,1.215758697261288,2.745028374043918,3.8,0.0,1.0,1.0,0,3.0,1.0,5.0,5.0,1.0,2.0
1755435600,Chelsea,Crystal Palace,1,1.5925679832656578,0.6777162544604405,2.4931463024486282,52.08866740494648,1.6278552971576226,1.9953242278823675,4.5,1.4015257782699642,2.4973298880275623,1.0263319798203518,38.682761166482095,2.0825512489233424,1.6592592592592594,3.8,0.0,1.0,1.0,1,0.0,0.0,11.0,2.0,2.0,3.0
1755444600,Manchester United,Arsenal,1,0.687432498772705,0.8583210603829161,1.0454099165439372,50.46524300441826,1.7599720176730484,1.4524791359842906,4.5,1.9440353460972017,1.049337260677467,1.7500736377025037,64.55380461462936,2.1077113402061856,1.116593028964163,3.8,0.0,1.0,1.0,2,0.0,1.0,3.0,4.0,1.0,4.0
1755889200,West Ham,Chelsea,1,1.0488400488400489,1.4007326007326006,0.6835164835164835,54.811233211233215,0.9205054945054942,2.356532356532356,4.5,0.6769230769230768,0.8678876678876679,1.3882783882783882,55.32210012210012,0.9006080586080586,2.564590964590965,3.8,0.0,1.0,1.0,2,1.0,5.0,7.0,5.0,0.0,1.0
1755948600,Manchester City,Tottenham,1,2.4963341858482524,0.858750456704421,2.854585312385824,63.313530629643154,1.8323144562172697,1.4512970405553525,4.5,0.858750456704421,2.4963341858482524,0.3029838022165388,45.73408841797588,0.9425626598465473,2.3833394227256117,3.8,0.0,1.0,1.0,2,0.0,2.0,7.0,2.0,1.0,4.0
1755957600,Brentford,Aston Villa,1,1.9531098153547133,1.763654033041788,1.4066083576287658,49.20165208940719,1.926418853255588,1.9939261418853256,4.5,1.5827016520894073,0.8673955296404277,1.7510204081632652,42.47453838678328,1.4564052478134109,2.7456754130223517,3.8,0.0,1.0,1.0,0,1.0,0.0,2.0,9.0,1.0,2.0
1755957600,Bournemouth,Wolves,1,1.0482248879195444,0.8585484066400098,1.406979280261723,54.08079486247425,1.2803455713074035,2.355604022779595,4.5,1.4014055494971525,1.4101296498243063,1.7507088331515812,48.45253847085908,1.0655056343147948,1.4789531079607414,3.8,0.0,1.0,1.0,0,1.0,0.0,8.0,3.0,2.0,4.0
1755957600,Burnley,Sunderland,1,1.5050761421319796,1.4111675126903553,1.4771573604060915,51.068527918781726,1.5110659898477146,1.9340101522842639,4.5,1.4111675126903553,1.5050761421319796,1.2791878172588833,48.931472081218274,1.3625126903553308,2.233502538071066,3.8,0.0,1.0,1.0,0,2.0,0.0,4.0,3.0,0.0,1.0
1755966600,Arsenal,Leeds,1,1.410126582278481,1.2197709463532247,1.588667872212176,56.251959011452676,1.3344544906570222,1.2694394213381555,4.5,1.4075949367088607,1.5063291139240507,1.2759493670886075,48.95443037974684,1.361012658227849,2.230379746835443,3.8,0.0,1.0,1.0,0,5.0,0.0,2.0,2.0,0.0,2.0
1756040400,Crystal Palace,Nottingham Forest,1,1.5919191919191922,0.8575276575276576,2.131890331890332,41.05603655603655,1.673164983164983,3.2594516594516594,4.5,1.9432419432419432,1.410966810966811,1.9307359307359306,43.020153920153916,1.242190957190957,3.4695045695045694,3.8,0.0,1.0,1.0,1,1.0,1.0,1.0,3.0,3.0,3.0
1756040400,Everton,Brighton,1,1.229890848026868,1.2193354923833513,1.2270121146695454,45.57766582703611,1.2803991843588818,2.5359002039102796,4.5,2.124097397145256,1.7727479908840111,1.3878133621206667,52.97471512534485,1.627516852584863,2.564927431929951,3.8,0.0,1.0,1.0,0,2.0,0.0,2.0,2.0,4.0,3.0
1756049400,Fulham,Manchester United,1,1.4109595597032782,1.7618569035654463,1.227374970088538,49.55644891122278,0.8768963866953815,1.0887772194304857,4.5,1.0380473797559224,2.1347690835128024,0.301794687724336,56.776884422110555,1.3472974395788464,2.927016032543671,3.8,0.0,1.0,1.0,1,1.0,1.0,9.0,6.0,1.0,1.0
1756148400,Newcastle,Liverpool,1,2.67750328201456,0.4950948800572861,2.31297290846163,58.4233440744719,1.8432411982336794,1.6314118629908105,4.5,1.580809165771572,1.7727413772526555,1.2064924215300155,53.519513068385244,1.5880286430361616,0.9362453753431198,3.8,0.0,1.0,1.0,2,2.0,3.0,7.0,1.0,2.0,3.0
1756553400,Chelsea,Fulham,1,1.4104545454545454,0.6729545454545455,2.1347727272727273,56.092045454545456,1.721063636363636,1.4481818181818182,4.5,1.2184090909090908,1.2286363636363635,1.388409090909091,53.726136363636364,1.230784090909091,2.9302272727272727,3.8,0.0,1.0,1.0,0,2.0,0.0,6.0,4.0,2.0,2.0
1756562400,Tottenham,Bournemouth,1,1.5923826796644753,1.7635456812514168,1.2260258444797099,53.3654500113353,1.8267082294264338,1.2663795057810021,4.5,1.3999093176150532,1.9560190433008389,1.0244842439356154,49.72545907957379,1.3288891407844028,2.566538199954659,3.8,0.0,1.0,1.0,2,0.0,1.0,0.0,8.0,2.0,4.0
1756562400,Wolves,Everton,1,1.592039800995025,1.763455450022614,1.4075079149706016,48.27679782903663,1.3954997738579826,1.2663952962460425,4.5,1.036182722749887,0.6829488919041158,1.7521483491632746,44.450474898236095,1.0107598371777478,1.8396653098145634,3.8,0.0,1.0,1.0,2,2.0,3.0,2.0,2.0,0.0,1.0
1756562400,Manchester United,Burnley,1,0.501240694789082,0.8547259192420483,0.8617189262350553,55.733137829912025,1.7608639747349424,1.6295962102413717,4.5,0.9346567411083542,2.0090984284532674,0.8519437551695617,43.6236559139785,1.2198511166253105,1.4888337468982633,3.8,0.0,1.0,1.0,0,3.0,2.0,7.0,1.0,1.0,5.0
1756562400,Sunderland,Brentford,1,2.0115511551155114,0.9356435643564357,1.9884488448844886,46.394389438943904,1.2598349834983495,1.2821782178217822,4.5,1.2184968496849684,1.047029702970297,1.5704320432043206,45.90076507650765,1.1890346534653469,2.930918091809181,3.8,0.0,1.0,1.0,0,2.0,1.0,3.0,4.0,3.0,2.0
1756571400,Leeds,Newcastle,1,1.3456790123456792,0.9349794238683129,1.9909465020576134,52.06584362139918,1.7198765432098762,1.2839506172839508,4.5,1.03658810325477,1.228956228956229,1.0246913580246915,51.17283950617284,1.8399079685746353,1.6581369248035915,3.8,0.0,1.0,1.0,1,0.0,0.0,5.0,5.0,1.0,1.0
1756645200,Nottingham Forest,West Ham,1,1.0467980295566504,1.399910434393193,0.8622928795342589,51.734437975817286,1.1829802955665025,1.8112404836542768,4.5,1.5817286162113748,1.7740707568293774,1.206448723690103,52.08374384236453,1.2451612180922527,1.2942230183609493,3.8,0.0,1.0,1.0,2,0.0,3.0,9.0,7.0,0.0,0.0
1756645200,Brighton,Manchester City,1,1.9555505919142282,1.582086218449855,1.7710520437793165,51.372347554165735,1.8809872682599953,1.8108108108108107,4.5,1.582086218449855,0.13736877373241013,2.1159258431985704,60.627652445834265,1.9072168863077956,0.9300871119052938,3.8,0.0,1.0,1.0,0,2.0,1.0,3.0,2.0,2.0,2.0
1756654200,Liverpool,Arsenal,1,2.682932263814617,1.4001782531194296,2.1350267379679146,57.551024955436716,2.101160873440285,1.2653743315508021,4.5,1.945632798573975,0.8647504456327986,2.1156417112299466,59.35806595365419,2.0545967023172906,1.6573083778966133,3.8,0.0,1.0,1.0,0,1.0,0.0,3.0,8.0,2.0,2.0
1756663200,Aston Villa,Crystal Palace,1,1.7737274949988886,0.49077572793954216,2.4989997777283843,51.915092242720604,1.5627583907535005,1.0835741275839075,4.5,1.0362302733940876,1.591909313180707,1.2062680595687931,37.903089575461216,1.8744032007112694,1.6572571682596133,3.8,0.0,1.0,1.0,2,0.0,3.0,10.0,1.0,2.0,3.0
1757763000,Arsenal,Nottingham Forest,1,1.955210643015521,1.0365853658536586,1.589578713968958,59.37117516629712,1.4244944567627493,1.0835920177383591,4.5,1.400221729490022,1.2279379157427939,1.5702882483370288,45.53791574279379,1.134689578713969,3.8392461197339247,3.8,0.0,1.0,1.0,0,3.0,0.0,8.0,3.0,1.0,1.0
1757772000,Newcastle,Wolves,1,2.3191771731917714,0.8544569785445698,1.7717319177173192,56.644547666445476,1.6282039371820394,1.9924795399247954,4.5,1.0362751603627516,1.4100862641008627,1.2063702720637026,48.44636142446362,1.0817053749170538,2.2026100420261003,3.8,0.0,1.0,1.0,0,1.0,0.0,9.0,4.0,1.0,4.0
1757772000,Bournemouth,Brighton,1,1.0463371579876435,0.4905119152691969,1.953883495145631,53.19130626654898,1.173667255075022,2.5377316857899386,4.5,1.7632391879964695,1.7736098852603706,1.206090026478376,56.26323918799647,1.6996977052074138,2.203000882612533,3.8,0.0,1.0,1.0,0,2.0,1.0,4.0,4.0,4.0,4.0
1757772000,Fulham,Leeds,1,1.2282632621615672,1.9449702839533347,0.8633061853400837,48.645828747523666,1.0136539731454985,1.2654633502091128,4.5,0.9297820823244553,2.6739305891848266,0.8426150121065377,43.26392251815981,0.9599273607748191,2.15819209039548,3.8,0.0,1.0,1.0,0,1.0,0.0,3.0,3.0,1.0,2.0
1757772000,Crystal Palace,Sunderland,1,1.5917874396135268,1.0355731225296443,1.7727272727272727,38.64646464646465,1.280781730346948,3.083443126921388,4.5,0.9275362318840581,1.6731078904991952,0.8405797101449277,51.925925925925924,1.1590177133655402,1.8244766505636072,3.8,0.0,1.0,1.0,1,0.0,0.0,5.0,3.0,1.0,1.0
1757772000,Everton,Aston Villa,1,1.4096385542168675,1.0352683461117196,1.5907995618838993,43.374808324205915,1.3881117196056953,3.083242059145674,4.5,1.0352683461117196,1.046002190580504,1.2054764512595837,48.261555312157725,1.4446484118291347,2.566703176341731,3.8,0.0,1.0,1.0,1,0.0,0.0,10.0,3.0,3.0,3.0
1757781000,West Ham,Tottenham,1,1.2274912587412588,2.125874125874126,0.6815996503496503,53.01048951048951,0.9191455419580419,2.3562062937062938,4.5,1.2167832167832167,2.3184003496503496,0.8417832167832169,43.71678321678322,0.9971984265734267,2.203234265734266,3.8,0.0,1.0,1.0,2,0.0,3.0,2.0,13.0,0.0,1.0
1757790000,Brentford,Chelsea,1,2.1362546326575105,1.5807717462393722,1.9540004360148244,42.64355788096795,1.997128842380641,1.8103335513407455,4.5,1.5807717462393722,0.8635273599302377,1.9330717244386308,55.356442119032046,1.3317309788532812,2.2029649008066277,3.8,0.0,1.0,1.0,1,2.0,2.0,5.0,6.0,3.0,2.0
1757854800,Burnley,Liverpool,1,1.6666666666666665,0.926634768740032,1.9952153110047848,48.02551834130782,1.3388197767145131,1.2775119617224882,4.5,1.7627229230100043,2.1363636363636362,1.2057416267942582,58.63288386254894,1.584436711613745,1.4756415832970857,3.8,0.0,1.0,1.0,2,0.0,1.0,1.0,13.0,2.0,2.0
1757863800,Manchester City,Manchester United,1,2.136038186157518,1.2171837708830548,2.3172054675634626,61.3601648947711,1.7077218485571708,1.4469516164026905,4.5,1.2171837708830548,2.136038186157518,0.4788457366022999,53.185289650683444,1.3465372098068997,2.5665003254502063,3.8,0.0,1.0,1.0,0,3.0,0.0,2.0,4.0,0.0,0.0
1758367800,Liverpool,Everton,1,2.5043478260869567,1.2161490683229814,2.1385093167701865,57.20414078674948,1.8731842650103518,1.6271221532091098,4.5,1.3987577639751554,1.0434782608695652,1.7534161490683229,41.33498964803312,1.1128095238095237,1.4718426501035198,3.8,0.0,1.0,1.0,0,2.0,1.0,5.0,4.0,2.0,3.0
1758376800,Wolves,Leeds,1,1.2261902303005265,1.946504182588041,0.8605597438810287,52.27495610864401,1.160884849736652,1.0793142621088505,4.5,0.6923990498812351,2.2505938242280283,0.6306413301662708,44.01900237529691,0.9153800475059386,2.1140142517814726,3.8,0.0,1.0,1.0,2,1.0,3.0,4.0,0.0,1.0,1.0
1758376800,Brighton,Tottenham,1,1.9565217391304348,1.3990109210797446,2.138512260457449,47.34555944776427,1.5864195343086749,1.8095610962291366,4.5,1.3990109210797446,1.591304347826087,1.3882958994436432,43.88922316093139,0.8732779723882136,2.0195755202967236,3.8,0.0,1.0,1.0,1,2.0,2.0,2.0,10.0,1.0,2.0
1758376800,Burnley,Nottingham Forest,1,1.2505910165484635,0.9450354609929078,1.4958628841607564,40.71926713947991,1.0356914893617017,1.4539007092198581,4.5,1.2165279062596361,1.4087984376606024,1.5708500359749205,45.17056223661219,0.8988167334772331,3.663007503340528,3.8,0.0,1.0,1.0,1,1.0,1.0,4.0,5.0,1.0,1.0
1758376800,West Ham,Crystal Palace,1,0.8608695652173914,2.3121000820344544,0.4948318293683348,49.34831829368335,0.8996378178835109,1.9917965545529122,4.5,1.581665299425759,0.6782608695652175,1.7534044298605413,38.234290401968835,1.9944179655455292,1.6540607054963086,3.8,0.0,1.0,1.0,2,1.0,2.0,8.0,8.0,3.0,3.0
1758385800,Manchester United,Chelsea,1,1.043375959079284,1.2165728900255754,1.2249616368286445,59.57565217391304,2.258073657289002,1.2615856777493606,4.5,1.947007672634271,1.2259846547314577,1.9363682864450127,56.676521739130436,1.335397442455243,2.019437340153453,3.8,0.0,1.0,1.0,0,2.0,1.0,5.0,5.0,2.0,5.0
1758394800,Fulham,Brentford,1,0.8608695652173914,1.5817105531741174,0.8600530720555216,51.53884466217596,1.0310120432741376,0.8963870177587263,4.5,1.2164931618697694,1.2260869565217392,1.3882833231271687,47.730720555215356,1.3626009389671363,2.750438865074505,3.8,0.0,1.0,1.0,0,3.0,1.0,2.0,10.0,4.0,1.0
1758459600,Sunderland,Aston Villa,1,2.0017564402810306,0.9443793911007026,2.247072599531616,48.200819672131146,1.3237412177985945,1.7066744730679155,4.5,0.4859790245392527,1.043783728744527,0.8401995723449751,46.817248752672846,0.9899268913552592,2.9327970675084,3.8,0.0,1.0,1.0,1,1.0,1.0,6.0,5.0,2.0,1.0
1758459600,Bournemouth,Newcastle,1,1.226290125965055,0.6685087362860626,1.9559122308004877,55.004388459975615,1.1696001625355545,2.722917513206014,4.5,0.48590004063388875,1.226290125965055,0.6575375863470134,53.9434376269809,1.3258118650954898,1.8368955709061356,3.8,0.0,1.0,1.0,1,0.0,0.0,5.0,2.0,2.0,1.0
1758468600,Arsenal,Manchester City,1,2.3216377825073478,0.8508361204013378,1.9558123036383905,57.56195398804095,1.5839108138238571,1.079456775108949,4.5,1.7638795986622073,0.4955508259856087,1.9357454140062835,61.42935035978515,2.1546111280024327,0.9236039322995846,3.8,0.0,1.0,1.0,1,1.0,1.0,11.0,1.0,1.0,2.0
1758972600,Brentford,Manchester United,1,2.504145601617796,1.9464105156723963,1.9557128412537916,41.31304347826087,2.0439615773508595,2.1749241658240646,4.5,1.033367037411527,1.956319514661274,0.4748230535894844,53.756521739130434,1.4916461071789686,2.201820020222447,3.8,0.0,1.0,1.0,0,3.0,1.0,4.0,2.0,2.0,2.0
1758981600,Leeds,Bournemouth,1,1.0005800464037122,0.691415313225058,1.7470997679814384,49.69199535962877,1.4543851508120644,1.2059164733178656,4.5,1.2158983153434884,1.5914052254615152,1.387612226369414,48.82747906789065,1.230664783617472,2.9322102289922323,3.8,0.0,1.0,1.0,1,2.0,2.0,7.0,4.0,2.0,2.0
1758981600,Crystal Palace,Liverpool,1,1.2262882447665056,0.8508051529790661,1.4080917874396135,41.85748792270532,1.4926574074074073,2.5401771336553947,4.5,1.5812399355877618,1.5915056360708535,1.7527777777777778,62.15990338164251,1.7948204508856682,1.836513687600644,3.8,0.0,1.0,1.0,0,2.0,1.0,2.0,6.0,1.0,3.0
1758981600,Chelsea,Brighton,1,1.4089968872376746,0.30290189778090176,2.504046591023195,52.444201225022596,1.7358122301435883,1.4443418013856815,4.5,1.7637714629982928,1.7742142785420223,1.204699266994678,53.9471031228035,1.6306329952806506,2.3844964353850786,3.8,0.0,1.0,1.0,2,1.0,3.0,5.0,7.0,3.0,5.0
1758981600,Manchester City,Burnley,1,1.7741134041274293,0.8510518934081347,2.321138048487277,57.19386896413544,1.4930042075736325,1.0793428170707273,4.5,1.1935483870967742,2.251152073732719,0.6290322580645161,42.335253456221196,1.2077188940092167,2.364055299539171,3.8,0.0,1.0,1.0,0,5.0,1.0,10.0,2.0,1.0,3.0
1758990600,Nottingham Forest,Sunderland,1,1.0443778110944528,1.7640179910044977,0.8605697151424289,54.640979510244875,1.2191964017991004,1.8095952023988005,4.5,0.6931034482758621,1.2551724137931033,0.8775862068965518,50.06436781609196,0.9541436781609198,1.6149425287356323,3.8,0.0,1.0,1.0,2,0.0,1.0,7.0,4.0,4.0,2.0
1758999600,Tottenham,Wolves,1,1.0440765855604308,1.7639409652971678,0.6776625448743518,55.19162345432788,1.4748835261268447,1.4447945751894695,4.5,0.6682887913841244,1.4092939768647788,0.6573195053849222,46.086637415237334,0.6756533705624251,2.5677702433187077,3.8,0.0,1.0,1.0,1,1.0,1.0,10.0,9.0,3.0,2.0
1759064400,Aston Villa,Fulham,1,1.4091931151129242,0.8508208138493683,1.9558252910158194,53.00033827479854,1.2172788777236094,1.0797930554173714,4.5,1.216038205153716,1.4091931151129242,1.387702716147647,51.38227042085365,1.2197886777435079,2.932941995821311,3.8,0.0,1.0,1.0,0,3.0,1.0,2.0,8.0,1.0,4.0
1759073400,Newcastle,Arsenal,1,1.5920984713122892,0.8507444907683146,1.7735159817351598,56.104109589041094,1.6298963668850506,1.8100456621004566,4.5,1.763787969029184,0.8616636887035936,1.9352789358745284,55.217629541393684,1.8186611078022632,1.8376414532459797,3.8,0.0,1.0,1.0,2,1.0,2.0,7.0,12.0,2.0,1.0
1759172400,Everton,West Ham,1,1.2267802317520056,0.850866594037833,1.5906110725958207,46.605704664751904,1.5676325641279585,3.0883232643359415,4.5,1.9465187679508764,1.4093889274041795,1.7530157472516588,51.568208378726354,1.4115818559968305,0.9243537684460732,3.8,0.0,1.0,1.0,1,1.0,1.0,3.0,5.0,3.0,4.0
1759518000,Bournemouth,Fulham,1,1.0422348484848485,0.4820075757575758,1.9575757575757575,58.32234848484848,1.1552518939393939,2.359848484848485,4.5,1.0320075757575757,1.7755681818181819,0.8382575757575759,49.010984848484846,0.9443200757575759,3.486174242424242,3.8,0.0,1.0,1.0,0,3.0,1.0,4.0,3.0,0.0,1.0
1759577400,Leeds,Tottenham,1,1.2040816326530612,0.9532879818594104,1.597732426303855,47.950113378684804,1.5312653061224486,1.3655328798185942,4.5,1.5819349962207108,1.0425170068027212,1.5713529856387,48.643726379440665,1.0102324263038551,2.2026077097505667,3.8,0.0,1.0,1.0,2,1.0,2.0,4.0,1.0,2.0,3.0
1759586400,Manchester United,Sunderland,1,1.4090874811463046,1.2153846153846153,1.7742458521870286,56.12409502262444,2.356047888386123,1.2595022624434389,4.5,0.7538461538461538,1.0036199095022624,1.304072398190045,47.04434389140272,1.0943800904977379,1.693212669683258,3.8,0.0,1.0,1.0,0,2.0,0.0,2.0,3.0,1.0,4.0
1759586400,Arsenal,West Ham,1,2.1425131677953346,0.6651241534988713,1.9578630549285176,57.40726109857035,1.5311121143717077,1.0759969902182092,4.5,1.7651241534988713,1.0425131677953348,1.9381113619262602,51.75940556809631,1.3967938299473288,1.4697516930022574,3.8,0.0,1.0,1.0,0,2.0,0.0,8.0,3.0,0.0,2.0
1759595400,Chelsea,Liverpool,1,1.4092717717717718,0.8481981981981983,1.9581456456456456,53.377139639639644,1.907183933933934,1.9923048048048049,4.5,1.5815315315315317,1.9592717717717718,1.2045420420420418,64.77286036036035,1.7174677177177178,2.0197072072072073,3.8,0.0,1.0,1.0,0,2.0,1.0,7.0,2.0,0.0,2.0
1759669200,Wolves,Brighton,1,0.8593632958801499,2.49812734082397,0.3084269662921349,52.27752808988764,1.1150898876404494,1.0752808988764044,4.5,1.94812734082397,1.2260299625468165,1.754307116104869,51.389138576779025,1.7872490636704121,2.7529962546816478,3.8,0.0,1.0,1.0,1,1.0,1.0,2.0,8.0,2.0,4.0
1759669200,Everton,Crystal Palace,1,1.4092675635276533,0.6647234678624813,1.775,50.07585949177877,1.534747384155456,2.9086322869955157,4.5,1.5813901345291481,0.4926008968609866,2.120926756352765,40.20747384155456,2.087837443946188,2.0199925261584455,3.8,0.0,1.0,1.0,0,2.0,1.0,2.0,4.0,2.0,3.0
1759669200,Newcastle,Nottingham Forest,1,1.2260253542132735,1.2146532438478745,1.2252796420581655,48.6090231170768,1.2195130499627145,1.9919835943325876,4.5,1.0313199105145414,1.4093586875466069,1.2040268456375838,51.207643549589854,1.0098732289336319,3.12013422818792,3.8,0.0,1.0,1.0,0,2.0,0.0,8.0,1.0,0.0,4.0
1759669200,Aston Villa,Burnley,1,1.2261160714285713,0.8477306547619049,1.958891369047619,53.00904017857143,1.005375744047619,1.0749627976190477,4.5,1.1491071428571429,2.805357142857143,0.4982142857142857,40.03660714285714,1.0444642857142858,2.498214285714286,3.8,0.0,1.0,1.0,0,2.0,1.0,6.0,4.0,3.0,1.0
1759678200,Brentford,Manchester City,1,2.3262063845582777,1.7643281365998515,1.95916852264291,40.9097995545657,2.0191451373422415,1.991833704528582,4.5,1.5809948032665184,0.6762063845582776,1.5702301410541946,55.2402004454343,1.9426729769858946,1.2868968077208611,3.8,0.0,1.0,1.0,2,0.0,1.0,3.0,2.0,3.0,2.0
1760787000,Nottingham Forest,Chelsea,1,1.0425925925925925,1.580925925925926,0.858888888888889,56.48925925925926,1.3608296296296296,1.992037037037037,4.5,1.7642592592592592,1.4092592592592592,1.3872222222222221,56.71074074074073,1.2477500000000001,2.386851851851852,3.8,0.0,1.0,1.0,2,0.0,3.0,5.0,2.0,2.0,4.0
1760796000,Manchester City,Everton,1,2.3256467110125643,0.8478935698447895,2.3252771618625276,58.50576496674058,1.665319660014782,0.7087213599408722,4.5,1.581226903178123,1.2256467110125646,1.7542128603104212,40.944235033259424,1.157978935698448,2.020509977827051,3.8,0.0,1.0,1.0,0,2.0,0.0,11.0,3.0,0.0,2.0
1760796000,Brighton,Newcastle,1,1.7757374631268437,1.3976401179941003,1.7755530973451328,44.20947640117994,1.5884811946902655,1.8083702064896756,4.5,0.29764011799410034,0.49240412979351045,0.8373156342182891,52.49052359882006,1.167049041297935,1.4704646017699115,3.8,0.0,1.0,1.0,0,2.0,1.0,8.0,4.0,0.0,1.0
1760796000,Burnley,Leeds,1,1.2039735099337747,0.9483443708609272,1.403973509933775,39.961147902869754,0.9977836644591608,1.3584988962472406,4.5,1.148344370860927,2.003973509933775,1.0980132450331126,44.038852097130246,0.8211390728476822,1.897130242825607,3.8,0.0,1.0,1.0,0,2.0,0.0,1.0,5.0,2.0,1.0
1760796000,Sunderland,Wolves,1,1.8044052863436124,0.947136563876652,2.005286343612335,44.34361233480176,1.2668546255506605,1.758590308370044,4.5,0.6639867841409691,1.5925844346549194,0.28685756240822324,47.7284140969163,0.8373087371512482,2.3866740088105725,3.8,0.0,1.0,1.0,0,2.0,0.0,2.0,2.0,0.0,0.0
1760796000,Crystal Palace,Bournemouth,1,1.5926739926739928,1.0304029304029305,1.7763736263736263,42.00311355311355,1.9601886446886443,1.8076923076923077,4.5,1.5804029304029306,1.9593406593406593,1.3866300366300366,46.263553113553115,1.247882783882784,2.56959706959707,3.8,0.0,1.0,1.0,1,3.0,3.0,6.0,5.0,1.0,4.0
1760805000,Fulham,Arsenal,1,1.2262792397660818,1.3973684210526316,1.4096125730994151,53.73665935672515,1.1687258771929823,1.4408625730994151,4.5,1.3973684210526316,1.0429459064327486,1.9365862573099415,53.04667397660818,1.7265098684210531,2.019919590643275,3.8,0.0,1.0,1.0,2,0.0,1.0,6.0,10.0,0.0,0.0
1760878800,Tottenham,Aston Villa,1,1.0426695842450766,1.5806345733041578,0.8593362509117434,51.71746900072939,1.2418646973012397,1.8071845368344275,4.5,0.4806345733041576,0.8593362509117434,1.0202407002188183,52.86586433260394,0.8227738876732313,2.5695113056163383,3.8,0.0,1.0,1.0,2,1.0,2.0,6.0,6.0,2.0,0.0
1760887800,Liverpool,Manchester United,1,1.9592430858806404,1.2140829694323143,2.1423944687045124,56.30120087336245,1.6212274381368268,1.6238719068413394,4.5,1.0307496360989812,2.325909752547307,0.28722707423580796,52.68213245997089,1.411088791848617,2.202438136826783,3.8,0.0,1.0,1.0,2,1.0,2.0,9.0,4.0,0.0,2.0
1760986800,West Ham,Brentford,1,0.8591503267973857,2.4975308641975307,0.3087872185911402,50.25359477124183,0.8514538852578069,2.1735294117647057,4.5,1.0308641975308643,1.7758169934640522,0.8375453885257808,48.09640522875817,1.2350896877269426,2.019063180827887,3.8,0.0,1.0,1.0,2,0.0,2.0,6.0,10.0,1.0,1.0
1761332400,Leeds,West Ham,1,1.168840579710145,1.123913043478261,1.3340579710144929,49.44275362318841,1.5576449275362316,1.460144927536232,4.5,1.3977391304347826,1.4085217391304348,1.3883478260869566,48.82973913043478,1.163146086956522,1.6500869565217393,3.8,0.0,1.0,1.0,0,2.0,1.0,3.0,4.0,3.0,3.0
1761400800,Chelsea,Sunderland,1,1.2246073752711497,0.8456746203904556,1.9604338394793925,56.68855531453362,1.5167925379609544,1.6226290672451193,4.5,0.6236442516268981,1.1691973969631237,1.0838756326825743,47.564352856109906,1.0286117136659436,2.0759219088937093,3.8,0.0,1.0,1.0,2,1.0,2.0,9.0,1.0,1.0,1.0
1761400800,Newcastle,Fulham,1,1.2245194805194806,1.2137835497835499,1.2241731601731602,49.69953246753247,1.5663681385281385,1.2544761904761905,4.5,1.2137835497835499,2.144519480519481,0.8364329004329005,48.64446753246753,0.9477423376623377,2.754008658008658,3.8,0.0,1.0,1.0,0,2.0,1.0,4.0,3.0,0.0,2.0
1761409800,Manchester United,Brighton,1,1.7766047516198704,0.8457192224622031,2.3284319654427645,55.77155939524839,2.2877584449244064,1.4381511879049675,4.5,1.7657192224622031,1.4086047516198703,1.3882159827213822,53.98044060475162,1.6690558963282938,3.3059697624190063,3.8,0.0,1.0,1.0,0,4.0,2.0,1.0,6.0,2.0,2.0
1761418800,Brentford,Liverpool,1,1.593034482758621,1.3978275862068965,1.4086896551724137,37.738379310344826,1.6345217241379306,2.5421724137931037,4.5,1.5818275862068967,1.7770344827586209,1.204,61.52562068965518,1.8842986206896553,2.017931034482759,3.8,0.0,1.0,1.0,0,3.0,2.0,5.0,4.0,3.0,2.0
1761487200,Aston Villa,Manchester City,1,1.4092903225806452,1.0299354838709678,1.9609462365591397,53.55948387096774,1.0404163440860215,1.6223655913978496,4.5,1.7659354838709678,0.6732903225806451,1.9397849462365593,54.90451612903226,1.766704516129032,1.6498924731182796,3.8,0.0,1.0,1.0,0,1.0,0.0,5.0,6.0,1.0,4.0
1761487200,Arsenal,Crystal Palace,1,2.3292017167381975,0.2936995708154506,2.5132017167381977,60.734832618025756,1.7799769957081542,1.0702145922746782,4.5,1.3976995708154507,0.8572017167381975,1.571570815450644,39.633167381974246,1.748277424892704,2.386197424892704,3.8,0.0,1.0,1.0,0,1.0,0.0,4.0,3.0,0.0,0.0
1761487200,Wolves,Burnley,1,1.0411134903640258,2.3174646680942184,0.48945610278372587,49.69641113490364,1.0493970021413277,1.2538929336188436,4.5,1.1227694503925767,2.671306209850107,0.4139900071377588,40.8982869379015,0.9368558172733762,2.2408993576017133,3.8,0.0,1.0,1.0,2,2.0,3.0,4.0,3.0,1.0,0.0
1761487200,Bournemouth,Nottingham Forest,1,1.5931965811965814,0.47774358974358977,2.5131965811965813,56.137470085470085,1.2132899145299145,1.62174358974359,4.5,0.8457435897435898,1.5931965811965814,1.0196581196581196,50.85452991452991,0.9330215384615385,2.3854358974358973,3.8,0.0,1.0,1.0,0,2.0,0.0,6.0,4.0,3.0,1.0
1761496200,Everton,Tottenham,1,1.409279317697228,0.4775095948827292,2.145449893390192,48.59367164179104,1.8074522814498934,2.541936034115139,4.5,1.7655095948827293,1.0412793176972281,1.9394456289978679,48.46232835820895,0.964136801705757,2.3852281449893393,3.8,0.0,1.0,1.0,2,0.0,3.0,9.0,8.0,2.0,0.0
1762009200,Brighton,Leeds,1,1.9610212765957447,1.3977872340425532,2.1451914893617023,44.17821276595745,1.6290127659574467,1.4379574468085106,4.5,0.9574468085106383,2.0042553191489363,0.9156028368794327,48.224113475177305,1.123177304964539,1.7368794326241135,3.8,0.0,1.0,1.0,0,3.0,0.0,4.0,7.0,0.0,1.0
1762009200,Fulham,Wolves,1,1.0412738853503185,1.0295541401273884,1.409443736730361,48.77807218683652,1.1030389808917198,1.2536390658174097,4.5,0.6615541401273886,1.7772738853503185,0.2835329087048832,51.95792781316349,0.9070208067940551,2.3846454352441615,3.8,0.0,1.0,1.0,0,3.0,0.0,10.0,1.0,1.0,3.0
1762009200,Nottingham Forest,Manchester United,1,0.6735254237288135,1.765322033898305,0.6736949152542373,55.40413559322033,1.5538193220338985,1.805491525423729,4.5,0.8453220338983052,1.7775254237288136,0.8353220338983052,49.563864406779665,1.370515593220339,2.2007796610169494,3.8,0.0,1.0,1.0,1,2.0,2.0,8.0,5.0,1.0,1.0
1762009200,Crystal Palace,Brentford,1,1.9616067653276956,1.3974291754756871,1.7776067653276957,42.52246934460887,2.3082910782241015,1.4373446088794926,4.5,1.2134291754756872,1.7776067653276957,0.8352811839323467,49.19753065539112,1.41096,1.4645750528541226,3.8,0.0,1.0,1.0,0,2.0,0.0,6.0,5.0,0.0,3.0
1762009200,Burnley,Arsenal,1,1.340365682137834,0.7883263009845289,1.6744022503516174,38.433192686357245,0.906645569620253,1.4542897327707456,4.5,1.213198312236287,0.6736877637130801,2.307071729957806,54.352033755274256,1.5966666666666671,1.4647088607594936,3.8,0.0,1.0,1.0,2,0.0,2.0,1.0,6.0,2.0,1.0
1762018200,Tottenham,Chelsea,1,1.2254315789473684,1.581305263157895,0.8576,52.823157894736845,1.2536522105263157,1.9890526315789474,4.5,2.3173052631578948,1.0414315789473685,1.9393684210526316,55.82484210526315,1.4275705263157894,2.752505263157895,3.8,0.0,1.0,1.0,2,0.0,1.0,6.0,5.0,4.0,2.0
1762027200,Liverpool,Aston Villa,1,1.7771764705882354,1.2132436974789917,1.961344537815126,59.99868907563025,1.687656470588235,1.4374117647058824,4.5,0.6612436974789916,1.0411764705882354,1.0196638655462185,55.273310924369746,0.6993253781512605,1.6484705882352944,3.8,0.0,1.0,1.0,0,2.0,0.0,1.0,4.0,2.0,3.0
1762092000,West Ham,Newcastle,1,0.6732578616352202,2.685014675052411,0.1215932914046121,48.0390607966457,0.7584045283018868,1.989433962264151,4.5,0.29301467505241086,0.6732578616352202,0.6514549266247379,52.51293920335429,1.0892501467505242,1.4646037735849056,3.8,0.0,1.0,1.0,0,3.0,1.0,7.0,6.0,1.0,2.0
1762101000,Manchester City,Bournemouth,1,2.5135062761506277,0.8449539748953976,2.3298410041841007,59.812753138075315,1.9838865271966524,0.7012887029288702,4.5,1.7649539748953975,2.3295062761506276,1.0192468619246862,45.89124686192469,1.4423939748953973,2.936569037656904,3.8,0.0,1.0,1.0,0,3.0,1.0,9.0,4.0,2.0,2.0
1762200000,Sunderland,Everton,1,1.8406402226861518,0.7870563674321504,2.175365344467641,43.75121781489214,1.1636951983298536,1.455462769659012,4.5,1.0288935281837162,1.4097536534446764,1.2030396659707725,39.635707724425885,1.1000517745302716,2.384534446764092,3.8,0.0,1.0,1.0,1,1.0,1.0,4.0,1.0,3.0,2.0
1762605000,Tottenham,Manchester United,1,1.0400641025641026,1.027724358974359,0.8557692307692307,55.598076923076924,0.8963461538461537,2.174519230769231,4.5,1.2123397435897436,1.9631410256410255,1.0182692307692307,50.67884615384615,1.5219791666666667,1.2774038461538462,3.8,0.0,1.0,1.0,1,2.0,2.0,5.0,3.0,5.0,1.0
1762614000,Everton,Fulham,1,1.0401407324484246,1.0278266432112586,1.5941468095314248,49.32182952182952,1.6254840876379337,2.72886614425076,4.5,0.843211258595874,2.147833040140733,0.27976971053894123,48.64740124740125,1.0455595714057253,2.384903246441708,3.8,0.0,1.0,1.0,0,2.0,0.0,7.0,5.0,2.0,2.0
1762614000,West Ham,Burnley,1,1.0402170443664218,2.504532397063518,0.6713054580274497,43.59862751356527,0.870397701883179,1.067347590169167,4.5,1.3882631890930646,2.577949021932424,0.7812685240071132,41.20509780675756,1.0046710136336692,1.9152341434499112,3.8,0.0,1.0,1.0,0,3.0,2.0,7.0,4.0,2.0,2.0
1762623000,Sunderland,Arsenal,1,1.7216799763383615,0.8172138420585625,2.008577343981071,46.218870156758356,1.1720910973084884,1.6787932564330081,4.5,1.2123268036311514,0.4866061474757126,2.310144927536232,52.894919573180445,1.6029074693422518,1.6463768115942028,3.8,0.0,1.0,1.0,1,2.0,2.0,2.0,2.0,2.0,1.0
1762632000,Chelsea,Wolves,1,1.2251430387794024,1.2124284806102987,1.4099173553719009,60.57949777495232,1.5295479974570885,1.621233312142403,4.5,0.28935155753337566,1.5943738080101717,0.27933884297520656,46.06665607120152,0.6891541640178003,2.5692625556261923,3.8,0.0,1.0,1.0,0,3.0,0.0,10.0,1.0,1.0,2.0
1762696800,Nottingham Forest,Leeds,1,1.0407613005551148,1.9506740681998413,0.856304520222046,53.381601903251386,1.6886042823156224,1.6210943695479778,4.5,0.8167893961708395,2.15139911634757,0.7796759941089838,48.49690721649485,1.0313195876288659,1.6285714285714286,3.8,0.0,1.0,1.0,0,3.0,1.0,6.0,4.0,2.0,1.0
1762696800,Crystal Palace,Brighton,1,1.5948401392845837,1.0275403608736942,1.7796138018360241,43.41161760050649,2.133692940804052,1.251883507439063,4.5,1.3967711301044634,1.964070908515353,0.8327951883507438,51.9729977841089,1.4624086736308957,3.4921177587844254,3.8,0.0,1.0,1.0,1,0.0,0.0,4.0,8.0,1.0,4.0
1762696800,Aston Villa,Bournemouth,1,1.2253672405623124,1.0273258568946453,1.9641446848839046,49.68715842678881,0.9317273732427735,1.620976149107566,4.5,1.7657873953561838,2.3330595482546204,1.0173748223029537,47.543610803980414,1.3681074079924183,2.75394092560417,3.8,0.0,1.0,1.0,0,4.0,0.0,6.0,9.0,2.0,2.0
1762696800,Brentford,Newcastle,1,1.7796027742749054,1.2117276166456494,1.96437578814628,34.54889659520807,1.6129889659520804,2.3594577553593945,4.5,0.4732660781841109,1.041141235813367,0.6479508196721311,55.11264186633039,0.84015290037831,1.276986128625473,3.8,0.0,1.0,1.0,0,3.0,1.0,6.0,2.0,2.0,3.0
1762705800,Manchester City,Liverpool,1,2.5182947931414192,0.8424414031775995,2.3338367154318074,58.17939279534371,2.1115834513135123,0.8825546641497561,4.5,1.580902941639138,1.7798332546798805,1.2016045304388863,64.3436841277332,1.8978603114676735,2.3848041529023125,3.8,0.0,1.0,1.0,0,3.0,0.0,7.0,7.0,2.0,4.0
1763814600,Burnley,Chelsea,1,1.1545189504373177,0.9568513119533528,1.4408163265306122,39.493877551020404,0.8375976676384838,1.535276967930029,4.5,2.3191522762951333,1.04160125588697,1.9398744113029829,56.59010989010989,1.9051334379905807,2.7543171114599687,3.8,0.0,1.0,1.0,2,0.0,2.0,1.0,9.0,2.0,3.0
1763823600,Liverpool,Nottingham Forest,1,1.964436785210716,1.0269465768447439,2.3338242205859316,57.070374432085224,1.5132630424565252,1.4364405451981828,4.5,0.47310042299858995,1.7798214005953314,0.46323045589848033,52.52962556791477,0.6368886103712987,2.015979946733511,3.8,0.0,1.0,1.0,2,0.0,3.0,8.0,6.0,2.0,0.0
1763823600,Wolves,Crystal Palace,1,1.2257348342714196,2.6887429643527208,0.3028142589118198,51.16647904940588,1.277021888680425,1.0672295184490306,4.5,1.2118198874296435,0.8565040650406504,1.3865853658536587,41.26429018136335,1.5046216385240776,2.384865540963102,3.8,0.0,1.0,1.0,2,0.0,2.0,1.0,4.0,2.0,3.0
1763823600,Brighton,Brentford,1,1.9639569355593696,1.0273053518489623,2.1487283507567487,44.33527851458886,1.7902970822281168,1.251864565454829,4.5,1.0273053518489623,1.9639569355593696,0.6484006865345607,51.603183023872674,1.246152285848026,1.8311437041660166,3.8,0.0,1.0,1.0,0,2.0,1.0,7.0,4.0,4.0,2.0
1763823600,Bournemouth,West Ham,1,1.5947991279975087,0.4734039240112114,2.518187480535659,54.1219557770165,1.0204064154469012,2.175272500778574,4.5,1.0272500778573652,1.5947991279975087,0.8328246652133291,48.83189037682965,1.0819364683899098,2.015727187791965,3.8,0.0,1.0,1.0,1,2.0,2.0,9.0,2.0,3.0,2.0
1763823600,Fulham,Sunderland,1,1.594871794871795,0.6581196581196581,1.9642579642579643,51.72587412587412,1.1223403263403262,1.436985236985237,4.5,0.8158730158730159,1.1523809523809523,1.3503607503607502,45.33246753246753,1.0642337662337662,1.9154401154401155,3.8,0.0,1.0,1.0,0,1.0,0.0,7.0,4.0,3.0,3.0
1763832600,Newcastle,Manchester City,1,1.594789081885856,1.211755583126551,1.7798697270471464,47.11144540942928,1.72797952853598,1.0679280397022333,4.5,1.3963709677419356,0.8563275434243176,1.3864454094292804,54.91932382133995,1.4324230769230768,2.385049627791563,3.8,0.0,1.0,1.0,0,2.0,1.0,5.0,9.0,1.0,3.0
1763906400,Leeds,Aston Villa,1,1.2951997700488644,1.1006036217303823,1.5832135671169878,48.23225064673757,1.55091405576315,1.680367921816614,4.5,0.6578548212351029,1.0410153227054635,1.0170252282928338,57.87593251818604,0.6996814734561212,1.8313264200588144,3.8,0.0,1.0,1.0,2,1.0,2.0,3.0,3.0,5.0,1.0
1763915400,Arsenal,Tottenham,1,2.333240654927402,0.28872412727834407,2.518319431572444,62.43132530120482,1.8333657707754092,0.514426938523324,4.5,2.319493358047575,0.6717021933889403,2.4942230460302754,51.04559777571826,1.1852601173926474,2.015755329008341,3.8,0.0,1.0,1.0,0,4.0,1.0,4.0,1.0,1.0,3.0
1764014400,Manchester United,Everton,1,2.149005703715123,1.2117465700632033,2.3339293972560506,51.5399722521967,1.9848145521812857,1.4373670417758593,4.5,1.0271311854478187,1.5951595498689688,0.8324957607522737,40.33695082472638,1.0484519808848467,2.015877909665485,3.8,0.0,1.0,1.0,2,0.0,1.0,9.0,1.0,2.0,0.0
1764428400,Manchester City,Leeds,1,3.076592592592593,0.47051851851851856,2.8917037037037034,55.98948148148148,2.106665185185185,1.0656296296296297,4.5,0.9380000000000002,1.8835,0.7565,51.7355,1.092415,1.4505,3.8,0.0,1.0,1.0,0,3.0,2.0,8.0,1.0,4.0,1.0
1764428400,Brentford,Burnley,1,2.150883418348488,1.396540252827678,1.9659939380498264,39.13927700155246,1.8254180527833221,2.5474236711761664,4.5,1.6883233532934132,2.6342315369261478,0.7558882235528941,44.37994011976048,1.0040269461077844,2.1999001996007985,3.8,0.0,1.0,1.0,0,3.0,1.0,5.0,6.0,0.0,2.0
1764428400,Sunderland,Bournemouth,1,1.58496015936255,1.0881474103585658,1.7359561752988049,45.72061752988048,1.1138037848605575,1.9716135458167332,4.5,1.3964881215877232,2.336284491662978,1.0163789287295264,49.19389110225764,1.3511391471152425,2.7554965323889626,3.8,0.0,1.0,1.0,0,3.0,2.0,6.0,3.0,5.0,5.0
1764437400,Everton,Newcastle,1,1.040203225093881,1.0262130918194536,1.5960533097710037,50.80494808924232,1.5978322656652675,2.3624180840880644,4.5,0.6558427214490833,1.5957587806494369,0.4606435461306237,53.45431117001693,0.6548994919372653,1.6447978793903248,3.8,0.0,1.0,1.0,2,1.0,4.0,8.0,7.0,0.0,0.0
1764446400,Tottenham,Fulham,1,0.8549382716049383,1.3969723691945914,0.48471487360376253,53.39726631393298,0.6366431510875955,3.1028806584362143,4.5,0.6562316284538507,2.3364197530864197,0.09053497942386832,48.63977072310406,0.9772089947089946,2.200029394473839,3.8,0.0,1.0,1.0,2,1.0,2.0,8.0,2.0,3.0,2.0
1764504000,Crystal Palace,Manchester United,1,1.4104143747708104,0.8415108177484416,1.780784745141181,43.399046571323794,2.0717315731573156,0.8808214154748809,4.5,1.397066373303997,2.151155115511551,1.0167216721672168,50.11947194719472,1.3363410341034103,1.2740740740740741,3.8,0.0,1.0,1.0,2,1.0,2.0,4.0,4.0,3.0,2.0
1764511500,Nottingham Forest,Brighton,1,1.0399648660518226,1.9527155614112135,0.8546332894158982,51.91655687307861,1.8236290440638263,1.806909676474894,4.5,1.397160005855658,1.5955204216073782,1.0169814082857562,51.97233201581028,1.0844707949055774,3.6814522031913333,3.8,0.0,1.0,1.0,2,0.0,2.0,9.0,2.0,0.0,1.0
1764511500,West Ham,Liverpool,1,1.410110307546205,1.9528088246036963,1.2247790196508146,43.95375849222003,1.29390751698444,1.4362626926729491,4.5,1.0268828986777705,1.9656658631017605,0.646869749433852,62.342537804076265,1.8845708232887717,2.570165826576083,3.8,0.0,1.0,1.0,2,0.0,2.0,7.0,2.0,3.0,0.0
1764511500,Aston Villa,Wolves,1,1.9654418197725285,1.0269757946923301,2.3356663750364537,51.91571886847477,1.2085433070866143,1.8067949839603383,4.5,0.2862350539515894,1.9654418197725285,0.2767570720326626,45.12131816856226,0.6327077865266841,2.199475065616798,3.8,0.0,1.0,1.0,0,1.0,0.0,7.0,3.0,0.0,4.0
1764520200,Chelsea,Arsenal,1,1.780179000218293,1.2119624536127485,1.7803245288510514,59.13810667248781,1.8473484683111403,1.4361493123772102,4.5,1.3971476387979336,0.8542530742923671,1.9432438332241868,57.71374517936404,1.7140689805719276,1.0886269373499236,3.8,0.0,1.0,1.0,1,1.0,1.0,3.0,3.0,1.0,6.0
1764703800,Bournemouth,Everton,1,1.7801016702977488,0.8415395787944808,2.1506172839506172,57.284386347131445,1.5305766158315177,2.361946259985476,4.5,1.211909949164851,1.4097312999273783,1.3876543209876544,37.34524328249818,0.9381350762527234,1.644734931009441,3.8,0.0,1.0,1.0,2,0.0,1.0,1.0,6.0,3.0,3.0
1764703800,Fulham,Manchester City,1,1.5946944988040879,0.4711169094730739,2.335580198593897,52.65535986083931,1.1952446183953032,1.8065521490179024,4.5,0.8414872798434443,1.2243241284337176,0.8323548597521201,56.603899398419955,1.4363013698630138,2.5707762557077625,3.8,0.0,1.0,1.0,2,4.0,5.0,7.0,2.0,0.0,1.0
1764706500,Newcastle,Tottenham,1,1.5950520833333335,0.842013888888889,2.3353587962962963,46.17476851851852,1.961824363425926,0.8803530092592593,4.5,2.138310185185185,1.4098668981481481,1.9437210648148149,51.78819444444444,0.9919806134259259,1.8298611111111112,3.8,0.0,1.0,1.0,1,2.0,2.0,11.0,8.0,0.0,3.0
1764790200,Brighton,Aston Villa,1,2.1506750415132485,1.0272904483430798,2.52046783625731,46.91581835246553,1.7433824272615694,1.4356364161432387,4.5,1.0272904483430798,1.0395639304021371,1.5733160060645441,53.45455201790484,0.7696765576492672,1.6447909898202298,3.8,0.0,1.0,1.0,2,3.0,4.0,5.0,6.0,2.0,2.0
1764790200,Burnley,Crystal Palace,1,0.8342412451361867,1.2433852140077821,0.9808365758754864,39.26838521400778,0.7215058365758753,1.820330739299611,4.5,1.5832252485948985,0.8545899985588702,1.7587548638132295,45.67603401066436,1.6179824182158815,2.3855022337512612,3.8,0.0,1.0,1.0,2,0.0,1.0,3.0,3.0,0.0,0.0
1764790200,Arsenal,Brentford,1,2.1506652283351313,0.4720604099244876,2.520028766630708,60.43610212153902,1.6582171880618481,0.6946422150305646,4.5,1.0276159654800432,1.780294857964761,0.6478964401294498,49.74908306364617,1.3234332973750451,1.8296296296296297,3.8,0.0,1.0,1.0,0,2.0,0.0,4.0,8.0,0.0,1.0
1764790200,Wolves,Nottingham Forest,1,1.2248062015503876,2.3237151880562736,0.2980189491817399,52.289549239161644,1.5045506747057134,1.24992822279644,4.5,0.8422337065747919,1.595176571920758,0.8329026701119725,46.414154464542065,0.7547760551248923,1.459086993970715,3.8,0.0,1.0,1.0,2,0.0,1.0,3.0,9.0,2.0,2.0
1764792900,Liverpool,Sunderland,1,1.2245862884160756,1.2125510423382764,1.7792821835375028,59.69682642023067,1.4618719105953146,1.6203166415932375,4.5,0.7923597678916827,0.9829787234042554,1.3618955512572533,42.873210831721465,0.9598413926499033,2.199323017408124,3.8,0.0,1.0,1.0,1,1.0,1.0,7.0,3.0,1.0,1.0
1764792900,Leeds,Chelsea,1,1.2827220077220076,1.392181467181467,1.1298262548262548,47.23503861003861,1.5010386100386097,2.418146718146718,4.5,1.7680537680537682,0.8541398541398542,1.9442299442299442,56.04147004147005,1.7175275275275277,3.125554125554126,3.8,0.0,1.0,1.0,0,3.0,1.0,4.0,2.0,1.0,1.0
1764878400,Manchester United,West Ham,1,2.1506458288731896,1.2124455862413475,2.3349746663812176,53.214657817740665,2.0213052165846,1.6200670805680442,4.5,1.3976307714265326,1.4099050881324484,1.0181260258331548,41.600156997074144,1.097106972097338,2.199457646471134,3.8,0.0,1.0,1.0,1,1.0,1.0,6.0,6.0,2.0,2.0
1765024200,Aston Villa,Arsenal,1,2.152335164835165,0.4690934065934066,2.8943681318681316,50.80892857142857,1.1703695054945056,1.4336538461538462,4.5,1.5833791208791208,0.8523351648351648,2.1317307692307694,60.519642857142856,1.8578530219780218,1.828021978021978,3.8,0.0,1.0,1.0,0,2.0,1.0,3.0,3.0,0.0,2.0
1765033200,Tottenham,Brentford,1,1.038113517959967,1.5833287633671511,0.4802851658897724,53.77981902933919,0.7581724705237181,3.2905401700027417,4.5,0.8404716205100082,1.7809706608171099,0.6458459007403345,48.263038113517965,1.1652223745544283,1.6422813271181793,3.8,0.0,1.0,1.0,0,2.0,0.0,7.0,6.0,3.0,4.0
1765033200,Newcastle,Burnley,1,1.7810344827586206,1.211713191023536,1.9662014230979747,45.42296113847838,2.0545492610837437,0.6906951286261631,4.5,1.5475521498510005,2.674329501915709,0.7421030225627927,45.75078756917837,0.95203490847169,1.7323116219667942,3.8,0.0,1.0,1.0,0,2.0,1.0,9.0,9.0,2.0,2.0
1765033200,Everton,Nottingham Forest,1,1.2239552034963124,1.7688063370663754,1.409259765091505,50.99699535645998,1.3952982791586996,1.8049986342529363,4.5,1.0259491942092325,1.0382409177820267,1.3883638350177547,47.14586178639716,0.8531237366839661,1.6425020486205955,3.8,0.0,1.0,1.0,0,3.0,0.0,6.0,3.0,4.0,3.0
1765033200,Manchester City,Sunderland,1,3.081297709923664,0.8400490730643402,2.895174482006543,59.16706652126499,2.195672846237732,1.805288985823337,4.5,0.9245971162001696,1.1195928753180662,1.3632739609838844,40.769126378286686,0.9533876166242579,2.199236641221374,3.8,0.0,1.0,1.0,0,3.0,0.0,6.0,5.0,1.0,0.0
1765033200,Bournemouth,Chelsea,1,1.4100680272108843,0.8398639455782313,1.595374149659864,58.05455782312925,1.3545102040816326,2.1765986394557824,4.5,1.5827210884353742,1.0386394557823129,1.759455782312925,56.98829931972789,1.6645074829931974,2.942312925170068,3.8,0.0,1.0,1.0,1,0.0,0.0,5.0,0.0,0.0,2.0
1765042200,Leeds,Liverpool,1,1.7417828474862698,1.5456696239966203,1.4298267849598647,44.920236586396285,1.8288795944233203,2.4375158428390367,4.5,1.2111080934274852,1.9670016295491581,0.6451385116784356,57.73278109722976,1.6235977729494842,2.199429657794677,3.8,0.0,1.0,1.0,1,3.0,3.0,5.0,4.0,3.0,3.0
1765116000,Brighton,West Ham,1,2.3386283545676334,1.5827595554350773,1.9666576307942532,50.43784223366766,1.7296389265383574,1.4336405529953917,4.5,1.0256166982922201,1.5957712117104907,0.6451070750880997,40.276443480618056,0.7935367308213608,2.570967741935484,3.8,0.0,1.0,1.0,1,1.0,1.0,10.0,6.0,2.0,2.0
1765125000,Fulham,Crystal Palace,1,2.1528409090909095,1.3969967532467533,1.780871212121212,53.225865800865805,1.2059724025974026,1.6193722943722944,4.5,1.2112824675324676,0.852840909090909,1.7593614718614718,45.65984848484848,1.2355140692640691,1.8280844155844156,3.8,0.0,1.0,1.0,2,1.0,2.0,6.0,4.0,0.0,0.0
1765224000,Wolves,Manchester United,1,0.8527680259249257,1.9542263029975695,0.2949500405076964,50.627491223332434,1.4677272481771535,1.6191196327302189,4.5,1.7685120172832838,1.7813394544963543,1.573886038347286,50.30108020523899,1.2745603564677288,1.6420739940588711,3.8,0.0,1.0,1.0,2,1.0,4.0,1.0,9.0,3.0,2.0
1765638000,Liverpool,Brighton,1,1.2241239892183289,1.3974393530997304,1.4090296495956873,62.511320754716984,1.6347210242587595,1.4335579514824799,4.5,1.5831536388140162,1.2241239892183289,1.5741239892183287,51.788679245283014,1.339955525606469,3.1277628032345013,3.8,0.0,1.0,1.0,0,2.0,0.0,2.0,2.0,1.0,2.0
1765638000,Chelsea,Everton,1,1.5956147430723702,1.3972558514931397,1.4092278719397364,56.196771589991926,1.5586287328490716,1.2477266612859834,4.5,0.8401129943502825,1.038471885929513,1.3882432068872748,38.046085552865215,0.8460344363734194,2.0134517083669627,3.8,0.0,1.0,1.0,0,2.0,0.0,4.0,7.0,1.0,0.0
1765647000,Burnley,Fulham,1,0.8087719298245615,1.2353383458646616,0.96265664160401,44.92623224728488,0.8206867167919797,1.503675856307435,4.5,1.0256444683136412,2.1528195488721806,0.6452201933404941,46.959425349087,0.8701390977443608,2.198872180451128,3.8,0.0,1.0,1.0,2,2.0,3.0,10.0,4.0,1.0,2.0
1765656000,Arsenal,Wolves,1,1.9671669793621014,0.46872152238005893,2.523505762530153,61.95513267220584,1.646132940230501,0.5046368265880461,4.5,0.2830072366657732,1.9671669793621014,0.2740284106137764,46.03058161350844,0.6288332886625568,2.1988474939694456,3.8,0.0,1.0,1.0,0,2.0,1.0,8.0,0.0,0.0,4.0
1765720800,Nottingham Forest,Tottenham,1,1.0386570358480471,1.768673087212413,0.8522739432851792,50.81468699839486,1.854081059390048,1.8043873729266988,4.5,1.9543873729266987,1.78151417870519,1.5738630283574104,48.62817014446228,0.8905652755484215,2.1990904226859285,3.8,0.0,1.0,1.0,0,3.0,0.0,3.0,3.0,1.0,3.0
1765720800,Sunderland,Newcastle,1,1.7430944963655246,1.235306334371755,1.741017653167186,43.84444444444445,1.0576967808930422,2.2799584631360332,4.5,1.3970627503337785,1.7817089452603472,0.8308411214953271,52.34285714285715,0.9220053404539386,1.4563417890520693,3.8,0.0,1.0,1.0,0,1.0,0.0,3.0,6.0,5.0,4.0
1765720800,West Ham,Aston Villa,1,1.4102078891257996,1.7683102345415778,1.2240938166311301,45.42803837953092,1.2355972814498932,1.9904051172707888,4.5,1.7683102345415778,1.5959221748400854,1.9449626865671643,51.97196162046909,1.1150053304904053,1.4565831556503197,3.8,0.0,1.0,1.0,2,2.0,3.0,5.0,3.0,1.0,2.0
1765720800,Crystal Palace,Manchester City,1,1.5959829741952647,1.2113860069167333,1.595317903697792,41.15528065974993,2.0842468741686617,1.2474328278797553,4.5,1.5828145783453047,1.5959829741952647,1.3880553338653898,52.90186219739293,1.4974916201117319,2.3851290236765097,3.8,0.0,1.0,1.0,2,0.0,3.0,2.0,2.0,2.0,0.0
1765729800,Brentford,Leeds,1,2.3386351566648966,1.2116038236856082,2.3379713223579395,42.45369091874667,2.1288667020711634,1.9903080191184281,4.5,1.2361007847996694,2.2090871540685666,0.7413465510119785,50.56629491945477,1.1992581577860388,1.2639405204460967,3.8,0.0,1.0,1.0,1,1.0,1.0,0.0,3.0,0.0,0.0
1765828800,Manchester United,Bournemouth,1,1.7814206201961305,1.025841505433342,1.966472303206997,53.78306387490061,1.6830469122714022,1.804346673734429,4.5,1.5829843625761992,2.8957063344818446,0.4596872515239862,52.5312218393851,1.3712181288099654,2.941690962099125,3.8,0.0,1.0,1.0,1,4.0,4.0,5.0,4.0,2.0,3.0
1766233800,Newcastle,Chelsea,1,1.9685823754789271,1.0252873563218392,2.526181353767561,51.556832694763735,2.272148148148148,0.6869731800766284,4.5,1.3977011494252873,0.6651340996168583,1.9472541507024266,57.38109833971903,1.756911877394636,2.3851851851851853,3.8,0.0,1.0,1.0,1,2.0,2.0,6.0,4.0,3.0,6.0
1766242800,Bournemouth,Burnley,1,1.4100197590668622,0.8391611957422399,1.5950793549620754,54.90805022627319,1.5330077124099686,1.8043597424947415,4.5,1.5535674676524955,2.2290573012939,0.7269500924214417,45.48665434380776,1.134011090573013,1.5584473197781883,3.8,0.0,1.0,1.0,1,1.0,1.0,5.0,3.0,1.0,1.0
1766242800,Wolves,Brentford,1,0.8513296857106503,2.142562667005981,0.29156381218984606,47.08927344445858,1.2127179030410993,1.9904568011197354,4.5,0.6529074945921873,1.596157271917547,0.6437460236671333,48.25555414174831,1.1069199643720575,2.1993128896806216,3.8,0.0,1.0,1.0,2,0.0,2.0,3.0,4.0,2.0,4.0
1766242800,Manchester City,West Ham,1,2.713202514764717,0.6529878707055312,2.898266336445037,58.26067187400775,2.2703413983615923,1.8042674795199085,4.5,1.0254016638089796,1.5959611354543723,0.6439702800533436,37.27036260875087,0.782916365021909,2.1995427700514387,3.8,0.0,1.0,1.0,0,3.0,0.0,6.0,0.0,1.0,1.0
1766242800,Brighton,Sunderland,1,2.154766734279919,1.3976419878296147,1.967418864097363,56.400507099391476,1.8328288539553754,1.617951318458418,4.5,0.7531617647058823,1.588823529411765,0.8870588235294119,40.67852941176471,0.7911367647058823,1.8782352941176472,3.8,0.0,1.0,1.0,1,0.0,0.0,3.0,4.0,2.0,2.0
1766251800,Tottenham,Liverpool,1,1.2235368554254984,1.3974691553305916,0.8501107244542867,54.16678266371402,1.0004346725719708,3.293831066118317,4.5,1.5836760518823159,2.154571338184119,0.8299905093324897,54.58494147421702,1.581711483707687,2.199367288832648,3.8,0.0,1.0,1.0,2,1.0,2.0,2.0,6.0,5.0,3.0
1766260800,Everton,Arsenal,1,1.5958822786408995,1.583756473411646,1.780952380952381,48.95096627510421,1.4677572312744727,1.9907793356069219,4.5,1.3975495768599218,1.0372615889857268,1.57504105090312,58.683516483516485,1.8367331059744854,2.013262599469496,3.8,0.0,1.0,1.0,2,0.0,1.0,2.0,3.0,2.0,2.0
1766260800,Leeds,Crystal Palace,1,1.9074954296160878,1.7127605118829983,1.4242047531992685,45.39195612431445,1.784813893967093,2.6133089579524675,4.5,1.2112967282355167,0.8508604929710648,1.7614700876252916,44.53380823299502,1.1124756981655426,1.2684107671940996,3.8,0.0,1.0,1.0,0,4.0,1.0,9.0,5.0,1.0,3.0
1766334600,Aston Villa,Manchester United,1,1.968411779511704,0.4664233576642336,2.8981877674301537,50.62506921721621,1.3653224263780515,1.2458595519758369,4.5,2.328492323181475,1.4097910898565316,2.1337276617165872,51.60941354140448,1.676714321671281,1.6409262522023662,3.8,0.0,1.0,1.0,0,2.0,1.0,5.0,5.0,1.0,2.0
1766433600,Fulham,Nottingham Forest,1,1.7822624207022173,1.5836191194020477,1.2225111487971863,55.09303435713837,1.1586355128446706,0.8733371019408329,4.5,0.8387915331951512,1.409848627598769,1.202537529049683,46.396620815275426,0.7456825576282897,2.0133157464983356,3.8,0.0,1.0,1.0,0,1.0,0.0,1.0,5.0,5.0,4.0
1766779200,Manchester United,Newcastle,1,2.15460815047022,1.5834482758620692,1.5951097178683387,56.768777429467086,1.974219435736677,1.8047648902821318,4.5,1.3972413793103449,1.9684012539184952,0.6437617554858934,54.03122257053292,0.9392576802507838,2.013542319749216,3.8,0.0,1.0,1.0,0,1.0,0.0,2.0,11.0,2.0,1.0
1766838600,Nottingham Forest,Manchester City,1,1.5959196445334503,1.5832780524438326,1.4090869265911508,47.642393140997555,1.974188372238563,1.2461605857688216,4.5,1.9556918455472807,1.409712747981726,1.7608486138056199,58.13002065210589,1.557448651354903,2.013392577758308,3.8,0.0,1.0,1.0,2,1.0,2.0,5.0,5.0,1.0,2.0
1766847600,Arsenal,Brighton,1,2.154472763618191,0.46611694152923544,2.898550724637681,62.35062468765617,1.6910329835082456,0.31501749125437284,4.5,1.0247376311844079,1.4096451774112944,1.0162418790604697,53.84937531234383,1.2688458270864567,2.571989005497252,3.8,0.0,1.0,1.0,0,2.0,1.0,7.0,2.0,2.0,3.0
1766847600,Burnley,Everton,1,0.9481374321880651,1.551609403254973,0.7863291139240505,47.297576853526216,1.0589613019891497,1.4935985533453886,4.5,0.6522791045706804,1.0372887697200224,1.3885015900729563,37.83531832637027,0.9056853526220615,1.454848163621625,3.8,0.0,1.0,1.0,1,0.0,0.0,6.0,5.0,0.0,2.0
1766847600,West Ham,Fulham,1,1.5957176646333875,1.9555583219220714,1.2228059255570771,42.42713805552097,1.303904145400224,1.6182497199053905,4.5,1.396937632266899,1.9681314577368356,1.202265654176522,46.02803435827212,1.1123144528818625,1.8272376447155485,3.8,0.0,1.0,1.0,2,0.0,1.0,5.0,4.0,1.0,3.0
1766847600,Liverpool,Wolves,1,1.2231127679403542,1.210686548617583,1.4088226157191674,61.04697110904007,1.8196216216216217,1.2457284871077976,4.5,0.27965206585896246,2.1541472506989754,0.08524386455420942,42.67716682199441,0.4829742155949053,2.572165268716993,3.8,0.0,1.0,1.0,0,2.0,1.0,6.0,4.0,0.0,1.0
1766847600,Brentford,Bournemouth,1,1.9679980153807988,1.2106425204663855,1.9676258992805755,44.84897047878938,1.8885209625403128,1.6179111882907469,4.5,1.955470106673282,3.2714462912428677,0.4575043413545027,49.564822624658895,1.5797035475068222,3.130637558918383,3.8,0.0,1.0,1.0,0,4.0,1.0,2.0,15.0,2.0,2.0
1766856600,Chelsea,Aston Villa,1,1.7820962050393117,0.8381848573020493,1.9678078375533956,55.83494087785551,1.631820714418374,0.8731009719556739,4.5,2.1416331331641185,1.7820962050393117,2.319420541075961,49.751266018696214,1.0938786603107784,1.6409583359128337,3.8,0.0,1.0,1.0,2,1.0,2.0,6.0,7.0,5.0,3.0
1766930400,Sunderland,Leeds,1,1.7478853046594982,1.0709677419354837,2.0660931899641577,46.50566308243727,0.9269017921146949,2.7731182795698928,4.5,0.9109677419354839,2.227885304659498,0.4069534050179211,50.45433691756272,1.362405734767025,1.079068100358423,3.8,0.0,1.0,1.0,1,1.0,1.0,3.0,9.0,1.0,0.0
1766939400,Crystal Palace,Tottenham,1,1.2233421750663132,1.5830485472827094,1.0365184134229843,43.173388439948184,1.8924853494540745,1.4320029609524396,4.5,1.5830485472827094,1.9681697612732096,1.3885756585034852,46.39902535315527,0.7234186663376719,2.385614706063784,3.8,0.0,1.0,1.0,2,0.0,1.0,3.0,2.0,3.0,2.0
1767123000,West Ham,Brighton,1,1.5957142857142859,1.7702380952380954,1.2217857142857143,42.40892857142857,1.408063095238095,1.6177380952380953,4.5,1.0235714285714286,1.5957142857142859,0.8291666666666667,51.804404761904756,1.2557869047619048,2.3860714285714284,3.8,0.0,1.0,1.0,1,2.0,2.0,5.0,5.0,3.0,5.0
1767123000,Burnley,Newcastle,1,0.6066439799060119,1.5554043104845245,0.44106303678496184,50.98411926754172,1.2061649651596171,1.1578350348403825,4.5,1.2103149138443254,1.782436125965538,0.6424717765894236,56.472489601901366,0.8882474153297683,2.0130718954248366,3.8,0.0,1.0,1.0,2,1.0,3.0,3.0,4.0,2.0,1.0
1767123000,Chelsea,Bournemouth,1,1.5957058125741401,1.0238434163701067,1.408208778173191,57.713831553973904,1.8448759193357056,1.8045551601423488,4.5,1.5838434163701067,3.462372479240807,0.26934756820877814,50.1261684460261,1.709699169632266,2.759596678529063,3.8,0.0,1.0,1.0,1,2.0,2.0,12.0,3.0,1.0,1.0
1767123000,Nottingham Forest,Everton,1,1.7824274718768502,1.3972528123149792,1.4081468324452338,44.649070455891064,1.639635997631735,1.0577856719952634,4.5,0.6505861456483125,0.6624274718768501,1.5759857904085257,40.9775962107756,0.9072487862640617,1.4527886323268207,3.8,0.0,1.0,1.0,2,0.0,2.0,9.0,2.0,1.0,0.0
1767125700,Manchester United,Wolves,1,1.9689125295508274,1.5839952718676122,1.5946335697399527,53.61132387706856,1.8692392434988176,1.991016548463357,4.5,0.4639952718676123,2.1555791962174946,0.08286052009456264,37.80200945626477,0.5264420803782506,2.7591962174940896,3.8,0.0,1.0,1.0,1,1.0,1.0,8.0,4.0,0.0,2.0
1767125700,Arsenal,Aston Villa,1,2.155516224188791,0.6506194690265485,2.901238938053097,59.58525073746313,1.7496920353982301,0.6841297935103244,4.5,2.143952802359882,1.7821828908554573,2.3228318584070795,47.881415929203534,1.2562902654867258,2.1991740412979355,3.8,0.0,1.0,1.0,0,4.0,1.0,3.0,3.0,2.0,3.0
1767288600,Liverpool,Leeds,1,1.4091401648998823,1.0239104829210837,1.9680800942285042,61.637997644287395,1.5949375736160187,1.2441460541813898,4.5,1.0652104079665916,2.079473176999679,0.5527786700931577,48.514551879216185,1.2903173787343398,0.8889174429810471,3.8,0.0,1.0,1.0,1,0.0,0.0,8.0,3.0,0.0,2.0
1767288600,Crystal Palace,Fulham,1,0.6622927689594356,1.2104174015285125,0.8480188124632569,45.026666666666664,1.3392696061140505,1.8039271017048797,4.5,1.3970840681951793,1.4089594356261022,1.7626572604350383,47.879999999999995,1.2507757789535567,2.199247501469724,3.8,0.0,1.0,1.0,1,1.0,1.0,6.0,3.0,0.0,5.0
1767297600,Sunderland,Manchester City,1,1.5879001280409732,1.2282970550576184,1.7489756722151089,46.74193341869398,0.9221376440460943,2.955569782330346,4.5,2.1437089201877937,1.5955633802816902,1.7626291079812209,57.401291079812204,1.6708276995305162,2.0129107981220655,3.8,0.0,1.0,1.0,1,0.0,0.0,3.0,5.0,1.0,1.0
1767297600,Brentford,Tottenham,1,2.715383714118336,1.2102167545401288,2.5278968951376686,48.38315172817809,2.442441476274165,1.4302753368482717,4.5,1.3968834212067955,1.782050380785003,1.3892677211482132,45.45684827182191,0.7880023432923257,2.1994376098418282,3.8,0.0,1.0,1.0,1,0.0,0.0,3.0,1.0,1.0,2.0
1767443400,Aston Villa,Nottingham Forest,1,1.9685380116959064,0.4633918128654971,2.9011695906432746,48.38374269005848,1.4362374269005846,0.8701754385964913,4.5,0.8367251461988304,1.2218713450292396,1.2025730994152046,46.57625730994152,0.8140818713450294,2.012748538011696,3.8,0.0,1.0,1.0,0,3.0,1.0,4.0,4.0,1.0,2.0
1767452400,Brighton,Burnley,1,1.7820431990659662,1.210017513134851,1.594676007005254,58.46631640396965,1.8749118505545823,1.9900758902510216,4.5,1.5545932176405033,2.0782996338162714,0.8793504219073396,43.60095526190097,1.1282684285941729,1.5437987581595287,3.8,0.0,1.0,1.0,0,2.0,0.0,4.0,4.0,0.0,4.0
1767452400,Wolves,West Ham,1,0.662097902097902,2.3298601398601395,0.10151515151515149,47.26736596736597,1.34476993006993,1.9898601398601399,4.5,1.023193473193473,1.7820979020979022,0.6422843822843822,37.61263403263403,0.8736463869463869,2.012937062937063,3.8,0.0,1.0,1.0,0,3.0,0.0,6.0,7.0,1.0,0.0
1767461400,Bournemouth,Arsenal,1,1.0356020942408377,0.836369982547993,1.2216870273414775,57.15860383944154,1.5874769051774287,1.989761489237929,4.5,1.396369982547993,1.0356020942408377,1.575474112856312,59.08139616055846,1.862855613728912,2.3860151250727166,3.8,0.0,1.0,1.0,2,2.0,3.0,7.0,5.0,3.0,1.0
1767529800,Leeds,Manchester United,1,2.406335128286348,1.554260373772569,1.9132087424770352,44.61184668989547,1.9543617358251502,2.463351282863478,4.5,2.143228803716609,1.5956562137049943,1.5756794425087108,55.535656213704996,1.6761674796747967,1.6392102206736354,3.8,0.0,1.0,1.0,1,1.0,1.0,6.0,4.0,0.0,1.0
1767538800,Tottenham,Sunderland,1,1.2222608695652173,1.3965217391304348,0.8481159420289855,50.81031884057971,1.0591269565217392,3.8563478260869566,4.5,0.7359683794466403,1.2607114624505928,1.042687747035573,39.353675889328066,0.8903588932806323,1.5429249011857706,3.8,0.0,1.0,1.0,1,1.0,1.0,3.0,5.0,2.0,3.0
1767538800,Everton,Brentford,1,1.222199074074074,1.5831481481481482,1.2213888888888889,46.14342592592592,1.1262872685185186,1.989699074074074,4.5,0.6498148148148147,1.5955324074074075,0.6422916666666666,48.44324074074074,0.9032969907407407,2.7591666666666668,3.8,0.0,1.0,1.0,2,2.0,4.0,4.0,5.0,0.0,2.0
1767538800,Newcastle,Crystal Palace,1,1.9689196995956095,1.3967879838243789,2.154546504910457,50.80940496822646,2.0614142114384753,1.2428191796649335,4.5,1.210121317157712,1.2222530329289427,1.7624956672443675,43.963928365106874,1.1181192374350086,1.2658116695551702,3.8,0.0,1.0,1.0,0,2.0,0.0,8.0,6.0,1.0,3.0
1767539700,Fulham,Liverpool,1,1.9689734717416378,1.3966320645905421,1.7813840830449827,57.53033448673587,1.3558786620530563,1.802722029988466,4.5,1.7699653979238756,1.9689734717416378,1.3890196078431372,57.962998846597465,1.3420482122260669,2.385905420991926,3.8,0.0,1.0,1.0,1,2.0,2.0,3.0,8.0,1.0,1.0
1767547800,Manchester City,Chelsea,1,2.9023603914795624,0.6500402993667241,2.9013241220495103,57.34263672999424,2.220055267702936,1.9892918825561312,4.5,1.210040299366724,1.0356937248128957,1.5756591824985609,57.964029936672425,1.6743212435233161,2.7591018998272885,3.8,0.0,1.0,1.0,1,1.0,1.0,8.0,2.0,3.0,3.0
1767729600,West Ham,Nottingham Forest,1,1.4086763070077863,1.9580645161290322,0.8463848720800891,42.76451612903226,1.4657397107897665,1.989766407119021,4.5,1.0225806451612904,1.4086763070077863,1.2022246941045607,42.64193548387097,0.9099833147942158,2.199221357063404,3.8,0.0,1.0,1.0,2,1.0,2.0,6.0,5.0,3.0,0.0
1767814200,Brentford,Sunderland,1,2.1570040530786745,0.8355560490811171,2.15589362056521,52.49310976625396,2.101805452223641,1.0544111931597357,4.5,0.5585197934595525,1.2555938037865748,0.706253585771658,42.34279977051062,0.7376419965576592,1.8640275387263339,3.8,0.0,1.0,1.0,0,3.0,0.0,7.0,4.0,2.0,1.0
1767814200,Crystal Palace,Aston Villa,1,0.4732956434985036,1.3966965968296197,0.4721871189446847,45.75763219155304,1.568770424564904,1.8028156523667,4.5,2.332180467797362,2.1571666112404393,2.3248642057421574,49.19075490522115,1.6790029930162953,2.1988471344640286,3.8,0.0,1.0,1.0,1,0.0,0.0,3.0,5.0,2.0,0.0
1767814200,Everton,Wolves,1,1.5957063022187796,1.7707408841918886,1.2205167930061418,44.446854423725995,0.9663163835555799,1.6157361810435458,4.5,0.6481602390305982,1.782803076412328,0.26677364023681743,39.08862944724174,0.6967917888563052,2.5727992032313396,3.8,0.0,1.0,1.0,1,1.0,1.0,2.0,7.0,3.0,3.0
1767814200,Manchester City,Brighton,1,2.5311312417145384,0.6481219619973487,2.5301369863013696,59.03974812196199,1.9971498011489175,2.177154220061865,4.5,1.0223155103844455,1.2214538223596996,1.0151347768448962,52.74734865223155,1.5966568714096334,2.947083517454706,3.8,0.0,1.0,1.0,1,1.0,1.0,6.0,2.0,1.0,6.0
1767814200,Fulham,Chelsea,1,1.7826854149434794,1.7706644609870417,1.4074993107251172,53.614943479459605,1.2338864074993106,1.8028673835125448,4.5,1.2093741384063965,1.2213950923628343,1.2022056796250344,56.30118555279846,1.3327945960849188,2.9475048249241795,3.8,0.0,1.0,1.0,0,2.0,1.0,2.0,11.0,3.0,3.0
1767814200,Bournemouth,Tottenham,1,1.0343498843994274,1.3964328966200594,0.6592755697456788,55.48635913244522,1.7464960915996914,1.9900913795001651,4.5,0.8351425740394144,1.7827369811736211,1.0149730265330839,45.074931190135416,0.625687107783772,2.5734008587471098,3.8,0.0,1.0,1.0,0,3.0,2.0,3.0,7.0,3.0,3.0
1767816900,Newcastle,Leeds,1,1.9699950541298017,1.2094081441995934,2.156212562510304,52.30473154915646,2.051436170797384,1.428927845249217,4.5,1.0576377058489494,1.589153889835321,0.7049971607041453,45.512776831345825,1.3211726291879613,1.0315161839863713,3.8,0.0,1.0,1.0,0,4.0,3.0,8.0,4.0,3.0,2.0
1767816900,Burnley,Manchester United,1,0.7565192743764172,1.7247732426303855,0.4206349206349206,51.32397959183673,1.3121371882086166,1.1417233560090703,4.5,1.9579767390827298,1.4089752029844196,1.575992977836296,54.80362080315998,1.7632909809084925,1.6379855167873603,3.8,0.0,1.0,1.0,1,2.0,2.0,2.0,6.0,2.0,0.0
1767902400,Arsenal,Liverpool,1,2.718703105317925,0.8354674407141685,2.9047045292732347,56.98172955802618,2.1468158168574396,1.0548770469357578,4.5,1.7709513116819102,1.7832192343501836,1.5759680157730436,56.48923818390931,1.1684581850046551,2.19903609179035,3.8,0.0,1.0,1.0,1,0.0,0.0,3.0,0.0,2.0,2.0
1768653000,Manchester United,Manchester City,1,1.4088572990705304,1.3966101694915254,1.220776380535812,55.85882996172772,1.785615090213231,1.6161837069436853,4.5,2.1449972662657193,1.4088572990705304,1.9501366867140513,60.23149261891744,1.869960634226353,1.4506287588846365,3.8,0.0,1.0,1.0,0,2.0,0.0,1.0,6.0,2.0,3.0
1768662000,Leeds,Fulham,1,2.2563451776649748,1.5575296108291032,1.5874224478285393,45.14664410603497,1.863384094754653,1.9751833051325436,4.5,1.3964630751596527,1.2218110365154742,1.950002729108673,49.943234539599366,1.2936077725015012,2.7603951749358657,3.8,0.0,1.0,1.0,0,1.0,0.0,7.0,3.0,1.0,5.0
1768662000,Sunderland,Crystal Palace,1,1.4228603603603602,1.057150900900901,1.7545045045045045,41.81193693693694,0.8533586711711708,2.6416103603603602,4.5,1.2092197035745422,1.4088491717523974,1.762772449869224,44.14376634699215,1.1644099825632086,1.8252179598953793,3.8,0.0,1.0,1.0,0,2.0,1.0,3.0,4.0,3.0,3.0
1768662000,Tottenham,West Ham,1,1.4088995267366589,1.3962791709731817,1.0341619974976881,50.992384268073764,1.2599659467986726,3.4872001305554043,4.5,0.8349888483925367,1.970189849317304,0.6400587499320024,39.091486699668174,0.7976235652505033,1.4511124408420824,3.8,0.0,1.0,1.0,2,1.0,2.0,11.0,5.0,5.0,3.0
1768662000,Chelsea,Brentford,1,1.7830346475507766,1.022157054415119,1.5952861952861954,57.541978929075704,2.1094026284348866,1.803671119800152,4.5,1.3963506028022157,1.5959378733572283,1.2015423047681113,46.76124687737591,1.2991923536439665,2.5737808189421094,3.8,0.0,1.0,1.0,0,2.0,0.0,3.0,9.0,3.0,2.0
1768662000,Liverpool,Burnley,1,1.034697750067769,1.022011385199241,1.5954459203036055,64.46402819192193,1.7614101382488478,0.8683111954459204,4.5,1.0568627450980392,2.089635854341737,0.37030812324929974,43.01792717086835,0.9361372549019608,2.1988795518207285,3.8,0.0,1.0,1.0,1,1.0,1.0,9.0,1.0,1.0,2.0
1768671000,Nottingham Forest,Arsenal,1,1.4088330807534097,1.3961680017319766,1.2211950638666378,50.05996969040918,1.5688800606191815,1.0553150032474563,4.5,1.5832647759255252,1.4088330807534097,1.5755791296817494,59.66906256765534,1.6227925957999565,2.3866421303312406,3.8,0.0,1.0,1.0,1,0.0,0.0,4.0,9.0,1.0,1.0
1768744800,Wolves,Newcastle,1,0.847376668287675,1.770216674771708,0.6598476252228886,42.76201437293997,1.2675263413843412,1.9907062192683849,4.5,1.5831199005781598,1.40866699086832,1.2013616469443995,54.4315340141568,1.2224903009672017,1.825222888636732,3.8,0.0,1.0,1.0,1,0.0,0.0,4.0,7.0,2.0,2.0
1768753800,Aston Villa,Everton,1,2.343985327435538,0.6474916387959867,2.9049519905059875,53.23750134858129,1.5817160427230552,0.8681411155464452,4.5,0.8345884129895351,0.473017585500054,1.949724889416334,39.278627683676774,0.9754819290106808,1.0768151904196785,3.8,0.0,1.0,1.0,2,0.0,1.0,6.0,4.0,1.0,2.0
1768852800,Brighton,Bournemouth,1,1.595433248963326,1.2087457590608004,1.595110129786203,60.34848403252733,1.5723526307286337,1.9906295438634283,4.5,1.7700360816414455,3.279304216705261,0.45314233399752285,46.57409661263396,2.163459637029458,2.5735688513113253,3.8,0.0,1.0,1.0,1,1.0,1.0,11.0,6.0,2.0,3.0
1769257800,West Ham,Sunderland,1,1.0330208333333333,1.9584375,0.28270833333333334,43.49552083333333,1.0774145833333333,2.1784375,4.5,0.5438461538461539,1.588974358974359,0.6958974358974359,43.25717948717949,0.9908589743589744,1.5217948717948717,3.8,0.0,1.0,1.0,0,3.0,1.0,3.0,3.0,2.0,4.0
1769266800,Burnley,Tottenham,1,1.0816587738384744,1.728375783949827,0.5731985152950212,49.80335338538334,1.2744054780494045,1.1315755791629336,4.5,1.0209026622296173,1.5956738768718801,1.0138311148086523,47.87988768718802,0.8452194259567388,2.5746672212978368,3.8,0.0,1.0,1.0,1,2.0,2.0,1.0,3.0,1.0,0.0
1769266800,Manchester City,Wolves,1,2.1582225913621262,0.8334717607973422,2.1578073089700998,61.1187707641196,2.1555315614617934,1.9908637873754154,4.5,0.8334717607973422,1.4082225913621262,0.4513081395348837,42.6312292358804,0.7909208887043189,2.761939368770764,3.8,0.0,1.0,1.0,0,2.0,0.0,4.0,6.0,1.0,3.0
1769266800,Fulham,Brighton,1,1.970771144278607,1.9583333333333333,1.407960199004975,53.245128524046436,1.0529633084577115,1.8032752902155886,4.5,1.2083333333333333,1.408271144278607,1.013681592039801,49.379871475953564,1.6758478441127695,3.3245232172470978,3.8,0.0,1.0,1.0,0,2.0,1.0,6.0,6.0,1.0,1.0
1769275800,Bournemouth,Liverpool,1,1.220819536423841,1.3957988410596027,1.033112582781457,49.119929635761586,1.22541494205298,1.9906870860927153,4.5,1.7707988410596027,1.220819536423841,1.763555463576159,56.692570364238414,1.1115014486754966,1.8243998344370862,3.8,0.0,1.0,1.0,0,3.0,2.0,3.0,11.0,1.0,1.0
1769349600,Newcastle,Aston Villa,1,2.345971074380165,1.5833677685950414,2.1582644628099175,57.93057851239669,2.089876033057851,1.803099173553719,4.5,1.9583677685950414,1.9709710743801654,1.9509297520661157,50.50692148760331,1.709586776859504,2.011776859504132,3.8,0.0,1.0,1.0,2,0.0,2.0,6.0,5.0,1.0,2.0
1769349600,Brentford,Nottingham Forest,1,2.158312706270627,0.6459364686468647,2.1581064356435644,52.86912128712871,2.269944306930693,1.0530115511551155,4.5,0.8334364686468647,1.595812706270627,1.2011138613861385,47.88087871287129,0.8714459570957095,2.1992574257425743,3.8,0.0,1.0,1.0,2,0.0,2.0,6.0,5.0,1.0,0.0
1769349600,Crystal Palace,Chelsea,1,0.4706548599670511,1.3960049423393739,0.4704489291598023,45.558175453047774,1.7093492586490937,1.9904242174629325,4.5,1.0210049423393739,1.595654859967051,0.6387973640856672,54.254324546952226,1.4582660626029653,2.949032125205931,3.8,0.0,1.0,1.0,2,1.0,3.0,4.0,5.0,4.0,2.0
1769358600,Arsenal,Manchester United,1,1.9706003289473684,0.6461759868421053,2.532791940789474,55.307360197368425,1.893125,1.2406455592105263,4.5,1.9586759868421053,1.4081003289473684,1.5764802631578947,58.567639802631575,2.1239823190789475,1.4490131578947367,3.8,0.0,1.0,1.0,2,2.0,3.0,9.0,2.0,2.0,0.0
1769457600,Everton,Leeds,1,1.408148604269294,1.9588464696223318,0.8451354679802956,43.49538177339902,0.8618411330049263,1.8031609195402298,4.5,1.3910066944549704,1.7585196412782618,0.6964001515725653,42.58059871163319,1.5236501199949475,1.1816344574965265,3.8,0.0,1.0,1.0,1,1.0,1.0,4.0,4.0,0.0,3.0
1769871600,Leeds,Arsenal,1,2.2660781841109707,1.2216897856242117,2.0955863808322825,44.728877679697355,1.8074022698612862,1.299621689785624,4.5,1.208811475409836,1.033094262295082,1.576639344262295,58.75389344262295,1.6589272540983606,2.386372950819672,3.8,0.0,1.0,1.0,2,0.0,4.0,4.0,12.0,1.0,1.0
1769871600,Wolves,Bournemouth,1,0.8454378068739771,1.3965834697217676,0.8449263502454992,39.933510638297875,0.9853672258592471,1.9903846153846154,4.5,1.9590834697217676,2.720437806873977,0.6393207855973814,43.753989361702125,2.1052669803600654,2.761252045826514,3.8,0.0,1.0,1.0,2,0.0,2.0,5.0,6.0,3.0,3.0
1769871600,Brighton,Everton,1,1.407781862745098,1.2091503267973855,1.2197712418300655,60.93351715686275,1.5347283496732025,1.6155024509803921,4.5,0.8341503267973857,0.47028186274509803,1.9520016339869282,40.56648284313725,1.0308966503267973,1.4488357843137254,3.8,0.0,1.0,1.0,1,1.0,1.0,5.0,2.0,1.0,2.0
1769880600,Chelsea,West Ham,1,1.5952283849918434,1.0216150081566069,1.5947185970636215,54.1838295269168,1.7878456362153345,2.177915986949429,4.5,0.8341150081566069,1.7827283849918434,1.014477977161501,41.6911704730832,1.179009991843393,1.6363172920065252,3.8,0.0,1.0,1.0,0,3.0,2.0,9.0,3.0,3.0,2.0
1769889600,Liverpool,Newcastle,1,1.220378664495114,0.6466815960912052,1.782369706840391,64.12337133550488,1.9960912052117263,0.6780333876221498,4.5,1.3966815960912051,0.845378664495114,1.3893526058631922,57.439128664495115,1.3158652280130294,1.6362988599348534,3.8,0.0,1.0,1.0,0,4.0,1.0,7.0,11.0,1.0,3.0
1769954400,Aston Villa,Brentford,1,1.595630081300813,0.8341463414634146,2.345020325203252,55.31117886178862,1.5330436991869918,0.6779471544715447,4.5,1.2091463414634147,1.595630081300813,1.2017276422764227,50.12632113821138,1.225768292682927,2.573882113821138,3.8,0.0,1.0,1.0,2,0.0,1.0,12.0,1.0,1.0,3.0
1769954400,Manchester United,Fulham,1,1.7829748376623376,1.2091112012987013,1.7823660714285714,48.750811688311686,1.8912581168831166,1.6153612012987013,4.5,1.3966112012987013,1.0329748376623376,1.9519074675324675,50.686688311688314,1.2912987012987014,3.3239650974025974,3.8,0.0,1.0,1.0,0,3.0,2.0,3.0,7.0,2.0,1.0
1769954400,Nottingham Forest,Crystal Palace,1,0.8456239870340356,1.209177471636953,0.8450162074554295,48.93739870340357,1.1544104538087518,0.8653768233387358,4.5,1.021677471636953,1.7831239870340356,1.2017828200972447,42.43760129659643,1.0401124392220422,1.8238452188006482,3.8,0.0,1.0,1.0,1,1.0,1.0,5.0,7.0,1.0,3.0
1769963400,Tottenham,Manchester City,1,1.2205703883495145,1.3966423948220066,0.8449635922330097,52.3105784789644,1.4018062297734626,3.4902912621359223,4.5,1.9591423948220066,1.4080703883495145,1.951759708737864,60.4394215210356,1.488296925566343,1.4489279935275081,3.8,0.0,1.0,1.0,1,2.0,2.0,3.0,4.0,3.0,3.0
1770062400,Sunderland,Burnley,1,1.4199826022120046,0.8842052938983472,2.095165900335529,45.407928420529394,1.057714179197216,2.8225425624456317,4.5,0.8842052938983472,1.758444140673543,0.5273518081272524,37.83822542562446,0.8181523549148751,2.1975643096806263,3.8,0.0,1.0,1.0,0,3.0,0.0,1.0,2.0,1.0,4.0
1770408000,Leeds,Nottingham Forest,1,1.7617511520737326,1.7350230414746544,1.588709677419355,48.248617511520735,1.3585184331797233,1.2921658986175115,4.5,1.0209188660801565,1.5958944281524927,1.2015640273704788,44.8702834799609,0.8779980449657868,1.8234604105571848,3.8,0.0,1.0,1.0,0,3.0,1.0,5.0,10.0,1.0,1.0
1770467400,Manchester United,Tottenham,1,2.159674035036354,1.3966427560630459,2.158990874932904,44.42111940662665,1.8900733909139706,1.6147757770946176,4.5,1.0208851803054702,1.5960376713999902,1.0135656077685062,50.69403210852486,1.0884240472356412,2.011223344556678,3.8,0.0,1.0,1.0,0,2.0,0.0,7.0,0.0,1.0,2.0
1770476400,Wolves,Chelsea,1,0.8445678651466433,1.5843905290850628,0.8439832407678066,40.101276429893794,1.072826074247296,2.178329923024457,4.5,1.3965117412062749,1.2203254409042188,1.2013251485920295,51.63205690343954,1.6914348631004583,3.1384780278670954,3.8,0.0,1.0,1.0,2,1.0,3.0,3.0,4.0,1.0,1.0
1770476400,Bournemouth,Aston Villa,1,1.783909723235566,1.5845517778102047,1.5953499683836763,44.98447395301328,1.572538936718712,1.6146116056228417,4.5,1.5845517778102047,1.4081521474779901,1.9530132788559755,49.567041198501876,1.4755813998735348,2.0110900335619437,3.8,0.0,1.0,1.0,1,1.0,1.0,11.0,4.0,1.0,1.0
1770476400,Burnley,West Ham,1,1.4190934065934067,1.9063644688644688,0.7317765567765568,46.363873626373625,1.3553942307692306,1.2913919413919412,4.5,1.020881895881896,2.159615384615385,0.8257187257187257,40.54865967365967,1.2406480186480189,1.6352175602175603,3.8,0.0,1.0,1.0,2,0.0,2.0,5.0,2.0,3.0,1.0
1770476400,Arsenal,Sunderland,1,1.971587878787879,1.2088242424242424,1.970909090909091,54.191030303030296,1.784877090909091,1.6146424242424242,4.5,0.5350857142857144,1.9330285714285713,0.5181714285714286,46.77828571428571,1.030889142857143,2.0256,3.8,0.0,1.0,1.0,0,3.0,0.0,5.0,2.0,1.0,2.0
1770476400,Fulham,Everton,1,1.5959725045987028,1.2086939684383773,1.9710523768031756,51.74841707812954,1.0784499951592603,1.9903185206699583,4.5,0.8329363926808017,0.6565785652047632,1.5772872494917225,40.73643140671894,0.9849958369638881,1.259328105334495,3.8,0.0,1.0,1.0,2,1.0,2.0,6.0,6.0,1.0,5.0
1770485400,Newcastle,Brentford,1,1.9716785075636751,1.5845150065245759,1.9709052244937413,59.45183896380069,2.1174632448890818,1.990237301242086,4.5,1.396636218645788,1.2201633560485234,1.765337586390218,48.251191339229614,1.2311721038132521,2.9505098835242376,3.8,0.0,1.0,1.0,2,2.0,3.0,9.0,3.0,2.0,2.0
1770559200,Brighton,Crystal Palace,1,1.0323296660876278,0.6452808338158655,1.4071221771858715,60.57940552016986,1.3904418066010422,1.4266164833043813,4.5,1.0210384095734415,1.9717236054815672,0.8261146496815287,47.12362478286045,1.2857031461107895,2.3868558193398957,3.8,0.0,1.0,1.0,2,0.0,1.0,3.0,4.0,1.0,3.0
1770568200,Liverpool,Manchester City,1,1.7836970660500073,0.6452473864238569,2.158491111432288,61.520055884761774,2.153154405742641,0.6750204750204749,4.5,1.3967625379390085,1.0321819145348556,1.5778002601532013,63.6557016909958,1.471688490629667,1.823298164474635,3.8,0.0,1.0,1.0,2,1.0,2.0,5.0,4.0,2.0,4.0
1770751800,Chelsea,Leeds,1,1.9715247715247715,1.2089466089466088,1.9704665704665705,60.39240019240019,2.1474882154882153,2.553823953823954,4.5,1.2210884353741496,1.41859410430839,0.862358276643991,43.175056689342405,1.4991632653061222,1.5124716553287982,3.8,0.0,1.0,1.0,1,2.0,2.0,4.0,1.0,4.0,4.0
1770751800,Tottenham,Newcastle,1,1.4079335350333766,1.396888056476012,1.0310233876002497,47.99384334629976,1.43746107669404,3.4934255390673776,4.5,0.8332516928396485,1.4079335350333766,0.8264323104259713,56.515247562791146,1.0246874129568266,2.1994045046342987,3.8,0.0,1.0,1.0,2,1.0,2.0,2.0,12.0,3.0,2.0
1770751800,Everton,Bournemouth,1,1.4078826237054085,1.3969505178365937,1.0308784042961259,45.17585347142309,0.8062197928653624,1.8026275412351362,4.5,1.9605868814729575,2.15939777522056,1.2023590333716914,42.23626774069812,2.04310222477944,2.3872650556194857,3.8,0.0,1.0,1.0,2,1.0,2.0,7.0,2.0,1.0,3.0
1770754500,West Ham,Manchester United,1,1.5957106611135048,1.772770357604481,0.8428550911963234,44.04877208099957,1.3079918617454163,1.9904255828426445,4.5,2.1485279333620566,1.5957106611135048,1.5782852218871177,56.326985494758006,2.0355893532481213,1.0721911053664608,3.8,0.0,1.0,1.0,1,1.0,1.0,5.0,3.0,1.0,1.0
1770838200,Crystal Palace,Burnley,1,0.4683873434662078,1.5848580441640379,0.4670490392887869,45.36239365261447,1.6987400822101135,2.1782238791702517,4.5,0.7071653898152321,1.761198738170347,0.5201892744479496,39.0600721045516,0.6592924740874269,2.541324921135647,3.8,0.0,1.0,1.0,2,2.0,3.0,8.0,2.0,2.0,1.0
1770838200,Nottingham Forest,Wolves,1,1.0320687186828919,1.0213791457885946,1.0305416368408493,45.36373180625149,1.078766404199475,1.0509663564781675,4.5,0.8335003579098067,1.5957050823192556,0.45115724170842275,40.35748031496063,0.8123521832498211,2.5749940348365548,3.8,0.0,1.0,1.0,1,0.0,0.0,8.0,2.0,0.0,2.0
1770838200,Manchester City,Fulham,1,1.9713169430150563,0.45761387459500663,2.1577663426720033,61.52245092433772,1.736439870402134,1.4265485039069945,4.5,1.397007813988946,1.4076805793786926,1.3905279207166,54.635124833238045,1.5712973127501428,3.138612540499333,3.8,0.0,1.0,1.0,0,3.0,0.0,4.0,4.0,3.0,1.0
1770838200,Aston Villa,Brighton,1,1.4078207506778935,1.0211217354074498,1.7821511821511824,59.080500451929026,1.8078189429618001,0.8630226915941202,4.5,1.0211217354074498,1.7835783264354694,0.451015651015651,49.93768136625279,1.599489367775082,3.3263783835212406,3.8,0.0,1.0,1.0,0,1.0,0.0,7.0,5.0,2.0,3.0
1770840900,Sunderland,Liverpool,1,1.4183161665920287,0.5351992834751456,2.1011195700850873,45.518092252575016,1.038964173757277,2.14858934169279,4.5,1.7725087869288498,1.7835280706754062,1.2024128431651941,58.768082074665145,1.0526849054811438,2.0113042652227606,3.8,0.0,1.0,1.0,2,0.0,1.0,3.0,11.0,1.0,0.0
1770926400,Brentford,Arsenal,1,1.595504339166311,0.8330819936453739,1.5942713520178309,55.50994451557832,2.0368696353203393,1.2387157964622753,4.5,1.7724759330393134,0.8439891876511595,1.954094940010433,56.514297908664105,1.834376250770617,1.4474605206999573,3.8,0.0,1.0,1.0,1,1.0,1.0,6.0,4.0,3.0,2.0
1771444800,Wolves,Arsenal,1,0.8426470588235294,1.396783088235294,0.8414522058823529,39.51755514705882,1.194548713235294,1.802389705882353,4.5,1.7732536764705882,0.6544117647058824,2.1436580882352945,57.658915441176475,1.5868290441176471,1.446047794117647,3.8,0.0,1.0,1.0,1,2.0,2.0,1.0,3.0,2.0,1.0
1771686000,Aston Villa,Leeds,1,1.2191612370377167,0.8321372854914196,1.7825823621180141,59.657905845645594,1.537023768009544,1.2376984491144352,4.5,1.3928445137805512,1.5900988039521582,0.8589079563182527,41.54874674987,1.4871390535621425,2.19746229849194,3.8,0.0,1.0,1.0,1,1.0,1.0,7.0,2.0,1.0,4.0
1771686000,Brentford,Brighton,1,1.5955836540223567,0.8321055525013744,1.5943008979292652,52.506432105552506,2.1864299065420565,1.8023272860546087,4.5,1.0203408466190214,1.5955836540223567,0.4494960601062855,49.75239142385926,1.3365059556532892,3.516694154297233,3.8,0.0,1.0,1.0,2,0.0,2.0,6.0,4.0,1.0,2.0
1771686000,Chelsea,Burnley,1,1.9719147379013813,1.5851065776232733,1.5941633885280395,61.91828743939256,2.3238488701857105,3.119897539108956,4.5,1.0462415759460861,1.7630067392431312,1.0325557283566615,39.811881804043544,0.4644340072576465,2.371135303265941,3.8,0.0,1.0,1.0,1,1.0,1.0,9.0,5.0,4.0,2.0
1771695000,West Ham,Bournemouth,1,1.4071611253196932,1.3968396054073804,1.0294117647058822,42.90798319327731,1.3224799050054803,1.9906832298136645,4.5,1.5850748995250274,1.5953964194373402,1.5790464011691634,42.97436974789916,1.9312668980635732,2.387248812568506,3.8,0.0,1.0,1.0,1,0.0,0.0,9.0,5.0,1.0,1.0
1771704000,Manchester City,Newcastle,1,1.9717282261741906,0.4555403556771546,2.158777929776562,60.03657090743275,1.5391098951208393,1.8023711810305518,4.5,1.208481532147743,1.4070223438212495,1.3907888736890104,55.398723210214314,1.4455595075239398,1.8224350205198359,3.8,0.0,1.0,1.0,0,2.0,1.0,5.0,5.0,2.0,5.0
1771768800,Crystal Palace,Wolves,1,0.8423602258240758,1.5849207794572937,0.46479694044800585,50.24869786924058,1.6840351484246951,2.178856310325988,4.5,0.6437443088690584,1.2188308140593698,0.6377344745947915,41.46894918958295,0.8186694591149154,2.1991622655254055,3.8,0.0,1.0,1.0,0,1.0,0.0,7.0,3.0,5.0,3.0
1771768800,Nottingham Forest,Liverpool,1,0.46584234930448226,1.0200927357032457,0.6531684698608965,48.179016274206745,1.1212548413492134,0.8614964996817893,4.5,1.3965633239385398,1.2187835257750705,1.57879807255205,59.16216019638149,1.1688162560232749,1.4462951177379761,3.8,0.0,1.0,1.0,2,0.0,1.0,7.0,2.0,2.0,0.0
1771768800,Sunderland,Fulham,1,1.2422633744855966,0.6988065843621399,1.5868724279835391,44.76493827160494,1.0907753086419751,1.4594238683127572,4.5,0.8318264342774147,1.5951161946259986,0.8260167029774873,54.080174291938995,1.419207334785766,2.9519789397240377,3.8,0.0,1.0,1.0,2,1.0,3.0,6.0,4.0,1.0,1.0
1771777800,Tottenham,Arsenal,1,1.2185987492069246,1.7731532674703163,0.4646605637632557,47.99059186078129,1.3753715217982418,3.4967279978247077,4.5,1.962491745542593,1.0294959278010125,1.7682852740479857,56.35199647809817,1.5118515518379925,1.2561038961038962,3.8,0.0,1.0,1.0,2,1.0,4.0,2.0,5.0,2.0,1.0
1771876800,Everton,Manchester United,1,1.0303167420814479,1.773393665158371,0.46452488687782806,47.42488687782806,1.1475375565610857,1.237918552036199,4.5,1.585158371040724,1.5950226244343892,1.2028054298642534,56.716289592760184,1.3459158371040727,0.8811764705882353,3.8,0.0,1.0,1.0,2,0.0,1.0,10.0,1.0,2.0,3.0
1772222400,Wolves,Aston Villa,1,1.2178889620364275,1.3969804696071977,1.0282642089093703,39.30962475312706,1.0091294272547728,1.8025630897520297,4.5,1.2086563657721152,1.2184151079786754,1.579434354386916,47.30479804825156,1.4325002258968103,1.8224270353302612,3.8,0.0,1.0,1.0,0,2.0,0.0,0.0,5.0,3.0,3.0
1772281800,Bournemouth,Sunderland,1,1.971400216528329,1.7732407073258751,1.5939372067845543,47.61176470588235,1.6932847347527968,1.802742692168892,4.5,0.5260122699386502,1.9351738241308793,0.5131288343558282,49.346666666666664,0.9376155419222906,2.3710020449897753,3.8,0.0,1.0,1.0,1,1.0,1.0,7.0,3.0,4.0,2.0
1772290800,Newcastle,Everton,1,1.9713539320781912,1.961444914872534,1.4056571480046842,56.45981443113233,2.2071840374741014,1.9911719664895053,4.5,1.2085037384019457,0.4654715791370147,2.144005044590578,41.28136203945591,1.14448716331862,2.1989550490946765,3.8,0.0,1.0,1.0,2,2.0,3.0,7.0,2.0,2.0,3.0
1772290800,Burnley,Brentford,1,1.0685015290519877,1.739612640163099,0.7191845056065239,46.49863404689093,1.1596501529051984,1.6333537206931703,4.5,1.9615938118366611,1.2184565569347006,2.332397913293758,48.05648497931282,1.5135018888289262,2.575499190501889,3.8,0.0,1.0,1.0,2,3.0,4.0,4.0,8.0,2.0,2.0
1772290800,Liverpool,West Ham,1,1.5950606196677144,1.020655590480467,1.593623709025595,61.16614279299506,2.0263843735967666,0.8617871576111361,4.5,1.2088908845981141,1.9715312079030085,1.2031432420296362,43.16326897171082,1.2180565783565336,1.4460709474629547,3.8,0.0,1.0,1.0,0,5.0,2.0,10.0,5.0,2.0,2.0
1772299800,Leeds,Manchester City,1,1.7628455284552846,1.3936178861788617,1.9325203252032521,50.13617886178862,1.528802845528455,0.9400813008130081,4.5,1.2089490674318508,1.2189024390243903,1.5795014347202296,62.17521520803444,1.7658701578192253,2.5754662840746056,3.8,0.0,1.0,1.0,2,0.0,1.0,5.0,3.0,0.0,3.0
1772373600,Fulham,Tottenham,1,1.5952368161876622,1.2089175396185872,1.9700958008774285,50.246700689408186,1.3054690661652788,2.1792819410869373,4.5,1.02068224550094,1.4070015220700152,1.0149520995612857,47.49447578118005,1.118402005551079,1.8225982630495121,3.8,0.0,1.0,1.0,0,2.0,1.0,5.0,8.0,3.0,3.0
1772373600,Manchester United,Crystal Palace,1,1.783515108170928,0.644180225281602,2.5349365278026106,45.91755766136242,1.5860075093867334,1.4264437689969605,4.5,0.8324155193992491,1.783515108170928,0.8266046844269623,46.92950116216699,1.1936570713391739,2.952082960843912,3.8,0.0,1.0,1.0,0,2.0,1.0,7.0,1.0,2.0,2.0
1772373600,Brighton,Nottingham Forest,1,0.8423815049540302,0.6441488886905293,1.217423904311345,59.84786217977327,1.1775938587878247,1.238221904846916,4.5,1.2088547710434705,1.5953226814246184,1.2029634919218066,42.0344907614032,1.0279264482727841,1.4461840578416496,3.8,0.0,1.0,1.0,0,2.0,1.0,4.0,4.0,3.0,1.0
1772382600,Arsenal,Chelsea,1,2.160071301247772,1.0205882352941176,1.9704991087344028,50.43636363636363,1.8533404634581105,1.803030303030303,4.5,1.9617647058823529,1.4071301247771837,1.5793226381461676,52.57540106951871,2.1667032085561497,2.951960784313725,3.8,0.0,1.0,1.0,0,2.0,1.0,5.0,10.0,1.0,5.0
1772566200,Leeds,Sunderland,1,1.0652420574886536,1.3936838124054463,1.4125945537065052,46.62537821482602,1.3225166414523448,0.7562783661119516,4.5,0.6936838124054463,2.1152420574886537,0.5058245083207262,48.47462178517398,0.9411981845688351,2.3734493192133135,3.8,0.0,1.0,1.0,2,0.0,1.0,9.0,2.0,1.0,3.0
1772566200,Everton,Burnley,1,1.0296935692706086,1.7742252913249892,0.4627708243418214,49.87038411739318,1.22780405697022,1.237082434182132,4.5,1.0436178247734138,1.7649546827794562,1.031155589123867,39.54603474320242,0.5386125377643506,2.5486027190332328,3.8,0.0,1.0,1.0,0,2.0,0.0,6.0,3.0,0.0,1.0
1772566200,Bournemouth,Brentford,1,1.9725921137685845,1.7741090282266752,1.5943288084464555,46.85358327946564,1.7501278172807584,2.3683516483516485,4.5,2.339823313940961,1.7840206851971558,2.3341348847231203,48.43213100624865,1.696692092221504,2.199258780435251,3.8,0.0,1.0,1.0,1,0.0,0.0,4.0,3.0,2.0,1.0
1772568900,Wolves,Liverpool,1,1.0287817938420347,1.3969377510040162,1.0277777777777777,40.42406291834003,0.8287687416331995,2.1803547523427045,4.5,1.208278829604131,1.02960413080895,1.579827882960413,56.918106712564544,1.370385025817556,0.8791566265060242,3.8,0.0,1.0,1.0,0,2.0,1.0,2.0,11.0,2.0,1.0
1772652600,Aston Villa,Chelsea,1,1.0296455424274973,0.8311063372717509,1.4058431793770139,64.20042964554243,1.5218977443609019,1.2369495166487647,4.5,1.7739634801288937,1.4067883995703543,1.3911493018259935,53.71385606874328,2.1398010741138567,2.764769065520945,3.8,0.0,1.0,1.0,2,1.0,4.0,3.0,8.0,3.0,2.0
1772652600,Manchester City,Nottingham Forest,1,1.7838867438867438,0.6427627627627628,2.16,57.976885456885455,1.3973770913770915,1.9913341913341913,4.5,1.397048477048477,1.7838867438867438,1.2027284427284428,41.26882882882882,1.050054568854569,0.8790390390390391,3.8,0.0,1.0,1.0,1,2.0,2.0,6.0,1.0,0.0,4.0
1772652600,Brighton,Arsenal,1,1.2182137502677233,0.8313900192760764,1.5942428785607197,59.29851360034269,1.2126285714285712,1.4254615549368173,4.5,2.1527402965184077,0.8399300349825087,1.7692986839913376,56.9320006663335,1.689913210061636,1.2547726136931534,3.8,0.0,1.0,1.0,2,0.0,1.0,4.0,3.0,4.0,1.0
1772652600,Fulham,West Ham,1,1.783798118049615,1.3970744225834044,1.97125748502994,51.00213857998289,1.4520544054747646,1.8027887082976903,4.5,1.5856458511548333,2.349512403763901,1.2028571428571428,46.35786142001711,1.3837242087254065,1.6333789563729684,3.8,0.0,1.0,1.0,2,0.0,1.0,6.0,5.0,2.0,4.0
1772655300,Newcastle,Manchester United,1,1.9722400170830663,2.1513303437967117,1.2168439034806748,60.05433269271834,1.9668109331625023,1.8028016228913089,4.5,1.585616058082426,1.2179543027973523,1.7687209054025197,55.78566730728166,1.3346765748451845,1.06781977364937,3.8,0.0,1.0,1.0,0,2.0,1.0,2.0,4.0,4.0,3.0
1772740800,Tottenham,Crystal Palace,1,1.217995735607676,2.1513006396588485,0.46268656716417916,48.92810234541577,1.3163215351812365,2.934413646055437,4.5,0.8313006396588487,1.4065671641791044,0.8257569296375267,45.41475479744137,0.9707479744136461,2.7650319829424306,3.8,0.0,1.0,1.0,2,1.0,3.0,6.0,3.0,3.0,2.0
1773500400,Burnley,Bournemouth,1,1.589269746646796,2.443777943368107,0.5368479880774963,44.17816691505217,1.0788733233979135,1.9817436661698957,4.5,1.397155631253992,0.8408090270385353,1.76876304023845,44.28426655311902,1.5421591654247393,2.199301681924633,3.8,0.0,1.0,1.0,1,0.0,0.0,5.0,8.0,1.0,0.0
1773500400,Sunderland,Brighton,1,1.2389880952380952,1.0435267857142858,1.4117559523809522,46.45074404761904,1.2871011904761904,1.4565848214285713,4.5,1.208469387755102,1.2178231292517008,1.0144557823129252,49.94251700680272,1.3819785714285715,3.3305442176870748,3.8,0.0,1.0,1.0,2,0.0,1.0,7.0,3.0,1.0,2.0
1773509400,Arsenal,Everton,1,2.160551899808958,1.0198683931224792,1.9709615792825304,48.17151347909149,1.478393716832944,1.6143663765654852,4.5,1.7741541074081935,0.8405518998089578,2.5231755465930803,39.00562937805137,1.391438081086818,2.387671407344513,3.8,0.0,1.0,1.0,0,2.0,0.0,8.0,3.0,0.0,0.0
1773509400,Chelsea,Newcastle,1,1.9720220432386604,1.3968969902501058,1.7825180161085206,62.69270029673591,2.2968939381093683,2.934209410767274,4.5,1.3968969902501058,1.5948791860958034,1.3916405256464603,51.26158541754981,1.3329583721916065,2.576057651547266,3.8,0.0,1.0,1.0,2,0.0,1.0,8.0,1.0,2.0,2.0
1773518400,West Ham,Manchester City,1,1.406179894179894,1.2082962962962964,1.2166772486772488,42.516910052910056,1.7669972486772487,1.9913650793650794,4.5,1.0197248677248678,1.029037037037037,1.5803597883597884,62.38594708994709,1.8703949206349206,2.7646137566137563,3.8,0.0,1.0,1.0,1,1.0,1.0,1.0,15.0,2.0,2.0
1773583200,Manchester United,Aston Villa,1,1.9718512256973795,0.8311242603550296,2.5366356720202874,51.18933220625529,1.753714454775993,1.4256635672020286,4.5,0.8311242603550296,1.4061369399830936,1.0146238377007608,51.82781065088757,1.4084552831783603,1.8217413355874894,3.8,0.0,1.0,1.0,0,3.0,1.0,6.0,6.0,3.0,2.0
1773583200,Crystal Palace,Leeds,1,1.0291200675247942,1.3968094534711963,1.0281916016037138,50.058071323063935,1.783848069212914,2.5571892804389114,4.5,1.393020679468242,1.5887001477104876,0.8567577548005909,37.27296898079764,1.3458161004431317,2.897525849335303,3.8,0.0,1.0,1.0,1,0.0,0.0,8.0,3.0,2.0,3.0
1773583200,Nottingham Forest,Fulham,1,0.2747071217867678,0.8309818794774548,0.6510071639275179,50.62513274336283,1.2406909397387271,1.0486304256215762,4.5,1.2081247366203118,1.7832785503581963,0.8259249894648125,52.39201011378003,1.4687565107458913,2.5760809102402025,3.8,0.0,1.0,1.0,1,0.0,0.0,5.0,4.0,2.0,3.0
1773592200,Liverpool,Tottenham,1,2.160294550810015,1.2080117820324006,1.5938228487271198,57.790422890805814,2.0835575846833576,1.2372143909110036,4.5,1.019440353460972,1.7831516936671576,0.44876078266358094,48.998148537765616,1.1179592678308439,2.0104355144119506,3.8,0.0,1.0,1.0,1,1.0,1.0,3.0,4.0,0.0,0.0
1773691200,Brentford,Wolves,1,0.8402521008403362,1.0194117647058825,1.0280672268907562,53.07714285714286,1.7988302521008404,1.614201680672269,4.5,0.4536974789915967,1.0288235294117647,0.6373109243697479,42.58571428571429,0.9237193277310924,2.575966386554622,3.8,0.0,1.0,1.0,1,2.0,2.0,1.0,5.0,2.0,4.0
1774036800,Bournemouth,Manchester United,1,1.594729972263012,1.2078153042910753,1.7828030673845652,47.791581008321096,1.8428368412465326,2.180486213085332,4.5,1.585593082068853,1.405841083374123,1.5806983194648392,55.79730788056779,1.3159505628976995,1.443449176048295,3.8,0.0,1.0,1.0,1,2.0,2.0,6.0,8.0,2.0,2.0
1774096200,Brighton,Liverpool,1,0.8392147279244053,1.0189801238188334,1.027207559465624,59.31412512218964,1.0929710003258388,2.1804985337243403,4.5,1.0189801238188334,1.0281036168132942,1.3917888563049854,58.441430433365916,1.4576542847833172,0.8767676767676768,3.8,0.0,1.0,1.0,0,2.0,1.0,4.0,8.0,5.0,5.0
1774105200,Fulham,Burnley,1,1.4059215877663902,1.2078412233609892,1.7828859606312022,54.40268423621279,1.5029129656743128,1.9918659508703433,4.5,1.0401343553526827,1.7654810093876496,1.0294548273189217,40.3472569115494,0.6188657307725434,2.0218758074239944,3.8,0.0,1.0,1.0,0,3.0,1.0,6.0,6.0,2.0,2.0
1774114200,Everton,Chelsea,1,1.0282651072124755,1.0189246263807668,1.0274528914879792,51.758641975308635,1.3047121507472383,1.2363222871994801,4.5,2.341146848602989,1.4060428849902533,1.7693632228719949,56.36358024691358,2.471958252111761,2.5769818063677716,3.8,0.0,1.0,1.0,0,3.0,0.0,3.0,9.0,0.0,2.0
1774123200,Leeds,Brentford,1,0.88364104765994,1.3927866036925718,1.2348647488192357,51.00395019321597,1.3647436668097896,0.923658222413053,4.5,1.5854825628548257,1.4061638280616382,1.9581508515815085,47.86480129764801,1.2705936739659367,2.0103000811030007,3.8,0.0,1.0,1.0,1,0.0,0.0,6.0,2.0,2.0,0.0
1774180800,Newcastle,Sunderland,1,1.972708130871396,2.3409297052154194,1.2164237123420798,57.42457078069322,2.04315905409783,2.3695173307418207,4.5,0.6866746698679472,1.9422054536100155,0.8525124335448466,44.75973246441434,1.0121694392042533,2.3743783227576745,3.8,0.0,1.0,1.0,2,1.0,2.0,9.0,5.0,1.0,6.0
1774188900,Aston Villa,West Ham,1,0.6504447679120169,1.3965388969755783,0.8385249878699661,58.558628497493125,1.3688072133268638,1.6138929322335436,4.5,1.774316674753356,1.7837781012453502,1.769383794274624,41.252482613617985,1.5426155587902313,2.3882096069868997,3.8,0.0,1.0,1.0,0,2.0,0.0,6.0,6.0,0.0,1.0
1774188900,Tottenham,Nottingham Forest,1,1.2171511627906977,2.529764211886305,0.27197997416020675,47.22593669250646,1.2989321705426358,3.124854651162791,4.5,1.5853197674418604,1.5949289405684755,1.3915051679586563,41.81850775193798,1.0646891149870803,1.254780361757106,3.8,0.0,1.0,1.0,2,0.0,3.0,13.0,3.0,1.0,2.0
1775847600,West Ham,Wolves,1,1.217029511369134,1.0187872923721981,1.2163038219641993,40.61546524754072,1.480243831640058,1.8025641025641026,4.5,0.6410095145944202,1.217029511369134,0.6360909530720852,43.706756974681504,0.9551356232865666,2.9547653604257373,3.8,0.0,1.0,1.0,0,4.0,0.0,5.0,2.0,2.0,2.0
1775907000,Arsenal,Bournemouth,1,1.7838969404186795,0.8297906602254428,1.9719806763285024,51.75933977455716,1.4141996779388082,1.2359098228663445,4.5,1.0186795491143317,0.46167471819645733,1.7693236714975846,49.751771336553944,1.4310772946859907,2.010305958132045,3.8,0.0,1.0,1.0,2,1.0,2.0,10.0,1.0,1.0,3.0
1775916000,Brentford,Everton,1,1.2171892587232673,1.3965106930374658,1.0274159832770542,51.948303585785496,2.1093751406978614,1.8025084418716835,4.5,1.3965106930374658,1.2171892587232673,1.9583534330278178,39.92947419199228,1.351734040842579,2.388149220131854,3.8,0.0,1.0,1.0,1,2.0,2.0,2.0,3.0,0.0,2.0
1775916000,Burnley,Brighton,1,1.412954777286637,1.9221353281196871,0.7050323019381164,42.36178170690241,1.130312818769126,1.8049982998979939,4.5,1.0187861271676302,0.8394508670520231,1.3916666666666666,48.24026974951831,1.1439736673089274,2.765912010276172,3.8,0.0,1.0,1.0,2,0.0,2.0,8.0,2.0,2.0,1.0
1775925000,Liverpool,Fulham,1,2.350440917107584,1.39661696328363,1.5939233605900271,56.85964405964406,2.0130962000962,1.2357062690396023,4.5,1.0188391855058523,1.5948853615520282,0.8251402918069585,51.262578162578166,1.263023088023088,2.199150232483566,3.8,0.0,1.0,1.0,0,2.0,0.0,6.0,9.0,0.0,0.0
1775998800,Crystal Palace,Newcastle,1,0.8393691962856228,1.2076208773615114,1.0273775216138328,55.159798270893376,1.5465461095100863,2.9355587576048667,4.5,1.0187319884726225,1.4060358629522896,1.3917066922830612,47.67353506243996,1.1628900096061479,2.7656420108869675,3.8,0.0,1.0,1.0,0,2.0,1.0,2.0,4.0,0.0,3.0
1775998800,Sunderland,Tottenham,1,1.2363944138806602,1.216081252644943,1.2347016504443504,49.24257300042319,1.2892145577655523,1.4514600084638172,4.5,1.207593924860112,1.9727418065547562,0.4471622701838529,47.67434052757794,1.177986410871303,1.6323741007194246,3.8,0.0,1.0,1.0,0,1.0,0.0,2.0,6.0,3.0,3.0
1775998800,Nottingham Forest,Aston Villa,1,0.2727011494252874,0.4519316730523627,0.8387292464878672,46.09240102171137,1.127280332056194,1.2355044699872286,4.5,0.8297094508301405,1.2171455938697318,1.013729246487867,50.507598978288634,1.096726372924649,1.6324393358876117,3.8,0.0,1.0,1.0,1,1.0,1.0,7.0,3.0,2.0,2.0
1776007800,Chelsea,Manchester City,1,1.594882831181253,1.2074605451936873,1.594245177745895,62.71382113821138,2.124583931133429,3.124406185238323,4.5,1.2074605451936873,1.2171050534034753,1.580376215526861,62.9750677506775,1.83148079069026,2.9546468994101702,3.8,0.0,1.0,1.0,2,0.0,3.0,4.0,12.0,3.0,1.0
1776106800,Manchester United,Leeds,1,2.350318369945877,0.8298153454313912,2.9163482967207894,50.623814071951614,1.7977757083731296,1.9911652340019101,4.5,1.3925501432664755,1.5889094892971516,0.8528569020731502,37.34957020057306,1.4216534636777345,3.080229226361032,3.8,0.0,1.0,1.0,2,1.0,2.0,11.0,4.0,3.0,2.0
1776511800,Brentford,Fulham,1,1.0272976839500445,1.7750067664230753,0.6482233306267641,52.70440397479024,2.03468120480996,1.4239260719947415,4.5,1.0182500096663187,1.784054440706801,0.8244209875111164,49.94424467385841,1.385991957622859,1.2530642230213045,3.8,0.0,1.0,1.0,1,0.0,0.0,9.0,3.0,0.0,1.0
1776520800,Leeds,Wolves,1,0.7003174603174604,1.3928571428571428,0.876825396825397,52.95857142857143,1.2019412698412695,1.0933333333333333,4.5,0.4505791505791506,1.783938223938224,0.44602316602316605,43.89042471042471,0.9375714285714286,2.7664864864864867,3.8,0.0,1.0,1.0,0,3.0,0.0,5.0,6.0,2.0,1.0
1776520800,Newcastle,Bournemouth,1,1.4056752901260747,2.1531788564598835,0.648301654007788,56.86671550294946,1.826666152600532,1.991363688938582,4.5,1.2072329105139377,0.4597293441801288,2.148629371168601,52.592743956510006,1.4123788410378995,2.009638740023904,3.8,0.0,1.0,1.0,2,1.0,2.0,2.0,3.0,2.0,4.0
1776529800,Tottenham,Brighton,1,1.0272580272580272,2.7207977207977208,0.26980826980826983,46.650727650727646,1.2174820974820975,2.3697543697543697,4.5,1.2072842072842072,0.6488796488796489,1.7703857703857704,50.13305613305614,1.3557511357511356,1.8205898205898206,3.8,0.0,1.0,1.0,1,2.0,2.0,7.0,5.0,3.0,1.0
1776538800,Chelsea,Manchester United,1,1.2164853331282919,1.7749029256852868,1.0265272384760293,61.02841105686056,2.040421744646496,3.1266002844950216,4.5,1.5857137364960978,1.4056745223174811,1.5811771942639654,52.02564299719349,1.168415670293337,1.8204990196455344,3.8,0.0,1.0,1.0,2,0.0,1.0,7.0,1.0,1.0,3.0
1776603600,Nottingham Forest,Burnley,1,0.45961302211302213,0.6397420147420148,0.8372235872235873,46.272266584766584,1.279884828009828,1.423832923832924,4.5,1.0372474747474747,2.1225378787878793,0.850473484848485,43.30700757575758,0.7629147727272727,2.020044191919192,3.8,0.0,1.0,1.0,0,4.0,1.0,4.0,4.0,0.0,2.0
1776603600,Aston Villa,Sunderland,1,1.0273720529039678,1.207283879624305,1.4049070346942687,57.81280429365536,1.4160755223308414,1.4236917768832662,4.5,1.0371946414499607,1.589598108747045,1.3836091410559495,43.12923561859732,1.1378754925137904,3.264460204885737,3.8,0.0,1.0,1.0,0,4.0,3.0,4.0,5.0,1.0,3.0
1776603600,Everton,Liverpool,1,1.4059413521169895,0.8290329990046704,1.4050225863257024,50.05596814945257,1.3594196462751702,0.6668708368425083,4.5,1.2074113773830488,1.4059413521169895,1.202740984610673,58.646734553250134,1.5939713651328382,1.4422326008728275,3.8,0.0,1.0,1.0,2,1.0,2.0,1.0,6.0,2.0,0.0
1776612600,Manchester City,Arsenal,1,1.9727329875844728,0.8298915605846299,2.1606003457488607,60.445858871601445,1.6051791607732202,1.4242967153858244,4.5,2.3425971940823427,0.8383347987308384,2.148820673573149,53.160785962766155,1.382089911693872,1.2528766390152528,3.8,0.0,1.0,1.0,0,2.0,1.0,8.0,5.0,2.0,2.0
1776711600,Crystal Palace,West Ham,1,1.2167506489540387,1.3966254389983204,1.4050236677355321,55.1641471980455,1.7471888837990535,2.558787601160483,4.5,1.3966254389983204,1.9735074057107955,1.2027790502366773,41.80882577492747,1.194816002443121,2.0096197892808063,3.8,0.0,1.0,1.0,1,0.0,0.0,4.0,6.0,2.0,1.0
1776798000,Brighton,Chelsea,1,1.0274463462051615,1.0181450844356346,1.404986086227271,55.54275149620707,1.3101013990012578,2.747989173941219,4.5,2.1532802195707696,1.595013913772729,1.7703274501581976,59.97076201730644,2.197465024968551,2.387908359699615,3.8,0.0,1.0,1.0,0,3.0,0.0,6.0,5.0,1.0,1.0
1776884400,Bournemouth,Leeds,1,1.4059383326988961,1.2072325846973735,1.4051008755234107,50.245603349828706,1.943932242101256,1.9911686334221546,4.5,1.214866979655712,1.0566510172143975,1.3832550860719874,39.039593114241,1.5430860719874804,3.0860719874804383,3.8,0.0,1.0,1.0,1,2.0,2.0,12.0,1.0,3.0,0.0
1776884400,Burnley,Manchester City,1,1.056727613689639,1.9260822003438036,0.5215189873417723,44.96180653227067,1.2412139396780746,1.8042506641662759,4.5,1.7748508001672558,0.838408028281446,2.148591629604288,62.05101303835481,2.1803280495685557,2.5768426654502607,3.8,0.0,1.0,1.0,2,0.0,1.0,3.0,11.0,0.0,0.0
1777057200,Sunderland,Nottingham Forest,1,1.0564918851435705,1.0371410736579276,1.2323970037453185,48.337078651685395,1.2197412609238452,1.4484082397003744,4.5,1.7748253871849378,1.405860917096872,1.3919678105071362,39.538718493774674,1.0566998177953235,1.6307318554509567,3.8,0.0,1.0,1.0,2,0.0,5.0,3.0,6.0,2.0,5.0
1777116600,Fulham,Aston Villa,1,1.594935749213449,1.207535726469808,1.7832151927523596,54.597172207270376,1.8719199423827753,1.8019407907205942,4.5,1.0183465372806186,1.40574656002426,1.0137219968917024,50.51093590083772,0.9601971115575604,2.0093248929153558,3.8,0.0,1.0,1.0,0,1.0,0.0,2.0,5.0,2.0,2.0
1777125600,Wolves,Tottenham,1,1.405708229237641,1.5858127034597624,1.404951169657052,40.59626012567189,0.8559482171246876,2.180331592096298,4.5,0.8290559467030055,1.5948974184268303,0.4460595048830343,45.78211825270649,1.1001680672268908,1.6309334544628662,3.8,0.0,1.0,1.0,2,0.0,1.0,5.0,5.0,3.0,4.0
1777125600,Liverpool,Crystal Palace,1,2.540729540729541,1.2074088074088074,1.9724059724059724,53.08198828198829,1.712907200907201,1.0452844452844452,4.5,1.3965034965034966,1.2168609168609168,1.391919191919192,48.9990675990676,1.174152292152292,2.576379176379177,3.8,0.0,1.0,1.0,0,3.0,1.0,5.0,8.0,1.0,3.0
1777125600,West Ham,Everton,1,1.784085761739393,0.6398157934470784,1.7833308168503699,40.02808394987166,1.7450415219688964,1.6127887664200515,4.5,1.5857617393930243,1.594896572550204,1.5812320700588858,41.4313755095878,1.5448142835573002,2.3878906839800695,3.8,0.0,1.0,1.0,0,2.0,1.0,3.0,4.0,3.0,4.0
1777134600,Arsenal,Newcastle,1,1.9733122243582495,1.2073579856006633,1.7834445323985073,52.51404123789061,1.7450152663123373,1.0453089072335935,4.5,1.2073579856006633,1.7841230351690602,1.2027592446002489,46.16163443778507,1.198608315428399,2.955595763127144,3.8,0.0,1.0,1.0,0,1.0,0.0,7.0,2.0,2.0,2.0
1777316400,Manchester United,Brentford,1,2.1624632989535497,1.2072573966724385,2.3511254987578107,54.59466987879244,1.6087216743205601,2.180456222238952,4.5,1.585635775050817,1.0273281638184144,2.1486110065497255,45.78370849958594,1.0699360084318301,1.6312579989460214,3.8,0.0,1.0,1.0,0,2.0,1.0,7.0,8.0,2.0,4.0
1777662000,Leeds,Burnley,1,1.2322377571188055,0.677241783178391,1.4103067125393454,54.041373252324135,1.6770666861869556,1.2672278749725496,4.5,1.214083888441549,2.305921967645121,0.8471122172608154,42.02178464241271,0.8129069614230291,1.6611375448356636,3.8,0.0,1.0,1.0,0,3.0,1.0,5.0,0.0,4.0,3.0
1777730400,Newcastle,Brighton,1,1.5951754385964914,2.154385964912281,0.6473684210526316,55.54678362573099,1.7149634502923978,2.181140350877193,4.5,1.3964912280701753,0.6478070175438597,1.9603070175438595,51.46374269005848,1.2097149122807018,1.8201023391812867,3.8,0.0,1.0,1.0,0,3.0,1.0,2.0,10.0,3.0,3.0
1777730400,Wolves,Sunderland,1,1.405810643112636,1.3964668953938244,1.4053726549383168,38.682239579531355,0.7108729104314183,2.1812249069275134,4.5,1.3929337907876487,1.7695160230673772,1.383590043068837,42.56183663041098,1.3264089349587562,3.092955690196365,3.8,0.0,1.0,1.0,1,1.0,1.0,6.0,3.0,0.0,4.0
1777730400,Brentford,West Ham,1,1.026826067939933,1.3964426301210089,0.8369150021869078,49.29327890363027,1.9633086455751565,1.233722116926666,4.5,1.0174952616999562,1.4057734363609855,1.3917772270010205,45.022510570053946,1.0978937162851727,1.8202945035719493,3.8,0.0,1.0,1.0,0,3.0,0.0,2.0,6.0,1.0,3.0
1777739400,Arsenal,Fulham,1,1.7848292931498873,0.638450899031812,2.3528135691926915,50.42990463711145,1.6128370095362887,1.044187231564388,4.5,0.638450899031812,1.2164082405183083,1.0127393171725996,48.81220062604645,1.164180971099949,1.2519327364053288,3.8,0.0,1.0,1.0,0,3.0,0.0,3.0,4.0,0.0,1.0
1777813200,Bournemouth,Crystal Palace,1,1.2165164291945334,1.2067752253562083,1.0266065716778134,55.35644082582146,1.8119086943879033,2.370369293399244,4.5,1.3961475287442138,1.4061520083619532,1.3913692698223086,49.75824996266985,1.4859534119755113,2.577572047185307,3.8,0.0,1.0,1.0,0,3.0,0.0,7.0,1.0,0.0,2.0
1777818600,Manchester United,Liverpool,1,1.974519056261343,1.0172050816696916,2.3530308529945554,55.166896551724136,1.5277386569872962,2.180762250453721,4.5,1.2066787658802178,1.0271506352087114,1.770453720508167,56.5804718693285,1.692713611615245,1.2518330308529946,3.8,0.0,1.0,1.0,0,3.0,2.0,3.0,2.0,2.0,2.0
1777831200,Aston Villa,Tottenham,1,1.7851529650572713,1.5856749311294767,1.9741916775409598,53.65009424387415,1.4993768305060169,1.422879512831666,4.5,0.638306510076845,1.2167319124256923,0.822995505292156,45.21306365086269,0.9101568798028128,2.3886617369870957,3.8,0.0,1.0,1.0,2,1.0,2.0,5.0,5.0,2.0,5.0
1777903200,Chelsea,Nottingham Forest,1,0.648273365670021,1.5857235937160647,0.4582929124737567,58.76545283428654,1.8270791283573442,2.7492072685151667,4.5,2.34361833055817,1.4061681025121262,1.3915441974951133,40.476652428871354,1.1166601028017085,2.5783392456381673,3.8,0.0,1.0,1.0,2,1.0,3.0,10.0,1.0,3.0,1.0
1777921200,Everton,Manchester City,1,1.4061307113938692,1.0174233661075767,1.2160786581839214,47.39819259687681,1.3761771255060726,1.0440283400809718,4.5,1.5858444187391556,0.45876229034123783,2.5285135916714867,63.02286003470214,2.4240821283979175,2.0098322729901676,3.8,0.0,1.0,1.0,1,3.0,3.0,5.0,9.0,4.0,1.0
1778326200,Liverpool,Chelsea,1,2.353606237816764,1.207017543859649,1.9739368998628257,52.89105479748755,1.4994214136163453,1.0441845354126056,4.5,1.5859649122807018,1.9746588693957114,1.202180347989315,58.09841888672298,1.851888239116309,2.199220272904484,3.8,0.0,1.0,1.0,1,1.0,1.0,5.0,2.0,2.0,4.0
1778335200,Brighton,Wolves,1,1.4062004325883202,0.8280461427541457,1.784426820475847,55.35400144196107,1.4425097332372026,2.7494592645998557,4.5,0.4490987743330931,1.974621485219899,0.4442682047584716,45.403893294881044,0.9290930064888249,2.3888248017303533,3.8,0.0,1.0,1.0,0,3.0,0.0,7.0,1.0,1.0,2.0
1778335200,Sunderland,Manchester United,1,0.5178774569803442,1.9295845633234934,0.6953848369213046,51.3531427748578,1.1285070199438403,1.6251133990928073,4.5,1.2068975448196415,1.027359781121751,1.5810209518323854,51.465533875728994,1.0881919504643962,2.388811289509684,3.8,0.0,1.0,1.0,1,0.0,0.0,6.0,7.0,0.0,3.0
1778335200,Fulham,Bournemouth,1,1.4061978717285015,1.0173281564567156,1.7844981305723324,52.70289042277825,1.8972338222605694,1.9913718723037102,4.5,1.2068018406672418,0.6483031348863963,2.1494247914869145,52.033951682484904,1.720984613172275,2.19939603106126,3.8,0.0,1.0,1.0,2,0.0,1.0,11.0,2.0,4.0,2.0
1778344200,Manchester City,Brentford,1,2.1630102134877034,0.8285830168504111,2.540724899524354,60.26850042402566,1.418009660410752,1.6129198775856348,4.5,1.5857255690385583,1.406088892080132,1.581130178789402,50.8964601134487,1.2188444029582826,1.820435126014217,3.8,0.0,1.0,1.0,0,3.0,0.0,10.0,2.0,4.0,2.0
1778418000,Crystal Palace,Everton,1,1.0272479564032697,0.8277355514125915,1.595023662698982,57.2514842965725,1.5505875519862327,2.1811558869926864,4.5,1.5856302882546969,1.7851426932453751,1.3915674745446722,43.316936756059086,1.5920311200344184,2.767790047325398,3.8,0.0,1.0,1.0,1,2.0,2.0,5.0,10.0,0.0,2.0
1778418000,Nottingham Forest,Newcastle,1,1.0272824919441461,0.6383100608664519,1.2160401002506267,49.67311134980308,1.412345864661654,1.2336555674901541,4.5,1.0172574292875045,1.2167561761546724,1.202076620121733,47.863730755460075,1.3192094522019333,2.7677765843179376,3.8,0.0,1.0,1.0,1,1.0,1.0,2.0,1.0,2.0,0.0
1778418000,Burnley,Aston Villa,1,0.6965961098398169,1.7502574370709383,0.33727116704805493,44.3770881006865,1.0947359839816933,1.625228832951945,4.5,0.6382866132723113,1.59566647597254,0.44416475972540054,54.68514016018307,0.9156430205949656,2.009725400457666,3.8,0.0,1.0,1.0,1,2.0,2.0,2.0,8.0,1.0,1.0
1778427000,West Ham,Arsenal,1,1.5957009212311648,0.6383346425765908,1.7843890594872527,39.439962865100334,1.679492108833821,1.8020281368278226,4.5,1.7751767478397487,1.216753552810112,1.5809897879025925,51.4653002927944,1.2737579090194957,1.441219738627437,3.8,0.0,1.0,1.0,2,0.0,1.0,4.0,3.0,3.0,4.0
1778526000,Tottenham,Leeds,1,1.0271715875053489,2.722521751533305,0.26849236913421776,47.0178433889602,1.2247284267579517,2.370532021109685,4.5,1.3924119241192412,1.23329054343175,1.383283411781486,38.62747111681643,1.4419189844530025,2.5563828269861646,3.8,0.0,1.0,1.0,1,1.0,1.0,14.0,2.0,3.0,1.0
1778698800,Manchester City,Crystal Palace,1,2.353450608930988,0.827761555444769,2.542140873157183,59.33406452531871,1.8196575742468484,2.1811409443771814,4.5,1.2067089238658215,1.785029556299409,1.2021508439569832,46.539619685207605,1.294593547468129,2.3886332882273345,3.8,0.0,1.0,1.0,0,3.0,0.0,9.0,4.0,0.0,2.0
1778871600,Aston Villa,Liverpool,1,1.7855162855162856,1.9654192654192655,1.4052668052668054,52.7065142065142,1.4235218295218295,1.4225225225225224,4.5,1.3961884961884963,1.5957726957726956,1.202009702009702,57.72938322938323,1.3818205128205128,1.62993762993763,3.8,0.0,1.0,1.0,0,4.0,2.0,4.0,9.0,3.0,1.0
1779017400,Manchester United,Nottingham Forest,1,2.165175265580124,1.3962351638464998,2.3540883767604415,49.85994671095885,1.6341638118966053,2.3713208069483374,4.5,2.724440292051628,1.0267137271185853,1.9608983009792726,38.375950724938576,1.2528118620021456,2.5785736530675805,3.8,0.0,1.0,1.0,0,3.0,2.0,7.0,6.0,2.0,1.0
1779026400,Everton,Sunderland,1,1.7857903103186121,1.2065381159720783,1.4054737715115073,42.08025433685811,1.3345793074849681,1.612357453866888,4.5,1.5727493261455527,1.4122911051212939,1.5635849056603774,40.90350404312668,1.4103606469002696,3.458059299191375,3.8,0.0,1.0,1.0,2,1.0,3.0,3.0,2.0,3.0,0.0
1779026400,Leeds,Brighton,1,1.232220726783311,0.6729744279946164,1.4104710632570658,52.61609690444145,1.5245636608344546,1.8042530282637954,4.5,1.5861407323049315,1.0267798598888773,1.9609345342858129,54.884052869517205,1.4046088276909274,1.8193670842392242,3.8,0.0,1.0,1.0,0,1.0,0.0,7.0,8.0,1.0,0.0
1779026400,Brentford,Crystal Palace,1,1.4062310449407223,1.2065618968844776,1.215729252826027,50.61734215605183,2.1086207609594703,0.853405017921147,4.5,1.0168183071408878,2.354948993658671,0.6326440584505101,44.828811690102015,1.2130887786049074,2.1987041632202926,3.8,0.0,1.0,1.0,1,2.0,2.0,9.0,4.0,1.0,3.0
1779026400,Wolves,Fulham,1,1.4062639821029084,1.0168645672001377,1.595181552228532,43.21782825675443,0.83545379452762,1.9918086387885046,4.5,0.6373773877129583,1.2165203923593186,1.0121149543968335,49.19242815350198,0.9645530889691963,1.2500430218551024,3.8,0.0,1.0,1.0,1,1.0,1.0,3.0,6.0,1.0,0.0
1779035400,Newcastle,West Ham,1,1.7857152677528012,1.7758163195160515,1.2156595861689696,51.37543136041795,1.8904193304461403,2.3712380559565545,4.5,0.637354781054513,1.975458857496391,0.8223551247679934,46.15790197291538,1.0784186430191793,2.1986113975390116,3.8,0.0,1.0,1.0,0,3.0,1.0,9.0,1.0,1.0,3.0
1779130800,Arsenal,Burnley,1,1.7858167713589401,0.6373322349225964,2.3542237325369855,51.37571139257886,1.9435613908625957,0.8532317303401641,4.5,0.8527978580990629,2.4923427041499333,0.30342704149933064,45.04736278447122,0.816568406961178,2.0174029451137887,3.8,0.0,1.0,1.0,0,1.0,0.0,3.0,3.0,1.0,3.0
1779215400,Bournemouth,Manchester City,1,1.596037296037296,1.0167283696695462,1.4056081173728232,54.79171808583573,1.816416838063897,2.181379404908817,4.5,1.775702728643905,0.8370629370629371,2.1503907856849036,67.21853832442068,2.1959071712601124,1.4397504456327985,3.8,0.0,1.0,1.0,1,1.0,1.0,7.0,6.0,4.0,2.0
1779218100,Chelsea,Tottenham,1,0.4575399678203417,1.7756803943719832,0.26711170449488214,58.96573893396323,1.641902160145151,2.561014686248331,4.5,1.0167060353976243,1.026770737051111,1.3914004998117147,49.00349183526753,1.0043293279928796,2.9576871726404432,3.8,0.0,1.0,1.0,0,2.0,1.0,3.0,4.0,4.0,3.0
1779634800,Liverpool,Brentford,1,2.355008547008547,1.0166837606837607,2.164649572649573,53.08321367521368,1.376199658119658,1.0432136752136754,4.5,1.0166837606837607,1.596034188034188,1.0118290598290598,49.952683760683755,0.924665299145299,1.8192820512820513,3.8,0.0,1.0,1.0,1,1.0,1.0,14.0,2.0,2.0,3.0
1779634800,Tottenham,Everton,1,1.0267677284987538,2.5346102632387586,0.45692239407286017,47.771013008296634,1.114456758510021,2.3714295469288813,4.5,1.58589231452081,1.9754856772167024,1.0118133087507255,42.5520639147803,1.537554371948513,2.198825497627096,3.8,0.0,1.0,1.0,0,1.0,0.0,7.0,7.0,3.0,2.0
1779634800,West Ham,Leeds,1,1.4062193126022913,0.6370840152755046,1.5954855428259684,39.6119749045281,1.687456492089471,2.1817648663393348,4.5,1.212313829787234,1.052127659574468,1.3828723404255319,40.186648936170215,1.4248117021276596,2.017686170212766,3.8,0.0,1.0,1.0,0,3.0,0.0,6.0,4.0,0.0,3.0
1779634800,Nottingham Forest,Bournemouth,1,1.2165764293254333,0.8267374944665782,1.2160997037491061,46.44213573058195,1.1372736745326388,1.6124084857152585,4.5,1.016481084210168,0.45760207035107436,2.150107263254674,50.7117104232642,1.622897129430994,2.009125889603977,3.8,0.0,1.0,1.0,1,1.0,1.0,6.0,3.0,1.0,1.0
1779634800,Sunderland,Chelsea,1,0.5122546419098144,1.7520954907161805,0.8713262599469497,52.79137931034483,1.2385100795755966,1.4440848806366047,4.5,1.2062028157518874,1.975515200979392,0.821886689791199,55.45570291777188,1.2946164728286746,2.7680201319458613,3.8,0.0,1.0,1.0,0,2.0,1.0,6.0,2.0,5.0,5.0
1779634800,Burnley,Wolves,1,1.052317880794702,1.7520529801324505,0.5115231788079471,40.73046357615894,1.1737509933774832,1.2645033112582782,4.5,0.4472066564781797,2.5447784004075396,0.252572592969944,43.69206996094413,0.9416651383936153,2.388724741042622,3.8,0.0,1.0,1.0,1,1.0,1.0,7.0,7.0,2.0,2.0
1779634800,Fulham,Newcastle,1,1.21653778320445,0.82667209333876,1.7853615520282187,53.652815086148415,1.7767066883733549,2.5612942612942615,4.5,0.82667209333876,1.21653778320445,0.8217880884547552,49.193338760005425,1.1295645095645095,2.3887125220458554,3.8,0.0,1.0,1.0,0,2.0,0.0,6.0,6.0,2.0,2.0
1779634800,Brighton,Manchester United,1,1.9755444907360362,0.636839074619788,2.354692951258341,56.87805439826576,1.6097512447921958,2.7510483351962876,4.5,1.0163262541069675,0.8370829522744979,1.580679470243539,48.43476611455475,1.0972405920807504,2.7681875148189548,3.8,0.0,1.0,1.0,2,0.0,3.0,0.0,3.0,0.0,1.0
1779634800,Crystal Palace,Arsenal,1,1.0267234963804885,0.6369528448684122,1.7853595832487652,56.11915296664637,1.6950857181516814,1.8022055341316554,4.5,1.7754143833299505,1.0267234963804885,1.9602868547459575,52.419308571815165,1.3837774169541979,1.819389757120628,3.8,0.0,1.0,1.0,2,1.0,2.0,3.0,4.0,0.0,1.0
1779634800,Manchester City,Aston Villa,1,2.354893415762981,0.826742339785818,2.5442316137968315,62.56969696969697,1.8753049559136516,1.6123374210330732,4.5,0.826742339785818,1.7856626465322116,0.4424580250667207,58.3020979020979,1.1049370629370632,2.009053748184183,3.8,0.0,1.0,1.0,2,1.0,2.0,9.0,4.0,1.0,0.0
1787407200,Nottingham Forest,Leeds,1,1.4061154855643043,0.8259448818897639,1.4057217847769028,46.05494750656168,1.2392488188976374,1.4219291338582676,5.0,1.03037120359955,1.4116485439320083,1.2025746781652293,44.666766654168235,1.4689631296087988,1.8352955880514936,3.0,0.0,1.0,1.0,2,0.0,1.0,3.0,2.0,2.0,1.0
1787407200,Ipswich,Sunderland,1,0.8686013855083319,2.65890282718592,0.1440429382762279,43.93387006178619,0.6992226174873617,1.2608375460275854,4.0,1.9350933033763964,1.4114585283654746,1.926605504587156,43.39946327154715,1.2915253073706545,3.101816139299757,3.0,0.0,1.0,1.0,0,2.0,1.0,3.0,5.0,0.0,3.0
1787407200,Everton,Crystal Palace,1,1.9760471204188481,1.5859031413612565,1.405719895287958,42.064437172774866,1.4121096858638744,1.8018193717277486,3.75,1.2059031413612564,2.356047120418848,0.8213874345549739,45.39556282722513,1.467458507853403,2.388507853403141,3.25,0.0,1.0,1.0,0,2.0,0.0,4.0,0.0,0.0,1.0
1787416200,Brentford,Tottenham,1,1.786078431372549,1.2058169934640524,1.405816993464052,51.75385620915032,2.1302830065359473,0.8516993464052288,4.0,1.0158169934640524,1.026078431372549,1.3913071895424836,50.90614379084967,1.1635013071895426,2.9584313725490192,3.4,0.0,1.0,1.0,0,3.0,0.0,7.0,3.0,1.0,1.0
1787490000,Manchester City,Bournemouth,1,2.1661749347258485,1.0157310704960836,1.9759138381201045,62.20314621409921,1.8739359007832899,1.421644908616188,4.666666666666667,1.2057310704960835,0.6461749347258485,2.1512271540469974,50.14685378590078,1.6802532637075718,2.008355091383812,3.5,0.0,1.0,1.0,0,2.0,1.0,8.0,3.0,1.0,2.0
1787490000,Brighton,Aston Villa,1,1.596205997392438,1.0157105606258148,1.7860104302477184,56.50413298565841,1.5091827900912644,2.1815906127770535,4.857142857142857,1.2057105606258147,1.596205997392438,1.0111473272490221,55.65586701434159,1.2394105606258148,1.4383441981747065,3.5714285714285716,0.0,1.0,1.0,0,4.0,0.0,5.0,2.0,2.0,3.0
1787499000,Newcastle,Liverpool,1,1.9763671875,1.395625,1.7861067708333334,49.28557291666667,2.024228515625,2.1816015625,5.0,1.585625,2.3563671875,0.6310677083333334,58.12442708333334,1.34764453125,1.8183984375,3.125,0.0,1.0,1.0,1,2.0,2.0,2.0,6.0,5.0,3.0
1787598000,Fulham,Chelsea,1,1.2163979193758128,0.6356697009102731,1.786072821846554,51.94479843953186,1.6879314694408325,2.3718075422626788,4.888888888888889,1.205669700910273,1.9763979193758128,0.8210533159947985,54.89520156046814,1.260353576072822,2.768452535760728,3.5555555555555554,0.0,1.0,1.0,2,2.0,3.0,6.0,4.0,2.0,3.0
1787943600,Crystal Palace,Manchester City,1,1.0264285714285715,1.015779220779221,1.215974025974026,52.135519480519484,1.5017181818181817,0.8518181818181819,5.0,1.775779220779221,1.0264285714285715,1.7711688311688312,64.77448051948052,2.0983142857142854,1.2485064935064936,3.8,0.0,1.0,1.0,2,1.0,4.0,2.0,6.0,1.0,2.0
1788003000,Liverpool,Nottingham Forest,1,1.5963942931258108,0.8259533073929962,1.785875486381323,55.17403372243839,1.6042614785992217,1.0417639429312582,4.636363636363637,2.915953307392996,1.2163942931258105,1.961284046692607,39.505966277561605,1.4599728923476005,2.5784954604409855,4.2727272727272725,0.0,1.0,1.0,1,2.0,2.0,3.0,5.0,4.0,2.0
1788012000,Bournemouth,Everton,1,1.5964248704663213,1.0159974093264248,1.405841968911917,51.755207253886006,1.919675518134715,2.1819041450777203,4.583333333333333,1.0159974093264248,1.7864248704663213,0.4412694300518135,45.58479274611399,1.2111371761658032,2.0084844559585493,4.166666666666667,0.0,1.0,1.0,1,1.0,1.0,10.0,7.0,3.0,2.0
1788012000,Coventry,Hull City,1,1.5278137128072444,1.3195342820181113,1.5161707632600259,50.91461836998706,1.5343208279430778,1.8395860284605434,4.615384615384615,1.3195342820181113,1.5278137128072444,1.22509702457956,49.08538163001294,1.3094307891332475,2.169469598965071,4.384615384615385,0.0,1.0,1.0,2,0.0,1.0,6.0,2.0,1.0,4.0
1788021000,Tottenham,Newcastle,1,1.0262919896640827,1.7759560723514212,1.0257105943152456,49.6668992248062,1.1882002583979328,2.561925064599483,4.5,0.6359560723514212,1.2162919896640827,0.8213695090439277,51.093100775193804,1.0781334625322996,1.81859173126615,4.214285714285714,0.0,1.0,1.0,2,0.0,2.0,9.0,7.0,1.0,2.0
1788094800,Sunderland,Fulham,1,0.6879877112135176,1.3923809523809523,1.4106912442396313,51.17591397849463,1.2353781874039935,2.165468509984639,4.6,0.25600000000000006,1.2161935483870967,0.631483870967742,53.37264516129033,0.908995483870968,1.0585806451612905,4.066666666666666,0.0,1.0,1.0,0,1.0,0.0,3.0,4.0,0.0,2.0
1788094800,Leeds,Brentford,1,1.4117329405989198,0.48745704467353956,1.9537309769268532,52.803264604811,1.3259140893470787,1.9842906234658813,4.5625,0.4459149484536083,1.216159793814433,0.6314046391752577,46.34328608247423,0.7930724226804126,2.008569587628866,3.8125,0.0,1.0,1.0,1,1.0,1.0,5.0,6.0,0.0,4.0
1788094800,Chelsea,Brighton,1,0.6461261261261262,1.775894465894466,0.6456756756756757,54.60646074646074,1.3839001287001287,2.5616344916344915,4.411764705882353,1.205894465894466,1.216126126126126,1.3913899613899612,58.31353925353925,1.7791957528957527,1.4386872586872586,3.8823529411764706,0.0,1.0,1.0,0,4.0,3.0,4.0,7.0,1.0,3.0
1788103800,Manchester United,Ipswich,1,2.3562853470437015,1.5860025706940875,2.355771208226221,47.3848586118252,2.0926898457583545,2.3715809768637532,4.5,1.2114334679887377,1.9548292324641938,1.0215448647325254,36.3431264536663,0.956956787856531,2.378553066470804,4.0,0.0,1.0,1.0,0,5.0,2.0,8.0,4.0,1.0,3.0
1788202800,Aston Villa,Arsenal,1,2.3565083440308086,2.1560462130937097,1.7858664955070604,48.52544287548139,1.5095839537869062,1.8015275994865212,4.842105263157895,1.7760462130937098,0.8365083440308088,2.3412323491655966,52.80455712451861,1.5607473684210527,1.8187933247753532,4.052631578947368,0.0,1.0,1.0,2,0.0,1.0,2.0,4.0,3.0,1.0
1788548400,Ipswich,Liverpool,1,0.8662004662004663,2.12004662004662,0.6832167832167833,40.62668997668998,0.9471025641025641,1.0756410256410256,3.1454545454545455,1.7766103814884302,2.357473420888055,0.8208255159474672,57.18567854909318,1.56676110068793,2.1987492182614137,6.851219512195122,0.0,1.0,1.0,2,0.0,2.0,4.0,3.0,1.0,3.0
1788607800,Newcastle,Bournemouth,1,1.9768901658286748,1.58640891914681,1.4055338683988632,48.14078261141126,1.8537619062490238,2.3722432153899002,4.030197444831591,1.3961650167077855,1.025670653633553,1.9623996752131414,44.82019299834484,1.319405390212673,2.3890446894225663,4.004645760743322,0.0,1.0,1.0,1,2.0,2.0,4.0,3.0,2.0,3.0
1788616800,Nottingham Forest,Tottenham,1,1.406188010729212,1.0157195433846922,1.2152579377456179,47.950982471461536,1.1840517746865447,1.421034246148088,2.1219512195121952,0.8254756409456678,1.406188010729212,1.201409768573389,55.28316387000187,1.047360489052461,3.150071736011478,4.006651884700665,0.0,1.0,1.0,1,0.0,0.0,2.0,10.0,2.0,2.0
1788616800,Manchester City,Coventry,1,2.1670684982711896,0.8253932654269072,2.3566894059745196,61.45768308257795,1.899330467557549,1.6112886646107842,5.92152704135737,0.8803746275010643,2.0166028097062583,0.8190719455087272,44.744997871434656,0.9383822903363138,1.7841634738186465,2.9710144927536235,0.0,1.0,1.0,0,1.0,0.0,4.0,5.0,1.0,2.0
1788616800,Brighton,Leeds,1,2.3572797411647586,0.825311100049776,2.356781981085117,58.98619960179194,2.0705863613738176,1.801480836236934,5.920731707317073,1.2108070500927643,1.4112940630797774,1.5660946196660483,46.64390074211503,1.351604823747681,1.4705473098330242,3.083333333333333,0.0,1.0,1.0,1,1.0,1.0,7.0,6.0,3.0,3.0
1788616800,Fulham,Crystal Palace,1,1.5962715550722386,1.0155351871990057,1.7860183315208948,52.328662420382166,1.7491148050334009,2.372285226036974,5.921951219512195,0.635047382320957,2.5474910672673605,0.2500854435295946,45.00792294547149,1.5021053285692092,2.1988814665216716,3.998048780487805,0.0,1.0,1.0,2,2.0,3.0,7.0,1.0,0.0,0.0
1788616800,Brentford,Sunderland,1,1.9767889281946254,0.8253956432694098,1.7859244088624093,49.85630236455036,2.3808240551107804,0.6599764165580587,7.8273921200750465,1.9382373351839,1.7749248207263473,1.3844552394170715,49.185981956974324,1.2554545454545454,3.10675456858663,4.0,0.0,1.0,1.0,1,1.0,1.0,4.0,3.0,3.0,2.0
1788625800,Hull City,Aston Villa,1,1.682337992376112,0.8801355357899197,2.007200338839475,43.30114358322746,1.3623168149089362,1.8873358746293944,4.246913580246914,1.0156196733504819,1.7865125360275205,1.0111569095360586,51.85601388415409,1.1007565004493756,1.628003842935507,0.19692863595302637,0.0,1.0,1.0,1,0.0,0.0,3.0,4.0,2.0,0.0
1788699600,Everton,Manchester United,1,1.9766621270273617,1.5862696545747184,1.4053732821592175,39.58146589080104,1.378158350872849,1.801522842639594,4.968641114982578,1.2057818496966695,0.8351987123932154,1.581874458338492,50.906338987247736,1.2377704593289587,2.008357063266064,4.947735191637631,0.0,1.0,1.0,1,2.0,2.0,4.0,3.0,3.0,3.0
1788708600,Arsenal,Chelsea,1,1.7864478036415345,0.44484837243809705,2.3565612538254657,54.80061207456181,1.8271013632569784,1.040619493647408,5.922624053826745,1.0155800797551702,2.1669356085195837,0.8208847259575258,51.287192803486974,1.0018296083341063,2.959627809205849,5.897392767031119,0.0,1.0,1.0,0,2.0,1.0,5.0,3.0,2.0,4.0
1789221600,Aston Villa,Nottingham Forest,1,2.166965112689102,1.5862920654523003,1.7859215807347948,47.76184007409694,1.4238159925903056,1.8016054337758567,0.2227642276422766,2.917999382525471,1.2157456004939795,1.9622723062673664,39.68206236492745,1.7132849644952146,2.198765050941649,3.0455284552845527,0.0,1.0,1.0,2,1.0,2.0,6.0,1.0,2.0,5.0
1789221600,Chelsea,Hull City,1,1.405957263112454,2.1570657704048597,1.215096666769449,46.81074897474639,1.6768195861983903,2.3723474453455027,5.930763178599528,1.2132321955330805,1.0147492625368733,1.8192161820480406,43.05309734513274,1.1133923303834816,2.7855035819637592,3.3548387096774195,0.0,1.0,1.0,1,2.0,2.0,11.0,4.0,1.0,5.0
1789221600,Liverpool,Fulham,1,1.7864745011086476,1.0156442473515646,1.7857969943335796,56.3239960581424,1.6140676274944565,1.8015644247351565,4.032012195121951,0.25466863759546693,1.4059866962305987,0.4404163587090417,54.32966247844297,0.9618943089430897,0.8674057649667407,0.19817073170731725,0.0,1.0,1.0,1,0.0,0.0,5.0,8.0,0.0,1.0
1789221600,Bournemouth,Brentford,1,1.7863808322824717,1.2058069080060283,1.4052778888444621,53.85113646848952,1.965955033371267,2.3721834343185804,4.980783444198078,0.6350752006889552,1.4058930274044228,0.6306462030572386,46.52935133638852,1.0341309629994158,2.57952818872451,4.9541759053954175,0.0,1.0,1.0,1,2.0,2.0,2.0,1.0,5.0,1.0
1789221600,Crystal Palace,Ipswich,1,1.215678564846102,1.7765804509430485,1.0247588621981938,44.71973950973767,1.4998859740738464,0.6601830804202249,1.1836441893830705,1.210899931302954,2.6837645981222806,0.47526906343027253,37.00412182276162,1.1082207465079001,2.561712846347607,4.909090909090908,0.0,1.0,1.0,2,2.0,3.0,6.0,3.0,1.0,3.0
1789230600,Tottenham,Everton,1,0.8352201257861636,1.5864396379812855,1.0246663598711458,53.09016720355883,1.1936217211228715,2.182083141586133,5.938675958188154,1.2059518331032366,1.5961957355422611,0.6307409111826967,46.71958889400215,1.3614720049087286,2.389262156772511,6.856445993031358,0.0,1.0,1.0,1,0.0,0.0,5.0,6.0,0.0,2.0
1789239600,Sunderland,Arsenal,1,0.8654636820465966,1.2109410689812699,1.9550022841480128,49.90566468707172,1.4378129282777525,1.9845820009136592,4.0606060606060606,1.2058708175021449,0.6448829513420763,2.3429219267067043,52.996960411815174,1.3652209829635984,1.8185194264002942,2.0989159891598916,0.0,1.0,1.0,2,0.0,2.0,4.0,3.0,4.0,2.0
1789304400,Coventry,Brighton,1,1.012128816394814,1.2141363446256797,1.0020911752404853,56.96737766624844,1.4530949393559172,1.5554161438728566,4.081081081081082,1.5864002203384644,1.9764972304679131,0.8210790464240904,62.509704073201334,1.7286228845977294,1.6282645285674942,5.905075807514832,0.0,1.0,1.0,2,0.0,5.0,5.0,3.0,0.0,0.0
1789313400,Manchester United,Manchester City,1,2.7373800354544895,1.7768690017727244,2.356158689406443,48.713466593312546,2.7572871202396225,1.9917476618375207,10.690629011553273,2.3476007090897975,1.0251849135032705,2.152894431199951,64.9840943822972,2.1339339812947,1.247643498991381,8.762516046213094,0.0,1.0,1.0,2,0.0,1.0,6.0,7.0,1.0,2.0
1789412400,Leeds,Newcastle,1,1.5922175446580955,0.4841278871316419,2.1363067470702015,48.63010581408579,1.3812470133120944,1.8027079303675047,2.237762237762238,0.8256295979730761,1.2153362434750754,0.8212949113220795,52.808235904636895,0.9467989865380506,1.818364418938307,2.101313320825516,0.0,1.0,1.0,0,4.0,1.0,5.0,5.0,1.0,2.0
