fixture_id,date,timestamp,referee,venue_city,home_team,home_id,away_team,away_id,home_goals,away_goals,league_id,season,home_yellow_cards,away_yellow_cards,home_xg,away_xg,home_corners,away_corners,home_fouls,away_fouls,has_real_stats,home_elo,away_elo,home_rest_days,away_rest_days,home_travel_km,away_travel_km,referee_avg_cards
984808,2023-01-03T00:00:00+00:00,1672704000,,Jemmal,Uganda,1519,Sudan,1510,2,2,10,2023,2.0,2.0,1.840998651832073,1.9434967210393428,0.0,0.0,0.0,0.0,0,1400.0,1400.0,7.0,7.0,0.0,0.0,4.5
984797,2023-01-08T17:00:00+00:00,1673197200,Miguel Nogueira,Albufeira,Iceland,18,Estonia,1101,1,1,10,2023,0.0,1.0,2.205790608462433,0.8885463755896461,0.0,0.0,0.0,0.0,0,1400.0,1400.0,7.0,7.0,0.0,0.0,4.5
984798,2023-01-09T18:45:00+00:00,1673289900,Vitor Ferreira,São João da Venda,Sweden,5,Finland,1099,2,0,10,2023,2.0,2.0,2.4928328689704804,1.658040718479898,0.0,0.0,0.0,0.0,0,1820.0,1400.0,7.0,7.0,0.0,0.0,4.5
984799,2023-01-12T16:00:00+00:00,1673539200,Gustavo Correia,Albufeira,Finland,1099,Estonia,1101,0,1,10,2023,4.0,1.0,0.6004148894537673,0.5773784791565026,0.0,0.0,0.0,0.0,0,1398.363363504897,1400.0,2.8854166666666665,3.9583333333333335,0.0,0.0,4.5
984800,2023-01-12T18:00:00+00:00,1673546400,Luis Godinho,São João da Venda,Sweden,5,Iceland,18,2,1,10,2023,1.0,2.0,2.058813656519547,2.06625299245735,0.0,0.0,0.0,0.0,0,1821.636636495103,1400.0,2.96875,4.041666666666667,0.0,0.0,4.5
984801,2023-01-26T03:00:00+00:00,1674702000,"Daneon Parchment, Jamaica","Los Angeles, California",USA,2384,Serbia,14,1,2,10,2023,1.0,1.0,0.653728669718177,1.7698842500815544,0.0,0.0,0.0,0.0,0,1950.0,1790.0,7.0,7.0,0.0,0.0,4.5
995739,2023-01-28T22:00:00+00:00,1674943200,K. Williams,Port of Spain,Trinidad and Tobago,5168,Saint Martin,10984,2,0,10,2023,3.0,1.0,2.128126497364624,1.9942135170699773,0.0,0.0,0.0,0.0,0,1400.0,1400.0,7.0,7.0,0.0,0.0,4.5
984803,2023-01-29T00:30:00+00:00,1674952200,"Said Martinez, Honduras","Carson, California",USA,2384,Colombia,8,0,0,10,2023,3.0,1.0,1.7551291996193576,0.584584837412305,0.0,0.0,0.0,0.0,0,1935.694944979016,1940.0,2.8958333333333335,7.0,0.0,0.0,3.4166666666666665
1012354,2023-02-22T23:00:00+00:00,1677106800,M. Gaymes,Sauteurs,Grenada,5533,Barbados,5527,1,1,10,2023,4.0,1.0,0.5640951060913117,0.7403713722245313,0.0,0.0,0.0,0.0,0,1400.0,1400.0,7.0,7.0,0.0,0.0,4.5
1012355,2023-02-24T23:00:00+00:00,1677279600,,St. George's,Grenada,5533,Barbados,5527,2,2,10,2023,0.0,6.0,0.8268028282101281,2.4783043501022,0.0,0.0,0.0,0.0,0,1400.0,1400.0,2.0,2.0,0.0,0.0,4.5
1012366,2023-02-25T13:00:00+00:00,1677330000,,Lilongwe,Malawi,1495,Lesotho,1518,1,1,10,2023,2.0,0.0,0.9634168140518652,0.7183423966038154,0.0,0.0,0.0,0.0,0,1400.0,1400.0,7.0,7.0,0.0,0.0,4.5
1012356,2023-02-26T23:00:00+00:00,1677452400,M. Gaymes,St. George's,Grenada,5533,Barbados,5527,2,2,10,2023,1.0,2.0,1.3392521002599416,1.7167857856073978,0.0,0.0,0.0,0.0,0,1400.0,1400.0,2.0,2.0,0.0,0.0,4.5
1012358,2023-03-11T23:00:00+00:00,1678575600,K. Pennyfeather,Montego Bay,Jamaica,2385,Trinidad and Tobago,5168,0,1,10,2023,1.0,0.0,1.809140180258831,1.1820832483892634,0.0,0.0,0.0,0.0,0,1560.0,1410.0,7.0,30.0,0.0,0.0,4.5
1012321,2023-03-13T00:00:00+00:00,1678665600,N. Saghafi,"San Jose, California",Guatemala,5161,Panama,11,1,1,10,2023,2.0,2.0,1.0391667778641522,2.30527618242143,0.0,0.0,0.0,0.0,0,1400.0,1590.0,7.0,7.0,0.0,0.0,4.5
1012359,2023-03-15T00:00:00+00:00,1678838400,H. Vergara,Kingston,Jamaica,2385,Trinidad and Tobago,5168,0,0,10,2023,0.0,4.0,0.8408316197070238,1.862609816150768,0.0,0.0,0.0,0.0,0,1545.9322999305634,1424.0677000694366,3.0416666666666665,3.0416666666666665,0.0,0.0,4.5
1014778,2023-03-15T13:30:00+00:00,1678887000,,Medina,Bangladesh,1560,Malawi,1495,1,1,10,2023,2.0,2.0,1.8821177018481885,2.279461423977956,0.0,0.0,0.0,0.0,0,1400.0,1400.0,7.0,18.020833333333332,0.0,0.0,4.5
1014506,2023-03-19T12:00:00+00:00,1679227200,,Adama,Ethiopia,1506,Rwanda,1514,1,0,10,2023,0.0,0.0,1.6192165444370954,0.5614117314846927,0.0,0.0,0.0,0.0,0,1400.0,1400.0,7.0,7.0,0.0,0.0,4.5
1014507,2023-03-20T05:00:00+00:00,1679288400,,Lautoka,Fiji,5160,Vanuatu,5170,1,2,10,2023,2.0,3.0,1.6993895312091531,1.33850430931956,0.0,0.0,0.0,0.0,0,1400.0,1400.0,7.0,7.0,0.0,0.0,4.5
1013398,2023-03-21T06:00:00+00:00,1679378400,,Papeete,Tahiti,5167,New Caledonia,5163,0,2,10,2023,1.0,1.0,0.6819525591625473,1.782848565788142,0.0,0.0,0.0,0.0,0,1400.0,1400.0,7.0,7.0,0.0,0.0,4.5
1016624,2023-03-21T11:00:00+00:00,1679396400,,Gan,Maldives,1549,Pakistan,5535,1,0,10,2023,0.0,2.0,1.841223481610408,2.295583901676092,0.0,0.0,0.0,0.0,0,1400.0,1400.0,7.0,7.0,0.0,0.0,4.5
1012368,2023-03-22T12:15:00+00:00,1679487300,,Kathmandu,Bhutan,1540,Laos,1558,2,0,10,2023,2.0,1.0,0.586436209339144,0.523570497008838,0.0,0.0,0.0,0.0,0,1400.0,1400.0,7.0,7.0,0.0,0.0,4.5
1012360,2023-03-22T12:30:00+00:00,1679488200,A. Sarker,Imphal,India,1537,Myanmar,1556,1,0,10,2023,0.0,4.0,1.0919950937799805,1.1866963374705872,0.0,0.0,0.0,0.0,0,1400.0,1400.0,7.0,7.0,0.0,0.0,4.5
984804,2023-03-22T19:45:00+00:00,1679514300,"Andrei Florin Chivulete, Romania",Dublin,Rep. Of Ireland,776,Latvia,1092,3,2,10,2023,1.0,0.0,1.2042566968999575,2.0477761827164347,0.0,0.0,0.0,0.0,0,1400.0,1400.0,7.0,7.0,0.0,0.0,4.5
1012324,2023-03-23T03:00:00+00:00,1679540400,V. Rivas,"Los Angeles, California",El Salvador,5159,Honduras,4672,0,1,10,2023,3.0,0.0,0.6932329394728007,2.1054449909582864,0.0,0.0,0.0,0.0,0,1400.0,1400.0,7.0,7.0,0.0,0.0,4.5
1012325,2023-03-23T06:00:00+00:00,1679551200,S. Pu-udom,Auckland,New Zealand,4673,China,1566,0,0,10,2023,4.0,3.0,0.564632818607048,0.8460658420189127,0.0,0.0,0.0,0.0,0,1400.0,1400.0,7.0,7.0,0.0,0.0,4.5
1014508,2023-03-23T07:00:00+00:00,1679554800,,Lautoka,Solomon Islands,5165,Vanuatu,5170,2,0,10,2023,2.0,3.0,1.2273933732369164,2.351601151130508,0.0,0.0,0.0,0.0,0,1400.0,1410.0,7.0,3.0833333333333335,0.0,0.0,4.5
1012370,2023-03-23T12:00:00+00:00,1679572800,,Hong Kong,Hong Kong,4460,Singapore,1546,1,1,10,2023,4.0,1.0,1.97017420525081,0.9777469686170744,0.0,0.0,0.0,0.0,0,1400.0,1400.0,7.0,7.0,0.0,0.0,4.5
1012369,2023-03-23T14:00:00+00:00,1679580000,,Muar,Malaysia,1538,Turkmenistan,1539,1,0,10,2023,2.0,1.0,0.6820894956057086,2.4173569001730404,0.0,0.0,0.0,0.0,0,1400.0,1400.0,7.0,7.0,0.0,0.0,4.5
1014777,2023-03-23T17:00:00+00:00,1679590800,I. Tantashev,Teheran,Iran,22,Russia,4,1,1,10,2023,2.0,0.0,0.585932732231307,2.109508207452208,0.0,0.0,0.0,0.0,0,1870.0,1400.0,7.0,7.0,0.0,0.0,3.625
984805,2023-03-23T18:30:00+00:00,1679596200,"Walter Altmann, Austria",Budapest,Hungary,769,Estonia,1101,1,0,10,2023,3.0,3.0,1.603556835715576,1.8336849177118424,0.0,0.0,0.0,0.0,0,1800.0,1409.952894163471,7.0,30.0,0.0,0.0,4.5
1012323,2023-03-23T23:30:00+00:00,1679614200,C. Ferreyra,"Capital Federal, Ciudad de Buenos Aires",Argentina,26,Panama,11,2,0,10,2023,2.0,4.0,0.5927079699873758,0.7058008363683876,0.0,0.0,0.0,0.0,0,2140.0,1585.0183387424493,7.0,10.979166666666666,0.0,0.0,4.5
1013399,2023-03-24T06:00:00+00:00,1679637600,,Papeete,Tahiti,5167,New Caledonia,5163,2,1,10,2023,1.0,2.0,1.833967978413925,0.6083394010609127,0.0,0.0,0.0,0.0,0,1390.0,1410.0,3.0,3.0,0.0,0.0,4.5
1012326,2023-03-24T09:00:00+00:00,1679648400,Kim Dae-Yong,Sydney,Australia,20,Ecuador,2382,3,1,10,2023,1.0,1.0,0.7233364280546286,1.125135685450232,0.0,0.0,0.0,0.0,0,1850.0,1760.0,7.0,7.0,0.0,0.0,4.5
1012327,2023-03-24T10:30:00+00:00,1679653800,Ko Hyung-Jin,Tokyo,Japan,12,Uruguay,7,1,1,10,2023,0.0,4.0,1.8869270924339865,1.6558704327595302,0.0,0.0,0.0,0.0,0,1910.0,1970.0,7.0,7.0,0.0,0.0,4.5
1012328,2023-03-24T11:00:00+00:00,1679655600,P. Yun,Ulsan,South Korea,17,Colombia,8,2,2,10,2023,1.0,2.0,2.050418111036328,1.518573921607667,0.0,0.0,0.0,0.0,0,1860.0,1939.8760968971621,7.0,30.0,0.0,0.0,4.5
1012329,2023-03-24T18:00:00+00:00,1679680800,Faisal Alblwi,Jeddah,Uzbekistan,1568,Bolivia,2381,1,0,10,2023,2.0,2.0,0.7378220078941249,1.138084441155491,0.0,0.0,0.0,0.0,0,1400.0,1400.0,7.0,7.0,0.0,0.0,4.5
1012371,2023-03-24T19:00:00+00:00,1679684400,,Kuwait City,Kuwait,1570,Philippines,1555,2,0,10,2023,4.0,1.0,1.9365265578900108,2.486534399420951,0.0,0.0,0.0,0.0,0,1400.0,1400.0,7.0,7.0,0.0,0.0,4.5
1012330,2023-03-24T19:00:00+00:00,1679684400,Ahmed Al Kaf,Jeddah,Saudi Arabia,23,Venezuela,2379,1,2,10,2023,1.0,1.0,2.2704537094311315,0.6271946805763566,0.0,0.0,0.0,0.0,0,1400.0,1730.0,7.0,7.0,0.0,0.0,4.5
1017024,2023-03-25T09:45:00+00:00,1679737500,,Sylhet,Bangladesh,1560,Seychelles,1515,1,0,10,2023,2.0,2.0,0.9789557201263672,1.637985867837036,0.0,0.0,0.0,0.0,0,1400.0,1400.0,9.84375,7.0,0.0,0.0,4.5
1012373,2023-03-25T12:15:00+00:00,1679746500,,Kathmandu,Nepal,1545,Laos,1558,2,1,10,2023,1.0,1.0,0.9472575272449416,0.923251542823884,0.0,0.0,0.0,0.0,0,1400.0,1390.0,7.0,3.0,0.0,0.0,4.5
1012367,2023-03-25T12:30:00+00:00,1679747400,,Imphal,Myanmar,1556,Kyrgyzstan,1554,1,1,10,2023,4.0,2.0,1.6763213041710587,0.8082876178227496,0.0,0.0,0.0,0.0,0,1390.0,1400.0,3.0,7.0,0.0,0.0,4.5
1014504,2023-03-25T13:30:00+00:00,1679751000,Razlan Joffri Ali,Bekasi,Indonesia,1571,Burundi,1528,3,1,10,2023,0.0,2.0,1.397443569729408,1.2609613778031954,0.0,0.0,0.0,0.0,0,1400.0,1400.0,7.0,7.0,0.0,0.0,4.5
1012362,2023-03-25T14:00:00+00:00,1679752800,Z. Hovhannisyan,Batumi,Georgia,1104,Mongolia,5534,6,1,10,2023,4.0,5.0,0.8576143408822261,1.5162785658852016,0.0,0.0,0.0,0.0,0,1400.0,1400.0,7.0,7.0,0.0,0.0,4.5
1012361,2023-03-25T18:00:00+00:00,1679767200,Ammar Ashkanani,Abu Dhabi,United Arab Emirates,1563,Tajikistan,1536,0,0,10,2023,3.0,3.0,2.246856759970271,0.7088062456100248,0.0,0.0,0.0,0.0,0,1400.0,1400.0,7.0,7.0,0.0,0.0,4.5
1012332,2023-03-25T18:00:00+00:00,1679767200,Mohamed Ahmed Yousuf Al Hammadi,Dubai,Syria,1565,Thailand,1564,3,1,10,2023,2.0,1.0,0.7995229999304516,0.6799446579659627,0.0,0.0,0.0,0.0,0,1400.0,1400.0,7.0,7.0,0.0,0.0,4.5
1012372,2023-03-25T18:30:00+00:00,1679769000,,Muharraq,Bahrain,1547,Palestine,1562,1,2,10,2023,3.0,1.0,1.4717532668631312,0.9677105268812416,0.0,0.0,0.0,0.0,0,1400.0,1400.0,7.0,7.0,0.0,0.0,4.5
1012333,2023-03-25T19:45:00+00:00,1679773500,M. Ferrieri Caputi,Mainz,Germany,25,Peru,30,2,0,10,2023,0.0,0.0,1.3280080451356602,2.1319457133124464,0.0,0.0,0.0,0.0,0,1920.0,1770.0,7.0,7.0,0.0,0.0,4.5
1012334,2023-03-25T22:00:00+00:00,1679781600,S. Selmi,Tanger,Morocco,31,Brazil,6,2,1,10,2023,6.0,1.0,1.299728173218062,1.6795631403950686,0.0,0.0,0.0,0.0,0,1960.0,2050.0,7.0,7.0,0.0,0.0,4.5
1012335,2023-03-26T03:00:00+00:00,1679799600,Kim Woo-Sung,Wellington,New Zealand,4673,China,1566,2,1,10,2023,2.0,0.0,2.206170535572008,1.6880755008308952,0.0,0.0,0.0,0.0,0,1400.0,1400.0,2.875,2.875,0.0,0.0,4.5
1014509,2023-03-26T05:00:00+00:00,1679806800,,Lautoka,Fiji,5160,Solomon Islands,5165,0,2,10,2023,3.0,0.0,1.937969751955958,1.0219341154412356,0.0,0.0,0.0,0.0,0,1390.0,1410.28774368332,6.0,2.9166666666666665,0.0,0.0,4.5
1016625,2023-03-26T11:30:00+00:00,1679830200,,Taipa,Mação,4767,Singapore,1546,0,1,10,2023,2.0,0.0,2.2263923057597426,0.8065539720421873,0.0,0.0,0.0,0.0,0,1400.0,1400.0,7.0,2.9791666666666665,0.0,0.0,4.5
1013397,2023-03-26T15:00:00+00:00,1679842800,A. Risqullaev,St. Petersburg,Russia,4,Iraq,1567,2,0,10,2023,0.0,0.0,2.481860623327651,1.0202719633471564,0.0,0.0,0.0,0.0,0,1408.7470521709222,1400.0,2.9166666666666665,7.0,0.0,0.0,4.5
988668,2023-03-27T16:00:00+00:00,1679932800,"Jonathan Lardot, Belgium",Athens,Greece,1117,Lithuania,1097,0,0,10,2023,2.0,2.0,2.420302166772326,2.1113082982822347,0.0,0.0,0.0,0.0,0,1610.0,1400.0,7.0,7.0,0.0,0.0,4.5
991103,2023-03-27T16:00:00+00:00,1679932800,"Milos Savovic, Montenegro",Skopje,FYR Macedonia,1105,Faroe Islands,1098,1,0,10,2023,0.0,5.0,0.7733028370469477,2.419192822725804,0.0,0.0,0.0,0.0,0,1400.0,1400.0,7.0,7.0,0.0,0.0,4.5
1012374,2023-03-27T18:00:00+00:00,1679940000,,Muscat,Lebanon,1551,Oman,1552,0,2,10,2023,2.0,2.0,1.9875100558016685,0.9798462301889628,0.0,0.0,0.0,0.0,0,1400.0,1400.0,7.0,7.0,0.0,0.0,4.5
1012340,2023-03-28T00:30:00+00:00,1679963400,Flavio Rodrigues De Souza,Santiago de Chile,Chile,2383,Paraguay,2380,3,2,10,2023,0.0,0.0,1.23795752001169,2.0723311832942777,0.0,0.0,0.0,0.0,0,1750.0,1640.0,7.0,7.0,0.0,0.0,4.5
1012341,2023-03-28T08:30:00+00:00,1679992200,Chae Sang-Hyeop,Melbourne,Australia,20,Ecuador,2382,1,2,10,2023,0.0,3.0,0.5843491331989361,1.5892503838976817,0.0,0.0,0.0,0.0,0,1857.4660183666654,1752.5339816333346,3.9791666666666665,3.9791666666666665,0.0,0.0,4.5
1017025,2023-03-28T09:45:00+00:00,1679996700,,Sylhet,Bangladesh,1560,Seychelles,1515,0,1,10,2023,2.0,1.0,2.4859815310657063,1.46120787430469,0.0,0.0,0.0,0.0,0,1410.0,1390.0,3.0,3.0,0.0,0.0,4.5
1012342,2023-03-28T10:20:00+00:00,1679998800,M. Jahari,Osaka,Japan,12,Colombia,8,1,2,10,2023,3.0,3.0,1.4831566338081743,0.8609358753030627,0.0,0.0,0.0,0.0,0,1911.7099735734362,1937.6167443954812,3.9930555555555554,3.9722222222222223,0.0,0.0,4.5
1012337,2023-03-28T11:00:00+00:00,1680001200,Y. Araki,Seoul,South Korea,17,Uruguay,7,1,2,10,2023,3.0,1.0,0.9833757483776436,2.006696719673103,0.0,0.0,0.0,0.0,0,1862.259352501681,1968.2900264265638,4.0,4.020833333333333,0.0,0.0,4.5
1012378,2023-03-28T12:15:00+00:00,1680005700,,Kathmandu,Nepal,1545,Bhutan,1540,1,1,10,2023,1.0,4.0,1.6099742517569322,0.5737028637389028,0.0,0.0,0.0,0.0,0,1409.71225631668,1410.0,3.0,6.0,0.0,0.0,4.5
1012363,2023-03-28T12:30:00+00:00,1680006600,A. Sarker,Imphal,India,1537,Kyrgyzstan,1554,2,0,10,2023,1.0,3.0,1.91578876890356,2.492551568983141,0.0,0.0,0.0,0.0,0,1410.0,1399.71225631668,6.0,3.0,0.0,0.0,4.5
1014505,2023-03-28T13:30:00+00:00,1680010200,Razlan Joffri Ali,Bekasi,Indonesia,1571,Burundi,1528,2,2,10,2023,2.0,4.0,0.8410974355059171,2.1908752219358085,0.0,0.0,0.0,0.0,0,1410.0,1390.0,3.0,3.0,0.0,0.0,4.5
1012377,2023-03-28T14:00:00+00:00,1680012000,,Muar,Malaysia,1538,Hong Kong,4460,2,0,10,2023,3.0,2.0,1.449251388941646,0.5495397469625101,0.0,0.0,0.0,0.0,0,1410.0,1400.0,5.0,5.083333333333333,0.0,0.0,4.5
984807,2023-03-28T15:00:00+00:00,1680015600,"Dumitru Munteanu, Moldova",Yerevan,Armenia,1094,Cyprus,1106,2,2,10,2023,2.0,4.0,0.7804822395825071,0.7961035977705269,0.0,0.0,0.0,0.0,0,1400.0,1400.0,7.0,7.0,0.0,0.0,4.5
1015106,2023-03-28T17:00:00+00:00,1680022800,Zaid Thamer Mohammed,Teheran,Iran,22,Kenya,1511,2,1,10,2023,3.0,4.0,1.5996445134051294,1.7840231609597352,0.0,0.0,0.0,0.0,0,1861.2529478290778,1400.0,5.0,7.0,0.0,0.0,4.5
1012343,2023-03-28T18:00:00+00:00,1680026400,Khaled Al Teris,Jeddah,Uzbekistan,1568,Venezuela,2379,1,1,10,2023,2.0,3.0,1.5445649921288571,0.5397402601382164,0.0,0.0,0.0,0.0,0,1410.0,1732.6030010185139,4.0,3.9583333333333335,0.0,0.0,4.5
1012338,2023-03-28T18:00:00+00:00,1680026400,Saud Al Samhan,Abu Dhabi,United Arab Emirates,1563,Thailand,1564,2,0,10,2023,3.0,1.0,0.5323435809434052,1.6020537459571305,0.0,0.0,0.0,0.0,0,1400.0,1390.0,3.0,3.0,0.0,0.0,4.5
1014510,2023-03-28T18:30:00+00:00,1680028200,,Al-Wakra,Jordan,1548,Philippines,1555,4,0,10,2023,2.0,2.0,0.8147126955848558,2.12388552582117,0.0,0.0,0.0,0.0,0,1400.0,1390.0,7.0,3.9791666666666665,0.0,0.0,4.5
1012375,2023-03-28T18:30:00+00:00,1680028200,,Muharraq,Bahrain,1547,Palestine,1562,1,0,10,2023,2.0,1.0,1.5102292245394755,0.7965466920106956,0.0,0.0,0.0,0.0,0,1390.0,1410.0,3.0,3.0,0.0,0.0,4.5
1012344,2023-03-28T18:45:00+00:00,1680029100,"Willy Delajod, France",Köln,Germany,25,Belgium,1,2,3,10,2023,2.0,1.0,2.305303624158708,0.9295599556471728,0.0,0.0,0.0,0.0,0,1925.9322999305634,2030.0,2.9583333333333335,7.0,0.0,0.0,4.5
1012376,2023-03-28T19:00:00+00:00,1680030000,,Kuwait City,Kuwait,1570,Tajikistan,1536,2,1,10,2023,0.0,2.0,1.0308288291640175,1.856880183868494,0.0,0.0,0.0,0.0,0,1410.0,1400.0,4.0,3.0416666666666665,0.0,0.0,4.5
1012345,2023-03-28T19:00:00+00:00,1680030000,Ahmed Issa,Jeddah,Saudi Arabia,23,Bolivia,2381,1,2,10,2023,1.0,0.0,2.0469436866757125,1.469472533806683,0.0,0.0,0.0,0.0,0,1397.3969989814861,1390.0,4.0,4.041666666666667,0.0,0.0,4.5
1012346,2023-03-28T19:30:00+00:00,1680031800,Juan Martínez,Madrid,Morocco,31,Peru,30,0,0,10,2023,2.0,2.0,1.0734688683133855,1.949424231264772,0.0,0.0,0.0,0.0,0,1972.5339816333346,1764.0677000694366,2.8958333333333335,2.9895833333333335,0.0,0.0,4.5
1012339,2023-03-28T23:30:00+00:00,1680046200,G. Tejera,"Santiago del Estero, Prov. de Santiago del Estero",Argentina,26,Curaçao,5530,7,0,10,2023,3.0,2.0,2.1449639939124534,0.8418576171928218,0.0,0.0,0.0,0.0,0,2140.787289545811,1400.0,5.0,7.0,0.0,0.0,4.125
1019897,2023-03-31T11:45:00+00:00,1680263100,,Kathmandu,Nepal,1545,Laos,1558,2,1,10,2023,4.0,3.0,1.6851310660220913,2.342732610279008,0.0,0.0,0.0,0.0,0,1409.7205382437342,1380.28774368332,2.9791666666666665,5.979166666666667,0.0,0.0,4.5
1015107,2023-04-20T02:00:00+00:00,1681956000,"Bryan Lopez, Guatemala","Glendale, Arizona",USA,2384,Mexico,16,1,1,10,2023,2.0,1.0,0.8540899640184687,1.7507848191066129,0.0,0.0,0.0,0.0,0,1935.818848081854,1930.0,30.0,7.0,0.0,0.0,4.5
1028629,2023-06-08T02:00:00+00:00,1686189600,N. Salgado,Mazatlán,Mexico,16,Guatemala,5161,2,0,10,2023,1.0,1.0,2.488972782163162,1.0331085827688038,0.0,0.0,0.0,0.0,0,1930.1674642532987,1404.9816612575507,30.0,30.0,0.0,0.0,4.5
1035620,2023-06-09T09:00:00+00:00,1686301200,,,Slovakia U18,21479,Czech Republic U18,21465,2,3,10,2023,5.0,3.0,2.131389570419654,0.6176373757415052,0.0,0.0,0.0,0.0,0,1400.0,1400.0,7.0,7.0,0.0,0.0,4.5
1035621,2023-06-09T10:00:00+00:00,1686304800,,,Norway U18,21474,England U18,21466,2,2,10,2023,5.0,1.0,1.3046357610491826,2.050177929501971,0.0,0.0,0.0,0.0,0,1400.0,1400.0,7.0,7.0,0.0,0.0,4.5
1035557,2023-06-09T11:00:00+00:00,1686308400,,,Lebanon,1551,Vanuatu,5170,3,1,10,2023,2.0,1.0,1.717794516165826,2.3065381014128383,0.0,0.0,0.0,0.0,0,1390.0,1399.71225631668,30.0,30.0,0.0,0.0,4.5
1035558,2023-06-09T14:00:00+00:00,1686319200,,,India,1537,Mongolia,5534,2,0,10,2023,0.0,1.0,2.497871685698615,1.8540660692626767,0.0,0.0,0.0,0.0,0,1419.7039814439618,1390.0,30.0,30.0,0.0,0.0,4.5
1035622,2023-06-09T17:00:00+00:00,1686330000,,,Portugal U18,19073,Australia U18,21458,4,2,10,2023,2.0,3.0,1.6901202758367164,0.7400388932868136,0.0,0.0,0.0,0.0,0,1400.0,1400.0,7.0,7.0,0.0,0.0,4.5
1020352,2023-06-09T18:15:00+00:00,1686334500,E. Hamiti,Luxembourg,Luxembourg,1102,Malta,1112,0,1,10,2023,1.0,1.0,2.1628500665721337,0.699296454320379,0.0,0.0,0.0,0.0,0,1400.0,1400.0,7.0,7.0,0.0,0.0,4.5
1028632,2023-06-11T00:00:00+00:00,1686441600,D. Gómez,Penonomé,Panama,11,Nicaragua,5164,3,2,10,2023,3.0,3.0,1.9616601198409005,1.639752137170848,0.0,0.0,0.0,0.0,0,1584.2310491966382,1400.0,30.0,7.0,0.0,0.0,4.5
1028633,2023-06-11T02:00:00+00:00,1686448800,K. Ward,"San Diego, California",Mexico,16,Cameroon,1530,2,2,10,2023,3.0,4.0,0.7382866305739635,1.6184030545942976,0.0,0.0,0.0,0.0,0,1931.095227413937,1670.0,3.0,7.0,0.0,0.0,4.5
1035623,2023-06-11T10:00:00+00:00,1686477600,,,England U18,21466,Australia U18,21458,3,2,10,2023,5.0,2.0,1.2206478840571513,2.020088198881652,0.0,0.0,0.0,0.0,0,1400.0,1390.0,2.0,1.7083333333333333,0.0,0.0,4.5
1028667,2023-06-11T11:30:00+00:00,1686483000,,Saint Pierre,Mauritius,1497,Pakistan,5535,3,0,10,2023,5.0,1.0,2.294435871907872,1.911940542139496,0.0,0.0,0.0,0.0,0,1400.0,1390.0,7.0,30.0,0.0,0.0,4.5
1035559,2023-06-11T14:00:00+00:00,1686492000,,,Uzbekistan U23,10963,Kyrgyz Republic U23,10941,1,0,10,2023,1.0,2.0,1.582182393454352,0.9925972083300414,0.0,0.0,0.0,0.0,0,1400.0,1400.0,7.0,7.0,0.0,0.0,4.5
1035624,2023-06-11T17:00:00+00:00,1686502800,,,Portugal U18,19073,Norway U18,21474,5,0,10,2023,0.0,3.0,1.7038518705151109,2.3727659754497497,0.0,0.0,0.0,0.0,0,1410.0,1400.0,2.0,2.2916666666666665,0.0,0.0,4.5
1035560,2023-06-11T22:00:00+00:00,1686520800,,,Trinidad and Tobago,5168,Guatemala,5161,1,0,10,2023,3.0,2.0,1.835963558125062,1.688928034821143,0.0,0.0,0.0,0.0,0,1427.4381452301818,1404.0538980969125,30.0,3.8333333333333335,0.0,0.0,4.5
1028631,2023-06-11T23:00:00+00:00,1686524400,A. Merlos,Concepción,Chile,2383,Cuba,2388,3,0,10,2023,1.0,2.0,1.929479396376346,2.3771350923020345,0.0,0.0,0.0,0.0,0,1756.9356566556226,1400.0,30.0,7.0,0.0,0.0,4.5
1034553,2023-06-12T00:00:00+00:00,1686528000,,Cairo,Kuwait,1570,Zambia,1507,3,0,10,2023,3.0,1.0,2.2798534941061463,0.8546810290252023,0.0,0.0,0.0,0.0,0,1419.71225631668,1400.0,30.0,7.0,0.0,0.0,4.5
1035561,2023-06-12T11:00:00+00:00,1686567600,,,Mongolia,5534,Lebanon,1551,0,0,10,2023,4.0,2.0,1.6595246336611196,1.14207997374877,0.0,0.0,0.0,0.0,0,1380.8528723325817,1400.2794684162,2.875,3.0,0.0,0.0,4.5
1035562,2023-06-12T14:00:00+00:00,1686578400,,,India,1537,Vanuatu,5170,1,0,10,2023,1.0,2.0,2.3218982098890137,1.9683522273961007,0.0,0.0,0.0,0.0,0,1428.85110911138,1389.43278790048,3.0,3.125,0.0,0.0,4.5
1035563,2023-06-12T14:45:00+00:00,1686581100,,,Oman U23,10950,Lebanon U23,10943,1,0,10,2023,1.0,2.0,1.1069396596936705,0.8706309415945506,0.0,0.0,0.0,0.0,0,1400.0,1400.0,7.0,7.0,0.0,0.0,4.5
1028635,2023-06-12T16:00:00+00:00,1686585600,"Anastasios Sidiropoulos, Greece",Bremen,Germany,25,Ukraine,772,3,3,10,2023,1.0,1.0,2.308004213098444,2.416989424739137,0.0,0.0,0.0,0.0,0,1918.841132731008,1840.0,30.0,7.0,0.0,0.0,4.5
1035564,2023-06-12T16:45:00+00:00,1686588300,,,Palestine U23,10952,Syria U23,10958,1,0,10,2023,4.0,2.0,0.6160745352829544,0.6770250413996903,0.0,0.0,0.0,0.0,0,1400.0,1400.0,7.0,7.0,0.0,0.0,4.5
1035565,2023-06-12T18:45:00+00:00,1686595500,,,Iraq U23,10192,Jordan U23,10938,2,2,10,2023,5.0,2.0,0.8294657561938621,0.6319280886663223,0.0,0.0,0.0,0.0,0,1400.0,1400.0,7.0,7.0,0.0,0.0,4.5
1028636,2023-06-12T19:00:00+00:00,1686596400,M. Kéïta,Rabat,Morocco,31,Cape Verde Islands,1533,0,0,10,2023,1.0,0.0,1.3577235922782194,2.264261981042021,0.0,0.0,0.0,0.0,0,1967.1633849883847,1400.0,30.0,7.0,0.0,0.0,4.5
1028664,2023-06-12T21:30:00+00:00,1686605400,O. Vergara,"Chester, Pennsylvania",Trinidad and Tobago,5168,Guatemala,5161,1,0,10,2023,2.0,3.0,1.9083710372176728,1.7658852011359376,0.0,0.0,0.0,0.0,0,1436.7661069658475,1394.7259363612468,0.9791666666666666,0.9791666666666666,0.0,0.0,4.5
1035625,2023-06-13T10:00:00+00:00,1686650400,,,Australia U18,21458,Norway U18,21474,2,1,10,2023,3.0,4.0,2.496178906012307,1.0585571691804168,0.0,0.0,0.0,0.0,0,1380.28774368332,1390.28774368332,2.0,1.7083333333333333,0.0,0.0,4.5
1035626,2023-06-13T14:30:00+00:00,1686666600,,,Slovenia U18,21480,Poland U18,21476,1,0,10,2023,3.0,0.0,1.0028714842222903,1.6617866335903255,0.0,0.0,0.0,0.0,0,1400.0,1400.0,7.0,7.0,0.0,0.0,4.5
1035627,2023-06-13T15:00:00+00:00,1686668400,,,Poland U16,21475,Norway U16,21473,3,1,10,2023,2.0,2.0,2.177053844673575,2.33932654434868,0.0,0.0,0.0,0.0,0,1400.0,1400.0,7.0,7.0,0.0,0.0,4.5
1035629,2023-06-13T16:00:00+00:00,1686672000,,,Portugal U18,19073,England U18,21466,0,0,10,2023,1.0,3.0,1.3033708529348569,1.8677087037464888,0.0,0.0,0.0,0.0,0,1419.71225631668,1409.71225631668,1.9583333333333333,2.25,0.0,0.0,4.5
1035567,2023-06-13T20:00:00+00:00,1686686400,,,Curaçao,5530,Puerto Rico,5539,0,0,10,2023,4.0,0.0,1.6595393578980413,1.5759910717354022,0.0,0.0,0.0,0.0,0,1399.7226696016123,1400.0,30.0,7.0,0.0,0.0,4.5
1034555,2023-06-13T22:00:00+00:00,1686693600,,"Fort Lauderdale, Florida",Puerto Rico,5539,Curaçao,5530,0,0,10,2023,3.0,3.0,1.076524468685762,2.2356086546362284,0.0,0.0,0.0,0.0,0,1399.9920177911808,1399.7306518104315,0.08333333333333333,0.08333333333333333,0.0,0.0,4.5
1034556,2023-06-14T08:00:00+00:00,1686729600,,Maputo,Mozambique,1512,Malawi,1495,1,1,10,2023,3.0,0.0,0.6908210120783216,1.8250585962607069,0.0,0.0,0.0,0.0,0,1400.0,1400.0,7.0,30.0,0.0,0.0,4.5
1035568,2023-06-14T08:00:00+00:00,1686729600,,,Romania U17,17973,Austria U17,17939,3,0,10,2023,0.0,1.0,1.039964318280258,0.7187854943149412,0.0,0.0,0.0,0.0,0,1400.0,1400.0,7.0,7.0,0.0,0.0,4.5
1035569,2023-06-14T10:00:00+00:00,1686736800,,,Latvia U19,10339,Lithuania U19,10370,3,0,10,2023,3.0,1.0,1.2693271558068038,0.7818858028460995,0.0,0.0,0.0,0.0,0,1400.0,1400.0,7.0,7.0,0.0,0.0,4.5
1028637,2023-06-14T11:00:00+00:00,1686740400,A. Rakotojaona,Saint Pierre,Kenya,1511,Pakistan,5535,1,0,10,2023,2.0,1.0,1.835551319192392,1.8206974933018336,0.0,0.0,0.0,0.0,0,1398.6865974349441,1380.28774368332,30.0,2.9791666666666665,0.0,0.0,4.5
1035570,2023-06-14T11:00:00+00:00,1686740400,,,Pakistan,5535,Kenya,1511,0,1,10,2023,1.0,0.0,0.7914786029782848,1.1266318145828738,0.0,0.0,0.0,0.0,0,1370.8168107915278,1408.1575303267364,0.0,0.0,0.0,0.0,4.5
1016623,2023-06-14T12:30:00+00:00,1686745800,Usaid Jamal,Surabaya,Indonesia,1571,Palestine,1562,0,0,10,2023,2.0,3.0,2.05079422777261,1.258914990261631,0.0,0.0,0.0,0.0,0,1409.4249887221547,1399.4249887221547,30.0,30.0,0.0,0.0,4.5
1035630,2023-06-14T12:30:00+00:00,1686745800,,,Netherlands U21,8211,Japan U22,21468,0,0,10,2023,2.0,0.0,1.0105874365632943,1.4349761988270535,0.0,0.0,0.0,0.0,0,1400.0,1400.0,7.0,7.0,0.0,0.0,4.5
1028668,2023-06-14T13:00:00+00:00,1686747600,,Kuala Terengganu,Malaysia,1538,Solomon Islands,5165,4,1,10,2023,3.0,5.0,2.459945581432825,1.3606569165665567,0.0,0.0,0.0,0.0,0,1419.71225631668,1419.7044782546952,30.0,30.0,0.0,0.0,4.5
1034557,2023-06-14T14:00:00+00:00,1686751200,,"Johannesburg, GA",Togo,1534,Lesotho,1518,2,0,10,2023,2.0,3.0,0.8860735066903835,0.8156829107361001,0.0,0.0,0.0,0.0,0,1400.0,1400.0,7.0,30.0,0.0,0.0,4.5
1035571,2023-06-14T14:30:00+00:00,1686753000,,,Mauritius,1497,Djibouti,1535,1,3,10,2023,0.0,1.0,1.0287358498259174,1.2314337643247784,0.0,0.0,0.0,0.0,0,1409.71225631668,1400.0,3.125,7.0,0.0,0.0,4.5
1028671,2023-06-14T14:30:00+00:00,1686753000,,Saint Pierre,Djibouti,1535,Mauritius,1497,3,1,10,2023,2.0,1.0,0.5174244162737156,0.6313865225505635,0.0,0.0,0.0,0.0,0,1410.2794684162,1399.43278790048,0.0,0.0,0.0,0.0,4.5
1035572,2023-06-14T14:45:00+00:00,1686753900,,,UAE U23,10184,Jordan U23,10938,1,2,10,2023,5.0,4.0,2.3045685143852603,2.294611241898329,0.0,0.0,0.0,0.0,0,1400.0,1400.0,7.0,1.8333333333333333,0.0,0.0,4.5
1034558,2023-06-14T15:00:00+00:00,1686754800,,Douala,Congo DR,1508,Uganda,1519,1,0,10,2023,2.0,2.0,0.6856874851633239,0.7279355483442385,0.0,0.0,0.0,0.0,0,1400.0,1400.0,7.0,30.0,0.0,0.0,4.5
1035573,2023-06-14T15:00:00+00:00,1686754800,,,Finland U19,10333,Estonia U19,10361,2,1,10,2023,4.0,1.0,2.286109317623338,2.410439078982733,0.0,0.0,0.0,0.0,0,1400.0,1400.0,7.0,7.0,0.0,0.0,4.5
1035574,2023-06-14T16:00:00+00:00,1686758400,,,Albania U19,10354,Kosovo U19,20785,1,0,10,2023,3.0,1.0,1.1967143207495703,1.638675425967254,0.0,0.0,0.0,0.0,0,1400.0,1400.0,7.0,7.0,0.0,0.0,4.5
1035575,2023-06-14T16:45:00+00:00,1686761100,,,Iran U23,10937,Syria U23,10958,3,1,10,2023,3.0,2.0,1.8572567213666848,2.4884256800578446,0.0,0.0,0.0,0.0,0,1400.0,1390.0,7.0,2.0,0.0,0.0,4.5
1035576,2023-06-14T18:45:00+00:00,1686768300,,,Yemen U23,10965,Oman U23,10950,0,3,10,2023,2.0,0.0,2.1110885600613525,2.3695674856516185,0.0,0.0,0.0,0.0,0,1400.0,1410.0,7.0,2.1666666666666665,0.0,0.0,4.5
1028640,2023-06-14T23:30:00+00:00,1686785400,Wagner do Nascimento Magalhaes,Montevideo,Uruguay,7,Nicaragua,5164,4,1,10,2023,1.0,1.0,1.2369338137580328,1.5378599808121618,0.0,0.0,0.0,0.0,0,1975.3295606515585,1394.8557949329272,30.0,3.9791666666666665,0.0,0.0,4.5
1035631,2023-06-15T09:00:00+00:00,1686819600,,,Poland U16,21475,Norway U16,21473,2,1,10,2023,3.0,2.0,2.243511680738308,1.7883352554858802,0.0,0.0,0.0,0.0,0,1410.0,1390.0,1.75,1.75,0.0,0.0,4.5
1035577,2023-06-15T10:00:00+00:00,1686823200,,,China PR U23,10932,Korea Republic U23,10177,1,3,10,2023,3.0,0.0,1.4851060515067056,1.691349853609239,0.0,0.0,0.0,0.0,0,1400.0,1400.0,7.0,7.0,0.0,0.0,4.5
1028641,2023-06-15T10:10:00+00:00,1686823800,A. Madley,Toyota,Japan,12,El Salvador,5159,6,0,10,2023,0.0,0.0,2.3656907765401542,0.6986323594188886,0.0,0.0,0.0,0.0,0,1902.4542514830953,1390.0,30.0,30.0,0.0,0.0,4.5
1029582,2023-06-15T11:00:00+00:00,1686826800,,Manila,Philippines,1555,Nepal,1545,1,0,10,2023,2.0,2.0,2.13757412170434,2.0634348587728613,0.0,0.0,0.0,0.0,0,1380.28774368332,1418.8754150356895,30.0,30.0,0.0,0.0,4.5
1035578,2023-06-15T11:00:00+00:00,1686826800,,,Vanuatu,5170,Mongolia,5534,1,0,10,2023,1.0,2.0,2.2700151420272423,1.0299455126454415,0.0,0.0,0.0,0.0,0,1380.5624953240258,1381.4114327409432,2.875,3.0,0.0,0.0,4.5
1028642,2023-06-15T12:00:00+00:00,1686830400,"Ning Ma, China",Beijing,Argentina,26,Australia,20,2,0,10,2023,2.0,2.0,0.8938460582465864,2.493411258238615,0.0,0.0,0.0,0.0,0,2141.0646199441985,1844.5344294428035,30.0,30.0,0.0,0.0,4.5
1028669,2023-06-15T12:00:00+00:00,1686830400,,Phnom Penh,Cambodia,1543,Bangladesh,1560,0,1,10,2023,3.0,1.0,0.9342242853668732,1.240593987579172,0.0,0.0,0.0,0.0,0,1400.0,1399.4249887221547,7.0,30.0,0.0,0.0,4.5
1028670,2023-06-15T12:30:00+00:00,1686832200,,Hai Phong,Vietnam,1542,Hong Kong,4460,1,0,10,2023,2.0,2.0,1.395041595148249,1.0942631692629248,0.0,0.0,0.0,0.0,0,1400.0,1390.28774368332,7.0,30.0,0.0,0.0,4.5
1035579,2023-06-15T12:30:00+00:00,1686832200,,,Tajikistan U23,10959,Hong Kong U23,10934,1,1,10,2023,5.0,1.0,1.6497487937747288,0.6058206201411471,0.0,0.0,0.0,0.0,0,1400.0,1400.0,7.0,7.0,0.0,0.0,4.5
1035632,2023-06-15T14:00:00+00:00,1686837600,,,Belarus U21,8182,Russia U20,21478,5,1,10,2023,3.0,3.0,0.502506379623463,1.0374044730195902,0.0,0.0,0.0,0.0,0,1400.0,1400.0,7.0,7.0,0.0,0.0,4.5
1035580,2023-06-15T14:00:00+00:00,1686837600,,,India,1537,Lebanon,1551,0,0,10,2023,1.0,1.0,1.89204630162677,0.7856752284729878,0.0,0.0,0.0,0.0,0,1437.7214016878343,1399.7209080078385,3.0,3.125,0.0,0.0,4.5
1035633,2023-06-15T14:00:00+00:00,1686837600,,,Bulgaria U18,21463,Austria U18,21460,1,0,10,2023,1.0,0.0,1.304174590199897,1.383536753454374,0.0,0.0,0.0,0.0,0,1400.0,1400.0,7.0,7.0,0.0,0.0,4.5
1035581,2023-06-15T15:00:00+00:00,1686841200,,,North Macedonia U21,8212,Armenia U21,8179,1,1,10,2023,0.0,2.0,2.07155578703702,1.5712637411148802,0.0,0.0,0.0,0.0,0,1400.0,1400.0,7.0,7.0,0.0,0.0,4.5
1035582,2023-06-15T15:00:00+00:00,1686841200,,,Egypt U23,10172,Ghana U23,20546,1,1,10,2023,3.0,0.0,0.583325998792452,1.6181147726251468,0.0,0.0,0.0,0.0,0,1400.0,1400.0,7.0,7.0,0.0,0.0,4.5
1035584,2023-06-15T15:30:00+00:00,1686843000,,,Poland U21,8215,Finland U21,8193,1,1,10,2023,3.0,2.0,1.565234175996541,1.5612824068704731,0.0,0.0,0.0,0.0,0,1400.0,1400.0,7.0,7.0,0.0,0.0,4.5
1035585,2023-06-15T15:30:00+00:00,1686843000,,,Bulgaria U21,8185,Montenegro U21,8210,1,0,10,2023,1.0,6.0,1.1723346609897165,2.117176822513631,0.0,0.0,0.0,0.0,0,1400.0,1400.0,7.0,7.0,0.0,0.0,4.5
1035583,2023-06-15T15:30:00+00:00,1686843000,,,Slovakia U21,8223,Hungary U21,16500,0,1,10,2023,2.0,3.0,1.0120942792272791,1.770448120322295,0.0,0.0,0.0,0.0,0,1400.0,1400.0,7.0,7.0,0.0,0.0,4.5
1035587,2023-06-15T16:00:00+00:00,1686844800,,,Georgia U21,8195,Cyprus U21,8187,2,0,10,2023,2.0,3.0,0.9262814177323152,1.278276131102097,0.0,0.0,0.0,0.0,0,1400.0,1400.0,7.0,7.0,0.0,0.0,4.5
1028639,2023-06-15T16:00:00+00:00,1686844800,S. Ebner,Ritzing,Jamaica,2385,Qatar,1569,1,2,10,2023,0.0,2.0,2.468925607318494,0.6891652611631505,0.0,0.0,0.0,0.0,0,1542.5618547698182,1400.0,30.0,7.0,0.0,0.0,4.5
1035586,2023-06-15T16:00:00+00:00,1686844800,,,Scotland U21,8221,Norway U21,8214,0,0,10,2023,4.0,2.0,1.6334309505072844,1.88558140432928,0.0,0.0,0.0,0.0,0,1400.0,1400.0,7.0,7.0,0.0,0.0,4.5
1035635,2023-06-15T17:00:00+00:00,1686848400,,,Wales U18,21481,Norway U19,10342,0,1,10,2023,0.0,2.0,1.0810310074861469,0.7188643862234954,0.0,0.0,0.0,0.0,0,1400.0,1400.0,7.0,7.0,0.0,0.0,4.5
1035588,2023-06-15T17:00:00+00:00,1686848400,,,Kuwait,1570,Sudan,1510,2,1,10,2023,1.0,5.0,1.3290449314276505,0.9419987450576024,0.0,0.0,0.0,0.0,0,1429.14549997581,1400.0,3.7083333333333335,30.0,0.0,0.0,4.5
1035589,2023-06-15T17:30:00+00:00,1686850200,,,Israel U21,8200,Belgium U21,8183,0,2,10,2023,1.0,2.0,1.7003980584298428,1.6222284000249998,0.0,0.0,0.0,0.0,0,1400.0,1400.0,7.0,7.0,0.0,0.0,4.5
1028638,2023-06-16T00:00:00+00:00,1686873600,J. Herrera,"Washington, District of Columbia",Venezuela,2379,Honduras,4672,1,0,10,2023,2.0,2.0,0.7313488884336534,1.7916302733965477,0.0,0.0,0.0,0.0,0,1725.3039413723236,1410.0,30.0,30.0,0.0,0.0,4.5
1028644,2023-06-16T03:00:00+00:00,1686884400,N. Saghafi,"Carson, California",Costa Rica,29,Guatemala,5161,0,1,10,2023,0.0,0.0,1.181040535949543,0.7382070003062489,0.0,0.0,0.0,0.0,0,1580.0,1385.9300787202187,7.0,3.2291666666666665,0.0,0.0,4.5
1035590,2023-06-16T08:00:00+00:00,1686902400,,,Romania U17,17973,Austria U17,17939,2,2,10,2023,7.0,2.0,2.4140072576930223,1.113482281482541,0.0,0.0,0.0,0.0,0,1410.0,1390.0,2.0,2.0,0.0,0.0,4.5
1035636,2023-06-16T08:30:00+00:00,1686904200,,,Albania U19,10354,Kosovo U19,20785,0,0,10,2023,0.0,2.0,1.3665717097931993,2.1945126059875584,0.0,0.0,0.0,0.0,0,1410.0,1390.0,1.6875,1.6875,0.0,0.0,4.5
1035591,2023-06-16T10:00:00+00:00,1686909600,,,Estonia U19,10361,Latvia U19,10339,6,2,10,2023,3.0,4.0,0.6921076781836344,1.439919415148778,0.0,0.0,0.0,0.0,0,1390.0,1410.0,1.7916666666666667,2.0,0.0,0.0,4.5
1028643,2023-06-16T10:30:00+00:00,1686911400,R. Tanimoto,Dalian,China,1566,Myanmar,1556,4,0,10,2023,1.0,0.0,1.9522933759018128,2.303799067441373,0.0,0.0,0.0,0.0,0,1390.0,1390.28774368332,30.0,30.0,0.0,0.0,4.5
1035637,2023-06-16T10:30:00+00:00,1686911400,,,China U22,21464,Uzbekistan U23,10963,1,3,10,2023,6.0,2.0,0.6558766360513586,0.8114272357673604,0.0,0.0,0.0,0.0,0,1400.0,1410.0,7.0,4.854166666666667,0.0,0.0,4.5
1028645,2023-06-16T11:00:00+00:00,1686913200,S. Evans,Busan,South Korea,17,Peru,30,0,1,10,2023,0.0,2.0,1.4304909518743794,0.8817252912953195,0.0,0.0,0.0,0.0,0,1855.2198182766863,1769.4382967143865,30.0,30.0,0.0,0.0,4.5
1021904,2023-06-16T11:00:00+00:00,1686913200,Kwok Man Liu,Gaoxiong,Chinese Taipei,1557,Thailand,1564,2,2,10,2023,5.0,1.0,1.9354843464747264,0.723127120372332,0.0,0.0,0.0,0.0,0,1400.0,1380.28774368332,7.0,30.0,0.0,0.0,4.5
1029484,2023-06-16T11:30:00+00:00,1686915000,,Singapore,Singapore,1546,Papua New Guinea,8175,2,2,10,2023,2.0,2.0,1.9451798093170296,1.5739414039054032,0.0,0.0,0.0,0.0,0,1410.0,1400.0,30.0,7.0,0.0,0.0,4.5
1035592,2023-06-16T14:00:00+00:00,1686924000,,,Azerbaijan U19,10357,Georgia U19,10335,2,1,10,2023,2.0,0.0,2.407466584987966,1.7899946992192974,0.0,0.0,0.0,0.0,0,1400.0,1400.0,7.0,7.0,0.0,0.0,4.5
1035638,2023-06-16T14:00:00+00:00,1686924000,,,Bulgaria U16,21462,Austria U16,21459,0,3,10,2023,1.0,2.0,1.3371454780077328,2.271812432960215,0.0,0.0,0.0,0.0,0,1400.0,1400.0,7.0,7.0,0.0,0.0,4.5
1035639,2023-06-16T14:00:00+00:00,1686924000,,,Romania U18,21477,North Macedonia U18,21472,1,1,10,2023,2.0,1.0,2.272088671146938,0.5373134731550011,0.0,0.0,0.0,0.0,0,1400.0,1400.0,7.0,7.0,0.0,0.0,4.5
1035593,2023-06-16T14:45:00+00:00,1686926700,,,Lebanon U23,10943,Yemen U23,10965,1,2,10,2023,4.0,3.0,1.4230886647138978,1.2290093757189204,0.0,0.0,0.0,0.0,0,1390.0,1390.28774368332,4.0,1.8333333333333333,0.0,0.0,4.5
1035594,2023-06-16T15:00:00+00:00,1686927600,,,Finland U19,10333,Lithuania U19,10370,3,2,10,2023,1.0,1.0,0.7690216200957329,0.5847861180644678,0.0,0.0,0.0,0.0,0,1410.0,1390.0,2.0,2.2083333333333335,0.0,0.0,4.5
1035595,2023-06-16T15:30:00+00:00,1686929400,,,Austria U21,8180,Iceland U21,8199,3,1,10,2023,1.0,1.0,1.0417424061205558,0.8580382955910746,0.0,0.0,0.0,0.0,0,1400.0,1400.0,7.0,7.0,0.0,0.0,4.5
1035596,2023-06-16T16:00:00+00:00,1686931200,,,Germany U21,8196,Switzerland U21,8226,3,1,10,2023,0.0,4.0,2.47691589115646,1.1504077199340044,0.0,0.0,0.0,0.0,0,1400.0,1400.0,7.0,7.0,0.0,0.0,4.5
1035597,2023-06-16T16:00:00+00:00,1686931200,,,Ukraine U21,8228,Republic of Ireland U21,8217,2,2,10,2023,1.0,1.0,1.2717782318131887,0.5801093317976476,0.0,0.0,0.0,0.0,0,1400.0,1400.0,7.0,7.0,0.0,0.0,4.5
1035598,2023-06-16T16:30:00+00:00,1686933000,,,France U21,8194,Mexico U20,10293,1,0,10,2023,2.0,2.0,0.8038649941366773,2.47912889160007,0.0,0.0,0.0,0.0,0,1400.0,1400.0,7.0,7.0,0.0,0.0,4.5
1035599,2023-06-16T16:45:00+00:00,1686933900,,,Palestine U23,10952,Iran U23,10937,1,1,10,2023,3.0,3.0,1.155931493126081,0.7281416553347673,0.0,0.0,0.0,0.0,0,1410.0,1409.71225631668,4.0,2.0,0.0,0.0,4.5
1012347,2023-06-16T17:00:00+00:00,1686934800,"Craig Pawson, England",Solna,Sweden,5,New Zealand,4673,4,1,10,2023,1.0,4.0,2.1961698113377386,1.1405901838118977,0.0,0.0,0.0,0.0,0,1823.2591712865478,1410.0,30.0,30.0,0.0,0.0,4.5
1028646,2023-06-16T18:30:00+00:00,1686940200,"Stefan Ebner, Austria",Wien,Serbia,14,Jordan,1548,3,2,10,2023,3.0,1.0,1.5578383632735546,2.374524890521729,0.0,0.0,0.0,0.0,0,1804.305055020984,1409.71225631668,30.0,30.0,0.0,0.0,4.5
1028647,2023-06-16T18:45:00+00:00,1686941100,"Orel Grinfeeld, Israel",Warszawa,Poland,24,Germany,25,1,0,10,2023,4.0,2.0,1.5773892583592204,0.7681136272355027,0.0,0.0,0.0,0.0,0,1810.0,1916.6100672328778,7.0,4.114583333333333,0.0,0.0,4.5
1035600,2023-06-16T18:45:00+00:00,1686941100,,,Iraq U23,10192,UAE U23,10184,3,0,10,2023,3.0,2.0,1.4032939433182752,2.216378267844504,0.0,0.0,0.0,0.0,0,1400.0,1390.0,4.0,2.1666666666666665,0.0,0.0,4.5
1028648,2023-06-16T19:00:00+00:00,1686942000,Miguel Nogueira,Valencia,Colombia,8,Iraq,1567,1,0,10,2023,2.0,3.0,2.019958243697861,1.4797437301838074,0.0,0.0,0.0,0.0,0,1946.872466485822,1390.2517072213388,30.0,30.0,0.0,0.0,4.5
1028649,2023-06-17T00:30:00+00:00,1686961800,N. Lamolina,Viña del Mar,Chile,2383,Dominican Republic,5532,5,0,10,2023,0.0,2.0,0.5357809343242659,1.2306505386606468,0.0,0.0,0.0,0.0,0,1759.207249888016,1400.0,5.0625,7.0,0.0,0.0,4.5
1028672,2023-06-17T12:00:00+00:00,1687003200,,Saint Pierre,Pakistan,5535,Djibouti,1535,1,3,10,2023,4.0,0.0,1.0747063425363474,0.8101256743954757,0.0,0.0,0.0,0.0,0,1361.8874439964939,1419.9673772411968,3.0416666666666665,2.8958333333333335,0.0,0.0,4.5
1035602,2023-06-17T12:00:00+00:00,1687003200,,,Djibouti,1535,Pakistan,5535,3,1,10,2023,1.0,2.0,2.02454885448948,1.7079278412464485,0.0,0.0,0.0,0.0,0,1428.3111019058758,1353.5437193318148,0.0,0.0,0.0,0.0,4.5
1035603,2023-06-17T16:00:00+00:00,1687017600,,,Turkey U21,8227,Azerbaijan U21,8181,1,0,10,2023,2.0,2.0,0.776202578689261,2.1825974682846843,0.0,0.0,0.0,0.0,0,1400.0,1400.0,7.0,7.0,0.0,0.0,4.5
1028928,2023-06-17T19:30:00+00:00,1687030200,A. Treimanis,Cornella de Llobregat,Brazil,6,Guinea,1509,4,1,10,2023,3.0,1.0,1.8436837844786245,1.9562304363850465,0.0,0.0,0.0,0.0,0,2037.4660183666654,1400.0,30.0,7.0,0.0,0.0,3.75
1028651,2023-06-17T23:30:00+00:00,1687044600,V. Rivas,"Harrison, New Jersey",Ecuador,2382,Bolivia,2381,1,0,10,2023,2.0,7.0,1.166900052173442,1.3854522222656187,0.0,0.0,0.0,0.0,0,1765.4655705571965,1400.2128705827906,30.0,30.0,0.0,0.0,4.5
1037604,2023-06-18T07:30:00+00:00,1687073400,,,Lithuania U18,21504,Estonia U18,21503,2,1,10,2023,4.0,5.0,2.46590160428302,2.346414522033082,0.0,0.0,0.0,0.0,0,1400.0,1400.0,7.0,7.0,0.0,0.0,4.5
1035660,2023-06-18T08:00:00+00:00,1687075200,,,Bulgaria U18,21463,Austria U18,21460,0,1,10,2023,4.0,0.0,1.026471714820374,2.4411588858458426,0.0,0.0,0.0,0.0,0,1410.0,1390.0,2.75,2.75,0.0,0.0,4.5
1035605,2023-06-18T10:00:00+00:00,1687082400,,,Scotland U21,8221,Norway U21,8214,1,1,10,2023,1.0,3.0,2.3042991235739256,2.439479003380669,0.0,0.0,0.0,0.0,0,1400.0,1400.0,2.75,2.75,0.0,0.0,4.5
1035640,2023-06-18T10:30:00+00:00,1687084200,,,Latvia U18,21471,Finland U18,21467,2,2,10,2023,2.0,2.0,2.3548917376079923,1.311364672658664,0.0,0.0,0.0,0.0,0,1400.0,1400.0,7.0,7.0,0.0,0.0,4.5
1029485,2023-06-18T11:30:00+00:00,1687087800,,Singapore,Singapore,1546,Solomon Islands,5165,1,1,10,2023,2.0,1.0,1.604638640892952,0.9801750055045182,0.0,0.0,0.0,0.0,0,1409.71225631668,1409.704702125315,2.0,3.9375,0.0,0.0,4.5
1028652,2023-06-18T11:30:00+00:00,1687087800,B. Tsimanohitsy,Saint Pierre,Mauritius,1497,Kenya,1511,1,0,10,2023,1.0,0.0,1.5064113995553012,1.4501707850964975,0.0,0.0,0.0,0.0,0,1389.7448790754831,1417.0868971217703,3.875,4.020833333333333,0.0,0.0,4.5
1035642,2023-06-18T14:00:00+00:00,1687096800,,,Wales U18,21481,Norway U19,10342,2,2,10,2023,0.0,2.0,1.574858409721681,1.3717734906784849,0.0,0.0,0.0,0.0,0,1390.0,1410.0,2.875,2.875,0.0,0.0,4.5
1035641,2023-06-18T14:00:00+00:00,1687096800,,,Romania U18,21477,North Macedonia U18,21472,3,0,10,2023,2.0,3.0,0.7857584559733586,0.6636474385659217,0.0,0.0,0.0,0.0,0,1400.0,1400.0,2.0,2.0,0.0,0.0,4.5
1035607,2023-06-18T14:00:00+00:00,1687096800,,,Belarus U19,10358,Georgia U19,10335,2,0,10,2023,1.0,2.0,1.7966098535317985,1.9211702361538667,0.0,0.0,0.0,0.0,0,1400.0,1390.0,7.0,2.0,0.0,0.0,4.5
1035661,2023-06-18T14:00:00+00:00,1687096800,,,India,1537,Lebanon,1551,2,0,10,2023,3.0,5.0,2.0029173288756503,2.306854868778786,0.0,0.0,0.0,0.0,0,1436.632000166781,1400.8103095288918,3.0,3.0,0.0,0.0,4.5
1028650,2023-06-18T14:30:00+00:00,1687098600,G. Tejera,Asunción,Paraguay,2380,Nicaragua,5164,2,0,10,2023,1.0,0.0,1.5668592600203337,2.414542628450804,0.0,0.0,0.0,0.0,0,1633.0643433443774,1394.1722865647762,30.0,3.625,0.0,0.0,4.125
1036535,2023-06-18T15:00:00+00:00,1687100400,,,Iran U23,10937,Jordan U23,10938,0,0,10,2023,4.0,0.0,0.8702681560106416,0.5567450624215566,0.0,0.0,0.0,0.0,0,1409.7205382437342,1410.0,1.9270833333333333,4.010416666666667,0.0,0.0,4.5
1035608,2023-06-18T15:30:00+00:00,1687102200,,,Torpedo Zhodino,385,Russia U21,8219,1,0,10,2023,3.0,3.0,1.472855685422217,0.7547023858117554,0.0,0.0,0.0,0.0,0,1400.0,1400.0,7.0,7.0,0.0,0.0,4.5
1031231,2023-06-18T17:00:00+00:00,1687107600,Abdullah Jamali,Cairo,Egypt,32,South Sudan,1496,3,0,10,2023,3.0,3.0,0.7936404701016635,1.952937672267559,0.0,0.0,0.0,0.0,0,1680.0,1400.0,7.0,7.0,0.0,0.0,4.5
1036536,2023-06-18T18:00:00+00:00,1687111200,,,Iraq U23,10192,Oman U23,10950,1,0,10,2023,2.0,4.0,1.0490065660596186,2.4708583265385027,0.0,0.0,0.0,0.0,0,1409.71225631668,1419.71225631668,1.96875,3.96875,0.0,0.0,4.5
1028653,2023-06-18T20:30:00+00:00,1687120200,J. Scheer,"East Hartford, Connecticut",Venezuela,2379,Guatemala,5161,1,0,10,2023,0.0,3.0,1.278384571838518,2.1152413207024274,0.0,0.0,0.0,0.0,0,1728.1045544540727,1400.9992957743084,2.8541666666666665,2.7291666666666665,0.0,0.0,4.5
1028673,2023-06-19T09:00:00+00:00,1687165200,,Dalian,Mação,4767,Myanmar,1556,0,2,10,2023,3.0,4.0,1.4076756446734189,1.529319359441759,0.0,0.0,0.0,0.0,0,1390.0,1380.2794617562658,30.0,2.9375,0.0,0.0,4.5
1035644,2023-06-19T10:30:00+00:00,1687170600,,,China U22,21464,Uzbekistan U23,10963,1,2,10,2023,2.0,1.0,2.46133624705353,1.796325925465722,0.0,0.0,0.0,0.0,0,1390.28774368332,1419.71225631668,3.0,3.0,0.0,0.0,4.5
1029583,2023-06-19T11:00:00+00:00,1687172400,,Manila,Philippines,1555,Chinese Taipei,1557,2,3,10,2023,4.0,1.0,2.201061240331152,1.9864964556869564,0.0,0.0,0.0,0.0,0,1391.3938418739453,1399.43324365913,4.0,3.0,0.0,0.0,4.5
1035611,2023-06-19T11:35:00+00:00,1687174500,,,China PR U23,10932,Korea Republic U23,10177,1,0,10,2023,3.0,0.0,2.245798624102358,2.268379478974277,0.0,0.0,0.0,0.0,0,1390.0,1410.0,4.065972222222222,4.065972222222222,0.0,0.0,4.5
1028665,2023-06-19T12:00:00+00:00,1687176000,H. Lechner,Wiener Neustadt,Jamaica,2385,Jordan,1548,1,2,10,2023,2.0,2.0,1.1770929827519063,1.7707238223640078,0.0,0.0,0.0,0.0,0,1528.6743602709794,1407.841966673142,3.8333333333333335,2.7291666666666665,0.0,0.0,4.5
1021697,2023-06-19T12:00:00+00:00,1687176000,J. Foo,Hong Kong,Hong Kong,4460,Thailand,1564,0,1,10,2023,1.0,2.0,2.141796028161173,1.502573876163195,0.0,0.0,0.0,0.0,0,1380.56721209952,1380.85450002419,3.9791666666666665,3.0416666666666665,0.0,0.0,4.5
1028654,2023-06-19T12:30:00+00:00,1687177800,Usaid Jamal,Jakarta,Indonesia,1571,Argentina,26,0,2,10,2023,0.0,5.0,0.5357638892418599,1.6220726039964102,0.0,0.0,0.0,0.0,0,1409.1372450388346,2144.135775642712,5.0,4.020833333333333,0.0,0.0,4.5
1035610,2023-06-19T12:30:00+00:00,1687177800,,,Tajikistan U23,10959,Hong Kong U23,10934,2,1,10,2023,3.0,0.0,0.5825506440546413,0.5198923784678078,0.0,0.0,0.0,0.0,0,1400.0,1400.0,4.0,4.0,0.0,0.0,4.5
1035645,2023-06-19T15:00:00+00:00,1687186800,,,Republic of Ireland U21,8217,Kuwait U22,21469,3,0,10,2023,2.0,4.0,1.784190590558021,1.7585174767583565,0.0,0.0,0.0,0.0,0,1400.0,1400.0,2.9583333333333335,7.0,0.0,0.0,4.5
1035612,2023-06-19T17:15:00+00:00,1687194900,,,Hungary U21,16500,Iceland U21,8199,0,1,10,2023,2.0,4.0,2.1652458008070443,1.3032083708298372,0.0,0.0,0.0,0.0,0,1410.0,1390.0,4.072916666666667,3.0729166666666665,0.0,0.0,4.5
1035613,2023-06-19T18:15:00+00:00,1687198500,,,Montenegro U21,8210,Poland U21,8215,1,2,10,2023,3.0,3.0,1.6208773817474529,1.069894623066998,0.0,0.0,0.0,0.0,0,1390.0,1400.0,4.114583333333333,4.114583333333333,0.0,0.0,4.5
1028656,2023-06-20T09:55:00+00:00,1687254900,"Khamis Al Marri, Qatar",Suita,Japan,12,Peru,30,4,1,10,2023,0.0,3.0,1.3624600495643917,2.418432374493173,0.0,0.0,0.0,0.0,0,1903.4490537445072,1781.858312036996,4.989583333333333,3.954861111111111,0.0,0.0,4.5
1028657,2023-06-20T11:00:00+00:00,1687258800,Ridhwan Bin Zahari,Daejeon,South Korea,17,El Salvador,5159,1,1,10,2023,2.0,3.0,0.888267427807778,0.5952850856784928,0.0,0.0,0.0,0.0,0,1842.7998029540768,1389.005197738588,4.0,5.034722222222222,0.0,0.0,4.5
1019895,2023-06-20T11:35:00+00:00,1687260900,Y. Yamamoto,Dalian,China,1566,Palestine,1562,2,0,10,2023,1.0,4.0,0.8583658169277708,1.8778778111067969,0.0,0.0,0.0,0.0,0,1400.0082819270542,1399.7127324054748,4.045138888888889,5.961805555555555,0.0,0.0,4.5
1029584,2023-06-20T12:30:00+00:00,1687264200,,Nam Dinh,Vietnam,1542,Syria,1565,1,0,10,2023,0.0,4.0,1.4017844383278173,1.26365264404283,0.0,0.0,0.0,0.0,0,1409.7205315838,1410.0,5.0,30.0,0.0,0.0,4.5
1029903,2023-06-20T13:00:00+00:00,1687266000,,Kuala Terengganu,Malaysia,1538,Papua New Guinea,8175,10,0,10,2023,2.0,1.0,1.4335180857733951,0.9105185483688136,0.0,0.0,0.0,0.0,0,1429.7120324460602,1400.28774368332,6.0,4.0625,0.0,0.0,4.5
1035616,2023-06-20T15:00:00+00:00,1687273200,,,Slovenia U21,8231,Finland U21,8193,1,0,10,2023,1.0,3.0,1.7821899038341085,0.6061572391709815,0.0,0.0,0.0,0.0,0,1400.0,1400.0,7.0,4.979166666666667,0.0,0.0,4.5
1035617,2023-06-20T15:30:00+00:00,1687275000,,,Slovakia U21,8223,Austria U21,8180,1,1,10,2023,1.0,3.0,1.2974897739747333,1.7132735513039208,0.0,0.0,0.0,0.0,0,1390.0,1410.0,5.0,4.0,0.0,0.0,4.5
1036565,2023-06-20T15:30:00+00:00,1687275000,,,Azerbaijan U21,8181,Kyrgyzstan U21,21470,1,1,10,2023,5.0,3.0,1.914242320251048,2.086982942347171,0.0,0.0,0.0,0.0,0,1390.0,1400.0,2.9791666666666665,7.0,0.0,0.0,4.5
994031,2023-06-20T16:00:00+00:00,1687276800,"Matthew Degabriele, Malta",Podgorica,Montenegro,1109,Czechia,770,1,4,10,2023,2.0,1.0,0.6122602235897057,1.9427629807863704,0.0,0.0,0.0,0.0,0,1400.0,1400.0,7.0,7.0,0.0,0.0,4.5
1035615,2023-06-20T16:00:00+00:00,1687276800,,,Malta U21,8208,North Macedonia U21,8212,0,4,10,2023,3.0,1.0,1.4109564758658215,1.2059917034558827,0.0,0.0,0.0,0.0,0,1400.0,1400.0,7.0,5.041666666666667,0.0,0.0,4.5
1035614,2023-06-20T16:30:00+00:00,1687278600,,,Bulgaria U21,8185,Albania U21,8177,1,3,10,2023,1.0,1.0,1.2602425772309855,2.320186325022417,0.0,0.0,0.0,0.0,0,1410.0,1400.0,5.041666666666667,7.0,0.0,0.0,4.5
1035618,2023-06-20T17:00:00+00:00,1687280400,,,Turkey U21,8227,Bosnia-Herzegovina U21,8184,4,1,10,2023,1.0,3.0,2.389109624928192,0.7309881430653997,0.0,0.0,0.0,0.0,0,1410.0,1400.0,3.0416666666666665,7.0,0.0,0.0,4.5
1036566,2023-06-20T17:00:00+00:00,1687280400,,,Iraq U23,10192,Iran U23,10937,1,1,10,2023,1.0,2.0,0.5767570900747043,1.1860219467305868,0.0,0.0,0.0,0.0,0,1420.0,1409.728581797925,1.9583333333333333,2.0833333333333335,0.0,0.0,4.5
1028658,2023-06-20T18:45:00+00:00,1687286700,"Halil Umut Meler, Turkey",Gelsenkirchen,Germany,25,Colombia,8,0,2,10,2023,4.0,2.0,2.127628796452482,0.9122867370243262,0.0,0.0,0.0,0.0,0,1903.6343942685746,1947.652650982894,4.0,3.9895833333333335,0.0,0.0,4.5
1028929,2023-06-20T19:00:00+00:00,1687287600,Gustavo Correia,Lisboa,Brazil,6,Senegal,13,2,4,10,2023,3.0,2.0,2.2820698287962493,1.2712508276378582,0.0,0.0,0.0,0.0,0,2037.9631076347218,1890.0,2.9791666666666665,7.0,0.0,0.0,4.5
1031232,2023-06-20T19:00:00+00:00,1687287600,A. Bouh,Annaba,Algeria,1532,Tunisia,28,1,1,10,2023,0.0,5.0,1.0817591764308123,2.245672075383242,0.0,0.0,0.0,0.0,0,1600.0,1400.0,7.0,7.0,0.0,0.0,4.5
1028659,2023-06-20T23:30:00+00:00,1687303800,Braulio da Silva Machado,Montevideo,Uruguay,7,Cuba,2388,2,0,10,2023,3.0,2.0,0.8619230835464176,1.584105487719926,0.0,0.0,0.0,0.0,0,1976.0130690197095,1397.7284067676067,6.0,9.020833333333334,0.0,0.0,4.5
1028661,2023-06-21T00:00:00+00:00,1687305600,J. Argote,Santa Cruz de la Sierra,Bolivia,2381,Chile,2383,0,0,10,2023,1.0,1.0,1.4391606131702073,0.972480912926816,0.0,0.0,0.0,0.0,0,1398.035912447494,1761.4526455246958,3.0208333333333335,3.9791666666666665,0.0,0.0,4.5
1035619,2023-06-21T00:15:00+00:00,1687306500,,,Costa Rica,29,Ecuador,2382,1,3,10,2023,6.0,1.0,1.8658824174392767,2.390533829890092,0.0,0.0,0.0,0.0,0,1564.9307829459103,1767.6425286924932,4.885416666666667,3.03125,0.0,0.0,4.5
1028660,2023-06-21T00:15:00+00:00,1687306500,V. Cáceres,"Chester, Pennsylvania",Ecuador,2382,Costa Rica,29,3,1,10,2023,2.0,3.0,0.6358931174866429,1.8067302377996408,0.0,0.0,0.0,0.0,0,1772.3908348596556,1560.182476778748,0.0,0.0,0.0,0.0,4.5
1037605,2023-06-28T13:00:00+00:00,1687957200,,,Finland U17,17952,Latvia U17,17960,4,1,10,2023,1.0,2.0,2.490684796586131,1.378868972525766,0.0,0.0,0.0,0.0,0,1400.0,1400.0,7.0,7.0,0.0,0.0,4.5
1037606,2023-06-28T15:00:00+00:00,1687964400,,,Lithuania U17,17962,Estonia U17,17950,2,4,10,2023,4.0,2.0,0.5244412721885336,1.3551308058609663,0.0,0.0,0.0,0.0,0,1400.0,1400.0,7.0,7.0,0.0,0.0,4.5
1037941,2023-06-30T13:00:00+00:00,1688130000,,,Latvia U17,17960,Estonia U17,17950,3,3,10,2023,1.0,1.0,1.592866132736152,1.2608766638780886,0.0,0.0,0.0,0.0,0,1390.0,1410.0,2.0,1.9166666666666667,0.0,0.0,4.5
1037942,2023-06-30T15:00:00+00:00,1688137200,,,Lithuania U17,17962,Finland U17,17952,1,3,10,2023,2.0,5.0,2.0106202719224333,2.47055401134932,0.0,0.0,0.0,0.0,0,1390.0,1410.0,2.0,2.0833333333333335,0.0,0.0,4.5
1041986,2023-07-02T08:00:00+00:00,1688284800,,,Latvia U17,17960,Lithuania U17,17962,0,2,10,2023,0.0,0.0,1.513437181702738,1.1215806760870937,0.0,0.0,0.0,0.0,0,1390.5750112778453,1380.5750112778453,1.7916666666666667,1.7083333333333333,0.0,0.0,4.5
1041985,2023-07-02T08:00:00+00:00,1688284800,,,Finland U17,17952,Estonia U17,17950,4,0,10,2023,0.0,4.0,2.222600304100283,0.9818046916806598,0.0,0.0,0.0,0.0,0,1419.4249887221547,1409.4249887221547,1.7083333333333333,1.7916666666666667,0.0,0.0,4.5
1028666,2023-08-02T23:00:00+00:00,1691017200,,"Leesburg, Virginia",Ethiopia,1506,Guyana,5162,2,0,10,2023,3.0,2.0,1.9964321426204563,1.7647206941203937,0.0,0.0,0.0,0.0,0,1410.0,1400.0,30.0,7.0,0.0,0.0,4.5
1104374,2023-08-27T20:00:00+00:00,1693166400,P. Echavarría,Cochabamba,Bolivia,2381,Panama,11,1,2,10,2023,1.0,2.0,1.957851504108096,0.9002980170441164,0.0,0.0,0.0,0.0,0,1405.8383661552405,1589.375254263711,30.0,30.0,0.0,0.0,4.5
1125027,2023-08-29T00:00:00+00:00,1693267200,,Papeete,Tahiti,5167,Cook Islands,8174,9,1,10,2023,0.0,0.0,1.6111561984113534,0.9467458556683574,0.0,0.0,0.0,0.0,0,1400.5750112778453,1400.0,30.0,7.0,0.0,0.0,4.5
1125028,2023-09-01T06:00:00+00:00,1693548000,,Papeete,Tahiti,5167,Cook Islands,8174,3,0,10,2023,2.0,2.0,0.70000895717181,1.4432670167880897,0.0,0.0,0.0,0.0,0,1410.5584611379977,1390.0165501398476,3.25,3.25,0.0,0.0,4.5
1121900,2023-09-03T11:00:00+00:00,1693738800,,Dhaka,Bangladesh,1560,Afghanistan,1553,0,0,10,2023,0.0,2.0,1.835654348176949,1.876874477510643,0.0,0.0,0.0,0.0,0,1409.4415388620023,1400.0,30.0,7.0,0.0,0.0,4.5
1102881,2023-09-03T22:00:00+00:00,1693778400,C. Ramos,"Fort Lauderdale, Florida",Guatemala,5161,Honduras,4672,0,0,10,2023,1.0,2.0,1.572473608969447,2.080910680415156,0.0,0.0,0.0,0.0,0,1398.3583319014706,1407.1993869182509,30.0,30.0,0.0,0.0,5.083333333333333
1102884,2023-09-06T09:00:00+00:00,1693990800,,Chengdu,Malaysia,1538,Syria,1565,2,2,10,2023,4.0,1.0,2.2966312944706635,2.1153343083105782,0.0,0.0,0.0,0.0,0,1438.8671523064938,1399.991956254121,30.0,30.0,0.0,0.0,4.5
1116901,2023-09-06T11:30:00+00:00,1693999800,,Taipa,Mação,4767,Bhutan,1540,0,1,10,2023,2.0,0.0,1.3026070047064844,0.5201930160407415,0.0,0.0,0.0,0.0,0,1379.720293397112,1409.9917180729458,30.0,30.0,0.0,0.0,4.5
1102885,2023-09-06T14:45:00+00:00,1694011500,,Muscat,Oman,1552,Palestine,1562,2,1,10,2023,2.0,1.0,0.9279972208480008,2.453770741499849,0.0,0.0,0.0,0.0,0,1410.0,1389.7212390024558,30.0,30.0,0.0,0.0,4.5
1115902,2023-09-06T18:00:00+00:00,1694023200,"Milos Boskovic, Montenegro",Ta'Qali,Malta,1112,Gibraltar,1093,1,0,10,2023,1.0,1.0,2.421644887394359,1.4991574318173422,0.0,0.0,0.0,0.0,0,1410.0,1400.0,30.0,7.0,0.0,0.0,4.5
1102886,2023-09-07T11:00:00+00:00,1694084400,,Dhaka,Bangladesh,1560,Afghanistan,1553,1,1,10,2023,3.0,3.0,0.983184442879379,1.601007365809738,0.0,0.0,0.0,0.0,0,1409.1698564028104,1400.2716824591919,4.0,4.0,0.0,0.0,4.5
1115485,2023-09-07T12:00:00+00:00,1694088000,,Phnom Penh,Cambodia,1543,Hong Kong,4460,1,1,10,2023,1.0,5.0,1.4966273061750834,1.64743231214722,0.0,0.0,0.0,0.0,0,1389.9834498601524,1370.5754809087948,30.0,30.0,0.0,0.0,4.5
1119710,2023-09-07T15:00:00+00:00,1694098800,,Dubai,Bahrain,1547,Kuwait,1570,1,3,10,2023,2.0,2.0,1.987723654696235,1.5609811734672407,0.0,0.0,0.0,0.0,0,1400.5750112778453,1438.3085872825525,30.0,30.0,0.0,0.0,4.5
1124141,2023-09-07T15:15:00+00:00,1694099700,Abdulrahman Al Jassim,Al Wakrah,Qatar,1569,Kenya,1511,1,2,10,2023,2.0,4.0,2.3802273295310354,0.9272706843036144,0.0,0.0,0.0,0.0,0,1413.8874944988388,1406.301551171795,30.0,30.0,0.0,0.0,4.5
1087029,2023-09-07T16:00:00+00:00,1694102400,"Lazar Lukic, Serbia",Plovdiv,Bulgaria,1103,Iran,22,0,1,10,2023,1.0,0.0,2.347953634377524,1.6354885190463049,0.0,0.0,0.0,0.0,0,1400.0,1862.5663503941337,7.0,30.0,0.0,0.0,4.5
1012348,2023-09-07T17:00:00+00:00,1694106000,"Kristoffer Karlsson, Sweden",Oslo,Norway,1090,Jordan,1548,6,0,10,2023,1.0,2.0,1.307138041093479,1.2403082421948866,0.0,0.0,0.0,0.0,0,1720.0,1421.186051176332,7.0,30.0,0.0,0.0,4.5
1068052,2023-09-07T18:30:00+00:00,1694111400,"Robert Jones, England",Linz,Austria,775,Moldova,1114,1,1,10,2023,2.0,0.0,1.6521838559725863,0.5326707790664691,0.0,0.0,0.0,0.0,0,1830.0,1400.0,7.0,7.0,0.0,0.0,4.5
1028949,2023-09-07T18:45:00+00:00,1694112300,"William Collum, Scotland",Caerdydd,Wales,767,South Korea,17,0,0,10,2023,5.0,3.0,0.8950381906745197,0.7169076352188197,0.0,0.0,0.0,0.0,0,1780.0,1834.166884351651,7.0,30.0,0.0,0.0,4.5
1100235,2023-09-07T22:30:00+00:00,1694125800,A. M. Matonte Cabrera,Ciudad del Este,Paraguay,2380,Peru,30,0,0,34,2026,2.0,2.0,1.2,1.2,4.5,4.0,12.0,12.0,0,1637.1000497505192,1775.2217684894192,30.0,30.0,0.0,0.0,4.5
1100236,2023-09-07T23:00:00+00:00,1694127600,A. Daronco,Barranquilla,Colombia,8,Venezuela,2379,1,0,34,2026,2.0,2.0,1.2,1.2,4.5,4.0,12.0,12.0,0,1956.392439292093,1730.7455183269105,30.0,30.0,0.0,0.0,4.5
1100237,2023-09-08T00:00:00+00:00,1694131200,W. Roldan,Buenos Aires,Argentina,26,Ecuador,2382,1,0,34,2026,2.0,2.0,1.2,1.2,4.5,4.0,12.0,12.0,0,2144.422368501741,1776.9440421561749,30.0,30.0,0.0,0.0,4.5
1115486,2023-09-08T10:30:00+00:00,1694169000,,Yangon,Myanmar,1556,Nepal,1545,0,0,10,2023,2.0,3.0,2.418740550109708,1.474137464241627,0.0,0.0,0.0,0.0,0,1390.5591683591538,1407.7693168450642,30.0,30.0,0.0,0.0,4.5
1081947,2023-09-08T11:00:00+00:00,1694170800,,Gaoxiong,Chinese Taipei,1557,Philippines,1555,1,1,10,2023,1.0,1.0,2.478944467955769,2.2754424074190176,0.0,0.0,0.0,0.0,0,1409.2018923642606,1381.6251931688148,30.0,30.0,0.0,0.0,4.5
1068054,2023-09-08T11:30:00+00:00,1694172600,,Singapore,Singapore,1546,Tajikistan,1536,0,2,10,2023,4.0,3.0,2.4641324603586403,2.279839213232924,0.0,0.0,0.0,0.0,0,1409.7120388895746,1390.28774368332,30.0,30.0,0.0,0.0,4.5
1131720,2023-09-08T12:30:00+00:00,1694176200,Usaid Jamal,Surabaya,Indonesia,1571,Turkmenistan,1539,2,0,10,2023,3.0,1.0,1.779826480236333,1.985612904659192,0.0,0.0,0.0,0.0,0,1408.8506521798056,1390.0,30.0,30.0,0.0,0.0,4.5
1119707,2023-09-08T19:00:00+00:00,1694199600,J. Brooks,Newcastle upon Tyne,Saudi Arabia,23,Costa Rica,29,1,3,10,2023,1.0,2.0,1.918480687000006,1.0729272554106164,0.0,0.0,0.0,0.0,0,1387.1841283986955,1555.6292694822287,30.0,30.0,0.0,0.0,4.625
1100233,2023-09-08T23:00:00+00:00,1694214000,D. Herrera,Montevideo,Uruguay,7,Chile,2383,3,1,34,2026,2.0,2.0,1.2,1.2,4.5,4.0,12.0,12.0,0,1976.7049452622634,1753.6501918169492,30.0,30.0,0.0,0.0,4.125
1100234,2023-09-09T00:45:00+00:00,1694220300,J. Benitez,Belem,Brazil,6,Bolivia,2381,5,1,34,2026,2.0,2.0,1.2,1.2,4.5,4.0,12.0,12.0,0,2023.9444499879103,1400.678877648753,30.0,12.197916666666666,0.0,0.0,4.5
1102882,2023-09-09T11:35:00+00:00,1694259300,Abdulhadi Al Ruaile,Chengdu,China,1566,Malaysia,1538,1,1,10,2023,3.0,1.0,1.7583230917802606,1.16249851763821,0.0,0.0,0.0,0.0,0,1409.9997753300731,1437.752880488232,30.0,3.107638888888889,0.0,0.0,4.5
1119525,2023-09-09T13:00:00+00:00,1694264400,G. Nkhakananga,"Johannesburg, GA",South Africa,1531,Namibia,1493,0,0,10,2023,1.0,3.0,0.726789156400566,2.2839241410924185,0.0,0.0,0.0,0.0,0,1400.0,1400.0,7.0,7.0,0.0,0.0,4.5
1029480,2023-09-09T18:45:00+00:00,1694285100,"Joao Luiz Pinheiro Dionisio dos Anjos, Brazil",Wolfsburg,Germany,25,Japan,12,1,4,10,2023,1.0,0.0,1.8051634501679068,1.1769847960197366,0.0,0.0,0.0,0.0,0,1894.8946059593757,1910.085597292084,30.0,30.0,0.0,0.0,4.5
1045877,2023-09-09T21:30:00+00:00,1694295000,"Nelson Salgado, Honduras","St. Louis, Missouri",USA,2384,Uzbekistan,1568,3,0,10,2023,0.0,1.0,0.6416451362379518,2.4194758076880456,0.0,0.0,0.0,0.0,0,1935.6513838285553,1417.2990596461902,30.0,30.0,0.0,0.0,4.5
1081943,2023-09-10T02:00:00+00:00,1694311200,R. Vazquez,"Arlington, Texas",Mexico,16,Australia,20,2,2,10,2023,1.0,4.0,1.3477586468581482,0.6683278821344267,0.0,0.0,0.0,0.0,0,1924.7348424462198,1841.46327374429,30.0,30.0,0.0,0.0,4.5
995738,2023-09-10T16:00:00+00:00,1694361600,"Igor Pajač, Croatia",Budapest,Hungary,769,Czechia,770,1,1,10,2023,2.0,3.0,0.5277534039347811,0.9844928199969676,0.0,0.0,0.0,0.0,0,1801.9151274768385,1410.0,30.0,30.0,0.0,0.0,4.5
1115487,2023-09-11T10:30:00+00:00,1694428200,,Yangon,Myanmar,1556,Nepal,1545,1,0,10,2023,3.0,2.0,1.736116763424312,0.6739939634562762,0.0,0.0,0.0,0.0,0,1391.0541115040264,1407.2743737001915,3.0,3.0,0.0,0.0,4.5
1100659,2023-09-11T12:00:00+00:00,1694433600,,Hong Kong,Hong Kong,4460,Brunei,5538,10,0,10,2023,0.0,3.0,1.4893442076669616,1.691574404494655,0.0,0.0,0.0,0.0,0,1371.1335068562696,1400.0,4.0,7.0,0.0,0.0,4.5
1115488,2023-09-11T12:00:00+00:00,1694433600,,Phnom Penh,Cambodia,1543,Mação,4767,4,0,10,2023,1.0,4.0,0.5673463900815414,0.6334161036879244,0.0,0.0,0.0,0.0,0,1389.4254239126776,1370.5893769863085,4.0,5.020833333333333,0.0,0.0,4.5
1102887,2023-09-11T12:30:00+00:00,1694435400,,Nam Dinh,Vietnam,1542,Palestine,1562,2,0,10,2023,2.0,0.0,2.389010752368933,1.7057635903320152,0.0,0.0,0.0,0.0,0,1419.728575329679,1380.3042467677703,30.0,4.90625,0.0,0.0,4.5
1119711,2023-09-11T16:00:00+00:00,1694448000,,Dubai,Kyrgyzstan,1554,Kuwait,1570,3,1,10,2023,1.0,3.0,1.84845982890197,1.11416305843291,0.0,0.0,0.0,0.0,0,1390.0082748727182,1447.2267777279792,30.0,4.041666666666667,0.0,0.0,4.5
1102888,2023-09-12T11:00:00+00:00,1694516400,,Manila,Philippines,1555,Afghanistan,1553,2,1,10,2023,1.0,3.0,0.7516986654271873,1.8229865603484496,0.0,0.0,0.0,0.0,0,1382.417251767487,1400.527736511152,4.0,5.0,0.0,0.0,4.5
1068055,2023-09-12T11:30:00+00:00,1694518200,,Singapore,Singapore,1546,Chinese Taipei,1557,3,1,10,2023,4.0,2.0,0.7249205127561653,2.45372688321872,0.0,0.0,0.0,0.0,0,1399.1535444991978,1408.4098337655885,4.0,4.020833333333333,0.0,0.0,4.5
1102883,2023-09-12T11:35:00+00:00,1694518500,Sami Al Jires,Chengdu,China,1566,Syria,1565,0,1,10,2023,6.0,2.0,1.032750756987252,1.7145681514159326,0.0,0.0,0.0,0.0,0,1410.7968792439233,1401.106228072383,3.0,6.107638888888889,0.0,0.0,4.5
1043743,2023-09-12T12:20:00+00:00,1694521200,A. Lindhout,Genk,Japan,12,Türkiye,777,4,2,10,2023,0.0,0.0,2.1392208340311623,1.8018417223100256,0.0,0.0,0.0,0.0,0,1919.6486438230352,1400.0,2.732638888888889,7.0,0.0,0.0,4.75
1124142,2023-09-12T13:00:00+00:00,1694523600,A. Twagiramukiza,Nairobi,Kenya,1511,South Sudan,1496,0,1,10,2023,5.0,1.0,1.363248864168814,0.6810268831815143,0.0,0.0,0.0,0.0,0,1416.519857482257,1396.6732493836687,4.90625,30.0,0.0,0.0,4.5
1119526,2023-09-12T15:00:00+00:00,1694530800,G. Nkhakananga,"Johannesburg, GA",South Africa,1531,Congo DR,1508,1,0,10,2023,3.0,4.0,0.8106276632696665,2.4689863385453927,0.0,0.0,0.0,0.0,0,1400.0,1410.0,3.0833333333333335,30.0,0.0,0.0,4.5
1125812,2023-09-12T15:00:00+00:00,1694530800,A. Čulina,Zagreb,Costa Rica,29,United Arab Emirates,1563,1,4,10,2023,3.0,3.0,0.9372519066109466,1.233350448767487,0.0,0.0,0.0,0.0,0,1561.1282821527816,1409.71225631668,3.8333333333333335,30.0,0.0,0.0,4.5
1119712,2023-09-12T15:00:00+00:00,1694530800,,Dubai,Bahrain,1547,Turkmenistan,1539,1,1,10,2023,2.0,0.0,1.9638620122866903,1.7337338402926616,0.0,0.0,0.0,0.0,0,1391.6568208324186,1380.5420336136817,5.0,4.104166666666667,0.0,0.0,4.5
1126537,2023-09-12T15:15:00+00:00,1694531700,Ahmed Al Kaf,Al Wakrah,Qatar,1569,Russia,4,1,1,10,2023,1.0,3.0,1.1792123596493491,0.9601358974777384,0.0,0.0,0.0,0.0,0,1403.6691881883767,1418.4953449495833,5.0,30.0,0.0,0.0,4.5
1132058,2023-09-12T15:30:00+00:00,1694532600,Mohammed Al Hoish,Teheran,Iran,22,Angola,1529,4,0,10,2023,2.0,3.0,1.369275323140714,0.5998008538396364,0.0,0.0,0.0,0.0,0,1863.8705054280763,1400.0,4.979166666666667,7.0,0.0,0.0,4.5
1126538,2023-09-12T16:00:00+00:00,1694534400,K. Attiogbe,Accra,Ghana,1504,Liberia,1525,3,1,10,2023,5.0,2.0,1.1793859412834455,1.9041540691549568,0.0,0.0,0.0,0.0,0,1400.0,1400.0,7.0,7.0,0.0,0.0,4.5
1012365,2023-09-12T16:00:00+00:00,1694534400,"Arda Kardesler, Turkey",Baku,Azerbaijan,1096,Jordan,1548,2,1,10,2023,3.0,1.0,1.7025418450601533,0.5182324632331259,0.0,0.0,0.0,0.0,0,1400.0,1418.1489147704003,7.0,4.958333333333333,0.0,0.0,4.5
1119708,2023-09-12T16:30:00+00:00,1694536200,A. Madley,Newcastle upon Tyne,Saudi Arabia,23,South Korea,17,0,1,10,2023,3.0,1.0,1.1459854643308187,2.2741272566738195,0.0,0.0,0.0,0.0,0,1381.6851157281426,1832.620346054271,3.8958333333333335,4.90625,0.0,0.0,4.5
1042721,2023-09-12T17:00:00+00:00,1694538000,Ammar Ashkanani,Cairo,Egypt,32,Tunisia,28,1,3,10,2023,2.0,1.0,1.980236184019901,2.385696034959917,0.0,0.0,0.0,0.0,0,1683.3267506163313,1405.1949385329592,30.0,30.0,0.0,0.0,4.5
1062452,2023-09-12T18:30:00+00:00,1694543400,J. Pignard,Lens,Morocco,31,Burkina Faso,1502,1,0,10,2023,4.0,1.0,1.0267175978384222,1.02075600113892,0.0,0.0,0.0,0.0,0,1957.899320012305,1400.0,30.0,7.0,0.0,0.0,4.5
984806,2023-09-12T18:45:00+00:00,1694544300,"Davide Massa, Italy",Glasgow,Scotland,1108,England,10,1,3,10,2023,2.0,0.0,1.43299393833706,0.8748137360197752,0.0,0.0,0.0,0.0,0,1700.0,2040.0,7.0,7.0,0.0,0.0,4.5
1061059,2023-09-12T19:00:00+00:00,1694545200,A. Bouh,Diamniadio,Senegal,13,Algeria,1532,0,1,10,2023,1.0,1.0,1.861782450244569,0.5838931626762296,0.0,0.0,0.0,0.0,0,1904.0186576468116,1594.8050614670408,30.0,30.0,0.0,0.0,4.5
1029481,2023-09-12T19:00:00+00:00,1694545200,"Anthony Taylor, England",Dortmund,Germany,25,France,2,2,1,10,2023,2.0,1.0,1.8241405680039933,2.10002598275545,0.0,0.0,0.0,0.0,0,1885.3315594284245,2120.0,3.0104166666666665,7.0,0.0,0.0,3.75
1100238,2023-09-12T20:00:00+00:00,1694548800,E. Ostojich,La Paz,Bolivia,2381,Argentina,26,0,3,34,2026,2.0,2.0,1.2,1.2,4.5,4.0,12.0,12.0,0,1400.140586739204,2146.574596131562,3.8020833333333335,4.833333333333333,0.0,0.0,4.5
1100240,2023-09-12T21:00:00+00:00,1694552400,W. Sampaio,Quito,Ecuador,2382,Uruguay,7,2,1,34,2026,2.0,2.0,1.2,1.2,4.5,4.0,12.0,12.0,0,1774.791814526354,1981.0423256940198,4.875,3.9166666666666665,0.0,0.0,3.625
1100241,2023-09-12T22:00:00+00:00,1694556000,A. Rojas,Maturín,Venezuela,2379,Paraguay,2380,1,0,34,2026,2.0,2.0,1.2,1.2,4.5,4.0,12.0,12.0,0,1726.4586088725202,1640.8785246998962,4.958333333333333,4.979166666666667,0.0,0.0,4.5
1081944,2023-09-12T23:30:00+00:00,1694561400,V. Rivas,"Atlanta, Georgia",Mexico,16,Uzbekistan,1568,3,3,10,2023,0.0,2.0,1.1048504044813905,1.0522741726521163,0.0,0.0,0.0,0.0,0,1922.3829564488708,1416.3358666909642,2.8958333333333335,3.0833333333333335,0.0,0.0,4.5
1100239,2023-09-13T00:30:00+00:00,1694565000,J. Valenzuela,Santiago de Chile,Chile,2383,Colombia,8,0,0,34,2026,2.0,2.0,1.2,1.2,4.5,4.0,12.0,12.0,0,1749.3128113851928,1960.6793487464834,4.0625,5.0625,0.0,0.0,4.5
1045878,2023-09-13T00:30:00+00:00,1694565000,"Mario Escobar, Guatemala","Saint Paul, Minnesota",USA,2384,Oman,1552,4,0,10,2023,4.0,2.0,1.0560223606049233,2.0021688151797217,0.0,0.0,0.0,0.0,0,1936.6145767837813,1419.4169922346855,3.125,6.40625,0.0,0.0,4.5
1100242,2023-09-13T02:00:00+00:00,1694570400,F. Rapallini,Lima,Peru,30,Brazil,6,0,1,34,2026,2.0,2.0,1.2,1.2,4.5,4.0,12.0,12.0,0,1771.4432935400423,2024.4827408974593,5.145833333333333,4.052083333333333,0.0,0.0,4.5
1136020,2023-10-08T03:00:00+00:00,1696734000,,Nouméa,Papua New Guinea,8175,Solomon Islands,5165,1,3,10,2023,2.0,1.0,1.668232363456989,1.35342547387099,0.0,0.0,0.0,0.0,0,1391.1326238228864,1409.7049195524203,30.0,30.0,0.0,0.0,4.5
1136021,2023-10-08T06:00:00+00:00,1696744800,,Nouméa,New Caledonia,5163,Vanuatu,5170,4,0,10,2023,1.0,1.0,1.4073219528924323,0.911250652836501,0.0,0.0,0.0,0.0,0,1399.4249887221547,1390.5869296584117,30.0,30.0,0.0,0.0,4.5
1136018,2023-10-10T11:35:00+00:00,1696937700,Woo Chun Sing,Dalian,China,1566,Vietnam,1542,2,0,10,2023,2.0,5.0,2.4988720397686985,1.637497876778171,0.0,0.0,0.0,0.0,0,1400.5180321891887,1428.5986972076923,28.0,28.961805555555557,0.0,0.0,4.5
1136022,2023-10-11T02:00:00+00:00,1696989600,,Koné,Solomon Islands,5165,Vanuatu,5170,1,0,10,2023,3.0,2.0,1.3612949425717145,2.4184783191653727,0.0,0.0,0.0,0.0,0,1419.1708744880693,1380.8412545918125,2.9583333333333335,2.8333333333333335,0.0,0.0,4.5
1136023,2023-10-11T05:00:00+00:00,1697000400,,Koné,Papua New Guinea,8175,New Caledonia,5163,1,3,10,2023,2.0,0.0,1.4087617431878736,0.8544245507469739,0.0,0.0,0.0,0.0,0,1381.6666688872374,1409.170663788754,3.0833333333333335,2.9583333333333335,0.0,0.0,4.5
1012349,2023-10-11T18:45:00+00:00,1697049900,"Philip Farrugia, Malta",Wrecsam,Wales,767,Gibraltar,1093,4,0,10,2023,0.0,0.0,1.1518388742172707,1.575498064431072,0.0,0.0,0.0,0.0,0,1781.54653829738,1390.28774368332,30.0,30.0,0.0,0.0,4.5
1136685,2023-10-12T16:00:00+00:00,1697126400,Khaled Saleh Al Turais,Moskva,Russia,4,Cameroon,1530,1,0,10,2023,3.0,2.0,1.4315159596288436,0.8458296997094283,0.0,0.0,0.0,0.0,0,1418.0688726916987,1676.3603849677172,30.0,30.0,0.0,0.0,4.5
1012350,2023-10-12T16:00:00+00:00,1697126400,"Rohit Saggi, Norway",Tbilisi,Georgia,1104,Thailand,1564,8,0,10,2023,3.0,5.0,0.6693155033143039,1.6134943051541084,0.0,0.0,0.0,0.0,0,1410.0,1390.8462312149152,30.0,30.0,0.0,0.0,4.5
1124144,2023-10-12T16:00:00+00:00,1697126400,"Eldorjan Hamiti, Albania",Podgorica,Montenegro,1109,Lebanon,1551,3,2,10,2023,2.0,4.0,2.465890761484856,2.269563796091369,0.0,0.0,0.0,0.0,0,1390.0,1391.8377027591002,30.0,30.0,0.0,0.0,4.5
1135750,2023-10-12T16:00:00+00:00,1697126400,Ahmed Issa,Al Ain,Egypt,32,Zambia,1507,1,0,10,2023,0.0,3.0,1.3177613596192432,1.7074323544382148,0.0,0.0,0.0,0.0,0,1666.6834337825464,1390.56675634087,29.958333333333332,30.0,0.0,0.0,4.5
1126769,2023-10-12T16:00:00+00:00,1697126400,,Muharraq,Bahrain,1547,Kyrgyzstan,1554,2,0,10,2023,1.0,3.0,0.7462895440757127,0.7453316767531117,0.0,0.0,0.0,0.0,0,1391.3370206295485,1401.6404265510735,30.0,30.0,0.0,0.0,4.5
1135484,2023-10-12T16:00:00+00:00,1697126400,Ibrahim Nour El Din,Dubai,United Arab Emirates,1563,Kuwait,1570,1,0,10,2023,2.0,2.0,0.5153465575553222,0.7915606286886838,0.0,0.0,0.0,0.0,0,1423.8139127578409,1435.594626049624,30.0,30.0,0.0,0.0,4.5
1015108,2023-10-12T17:00:00+00:00,1697130000,"Antti Munukka, Finland",Solna,Sweden,5,Moldova,1114,3,1,10,2023,0.0,0.0,1.474237362335822,0.7782863130790874,0.0,0.0,0.0,0.0,0,1824.9550720420048,1408.4478102114124,30.0,30.0,0.0,0.0,4.5
1135018,2023-10-12T19:00:00+00:00,1697137200,M. Malki,Constantine,Algeria,1532,Cape Verde Islands,1533,5,1,10,2023,0.0,1.0,1.5023411899984698,2.113571117341753,0.0,0.0,0.0,0.0,0,1611.9189408549348,1409.2640649760797,30.0,30.0,0.0,0.0,4.5
1100245,2023-10-12T20:30:00+00:00,1697142600,P. Maza,Barranquilla,Colombia,8,Uruguay,7,2,2,34,2026,2.0,2.0,1.2,1.2,4.5,4.0,12.0,12.0,0,1955.2496197637195,1965.7172645744415,29.833333333333332,29.979166666666668,0.0,0.0,3.9166666666666665
1100243,2023-10-12T23:00:00+00:00,1697151600,C. Garay,La Paz,Bolivia,2381,Ecuador,2382,1,2,34,2026,2.0,2.0,1.2,1.2,4.5,4.0,12.0,12.0,0,1399.872006953948,1790.1168756459324,30.0,30.0,0.0,0.0,4.375
1100244,2023-10-12T23:00:00+00:00,1697151600,R. Claus,Buenos Aires,Argentina,26,Paraguay,2380,1,0,34,2026,2.0,2.0,1.2,1.2,4.5,4.0,12.0,12.0,0,2146.8431759168184,1633.2930809716913,30.0,30.0,0.0,0.0,3.625
1100246,2023-10-13T00:00:00+00:00,1697155200,W. Roldan,Santiago de Chile,Chile,2383,Peru,30,2,0,34,2026,2.0,2.0,1.2,1.2,4.5,4.0,12.0,12.0,0,1754.7425403679567,1767.663572835607,29.979166666666668,29.916666666666668,0.0,0.0,4.5
1100247,2023-10-13T00:30:00+00:00,1697157000,K. Ortega,"Cuiabá, Mato Grosso",Brazil,6,Venezuela,2379,1,1,34,2026,2.0,2.0,1.2,1.2,4.5,4.0,12.0,12.0,0,2028.2624616018945,1734.044052600725,29.9375,30.0,0.0,0.0,4.125
1114142,2023-10-13T10:35:00+00:00,1697193300,A. King,Niigata,Japan,12,Canada,5529,4,1,10,2023,4.0,3.0,2.1858224391953747,1.5622594788543334,0.0,0.0,0.0,0.0,0,1920.605018396102,1570.0,30.0,7.0,0.0,0.0,4.5
1119709,2023-10-13T11:00:00+00:00,1697194800,Amirul Izwan Yaacob,Seoul,South Korea,17,Tunisia,28,4,0,10,2023,2.0,3.0,2.0767454340339824,1.8704127527602308,0.0,0.0,0.0,0.0,0,1834.0085408818732,1421.838255366744,30.0,30.0,0.0,0.0,4.5
1123356,2023-10-13T11:35:00+00:00,1697196900,,Dalian,Vietnam,1542,Uzbekistan,1568,0,2,10,2023,2.0,3.0,1.1273221500003194,2.108791055714775,0.0,0.0,0.0,0.0,0,1417.7922259726133,1425.3056138563138,3.0,30.0,0.0,0.0,4.5
1122369,2023-10-13T13:00:00+00:00,1697202000,M. Pechsri,Kuala Lumpur,Malaysia,1538,India,1537,4,2,10,2023,4.0,1.0,1.0890316622572336,0.8608187714469295,0.0,0.0,0.0,0.0,0,1436.9557765743818,1445.6046069365725,30.0,30.0,0.0,0.0,4.5
1137560,2023-10-13T14:00:00+00:00,1697205600,,Albufeira,Angola,1529,Mozambique,1512,1,1,10,2023,3.0,1.0,1.2384134929777808,1.248351367340374,0.0,0.0,0.0,0.0,0,1398.7049674252246,1400.0,30.0,30.0,0.0,0.0,4.5
1136357,2023-10-13T14:00:00+00:00,1697205600,,Malabo,Equatorial Guinea,1521,Burkina Faso,1502,0,0,10,2023,1.0,1.0,1.6381751087478955,0.6839193760429196,0.0,0.0,0.0,0.0,0,1400.0,1399.2253149702808,7.0,30.0,0.0,0.0,4.5
1119527,2023-10-13T16:00:00+00:00,1697212800,R. Molise,"Johannesburg, GA",South Africa,1531,Eswatini,2995,0,0,10,2023,5.0,2.0,2.202200494175325,1.2112024862337407,0.0,0.0,0.0,0.0,0,1410.28774368332,1400.0,30.0,7.0,0.0,0.0,4.5
1137687,2023-10-13T16:00:00+00:00,1697212800,,Setúbal,Guinea,1509,Guinea-Bissau,1513,1,0,10,2023,3.0,0.0,2.2457635763815245,1.0257945554929837,0.0,0.0,0.0,0.0,0,1399.5029107319435,1400.0,30.0,7.0,0.0,0.0,4.5
1132669,2023-10-13T16:00:00+00:00,1697212800,Luís Godinho,Portimão,Saudi Arabia,23,Nigeria,19,2,2,10,2023,2.0,2.0,1.845170258872905,2.3998317292057587,0.0,0.0,0.0,0.0,0,1380.2969209005405,1690.0,30.0,7.0,0.0,0.0,4.5
1133449,2023-10-13T16:00:00+00:00,1697212800,J. Barcelo,Murcia,New Zealand,4673,Congo DR,1508,1,1,10,2023,3.0,1.0,2.2649560031834923,1.898415295705634,0.0,0.0,0.0,0.0,0,1408.304099244543,1399.71225631668,30.0,30.0,0.0,0.0,4.5
1125814,2023-10-13T18:00:00+00:00,1697220000,Mohammed Al Hoaish,Amman,Jordan,1548,Iran,22,1,3,10,2023,4.0,1.0,1.0756597623571371,1.065125851309049,0.0,0.0,0.0,0.0,0,1407.627021619779,1865.1655380028517,30.0,30.0,0.0,0.0,4.5
1012351,2023-10-13T18:45:00+00:00,1697222700,"Stephanie Frappart, France",London,England,10,Australia,20,1,0,10,2023,2.0,2.0,0.5109387280592661,2.474858768159057,0.0,0.0,0.0,0.0,0,2042.4754136213787,1843.815159741639,30.0,30.0,0.0,0.0,4.5
1136358,2023-10-13T19:00:00+00:00,1697223600,,Bamako,Mali,1500,Uganda,1519,1,0,10,2023,1.0,3.0,1.061035464237148,1.477641711390058,0.0,0.0,0.0,0.0,0,1650.0,1390.0,7.0,30.0,0.0,0.0,4.5
1136025,2023-10-14T03:00:00+00:00,1697252400,,Nouméa,Papua New Guinea,8175,Vanuatu,5170,0,1,10,2023,1.0,2.0,1.4678321019771303,2.493643840405303,0.0,0.0,0.0,0.0,0,1372.4566479817356,1371.9400157328319,2.9166666666666665,3.0416666666666665,0.0,0.0,4.5
1136026,2023-10-14T06:00:00+00:00,1697263200,,Nouméa,Solomon Islands,5165,New Caledonia,5163,1,0,10,2023,2.0,1.0,1.263596700352075,1.3730862701943731,0.0,0.0,0.0,0.0,0,1428.07211334705,1418.3806846942557,3.1666666666666665,3.0416666666666665,0.0,0.0,4.5
1137561,2023-10-14T12:00:00+00:00,1697284800,,Khouribga,Liberia,1525,Libya,1526,2,3,10,2023,1.0,0.0,0.7765127008864021,1.0425954864636928,0.0,0.0,0.0,0.0,0,1390.0,1400.0,30.0,7.0,0.0,0.0,4.5
1137784,2023-10-14T15:30:00+00:00,1697297400,,Mohammédia,Sierra Leone,1499,Benin,1516,1,1,10,2023,2.0,2.0,2.319130780814242,0.8994766828291878,0.0,0.0,0.0,0.0,0,1400.0,1400.0,7.0,7.0,0.0,0.0,4.5
1137783,2023-10-14T15:30:00+00:00,1697297400,,Berrechid,Niger,1505,Somalia,8050,3,0,10,2023,3.0,0.0,1.3943665545182742,2.316149861303454,0.0,0.0,0.0,0.0,0,1400.0,1400.0,7.0,7.0,0.0,0.0,4.5
1135751,2023-10-14T17:00:00+00:00,1697302800,A. Ligali,Abidjan,Ivory Coast,1501,Morocco,31,1,1,10,2023,1.0,2.0,0.6697530939652159,0.5735858089079937,0.0,0.0,0.0,0.0,0,1660.0,1958.6740050420242,7.0,30.0,0.0,0.0,4.5
1137562,2023-10-14T18:30:00+00:00,1697308200,,Mohammédia,Mauritania,1491,Madagascar,1490,2,1,10,2023,2.0,1.0,0.6626391481560208,1.7791685671939332,0.0,0.0,0.0,0.0,0,1400.0,1400.0,7.0,7.0,0.0,0.0,4.5
1029482,2023-10-14T19:00:00+00:00,1697310000,"Fernando Guerrero Ramirez, Mexico","East Hartford, Connecticut",USA,2384,Germany,25,1,3,10,2023,1.0,4.0,1.824300673680408,1.348686611220396,0.0,0.0,0.0,0.0,0,1937.5838822820876,1901.2169637041015,30.0,30.0,0.0,0.0,4.5
1138749,2023-10-15T00:00:00+00:00,1697328000,,Ta'if,Sudan,1510,Tanzania,1489,1,1,10,2023,0.0,2.0,2.4081726380549675,1.317262314695277,0.0,0.0,0.0,0.0,0,1390.8369126932575,1400.0,30.0,7.0,0.0,0.0,4.5
1081945,2023-10-15T00:30:00+00:00,1697329800,J. Dickerson,"Charlotte, North Carolina",Mexico,16,Ghana,1504,2,0,10,2023,1.0,0.0,2.2497777984757965,1.8828823443199905,0.0,0.0,0.0,0.0,0,1913.4132092835212,1410.0,30.0,30.0,0.0,0.0,4.5
1136686,2023-10-15T07:00:00+00:00,1697353200,,Muharraq,Kyrgyzstan,1554,Philippines,1555,0,1,10,2023,3.0,0.0,2.261271112792805,1.4965241201871216,0.0,0.0,0.0,0.0,0,1391.3439575952023,1392.9380418193869,2.625,30.0,0.0,0.0,4.5
1123355,2023-10-16T11:35:00+00:00,1697456100,Tam Ping Wun,Dalian,China,1566,Uzbekistan,1568,1,2,10,2023,0.0,0.0,2.4337792274541448,1.330163742216668,0.0,0.0,0.0,0.0,0,1411.3245034242677,1435.0893948736245,6.0,3.0,0.0,0.0,4.5
1138346,2023-10-16T14:00:00+00:00,1697464800,,Lobatse,Botswana,1520,Eswatini,2995,2,1,10,2023,1.0,0.0,1.2802825915265048,0.6478353342324012,0.0,0.0,0.0,0.0,0,1400.0,1400.2960185560382,7.0,2.9166666666666665,0.0,0.0,4.5
1136019,2023-10-16T15:00:00+00:00,1697468400,Miguel Nogueira,Albufeira,Mozambique,1512,Nigeria,19,2,3,10,2023,3.0,4.0,1.966545034694688,1.6357178940044232,0.0,0.0,0.0,0.0,0,1399.9627261388514,1682.879168914816,3.0416666666666665,2.9583333333333335,0.0,0.0,4.5
1136474,2023-10-16T16:00:00+00:00,1697472000,A. Karaoğlan,Antalya,Kenya,1511,Russia,4,2,2,10,2023,5.0,2.0,2.26568692614668,1.169312719609075,0.0,0.0,0.0,0.0,0,1405.949246692079,1434.3809591297484,30.0,4.0,0.0,0.0,4.5
1135019,2023-10-16T16:00:00+00:00,1697472000,Yahya Almulla,Al Ain,Egypt,32,Algeria,1532,1,1,10,2023,1.0,4.0,1.1364897661513442,1.326030699326443,0.0,0.0,0.0,0.0,0,1670.0726445279438,1616.6684325234205,4.0,3.875,0.0,0.0,4.5
1134242,2023-10-16T18:30:00+00:00,1697481000,W. Delajod,Lens,Senegal,13,Cameroon,1530,1,0,10,2023,2.0,5.0,2.0449809894755377,1.7067022614209195,0.0,0.0,0.0,0.0,0,1886.9047782589175,1660.0482985296676,30.0,4.104166666666667,0.0,0.0,3.7
1138803,2023-10-17T00:00:00+00:00,1697500800,,Ta'if,Chad,1523,Sudan,1510,0,1,10,2023,6.0,6.0,0.8483250372651403,1.6427348621656774,0.0,0.0,0.0,0.0,0,1400.0,1391.1005864153758,7.0,2.0,0.0,0.0,4.5
1114143,2023-10-17T10:10:00+00:00,1697537400,Wang Di,Kobe,Japan,12,Tunisia,28,2,0,10,2023,2.0,2.0,1.3367935828743456,1.6952005923739115,0.0,0.0,0.0,0.0,0,1922.95103064323,1420.1326005126114,3.982638888888889,3.9652777777777777,0.0,0.0,4.5
1132670,2023-10-17T11:00:00+00:00,1697540400,Amirul Izwan Yaacob,Suwon,South Korea,17,Vietnam,1542,6,0,10,2023,1.0,0.0,1.216500108485575,0.5084799931933499,0.0,0.0,0.0,0.0,0,1835.7141957360059,1408.0084449553026,4.0,3.9756944444444446,0.0,0.0,4.5
1115484,2023-10-17T13:00:00+00:00,1697547600,"Nikola Dabanovic, Montenegro",Strumica,FYR Macedonia,1105,Armenia,1094,3,1,10,2023,1.0,1.0,1.9535291840114,1.0033579587702353,0.0,0.0,0.0,0.0,0,1410.0,1400.0,30.0,30.0,0.0,0.0,4.5
1138412,2023-10-17T13:00:00+00:00,1697547600,,Kuala Lumpur,Malaysia,1538,Tajikistan,1536,0,2,10,2023,2.0,1.0,0.8847146565820629,0.811053738975003,0.0,0.0,0.0,0.0,0,1447.2046585159055,1400.846238073697,4.0,30.0,0.0,0.0,4.5
1137563,2023-10-17T13:00:00+00:00,1697547600,,Fos-sur-Mer,Cape Verde Islands,1533,Comoros,1524,1,2,10,2023,4.0,2.0,1.4561728927561393,1.4474567020811129,0.0,0.0,0.0,0.0,0,1404.514573307594,1400.0,4.75,7.0,0.0,0.0,4.5
1136359,2023-10-17T14:30:00+00:00,1697553000,,Setúbal,Angola,1529,Congo DR,1508,0,0,10,2023,1.0,3.0,0.6623654653782034,0.6834174366676307,0.0,0.0,0.0,0.0,0,1398.7422412863732,1399.9594990373118,4.020833333333333,3.9375,0.0,0.0,4.5
1137558,2023-10-17T15:00:00+00:00,1697554800,,"Sharjah, Ajman",Zambia,1507,Uganda,1519,3,0,10,2023,1.0,1.0,1.7106331157583092,1.7767316262960329,0.0,0.0,0.0,0.0,0,1387.1775455954726,1386.3415766839994,4.958333333333333,3.8333333333333335,0.0,0.0,4.5
1126768,2023-10-17T15:00:00+00:00,1697554800,António Nobre,Portimão,Saudi Arabia,23,Mali,1500,1,3,10,2023,3.0,0.0,0.6484891692950061,0.8674550461362573,0.0,0.0,0.0,0.0,0,1387.4177519857244,1653.6584233160006,3.9583333333333335,3.8333333333333335,0.0,0.0,4.5
1138413,2023-10-17T15:30:00+00:00,1697556600,,Mohammédia,Madagascar,1490,Benin,1516,2,1,10,2023,1.0,1.0,1.3373467282720213,1.9944239806153992,0.0,0.0,0.0,0.0,0,1390.0,1400.0,2.875,3.0,0.0,0.0,4.5
1137786,2023-10-17T15:30:00+00:00,1697556600,,Berrechid,Libya,1526,Niger,1505,1,1,10,2023,2.0,2.0,1.5905306781586992,1.611022566572229,0.0,0.0,0.0,0.0,0,1409.71225631668,1410.0,3.1458333333333335,3.0,0.0,0.0,4.5
1137787,2023-10-17T15:30:00+00:00,1697556600,,Berrechid,Somalia,8050,Sierra Leone,1499,0,2,10,2023,3.0,0.0,1.4898343799593272,0.8680099294164358,0.0,0.0,0.0,0.0,0,1390.0,1400.0,3.0,3.0,0.0,0.0,4.5
1135485,2023-10-17T16:00:00+00:00,1697558400,Mohamed Adel,Dubai,United Arab Emirates,1563,Lebanon,1551,2,1,10,2023,1.0,2.0,0.5045088565194282,1.5096003017211397,0.0,0.0,0.0,0.0,0,1434.152859054404,1381.7848099151306,5.0,5.0,0.0,0.0,4.5
1137785,2023-10-17T16:00:00+00:00,1697558400,,Dubai,Syria,1565,Kuwait,1570,1,2,10,2023,3.0,2.0,0.7988795158106368,1.3938107314311972,0.0,0.0,0.0,0.0,0,1411.3850751271175,1425.2556797530608,30.0,5.0,0.0,0.0,4.5
1119714,2023-10-17T16:00:00+00:00,1697558400,,Muharraq,Bahrain,1547,Kyrgyzstan,1554,1,0,10,2023,2.0,2.0,0.9323585850472214,2.407678226433524,0.0,0.0,0.0,0.0,0,1401.6334895854197,1381.389838705399,5.0,2.375,0.0,0.0,4.5
1087030,2023-10-17T16:00:00+00:00,1697558400,"Mervan Bejtullahu, Kosovo",Tirana,Albania,778,Bulgaria,1103,2,0,10,2023,2.0,0.0,2.3756800430924945,1.404233451718668,0.0,0.0,0.0,0.0,0,1400.0,1398.6958449660574,7.0,30.0,0.0,0.0,4.5
1012352,2023-10-17T16:00:00+00:00,1697558400,"Tristin Farrugia Cann, Malta",Tallinn,Estonia,1101,Thailand,1564,1,1,10,2023,3.0,2.0,1.3085165940597416,2.4143485134335254,0.0,0.0,0.0,0.0,0,1408.0377666866325,1381.3969631799446,30.0,5.0,0.0,0.0,4.5
1136601,2023-10-17T18:00:00+00:00,1697565600,,São João da Venda,Guinea,1509,Guinea-Bissau,1513,1,1,10,2023,2.0,5.0,1.246120741836941,1.407333397632962,0.0,0.0,0.0,0.0,0,1409.5172181014125,1389.985692630531,4.083333333333333,4.083333333333333,0.0,0.0,4.5
1138455,2023-10-17T18:00:00+00:00,1697565600,Ahmad Ibrahim,Amman,Qatar,1569,Iran,22,0,4,10,2023,3.0,4.0,1.6369680585490745,0.8088774523557807,0.0,0.0,0.0,0.0,0,1404.0956604462613,1866.5054244413602,30.0,4.0,0.0,0.0,4.5
1136855,2023-10-17T18:30:00+00:00,1697567400,,Casablanca,Mauritania,1491,Burkina Faso,1502,1,2,10,2023,3.0,1.0,0.5789153498373152,0.7502317218047965,0.0,0.0,0.0,0.0,0,1410.0,1399.2476121608445,3.0,4.1875,0.0,0.0,4.5
1068053,2023-10-17T18:45:00+00:00,1697568300,S. Attwell,"Brentford, Middlesex",Australia,20,New Zealand,4673,2,0,10,2023,0.0,2.0,1.635329244354475,1.8983167617785843,0.0,0.0,0.0,0.0,0,1838.9818875131873,1408.0568565239112,4.0,4.114583333333333,0.0,0.0,4.5
1119528,2023-10-17T19:00:00+00:00,1697569200,B. Bado,Abidjan,Ivory Coast,1501,South Africa,1531,1,1,10,2023,2.0,0.0,0.864095049344608,1.483609142304171,0.0,0.0,0.0,0.0,0,1666.9607878941445,1409.9917251272818,3.0833333333333335,4.125,0.0,0.0,4.5
1028662,2023-10-17T19:00:00+00:00,1697569200,"Tobias Stieler, Germany",Villeneuve d'Ascq,France,2,Scotland,1108,4,1,10,2023,0.0,3.0,1.7338947867118872,2.4826736148481343,0.0,0.0,0.0,0.0,0,2104.114595724323,1697.5245863786213,30.0,30.0,0.0,0.0,4.5
1100249,2023-10-17T21:00:00+00:00,1697576400,F. Rodrigues,Maturín,Venezuela,2379,Chile,2383,3,0,34,2026,2.0,2.0,1.2,1.2,4.5,4.0,12.0,12.0,0,1740.9381431205384,1765.11426621813,4.854166666666667,4.875,0.0,0.0,4.5
1100250,2023-10-17T22:30:00+00:00,1697581800,G. Tejera,Asunción,Paraguay,2380,Bolivia,2381,1,0,34,2026,2.0,2.0,1.2,1.2,4.5,4.0,12.0,12.0,0,1632.304225056001,1397.9588500100679,4.979166666666667,4.979166666666667,0.0,0.0,4.125
1100248,2023-10-17T23:30:00+00:00,1697585400,F. Tello,Quito,Ecuador,2382,Colombia,8,0,0,34,2026,2.0,2.0,1.2,1.2,4.5,4.0,12.0,12.0,0,1792.0300325898124,1955.550811673377,5.020833333333333,5.125,0.0,0.0,4.5
1081946,2023-10-18T00:00:00+00:00,1697587200,"Rubiel Vazquez, USA","Philadelphia, Pennsylvania",Mexico,16,Germany,25,2,2,10,2023,1.0,3.0,1.6363590845553184,0.6394995202363316,0.0,0.0,0.0,0.0,0,1914.4583791353596,1912.2598816955585,2.9791666666666665,3.2083333333333335,0.0,0.0,4.5
1100251,2023-10-18T00:00:00+00:00,1697587200,A. Herrera,Montevideo,Uruguay,7,Brazil,6,2,0,34,2026,2.0,2.0,1.2,1.2,4.5,4.0,12.0,12.0,0,1965.416072664784,2021.3683710820812,5.145833333333333,4.979166666666667,0.0,0.0,4.5
1029483,2023-10-18T00:30:00+00:00,1697589000,M. Ortíz,"Nashville, Tennessee",USA,2384,Ghana,1504,4,0,10,2023,2.0,2.0,1.6999359020450782,1.987986617378963,0.0,0.0,0.0,0.0,0,1926.5409642906307,1408.9548301481616,3.2291666666666665,3.0,0.0,0.0,4.5
1100252,2023-10-18T02:00:00+00:00,1697594400,J. Valenzuela,Lima,Peru,30,Argentina,26,0,2,34,2026,2.0,2.0,1.2,1.2,4.5,4.0,12.0,12.0,0,1757.2918469854337,2147.8320318325086,5.083333333333333,5.125,0.0,0.0,4.5
1138802,2023-11-12T00:00:00+00:00,1699747200,B. Pineda,"Harrison, New Jersey",Guatemala,5161,Jamaica,2385,0,0,10,2023,0.0,4.0,0.6362508886555958,0.8358423698334276,0.0,0.0,0.0,0.0,0,1398.6127430095376,1515.3302757677893,30.0,30.0,0.0,0.0,4.5
1028663,2023-11-15T19:45:00+00:00,1700077500,"Marian Barbu, Romania",Heverlee,Belgium,1,Serbia,14,1,0,10,2023,1.0,1.0,2.2475584039335548,1.047309828360182,0.0,0.0,0.0,0.0,0,2037.0911671995555,1806.1753446645218,30.0,30.0,0.0,0.0,4.5
1012353,2023-11-16T17:00:00+00:00,1700154000,V. Thórarinsson,Oslo,Norway,1090,Faroe Islands,1098,2,0,10,2023,2.0,0.0,1.64786571367594,1.512572682068287,0.0,0.0,0.0,0.0,0,1723.0371364059317,1390.0,30.0,30.0,0.0,0.0,4.5
1100253,2023-11-16T20:00:00+00:00,1700164800,G. Guerrero,La Paz,Bolivia,2381,Peru,30,2,0,34,2026,2.0,2.0,1.2,1.2,4.5,4.0,12.0,12.0,0,1393.8381732245737,1755.3816292321653,29.895833333333332,29.75,0.0,0.0,4.5
1100254,2023-11-16T22:00:00+00:00,1700172000,J. Benitez,Maturín,Venezuela,2379,Ecuador,2382,0,0,34,2026,2.0,2.0,1.2,1.2,4.5,4.0,12.0,12.0,0,1751.6328669563554,1796.4172812516915,30.0,29.9375,0.0,0.0,4.5
1142259,2023-11-17T00:00:00+00:00,1700179200,J. Caban,Willemstad,Curaçao,5530,El Salvador,5159,1,1,10,2023,1.0,3.0,0.5083117850375143,1.0599822478531424,0.0,0.0,0.0,0.0,0,1399.738174526651,1397.6381163410138,30.0,30.0,0.0,0.0,4.5
1100255,2023-11-17T00:00:00+00:00,1700179200,A. M. Matonte Cabrera,Barranquilla,Colombia,8,Brazil,6,2,1,34,2026,2.0,2.0,1.2,1.2,4.5,4.0,12.0,12.0,0,1951.163563011498,2009.7717138063847,30.0,30.0,0.0,0.0,4.5
1100256,2023-11-17T00:00:00+00:00,1700179200,W. Roldan,Buenos Aires,Argentina,26,Uruguay,7,0,2,34,2026,2.0,2.0,1.2,1.2,4.5,4.0,12.0,12.0,0,2149.742249585777,1977.0127299404805,29.916666666666668,30.0,0.0,0.0,4.5
1100257,2023-11-17T00:30:00+00:00,1700181000,F. Rapallini,Santiago de Chile,Chile,2383,Paraguay,2380,0,0,34,2026,2.0,2.0,1.2,1.2,4.5,4.0,12.0,12.0,0,1754.419542382313,1636.4249018414953,30.0,30.0,0.0,0.0,4.5
1133448,2023-11-17T17:00:00+00:00,1700240400,"Luca Cibelli, Switzerland",Athens,Greece,1117,New Zealand,4673,2,0,10,2023,0.0,4.0,1.9565597651640647,1.523441343616106,0.0,0.0,0.0,0.0,0,1604.5980664667804,1406.5122734108313,30.0,30.0,0.0,0.0,4.5
1141196,2023-11-17T18:00:00+00:00,1700244000,B. Lepaysant,Saint-Brieuc,Stade Briochin,3229,Concarneau,1300,3,3,66,2023,3.0,1.0,1.1501898302345064,1.7826425834259372,0.0,0.0,0.0,0.0,0,1400.0,1400.0,7.0,7.0,0.0,0.0,4.5
1141197,2023-11-17T18:00:00+00:00,1700244000,G. Henry,Les Herbiers,Les Herbiers,1308,Avranches,1303,2,1,66,2023,0.0,0.0,2.019352433296053,2.0532687503975904,0.0,0.0,0.0,0.0,0,1400.0,1400.0,7.0,7.0,0.0,0.0,4.5
1141225,2023-11-17T18:30:00+00:00,1700245800,M. Leleu,Montbéliard,Sochaux,115,Jura Sud Foot,9255,2,1,66,2023,1.0,2.0,2.4740471790649887,1.5467702521388722,0.0,0.0,0.0,0.0,0,1400.0,1400.0,7.0,7.0,0.0,0.0,4.5
1141247,2023-11-17T18:30:00+00:00,1700245800,R. Delpech,Villefranche-sur-Saône,Villefranche,1302,Grenoble,101,1,2,66,2023,1.0,2.0,1.2957097550147112,1.9282317062690748,0.0,0.0,0.0,0.0,0,1400.0,1400.0,7.0,7.0,0.0,0.0,4.5
1141236,2023-11-17T19:00:00+00:00,1700247600,K. Abed,Perpignan,Canet Roussillon,3030,Bordeaux,78,1,1,66,2023,3.0,1.0,1.414560981698634,1.906213850654252,0.0,0.0,0.0,0.0,0,1400.0,1400.0,7.0,7.0,0.0,0.0,4.5
1141249,2023-11-18T12:45:00+00:00,1700311500,A. Petit,Bourg-en-Bresse,Bourg-en-bresse 01,430,Saint Etienne,1063,0,3,66,2023,0.0,5.0,1.1089286510564604,1.5083786204824323,0.0,0.0,0.0,0.0,0,1400.0,1400.0,7.0,7.0,0.0,0.0,4.5
1141205,2023-11-18T12:45:00+00:00,1700311500,O. Thual,Châteauroux,Chateauroux,107,RED Star FC 93,104,2,1,66,2023,3.0,4.0,1.9520651922725287,0.9215853960992104,0.0,0.0,0.0,0.0,0,1400.0,1400.0,7.0,7.0,0.0,0.0,4.5
1141216,2023-11-18T12:45:00+00:00,1700311500,A. Valnet,Épinal,Epinal,1309,Estac Troyes,110,2,1,66,2023,5.0,5.0,2.1066577685538967,0.8233740020937468,0.0,0.0,0.0,0.0,0,1400.0,1400.0,7.0,7.0,0.0,0.0,4.5
1141245,2023-11-18T13:00:00+00:00,1700312400,J. Rouquette,Pomeys,Hauts Lyonnais,3187,Neuville,13741,2,0,66,2023,1.0,2.0,0.6407456728432619,1.9518489224633275,0.0,0.0,0.0,0.0,0,1400.0,1400.0,7.0,7.0,0.0,0.0,4.5
1141259,2023-11-18T13:00:00+00:00,1700312400,B. Roffet,Ivry-sur-Seine,Villejuif,22752,Paris FC,114,2,2,66,2023,4.0,2.0,0.9729420715032896,1.4849127480028528,0.0,0.0,0.0,0.0,0,1400.0,1400.0,7.0,7.0,0.0,0.0,4.5
1141221,2023-11-18T13:00:00+00:00,1700312400,G. Kubler,Chaumont,Chaumont,3165,Dunkerque,1304,0,1,66,2023,1.0,1.0,1.5038524700425302,1.2037835450903238,0.0,0.0,0.0,0.0,0,1400.0,1400.0,7.0,7.0,0.0,0.0,4.5
1141214,2023-11-18T13:00:00+00:00,1700312400,F. Gazon,Saint-Mesmin,Saint-Meziery,16413,Pirae,8143,1,0,66,2023,2.0,5.0,1.9634853136266164,1.8631690735929944,0.0,0.0,0.0,0.0,0,1400.0,1400.0,7.0,7.0,0.0,0.0,4.5
1141226,2023-11-18T13:00:00+00:00,1700312400,A. Perreau Niel,Hombourg-Haut,Hombourg-Haut,9282,Amiens,87,0,3,66,2023,1.0,2.0,1.5059864161907623,2.0028501020675464,0.0,0.0,0.0,0.0,0,1400.0,1400.0,7.0,7.0,0.0,0.0,4.5
1141270,2023-11-18T13:00:00+00:00,1700312400,S. Chamel,Muret,Lavernose Lherm,22806,Orleans,103,0,4,66,2023,1.0,3.0,2.4143204082802256,1.1030323505809698,0.0,0.0,0.0,0.0,0,1400.0,1400.0,7.0,7.0,0.0,0.0,4.5
1141243,2023-11-18T13:00:00+00:00,1700312400,A. Kherradji,Lyon,Lyon Duchere,1295,Bastia,1305,4,1,66,2023,0.0,1.0,1.3360822535668333,1.0597156757035917,0.0,0.0,0.0,0.0,0,1400.0,1400.0,7.0,7.0,0.0,0.0,4.5
1141217,2023-11-18T13:00:00+00:00,1700312400,M. Plat,Bondues,Bondues,20599,Feignies-Aulnoye,3176,0,1,66,2023,0.0,2.0,1.5420084040134936,1.531215326596139,0.0,0.0,0.0,0.0,0,1400.0,1400.0,7.0,7.0,0.0,0.0,4.5
1141254,2023-11-18T13:00:00+00:00,1700312400,A. Djedid,Villeneuve d'Ascq,Provin,22743,Laval,433,0,5,66,2023,2.0,5.0,1.465914539402904,2.349119979402744,0.0,0.0,0.0,0.0,0,1400.0,1400.0,7.0,7.0,0.0,0.0,4.5
1141218,2023-11-18T13:00:00+00:00,1700312400,J. Reynet,Itancourt,Entente Itancourt-Neu.,3171,Croix Football IC,3043,3,2,66,2023,2.0,4.0,1.690459923247536,2.3209220099528105,0.0,0.0,0.0,0.0,0,1400.0,1400.0,7.0,7.0,0.0,0.0,4.5
1141208,2023-11-18T13:00:00+00:00,1700312400,W. Toulliou,Gonfreville-l'Orcher,Houilles,3188,Angers,77,0,2,66,2023,1.0,1.0,2.123687032236832,1.4177813485972708,0.0,0.0,0.0,0.0,0,1400.0,1400.0,7.0,7.0,0.0,0.0,4.5
1141261,2023-11-18T13:30:00+00:00,1700314200,S. Llewellyn,Doullens,Doullens,22733,Dijon,89,0,6,66,2023,3.0,3.0,0.9552582148137448,0.5704509407114686,0.0,0.0,0.0,0.0,0,1400.0,1400.0,7.0,7.0,0.0,0.0,4.5
1141193,2023-11-18T13:30:00+00:00,1700314200,N. Rainville,Nouméa,Hienghène Sport,8002,Thionville Lusitanos,22039,0,4,66,2023,3.0,2.0,1.0612106092860314,2.066097505545024,0.0,0.0,0.0,0.0,0,1400.0,1400.0,7.0,7.0,0.0,0.0,4.5
1141229,2023-11-18T14:00:00+00:00,1700316000,R. Landry,Haguenau,Haguenau,3058,Valenciennes,105,0,2,66,2023,3.0,2.0,2.0204057789972367,1.5230722075966223,0.0,0.0,0.0,0.0,0,1400.0,1400.0,7.0,7.0,0.0,0.0,4.5
1141272,2023-11-18T14:00:00+00:00,1700316000,S. Zolota,Alès,Olympique d'Alès,3093,Rosador,22747,6,1,66,2023,1.0,1.0,2.131661123320824,1.2351856394429852,0.0,0.0,0.0,0.0,0,1400.0,1400.0,7.0,7.0,0.0,0.0,4.5
1141233,2023-11-18T14:00:00+00:00,1700316000,T. Leprodhomme,Liffré,Liffré,3197,Rodez,1301,0,3,66,2023,5.0,3.0,2.057359149780804,2.466412766891672,0.0,0.0,0.0,0.0,0,1400.0,1400.0,7.0,7.0,0.0,0.0,4.5
1141268,2023-11-18T14:00:00+00:00,1700316000,M. Jamet,Coulaines,Coulaines,22732,Cholet,1292,2,1,66,2023,2.0,0.0,1.6558015302958429,1.800883204582001,0.0,0.0,0.0,0.0,0,1400.0,1400.0,7.0,7.0,0.0,0.0,4.5
1141256,2023-11-18T15:00:00+00:00,1700319600,P. Revel,Le Plessis-Robinson,Plessis Robinson 92,13708,Brissac,22729,2,1,66,2023,0.0,0.0,1.0961515017524197,1.1111833967370806,0.0,0.0,0.0,0.0,0,1400.0,1400.0,7.0,7.0,0.0,0.0,4.5
1141244,2023-11-18T15:00:00+00:00,1700319600,R. Chapapria,Thonon-les-Bains,Thonon Évian,9313,Aubagne,9930,2,2,66,2023,1.0,1.0,1.766125362166501,1.8968520236873243,0.0,0.0,0.0,0.0,0,1400.0,1400.0,7.0,7.0,0.0,0.0,4.5
1141242,2023-11-18T16:00:00+00:00,1700323200,A. Souifi,Saint-Paulien,Velay,15121,Martigues,3200,1,3,66,2023,3.0,4.0,1.406357716441935,1.7630916839453863,0.0,0.0,0.0,0.0,0,1400.0,1400.0,7.0,7.0,0.0,0.0,4.5
1141251,2023-11-18T16:00:00+00:00,1700323200,A. Baert,Fos-sur-Mer,Fos,22030,Annecy,3012,1,2,66,2023,0.0,1.0,1.274112922159818,1.420098091501373,0.0,0.0,0.0,0.0,0,1400.0,1400.0,7.0,7.0,0.0,0.0,4.5
1141219,2023-11-18T16:00:00+00:00,1700323200,E. Barenton,Loon-Plage,Loon-Plage,13654,Caen,88,0,3,66,2023,7.0,1.0,0.8568719230664474,1.3476656871894532,0.0,0.0,0.0,0.0,0,1400.0,1400.0,7.0,7.0,0.0,0.0,4.5
1141227,2023-11-18T16:00:00+00:00,1700323200,C. Tani,Sarre-Union,Sarre Union,3297,APM Metz,3245,1,0,66,2023,2.0,3.0,2.3333677539521323,1.6002920675607268,0.0,0.0,0.0,0.0,0,1400.0,1400.0,7.0,7.0,0.0,0.0,4.5
1141212,2023-11-18T16:00:00+00:00,1700323200,V. Beyer,Cosne-Cours-sur-Loire,Union Cosnoise,16417,Chantilly,3162,1,0,66,2023,1.0,3.0,1.3077452894597217,1.1443540982420175,0.0,0.0,0.0,0.0,0,1400.0,1400.0,7.0,7.0,0.0,0.0,4.5
1141231,2023-11-18T17:00:00+00:00,1700326800,M. Apruzzese,Blagnac,Blagnac,3251,Bayonne,10166,1,0,66,2023,3.0,1.0,1.97004001855338,1.543369510623919,0.0,0.0,0.0,0.0,0,1400.0,1400.0,7.0,7.0,0.0,0.0,4.5
1141250,2023-11-18T17:00:00+00:00,1700326800,J. Schmitt,Cannes,Cannes,9932,Bourgoin-Jallieu,9268,2,1,66,2023,1.0,3.0,1.9640645049118408,2.3550006154428966,0.0,0.0,0.0,0.0,0,1400.0,1400.0,7.0,7.0,0.0,0.0,4.5
1141203,2023-11-18T17:00:00+00:00,1700326800,R. Zamo,Caen,AG Caennaise,3007,Drapeau Fougères,9959,2,1,66,2023,3.0,3.0,2.2815598150144982,0.6409571248037385,0.0,0.0,0.0,0.0,0,1400.0,1400.0,7.0,7.0,0.0,0.0,4.5
1141263,2023-11-18T17:00:00+00:00,1700326800,L. L'Henoret,Calais,RC Calais,22744,Longueau,3072,2,1,66,2023,3.0,0.0,1.9367724943114808,2.3884599842304297,0.0,0.0,0.0,0.0,0,1400.0,1400.0,7.0,7.0,0.0,0.0,4.5
1141253,2023-11-18T17:00:00+00:00,1700326800,Y. Gagnant,Pontivy,Pontivy GSI,3098,Plougastel,22742,2,0,66,2023,2.0,4.0,1.6271173066773803,0.9571326644576286,0.0,0.0,0.0,0.0,0,1400.0,1400.0,7.0,7.0,0.0,0.0,4.5
1141238,2023-11-18T17:00:00+00:00,1700326800,E. Rochebilière,Buxerolles,Poitiers,3097,Castanet,15115,0,3,66,2023,2.0,0.0,1.945780302114611,0.7145363380732039,0.0,0.0,0.0,0.0,0,1400.0,1400.0,7.0,7.0,0.0,0.0,4.5
1141202,2023-11-18T17:00:00+00:00,1700326800,M. Lesage,Saint-Malo,Saint-Malo,3108,Guingamp,90,2,2,66,2023,1.0,0.0,2.4432782858116404,1.6613512731276594,0.0,0.0,0.0,0.0,0,1400.0,1400.0,7.0,7.0,0.0,0.0,4.5
1141265,2023-11-18T17:00:00+00:00,1700326800,S. Préaux,Saint-André-des-Eaux,St-Aubin Guérande,22751,Revel,22745,0,3,66,2023,3.0,4.0,2.0294942414633868,1.9058623098572407,0.0,0.0,0.0,0.0,0,1400.0,1400.0,7.0,7.0,0.0,0.0,4.5
1141211,2023-11-18T17:00:00+00:00,1700326800,T. Vincent,Mâcon,Mâcon,3277,Louhans-Cuiseaux,3073,1,2,66,2023,0.0,2.0,2.35635364726131,0.9995324177449558,0.0,0.0,0.0,0.0,0,1400.0,1400.0,7.0,7.0,0.0,0.0,4.5
1141240,2023-11-18T17:00:00+00:00,1700326800,V. Ougier,Saint-Étienne,Roche Saint-Genest,13709,Saint-Priest,3296,1,2,66,2023,1.0,1.0,0.8195466650466365,0.6198931057301207,0.0,0.0,0.0,0.0,0,1400.0,1400.0,7.0,7.0,0.0,0.0,4.5
1141198,2023-11-18T17:00:00+00:00,1700326800,J. Gueguen,Dinan,Dinan Léhon,9275,TA Rennes,3310,3,1,66,2023,2.0,1.0,2.2249852635775715,2.0341906612738354,0.0,0.0,0.0,0.0,0,1400.0,1400.0,7.0,7.0,0.0,0.0,4.5
1141194,2023-11-18T17:00:00+00:00,1700326800,T. Rocaboy,Plabennec,Stade Plabennec,9311,Challans,3032,1,1,66,2023,4.0,3.0,1.2081443478832672,2.4939609607733297,0.0,0.0,0.0,0.0,0,1400.0,1400.0,7.0,7.0,0.0,0.0,4.5
1141228,2023-11-18T17:00:00+00:00,1700326800,R. Perpinan,Colmar,Colmar,13583,Pontarlier,3214,0,1,66,2023,1.0,2.0,0.6489289774378766,1.2839029257594416,0.0,0.0,0.0,0.0,0,1400.0,1400.0,7.0,7.0,0.0,0.0,4.5
1141248,2023-11-18T17:00:00+00:00,1700326800,T. Kani,Chambéry,Chambéry,9969,Volvic,3139,1,0,66,2023,0.0,1.0,2.150549168080272,2.224264697901898,0.0,0.0,0.0,0.0,0,1400.0,1400.0,7.0,7.0,0.0,0.0,4.5
1141230,2023-11-18T17:30:00+00:00,1700328600,D. De Quarti,Mulhouse,Mulhouse,3205,Jura Dolois,9937,2,1,66,2023,3.0,4.0,2.267267628743073,0.8974898261898958,0.0,0.0,0.0,0.0,0,1400.0,1400.0,7.0,7.0,0.0,0.0,4.5
1141237,2023-11-18T17:30:00+00:00,1700328600,P. Retail,Vierzon,Vierzon FC,19617,Angoulême,3011,0,1,66,2023,0.0,1.0,1.8070962759284088,1.376646631946132,0.0,0.0,0.0,0.0,0,1400.0,1400.0,7.0,7.0,0.0,0.0,4.5
1141260,2023-11-18T17:30:00+00:00,1700328600,A. Ustaritz,Amiens,Montdidier,22740,Quevilly,431,0,4,66,2023,1.0,2.0,1.825244386517804,0.7095160524926001,0.0,0.0,0.0,0.0,0,1400.0,1400.0,7.0,7.0,0.0,0.0,4.5
1141267,2023-11-18T17:30:00+00:00,1700328600,L. Beulet,Aizenay,France Aizenay,22735,Libourne,13609,1,2,66,2023,0.0,2.0,1.1800142583178523,2.2862709810428754,0.0,0.0,0.0,0.0,0,1400.0,1400.0,7.0,7.0,0.0,0.0,4.5
1141885,2023-11-18T18:00:00+00:00,1700330400,V. Giorgetti,Arcachon,Bassin d'Arcachon Sud,3249,Saumur,3225,2,1,66,2023,1.0,2.0,1.6764158627064512,2.171376659296416,0.0,0.0,0.0,0.0,0,1400.0,1400.0,7.0,7.0,0.0,0.0,4.5
1141215,2023-11-18T18:00:00+00:00,1700330400,G. Deneuve,Saint-Omer,Saint-Omer,3109,Saint-Denis,18149,1,1,66,2023,0.0,1.0,1.2088010624739365,0.6528954514621172,0.0,0.0,0.0,0.0,0,1400.0,1400.0,7.0,7.0,0.0,0.0,4.5
1141232,2023-11-18T18:00:00+00:00,1700330400,P. Legat,Chauray,Chauray,3037,PAU,1297,0,1,66,2023,3.0,2.0,2.373378170283919,1.692949092504739,0.0,0.0,0.0,0.0,0,1400.0,1400.0,7.0,7.0,0.0,0.0,4.5
1141235,2023-11-18T19:00:00+00:00,1700334000,T. Bonnot,Montlouis-sur-Loire,Montlouis,9293,Bergerac,3022,0,4,66,2023,2.0,0.0,2.282558138014988,2.247011623010075,0.0,0.0,0.0,0.0,0,1400.0,1400.0,7.0,7.0,0.0,0.0,4.5
1137559,2023-11-18T19:45:00+00:00,1700336700,"Bartosz Frankowski, Poland",Berlin,Germany,25,Türkiye,777,2,3,10,2023,4.0,2.0,0.8604675997901814,1.121066296460666,0.0,0.0,0.0,0.0,0,1912.3231586939041,1399.0436254269332,30.0,30.0,0.0,0.0,4.5
1141222,2023-11-19T13:00:00+00:00,1700398800,A. Mercier,Jarville-la-Malgrange,Jarville,3268,Sarreguemines,3113,2,4,66,2023,1.0,1.0,1.2027666124820635,1.9800759332029576,0.0,0.0,0.0,0.0,0,1400.0,1400.0,7.0,7.0,0.0,0.0,4.5
1141258,2023-11-19T13:00:00+00:00,1700398800,J. Esponde,Le Quesnoy,Le Quesnoy,22739,Métropole Troyenne,9943,1,4,66,2023,0.0,2.0,1.971945454889111,0.5063330841885902,0.0,0.0,0.0,0.0,0,1400.0,1400.0,7.0,7.0,0.0,0.0,4.5
1141207,2023-11-19T13:00:00+00:00,1700398800,A. Chancioux,Torcy,Torcy,9967,Fleury 91,3179,0,1,66,2023,3.0,4.0,1.1455636639402524,0.9547691400677648,0.0,0.0,0.0,0.0,0,1400.0,1400.0,7.0,7.0,0.0,0.0,4.5
1141257,2023-11-19T13:00:00+00:00,1700398800,G. Danglade,Villers-sur-Mer,Villers Houlgate CF,3135,FC Equeurdreville,22734,4,0,66,2023,0.0,1.0,2.293259118154604,2.3802220142079493,0.0,0.0,0.0,0.0,0,1400.0,1400.0,7.0,7.0,0.0,0.0,4.5
1141266,2023-11-19T13:00:00+00:00,1700398800,E. Daupeux,Villenave d'Ornon,Villenave,13716,Isle,22737,1,0,66,2023,3.0,1.0,0.8660667616694979,1.6457997982134729,0.0,0.0,0.0,0.0,0,1400.0,1400.0,7.0,7.0,0.0,0.0,4.5
1141659,2023-11-19T13:00:00+00:00,1700398800,M. Michout,Camon,Camon,13721,Chambly Thelle FC,1291,2,5,66,2023,4.0,1.0,0.9775962230483208,1.510024776140818,0.0,0.0,0.0,0.0,0,1400.0,1400.0,7.0,7.0,0.0,0.0,4.5
1141252,2023-11-19T13:00:00+00:00,1700398800,E. Douart,Châteaugiron,Châteaugiron,22731,Vitré,3138,0,6,66,2023,3.0,3.0,1.7638783229156652,1.243931156504793,0.0,0.0,0.0,0.0,0,1400.0,1400.0,7.0,7.0,0.0,0.0,4.5
1141264,2023-11-19T13:00:00+00:00,1700398800,A. Guillon,Schweighouse-sur-Moder,Schweighouse s/Moder,22748,Thaon,3123,2,3,66,2023,4.0,1.0,0.7541457730222838,1.4813872552512066,0.0,0.0,0.0,0.0,0,1400.0,1400.0,7.0,7.0,0.0,0.0,4.5
1141209,2023-11-19T13:00:00+00:00,1700398800,V. Cardon,Laon,US Laon,13674,Racing Colombes 92,3218,1,2,66,2023,3.0,2.0,1.615614289873488,1.26230833811948,0.0,0.0,0.0,0.0,0,1400.0,1400.0,7.0,7.0,0.0,0.0,4.5
1141275,2023-11-19T13:00:00+00:00,1700398800,A. Taleb,Roanne,Roannais Foot,22746,Nimes,92,1,3,66,2023,4.0,2.0,0.906041980523254,2.3090986777037115,0.0,0.0,0.0,0.0,0,1400.0,1400.0,7.0,7.0,0.0,0.0,4.5
1141199,2023-11-19T13:00:00+00:00,1700398800,Y. Flament,Dives-sur-Mer,Dives-Cabourg,3261,Dieppe,9274,2,3,66,2023,4.0,3.0,1.6582167358797864,1.767057240189328,0.0,0.0,0.0,0.0,0,1400.0,1400.0,7.0,7.0,0.0,0.0,4.5
1141204,2023-11-19T13:00:00+00:00,1700398800,A. Grizon,Saint-Philbert-de-Grand-Lieu,St-Philbert Gd Lieu,15110,Le Poiré sur Vie,3068,2,0,66,2023,1.0,5.0,2.2092001300321664,0.6617016928904473,0.0,0.0,0.0,0.0,0,1400.0,1400.0,7.0,7.0,0.0,0.0,4.5
1141255,2023-11-19T13:00:00+00:00,1700398800,B. Lalbie,Douvres-la-Délivrande,JS Douvres,22738,Choisy au Bac,3166,2,1,66,2023,5.0,0.0,2.0891425327304,2.3056470156611315,0.0,0.0,0.0,0.0,0,1400.0,1400.0,7.0,7.0,0.0,0.0,4.5
1141246,2023-11-19T13:00:00+00:00,1700398800,W. Bertolotti,Feurs,Feurs,3177,Espaly-Saint-Marcel,13601,2,1,66,2023,6.0,2.0,0.7073411789946293,0.5260894804386975,0.0,0.0,0.0,0.0,0,1400.0,1400.0,7.0,7.0,0.0,0.0,4.5
1141487,2023-11-19T13:00:00+00:00,1700398800,R. Bénéteau,La Rochelle,Aunis Avenir,22756,Stade Mayennais,22757,0,1,66,2023,2.0,4.0,1.9780628282457229,2.37268191258969,0.0,0.0,0.0,0.0,0,1400.0,1400.0,7.0,7.0,0.0,0.0,4.5
1141274,2023-11-19T13:00:00+00:00,1700398800,G. Janin,Grenoble,Seyssins,22749,Le Puy Foot,3069,0,2,66,2023,4.0,2.0,2.097437118899779,2.3424519717487007,0.0,0.0,0.0,0.0,0,1400.0,1400.0,7.0,7.0,0.0,0.0,4.5
1141220,2023-11-19T13:00:00+00:00,1700398800,E. Rosier,Reims,Reims Sainte-Anne,9303,Boulogne,1299,1,1,66,2023,1.0,4.0,1.5490590422022474,2.405519291421807,0.0,0.0,0.0,0.0,0,1400.0,1400.0,7.0,7.0,0.0,0.0,4.5
1141239,2023-11-19T13:00:00+00:00,1700398800,V. Petigny,Auch,Auch,3014,Romorantin,3220,0,4,66,2023,1.0,1.0,1.066492841295233,2.30188383272091,0.0,0.0,0.0,0.0,0,1400.0,1400.0,7.0,7.0,0.0,0.0,4.5
1141206,2023-11-19T13:00:00+00:00,1700398800,H. Dutech,Nœux-les-Mines,Nœux-les-Mines,3207,Avoine OCC,3151,2,2,66,2023,1.0,3.0,1.9926131233232924,1.2608078382293613,0.0,0.0,0.0,0.0,0,1400.0,1400.0,7.0,7.0,0.0,0.0,4.5
1141223,2023-11-19T13:00:00+00:00,1700398800,Y. Gazagnes,Villerupt,Villerupt Thil,13675,Biesheim,3025,0,2,66,2023,1.0,3.0,2.354676073857036,1.2350601123903295,0.0,0.0,0.0,0.0,0,1400.0,1400.0,7.0,7.0,0.0,0.0,4.5
1141271,2023-11-19T13:00:00+00:00,1700398800,C. Mouysset,Morlaas,Morlaas Est-Bearn,22741,Panazol,13618,0,1,66,2023,1.0,1.0,0.8450482739075222,2.160073324482537,0.0,0.0,0.0,0.0,0,1400.0,1400.0,7.0,7.0,0.0,0.0,4.5
1141210,2023-11-19T13:00:00+00:00,1700398800,G. Paradis,Noisy-le-Sec,Noisy-le-Sec,13615,Furiani-Agliani,3181,0,2,66,2023,1.0,0.0,1.5736393626025926,1.4875573960067612,0.0,0.0,0.0,0.0,0,1400.0,1400.0,7.0,7.0,0.0,0.0,4.5
1141438,2023-11-19T13:00:00+00:00,1700398800,F. Della Tomasina,Les Ulis,Saint-Michel 91,22755,Entente S St Gratien,1294,0,2,66,2023,3.0,3.0,0.5332980595882375,2.495217387746849,0.0,0.0,0.0,0.0,0,1400.0,1400.0,7.0,7.0,0.0,0.0,4.5
1141276,2023-11-19T13:00:00+00:00,1700398800,L. Lungeri,Fabregues,Fabrègues,3175,Squadra Valincu ARR,22750,2,2,66,2023,2.0,3.0,0.6565900258942023,1.7439190217028766,0.0,0.0,0.0,0.0,0,1400.0,1400.0,7.0,7.0,0.0,0.0,4.5
1141195,2023-11-19T13:00:00+00:00,1700398800,R. Rétif,Paimpol,Paimpol,9301,Flers,22036,2,1,66,2023,1.0,2.0,1.7275803138572436,2.0811613360975043,0.0,0.0,0.0,0.0,0,1400.0,1400.0,7.0,7.0,0.0,0.0,4.5
1141201,2023-11-19T14:00:00+00:00,1700402400,J. Lomi,Pontivy,Stade Pontivy,3119,Rouen,3221,1,2,66,2023,5.0,1.0,1.8340445033496144,0.902645921185609,0.0,0.0,0.0,0.0,0,1400.0,1400.0,7.0,7.0,0.0,0.0,4.5
1141200,2023-11-19T14:00:00+00:00,1700402400,L. Olivier,Ergue Gaberic,Ergué-Gaberic,9960,Saint-Renan,13626,3,1,66,2023,3.0,0.0,1.2241364563051562,2.393465381429843,0.0,0.0,0.0,0.0,0,1400.0,1400.0,7.0,7.0,0.0,0.0,4.5
1141234,2023-11-19T14:00:00+00:00,1700402400,F. Benchabane,Toulouse,Toulouse Métropole,18155,Ajaccio,98,1,4,66,2023,4.0,1.0,1.3550500270266712,0.5638230311536547,0.0,0.0,0.0,0.0,0,1400.0,1400.0,7.0,7.0,0.0,0.0,4.5
994032,2023-11-19T16:00:00+00:00,1700409600,"Marcel Barsan, Romania",Kolossi,Cyprus,1106,Lithuania,1097,1,0,10,2023,1.0,2.0,2.3128216046823606,2.040198764286891,0.0,0.0,0.0,0.0,0,1400.0,1405.4019335332196,30.0,30.0,0.0,0.0,4.5
1141287,2023-11-20T16:30:00+00:00,1700497800,A. Kulbakov,Volgograd,Russia,4,Cuba,2388,8,0,10,2023,0.0,2.0,1.1278355712631294,1.8566640685971847,0.0,0.0,0.0,0.0,0,1433.5644504747772,1397.0365305250527,30.0,30.0,0.0,0.0,4.5
1142260,2023-11-21T00:00:00+00:00,1700524800,J. Caban,Willemstad,Curaçao,5530,El Salvador,5159,1,1,10,2023,2.0,1.0,2.2841984975965968,1.9677450812436936,0.0,0.0,0.0,0.0,0,1399.677730729354,1397.6985601383108,4.0,4.0,0.0,0.0,4.5
1117888,2023-11-21T19:45:00+00:00,1700595900,"Slavko Vincic, Slovenia",Wien,Austria,775,Germany,25,2,0,10,2023,1.0,3.0,0.6726618511538787,1.3632873291202317,0.0,0.0,0.0,0.0,0,1821.5521897885876,1893.3134796109714,30.0,3.0,0.0,0.0,4.5
1043108,2023-11-21T19:45:00+00:00,1700595900,"Ondrej Berka, Czech Republic",Warszawa,Poland,24,Latvia,1092,2,0,10,2023,2.0,5.0,1.90673489985963,2.404525422870984,0.0,0.0,0.0,0.0,0,1822.9756729643032,1390.0,30.0,30.0,0.0,0.0,4.5
1124143,2023-11-21T19:45:00+00:00,1700595900,"Urs Schnyder, Switzerland",Dublin,Rep. Of Ireland,776,New Zealand,4673,1,1,10,2023,3.0,4.0,1.8076322954615989,2.430604537236464,0.0,0.0,0.0,0.0,0,1410.0,1401.666870365698,30.0,4.114583333333333,0.0,0.0,4.5
1100260,2023-11-21T23:00:00+00:00,1700607600,J. Valenzuela,Asunción,Paraguay,2380,Colombia,8,0,1,34,2026,2.0,2.0,1.2,1.2,4.5,4.0,12.0,12.0,0,1639.6962460535597,1962.8346208714117,4.9375,4.958333333333333,0.0,0.0,4.5
1100261,2023-11-21T23:30:00+00:00,1700609400,K. Ortega,Montevideo,Uruguay,7,Bolivia,2381,3,0,34,2026,2.0,2.0,1.2,1.2,4.5,4.0,12.0,12.0,0,1991.6115017913526,1411.6194446738202,4.979166666666667,5.145833333333333,0.0,0.0,4.125
1100259,2023-11-21T23:30:00+00:00,1700609400,A. Daronco,Quito,Ecuador,2382,Chile,2383,1,0,34,2026,2.0,2.0,1.2,1.2,4.5,4.0,12.0,12.0,0,1795.135374049242,1751.1481981702486,5.0625,4.958333333333333,0.0,0.0,4.5
1100258,2023-11-22T00:30:00+00:00,1700613000,P. Maza,Rio de Janeiro,Brazil,6,Argentina,26,0,1,34,2026,2.0,2.0,1.2,1.2,4.5,4.0,12.0,12.0,0,1998.1006559464709,2135.143477734905,5.020833333333333,5.020833333333333,0.0,0.0,3.9166666666666665
1100262,2023-11-22T02:00:00+00:00,1700618400,D. Herrera,Lima,Peru,30,Venezuela,2379,1,1,34,2026,2.0,2.0,1.2,1.2,4.5,4.0,12.0,12.0,0,1737.6003577829188,1752.914774158805,5.25,5.166666666666667,0.0,0.0,4.125
1141269,2023-12-02T13:00:00+00:00,1701522000,L. L'Henoret,La Rochelle,Étoile Maritime,22753,Trélissac,9246,2,2,66,2023,1.0,0.0,2.380604199749036,0.9161428938495824,0.0,0.0,0.0,0.0,0,1400.0,1400.0,7.0,7.0,0.0,0.0,4.5
1143627,2023-12-09T12:30:00+00:00,1702125000,J. Gueguen,Douvres-la-Délivrande,JS Douvres,22738,Chateauroux,107,1,5,66,2023,1.0,1.0,1.4623400097629924,1.1363097648278817,0.0,0.0,0.0,0.0,0,1410.0,1410.0,19.979166666666668,20.989583333333332,0.0,0.0,4.5
1143631,2023-12-09T12:30:00+00:00,1702125000,A. Petit,Reims,Reims Sainte-Anne,9303,Dunkerque,1304,1,1,66,2023,3.0,5.0,2.3497223179919304,0.7447367117651735,0.0,0.0,0.0,0.0,0,1400.0,1410.0,19.979166666666668,20.979166666666668,0.0,0.0,4.5
1143630,2023-12-09T13:00:00+00:00,1702126800,M. Michout,Avoine,Avoine OCC,3151,Le Geldar,3194,4,1,66,2023,2.0,3.0,2.3346795227228325,1.9879468986794515,0.0,0.0,0.0,0.0,0,1400.0,1400.0,20.0,7.0,0.0,0.0,4.5
1143633,2023-12-09T13:00:00+00:00,1702126800,T. Kani,Geispolsheim,Geispolsheim,3183,Sochaux,115,0,4,66,2023,1.0,2.0,1.2203339937096418,2.106005942714561,0.0,0.0,0.0,0.0,0,1400.0,1410.0,7.0,21.770833333333332,0.0,0.0,4.5
1143103,2023-12-09T13:00:00+00:00,1702126800,L. Beulet,Coulaines,Coulaines,22732,PAU,1297,1,5,66,2023,2.0,6.0,1.3451184965845835,1.6099296667471497,0.0,0.0,0.0,0.0,0,1410.0,1410.0,20.958333333333332,20.791666666666668,0.0,0.0,4.5
1143634,2023-12-09T13:00:00+00:00,1702126800,A. Mercier,Thaon-lès-Vosges,Thaon,3123,Amiens,87,0,1,66,2023,3.0,1.0,1.3150741270308215,1.0303200667561447,0.0,0.0,0.0,0.0,0,1410.0,1410.0,20.0,21.0,0.0,0.0,4.5
1143104,2023-12-09T13:00:00+00:00,1702126800,M. Lesage,Angoulême,Angoulême,3011,Bordeaux,78,0,1,66,2023,1.0,2.0,0.7281764793094427,0.8705042302546595,0.0,0.0,0.0,0.0,0,1410.0,1400.0,20.8125,21.75,0.0,0.0,4.5
1143098,2023-12-09T13:00:00+00:00,1702126800,Y. Gagnant,Itancourt,Entente Itancourt-Neu.,3171,Feignies-Aulnoye,3176,2,3,66,2023,5.0,4.0,1.767889266277159,2.473433383360597,0.0,0.0,0.0,0.0,0,1410.0,1410.0,21.0,21.0,0.0,0.0,4.5
1143637,2023-12-09T13:00:00+00:00,1702126800,A. Kherradji,Ajaccio,Ajaccio,98,Orleans,103,1,2,66,2023,1.0,2.0,0.5697635939822039,2.341638642739352,0.0,0.0,0.0,0.0,0,1410.0,1410.0,19.958333333333332,21.0,0.0,0.0,4.5
1143644,2023-12-09T13:30:00+00:00,1702128600,M. Jamet,Nantes,St-Philbert Gd Lieu,15110,Laval,433,1,2,66,2023,2.0,2.0,1.365799865947273,2.0904137276987287,0.0,0.0,0.0,0.0,0,1410.0,1410.0,20.020833333333332,21.020833333333332,0.0,0.0,4.5
1143097,2023-12-09T14:00:00+00:00,1702130400,G. Paradis,Le Petit-Quevilly,Quevilly,431,Dijon,89,3,1,66,2023,2.0,3.0,0.9026026301200752,1.8513208112495028,0.0,0.0,0.0,0.0,0,1410.0,1410.0,20.854166666666668,21.020833333333332,0.0,0.0,4.5
1143626,2023-12-09T14:00:00+00:00,1702130400,T. Bouille,Le-Moule,Moulien,3203,Fleury,3179,1,1,66,2023,0.0,1.0,0.9944802355028706,1.6607604668662457,0.0,0.0,0.0,0.0,0,1400.0,1410.0,7.0,20.041666666666668,0.0,0.0,4.5
1143094,2023-12-09T14:00:00+00:00,1702130400,V. Giorgetti,Le Plessis-Robinson,Plessis Robinson 92,13708,Angers,77,1,2,66,2023,2.0,2.0,0.6462291372346258,2.110377340363917,0.0,0.0,0.0,0.0,0,1410.0,1410.0,20.958333333333332,21.041666666666668,0.0,0.0,4.5
1143642,2023-12-09T14:00:00+00:00,1702130400,A. Valnet,Saint-Ètienne,Saint Etienne,1063,Nimes,92,0,1,66,2023,5.0,0.0,2.1502686609908586,1.706506942684434,0.0,0.0,0.0,0.0,0,1410.0,1410.0,21.052083333333332,20.041666666666668,0.0,0.0,4.5
1143636,2023-12-09T14:00:00+00:00,1702130400,Y. Flament,Mayenne,Stade Mayennais,22757,Rodez,1301,0,9,66,2023,2.0,1.0,1.345063836228608,1.436725359044864,0.0,0.0,0.0,0.0,0,1410.0,1410.0,20.041666666666668,21.0,0.0,0.0,4.5
1143107,2023-12-09T15:00:00+00:00,1702134000,M. Apruzzese,Lyon,Lyon Duchere,1295,Thonon Évian,9313,2,1,66,2023,1.0,3.0,0.9805102110806244,1.204743142008046,0.0,0.0,0.0,0.0,0,1410.0,1400.0,21.083333333333332,21.0,0.0,0.0,4.5
1143109,2023-12-09T16:00:00+00:00,1702137600,P. Lucas,Thionville,Thionville Lusitanos,22039,Annecy,3012,2,1,66,2023,2.0,1.0,1.6842087787747575,2.3701341727259746,0.0,0.0,0.0,0.0,0,1410.0,1410.0,21.104166666666668,21.0,0.0,0.0,4.5
1144394,2023-12-09T16:00:00+00:00,1702137600,R. Delpech,Fort-de-France,Golden Lion,3053,Métropole Troyenne,9943,3,2,66,2023,2.0,1.0,1.1099071174935475,2.2000609719024844,0.0,0.0,0.0,0.0,0,1400.0,1410.0,7.0,20.125,0.0,0.0,4.5
1143099,2023-12-09T16:00:00+00:00,1702137600,F. Gazon,Calais,RC Calais,22744,Caen,88,1,4,66,2023,0.0,1.0,0.8340661136482777,2.089671341553558,0.0,0.0,0.0,0.0,0,1410.0,1410.0,20.958333333333332,21.0,0.0,0.0,4.5
1143095,2023-12-09T16:00:00+00:00,1702137600,M. Leleu,Troyes,Saint-Meziery,16413,Auxerre,108,1,4,66,2023,1.0,5.0,2.034156802400962,1.3629082445294265,0.0,0.0,0.0,0.0,0,1410.0,1400.0,21.125,7.0,0.0,0.0,4.5
1143105,2023-12-09T16:00:00+00:00,1702137600,C. Tani,Saint-Priest,Saint-Priest,3296,Domerat,13768,3,0,66,2023,2.0,4.0,0.7313703554054112,2.3543441485873755,0.0,0.0,0.0,0.0,0,1410.0,1400.0,20.958333333333332,7.0,0.0,0.0,4.5
1144393,2023-12-09T16:00:00+00:00,1702137600,K. Abed,Paris,Paris FC,114,Saint-Denis,18149,3,1,66,2023,4.0,2.0,1.6823492816473282,0.7758144365993693,0.0,0.0,0.0,0.0,0,1400.0,1400.0,21.125,20.916666666666668,0.0,0.0,4.5
1143106,2023-12-09T17:00:00+00:00,1702141200,C. Mouysset,Martigues,Martigues,3200,Olympique d'Alès,3093,1,2,66,2023,2.0,3.0,1.9594049966907443,2.4812963307403644,0.0,0.0,0.0,0.0,0,1410.0,1410.0,21.041666666666668,21.125,0.0,0.0,4.5
1143639,2023-12-09T17:00:00+00:00,1702141200,G. Janin,Castanet-Tolosan,Castanet,15115,Romorantin,3220,0,3,66,2023,1.0,1.0,0.954175535240546,1.6505296329738297,0.0,0.0,0.0,0.0,0,1410.0,1410.0,21.0,20.166666666666668,0.0,0.0,4.5
1143096,2023-12-09T17:00:00+00:00,1702141200,G. Prevot,Saint-Omer,Saint-Omer,3109,Epinal,1309,1,1,66,2023,2.0,3.0,1.868852701396864,1.5712680503254752,0.0,0.0,0.0,0.0,0,1400.0,1410.0,20.958333333333332,21.177083333333332,0.0,0.0,4.5
1143623,2023-12-09T17:00:00+00:00,1702141200,H. Dutech,Dinan,Dinan Léhon,9275,Vitré,3138,2,0,66,2023,0.0,2.0,0.6194436547829971,1.381762065580424,0.0,0.0,0.0,0.0,0,1410.0,1410.0,21.0,20.166666666666668,0.0,0.0,4.5
1143625,2023-12-09T17:00:00+00:00,1702141200,K. Barbin,Pontivy,Pontivy GSI,3098,Rouen,3221,0,1,66,2023,0.0,1.0,1.84965290441218,1.1848207017688204,0.0,0.0,0.0,0.0,0,1410.0,1410.0,21.0,20.125,0.0,0.0,4.5
1143624,2023-12-09T17:00:00+00:00,1702141200,C. Goncalves,Saint-Aubin-sur-Scie,Dieppe,9274,Ergué-Gaberic,9960,2,0,66,2023,0.0,3.0,1.409494237547733,0.654612362722385,0.0,0.0,0.0,0.0,0,1410.0,1410.0,20.166666666666668,20.125,0.0,0.0,4.5
1143632,2023-12-09T17:00:00+00:00,1702141200,V. Cardon,Sarreguemines,Sarreguemines,3113,Biesheim,3025,3,0,66,2023,0.0,2.0,0.8307847004736282,1.5718835492818384,0.0,0.0,0.0,0.0,0,1410.0,1410.0,20.166666666666668,20.166666666666668,0.0,0.0,4.5
1143093,2023-12-09T18:00:00+00:00,1702144800,S. Llewellyn,Caen,AG Caennaise,3007,Guingamp,90,0,1,66,2023,2.0,2.0,0.7337622174796725,1.4138369442225045,0.0,0.0,0.0,0.0,0,1410.0,1400.0,21.041666666666668,21.041666666666668,0.0,0.0,4.5
1142527,2023-12-09T18:00:00+00:00,1702144800,A. Grizon,Saint-Brieuc,Stade Briochin,3229,Les Herbiers,1308,1,2,66,2023,2.0,4.0,1.8563334221098624,1.768888845075245,0.0,0.0,0.0,0.0,0,1400.0,1410.0,22.0,22.0,0.0,0.0,4.5
1145389,2023-12-09T18:00:00+00:00,1702144800,A. Chancioux,Arcachon,Bassin d'Arcachon Sud,3249,Trélissac,9246,0,2,66,2023,2.0,4.0,1.3986203973900753,0.9009650859659608,0.0,0.0,0.0,0.0,0,1410.0,1400.0,21.0,7.208333333333333,0.0,0.0,4.5
1143108,2023-12-09T18:00:00+00:00,1702144800,F. Benchabane,Chambéry,Chambéry,9969,Grenoble,101,1,1,66,2023,0.0,2.0,0.7369673964668344,2.006326720058881,0.0,0.0,0.0,0.0,0,1410.0,1410.0,21.041666666666668,21.979166666666668,0.0,0.0,4.5
1143635,2023-12-09T19:00:00+00:00,1702148400,J. Rouquette,Villenave d'Ornon,Villenave,13716,Libourne,13609,2,4,66,2023,1.0,2.0,0.8289532110294591,0.5045967576222954,0.0,0.0,0.0,0.0,0,1410.0,1410.0,20.25,21.0625,0.0,0.0,4.5
1143640,2023-12-10T12:30:00+00:00,1702211400,J. Schmitt,Pomeys,Hauts Lyonnais,3187,Feurs,3177,0,3,66,2023,2.0,2.0,1.861054040806524,1.529465770035578,0.0,0.0,0.0,0.0,0,1410.0,1410.0,21.979166666666668,20.979166666666668,0.0,0.0,4.5
1143638,2023-12-10T12:30:00+00:00,1702211400,G. Martin,Bergerac,Bergerac,3022,Panazol,13618,4,2,66,2023,0.0,1.0,1.183724874222802,1.4354835022004613,0.0,0.0,0.0,0.0,0,1410.0,1410.0,21.729166666666668,20.979166666666668,0.0,0.0,4.5
1144370,2023-12-10T12:30:00+00:00,1702211400,F. Della Tomasina,Gravelines,Blériot-Plage,22728,Chambly Thelle FC,1291,0,3,66,2023,1.0,0.0,1.8978039394435544,1.705823157325432,0.0,0.0,0.0,0.0,0,1400.0,1410.0,7.0,20.979166666666668,0.0,0.0,4.5
1143628,2023-12-10T12:30:00+00:00,1702211400,T. Vincent,Villers-sur-Mer,Villers Houlgate CF,3135,Racing Colombes 92,3218,1,3,66,2023,4.0,3.0,0.8786030396546056,1.8427767929756893,0.0,0.0,0.0,0.0,0,1410.0,1410.0,20.979166666666668,20.979166666666668,0.0,0.0,4.5
1143643,2023-12-10T13:00:00+00:00,1702213200,B. Bayour,Fabregues,Fabrègues,3175,Cannes,9932,2,2,66,2023,2.0,2.0,1.1851525088697763,1.710200527702083,0.0,0.0,0.0,0.0,0,1400.0,1410.0,21.0,21.833333333333332,0.0,0.0,4.5
1143622,2023-12-10T13:00:00+00:00,1702213200,G. Deneuve,Paimpol,Paimpol,9301,Challans,3032,1,1,66,2023,3.0,4.0,2.388558573894126,1.079947814837202,0.0,0.0,0.0,0.0,0,1410.0,1400.0,21.0,21.833333333333332,0.0,0.0,4.5
1143641,2023-12-10T13:00:00+00:00,1702213200,V. Ougier,Lyon,Chaponnay-Marennes,22730,Le Puy Foot,3069,0,3,66,2023,4.0,2.0,1.2500392174016044,2.024881435538417,0.0,0.0,0.0,0.0,0,1400.0,1410.0,7.0,21.0,0.0,0.0,4.5
1143629,2023-12-10T14:00:00+00:00,1702216800,B. Lepaysant,Saint-Gratien,Entente S St Gratien,1294,Furiani-Agliani,3181,1,0,66,2023,3.0,4.0,0.8990804439480313,1.6485465103472523,0.0,0.0,0.0,0.0,0,1410.0,1410.0,21.041666666666668,21.041666666666668,0.0,0.0,4.5
1143101,2023-12-10T14:00:00+00:00,1702216800,Y. Gazagnes,Mulhouse,Mulhouse,3205,Valenciennes,105,1,1,66,2023,1.0,3.0,1.02869748410911,0.9577144770962092,0.0,0.0,0.0,0.0,0,1410.0,1410.0,21.854166666666668,22.0,0.0,0.0,4.5
1143449,2023-12-10T23:00:00+00:00,1702249200,R. Vazquez,"Fort Lauderdale, Florida",Colombia,8,Venezuela,2379,1,0,10,2023,4.0,0.0,1.135332476870864,1.0324688058184273,0.0,0.0,0.0,0.0,0,1965.5283695217827,1752.4742750692853,19.0,18.875,0.0,0.0,4.5
1143716,2023-12-16T17:00:00+00:00,1702746000,T. Bonnot,Louhans,Louhans-Cuiseaux,3073,Union Cosnoise,16417,2,2,66,2023,2.0,3.0,0.7201548457372369,2.15154889203264,0.0,0.0,0.0,0.0,0,1410.0,1410.0,28.0,28.041666666666668,0.0,0.0,4.5
1135752,2023-12-17T00:00:00+00:00,1702771200,V. Rivas,"Los Angeles, California",Mexico,16,Colombia,8,2,3,10,2023,1.0,3.0,0.5730440676855917,2.1642770546999808,0.0,0.0,0.0,0.0,0,1914.395102137014,1970.06447902127,30.0,6.041666666666667,0.0,0.0,4.5
1149501,2023-12-25T15:30:00+00:00,1703518200,,Dubai,Uzbekistan,1568,Kyrgyzstan,1554,4,1,10,2023,4.0,2.0,0.7698800362583345,2.3370451600358093,0.0,0.0,0.0,0.0,0,1444.4064510728826,1371.9718393492092,30.0,30.0,0.0,0.0,4.5
1149579,2023-12-28T12:00:00+00:00,1703764800,,Tarabulus,Lebanon,1551,Jordan,1548,2,1,10,2023,6.0,1.0,1.9091654021615767,0.991688141671352,0.0,0.0,0.0,0.0,0,1373.28077186373,1406.2871351812705,30.0,30.0,0.0,0.0,4.5
1150209,2023-12-29T15:15:00+00:00,1703862900,,Abu Dhabi,China,1566,Oman,1552,0,2,10,2023,4.0,2.0,1.7527313990408362,0.8328374787213673,0.0,0.0,0.0,0.0,0,1402.0074472250096,1418.4476867363792,30.0,30.0,0.0,0.0,4.5
1147344,2023-12-30T15:15:00+00:00,1703949300,Sami Ahmed Aljurays,Abu Dhabi,United Arab Emirates,1563,Kyrgyzstan,1554,1,0,10,2023,2.0,3.0,1.8614523029333407,1.672678978781977,0.0,0.0,0.0,0.0,0,1442.6568971058045,1364.0269850795742,30.0,4.989583333333333,0.0,0.0,4.5
1140878,2023-12-31T15:00:00+00:00,1704034800,Al Majarafi Mahmood Salim Said,Doha,Qatar,1569,Cambodia,1543,3,0,10,2023,5.0,1.0,0.7895794470653112,2.2828663985179443,0.0,0.0,0.0,0.0,0,1402.7904060919648,1398.8838094378784,30.0,30.0,0.0,0.0,4.5
1155235,2024-01-01T00:00:00+00:00,1704067200,,Abu Dhabi,China,1566,Hong Kong,4460,1,2,10,2024,5.0,2.0,1.1747432134552145,2.4017493375826,0.0,0.0,0.0,0.0,0,1392.4802825042052,1381.9624448003124,2.3645833333333335,30.0,0.0,0.0,4.5
1155234,2024-01-01T00:00:00+00:00,1704067200,Kim Woo-Sung,Tokyo,Japan,12,Thailand,1564,5,0,10,2024,3.0,2.0,1.9112379771623305,0.6017689157876993,0.0,0.0,0.0,0.0,0,1923.9995971706176,1382.1622478802944,30.0,30.0,0.0,0.0,4.5
1155236,2024-01-02T00:00:00+00:00,1704153600,B. Şimşek,Antalya,Indonesia,1571,Libya,1526,0,4,10,2024,2.0,2.0,1.3654418617867023,0.6926903835519,0.0,0.0,0.0,0.0,0,1418.3086185661239,1409.7205382437342,30.0,30.0,0.0,0.0,4.5
1155288,2024-01-04T12:00:00+00:00,1704369600,,Abu Dhabi,Hong Kong,4460,Tajikistan,1536,1,2,10,2024,3.0,1.0,2.100104253826684,1.0282493227937275,0.0,0.0,0.0,0.0,0,1392.2650800607214,1412.1726781809102,3.5,30.0,0.0,0.0,4.5
1155237,2024-01-04T13:30:00+00:00,1704375000,Naser Aiysh Al Sawan,Al-Wakra,Saudi Arabia,23,Lebanon,1551,1,0,10,2024,5.0,1.0,0.7856426926894424,2.124161667184842,0.0,0.0,0.0,0.0,0,1383.8654932748468,1384.2279237329221,30.0,7.0625,0.0,0.0,4.5
1155239,2024-01-05T13:00:00+00:00,1704459600,K. Sağlam,Antalya,Indonesia,1571,Libya,1526,1,2,10,2024,3.0,3.0,2.314704349959765,1.3590498432144027,0.0,0.0,0.0,0.0,0,1408.0614840758112,1419.9676727340468,3.5416666666666665,3.5416666666666665,0.0,0.0,4.5
1155240,2024-01-05T14:30:00+00:00,1704465000,Yousif Saeed Hasan,Kish,Iran,22,Burkina Faso,1502,2,1,10,2024,2.0,1.0,0.5090148941082364,0.9241825535413616,0.0,0.0,0.0,0.0,0,1867.8106787956567,1409.556991994979,30.0,30.0,0.0,0.0,4.5
1155289,2024-01-05T15:30:00+00:00,1704468600,,Dubai,Syria,1565,Kyrgyzstan,1554,1,1,10,2024,3.0,3.0,1.779661996107835,1.5405459224818672,0.0,0.0,0.0,0.0,0,1401.7840912546187,1356.252272986667,30.0,6.010416666666667,0.0,0.0,4.5
1155238,2024-01-05T16:00:00+00:00,1704470400,Ammar Ashkanani,Doha,Qatar,1569,Jordan,1548,1,2,10,2024,3.0,1.0,1.3145046384813208,1.87742938137904,0.0,0.0,0.0,0.0,0,1412.6779699400913,1395.3399833120784,5.041666666666667,8.166666666666666,0.0,0.0,4.5
1147288,2024-01-05T17:00:00+00:00,1704474000,W. Toulliou,Challans,Challans,3032,Rodez,1301,0,4,66,2023,2.0,1.0,0.5325852758516241,2.274849908085812,0.0,0.0,0.0,0.0,0,1400.28774368332,1420.0,26.166666666666668,27.125,0.0,0.0,4.5
1147265,2024-01-05T17:00:00+00:00,1704474000,F. Benchabane,Chambly,Chambly Thelle FC,1291,Racing Colombes 92,3218,1,2,66,2023,1.0,4.0,0.7418433972714249,2.445367557709128,0.0,0.0,0.0,0.0,0,1419.71225631668,1420.0,26.1875,26.1875,0.0,0.0,4.5
1147264,2024-01-05T17:00:00+00:00,1704474000,R. Landry,Feignies,Feignies-Aulnoye,3176,Quevilly,431,1,0,66,2023,1.0,2.0,2.27741494475002,1.0110153882329984,0.0,0.0,0.0,0.0,0,1420.0,1420.0,27.166666666666668,27.125,0.0,0.0,4.5
1147262,2024-01-05T17:00:00+00:00,1704474000,B. Millot,Sarreguemines,Sarreguemines,3113,Valenciennes,105,0,2,66,2023,2.0,3.0,1.5068140263084029,1.022995211869253,0.0,0.0,0.0,0.0,0,1420.0,1410.0,27.0,26.125,0.0,0.0,4.5
1147284,2024-01-05T17:00:00+00:00,1704474000,P. Gaillouste,Pau,PAU,1297,Nantes,83,1,4,66,2023,2.0,2.0,1.4615028523084628,2.074530921958256,0.0,0.0,0.0,0.0,0,1420.0,1400.0,27.166666666666668,7.0,0.0,0.0,4.5
1155291,2024-01-06T11:00:00+00:00,1704538800,,Dubai,Congo DR,1508,Angola,1529,0,0,10,2024,2.0,0.0,1.1459000710002092,1.7148351544604958,0.0,0.0,0.0,0.0,0,1399.9244636862675,1398.7772766374176,30.0,30.0,0.0,0.0,4.5
1147281,2024-01-06T12:00:00+00:00,1704542400,M. Vernice,Fabregues,Fabrègues,3175,Trélissac,9246,1,4,66,2023,2.0,0.0,1.733921845818012,1.7488144667312904,0.0,0.0,0.0,0.0,0,1400.28774368332,1410.28774368332,26.958333333333332,27.75,0.0,0.0,4.5
1155241,2024-01-06T13:00:00+00:00,1704546000,Yahya Almulla,Abu Dhabi,Iraq,1567,South Korea,17,0,1,10,2024,2.0,2.0,1.9330746022340923,0.7170404016934799,0.0,0.0,0.0,0.0,0,1389.4715227242668,1837.2853997678571,30.0,30.0,0.0,0.0,4.5
1135020,2024-01-06T14:00:00+00:00,1704549600,Mohamed Alharmoodi,Abu Dhabi,Bahrain,1547,Australia,20,0,2,10,2023,1.0,4.0,0.9974164573395669,1.5976832847450824,0.0,0.0,0.0,0.0,0,1411.0514889416095,1840.5264706262672,30.0,30.0,0.0,0.0,4.5
1155242,2024-01-06T14:00:00+00:00,1704549600,Mohamed Alharmoodi,Abu Dhabi,Bahrain,1547,Australia,20,0,2,10,2024,1.0,4.0,2.0022939261711787,0.7589544672834374,0.0,0.0,0.0,0.0,0,1409.4949665965726,1842.082992971304,0.0,0.0,0.0,0.0,4.5
1155290,2024-01-06T14:00:00+00:00,1704549600,,"Johannesburg, GA",Mozambique,1512,Lesotho,1518,2,0,10,2024,4.0,0.0,1.7582878543702758,0.7617131746997872,0.0,0.0,0.0,0.0,0,1396.6822757931354,1390.0,30.0,30.0,0.0,0.0,4.5
1147276,2024-01-06T14:30:00+00:00,1704551400,M. Leleu,Romorantin-Lanthenay,Romorantin,3220,Moulien,3203,4,0,66,2023,2.0,2.0,2.48376778893389,1.4290147826268833,0.0,0.0,0.0,0.0,0,1420.0,1400.28774368332,27.895833333333332,28.020833333333332,0.0,0.0,4.5
1147278,2024-01-06T14:30:00+00:00,1704551400,H. Ben El Hadj,Alès,Olympique d'Alès,3093,Paris FC,114,1,2,66,2023,3.0,4.0,1.6049970195822798,1.1547415926598932,0.0,0.0,0.0,0.0,0,1420.0,1410.0,27.895833333333332,27.9375,0.0,0.0,4.5
1147270,2024-01-06T14:30:00+00:00,1704551400,S. Frappart,Brest,Stade Brestois 29,106,Angers,77,1,0,66,2023,1.0,4.0,1.455476697242605,1.6122617101833594,0.0,0.0,0.0,0.0,0,1400.0,1420.0,7.0,28.020833333333332,0.0,0.0,4.125
1147267,2024-01-06T14:30:00+00:00,1704551400,A. Kherradji,Lyon,Lyon Duchere,1295,Le Puy Foot,3069,1,2,66,2023,2.0,2.0,1.7585827708637185,1.8974332093416504,0.0,0.0,0.0,0.0,0,1419.71225631668,1419.71225631668,27.979166666666668,27.0625,0.0,0.0,4.5
1147261,2024-01-06T14:30:00+00:00,1704551400,T. Léonard,Villeneuve d'Ascq,Lille,79,Golden Lion,3053,12,0,66,2023,2.0,2.0,0.7534724327610773,0.8719293832071457,0.0,0.0,0.0,0.0,0,1400.0,1410.28774368332,7.0,27.9375,0.0,0.0,4.5
1147279,2024-01-06T14:30:00+00:00,1704551400,K. Abed,Orléans,Orleans,103,Nimes,92,2,1,66,2023,1.0,0.0,1.1678491413550658,1.847034549870673,0.0,0.0,0.0,0.0,0,1420.0,1420.0,28.0625,28.020833333333332,0.0,0.0,4.5
1155283,2024-01-06T15:15:00+00:00,1704554100,Abdullah Al-Shehri,Abu Dhabi,United Arab Emirates,1563,Oman,1552,0,1,10,2024,1.0,0.0,0.7925604131044051,0.653665458956046,0.0,0.0,0.0,0.0,0,1450.4316091987116,1427.9748514571836,7.0,8.0,0.0,0.0,4.5
1147287,2024-01-06T17:00:00+00:00,1704560400,J. Stinat,Tours,Avoine OCC,3151,Strasbourg,95,0,4,66,2023,1.0,4.0,2.2886655465651646,1.335784859723964,0.0,0.0,0.0,0.0,0,1410.0,1400.0,28.166666666666668,7.0,0.0,0.0,4.5
1147269,2024-01-06T17:00:00+00:00,1704560400,W. Delajod,Montbéliard,Sochaux,115,Lorient,97,2,1,66,2023,1.0,1.0,0.8463100591286206,0.5650109429362427,0.0,0.0,0.0,0.0,0,1419.71225631668,1400.0,28.166666666666668,7.0,0.0,0.0,3.7
1148353,2024-01-06T17:00:00+00:00,1704560400,A. Valnet,Saint-Omer,Saint-Omer,3109,Dunkerque,1304,2,3,66,2023,0.0,1.0,2.399252533784181,2.168523693024597,0.0,0.0,0.0,0.0,0,1400.28774368332,1409.71225631668,28.0,28.1875,0.0,0.0,4.5
1147260,2024-01-06T17:00:00+00:00,1704560400,C. Turpin,Amiens,Amiens,87,Montpellier,82,1,2,66,2023,0.0,0.0,0.6177293162129249,1.1099638542796302,0.0,0.0,0.0,0.0,0,1420.0,1400.0,28.166666666666668,7.0,0.0,0.0,4.05
1155243,2024-01-06T17:00:00+00:00,1704560400,T. Ahomlanto,San-Pedro,Ivory Coast,1501,Sierra Leone,1499,5,1,10,2024,3.0,5.0,2.346414579089987,0.9498378871708132,0.0,0.0,0.0,0.0,0,1660.6716543595003,1409.71225631668,30.0,30.0,0.0,0.0,4.5
1155244,2024-01-06T17:30:00+00:00,1704562200,Abdulrazg Ahmed,Radès,Tunisia,28,Mauritania,1491,0,0,10,2024,2.0,2.0,1.820276113127744,1.8457177340570723,0.0,0.0,0.0,0.0,0,1419.0840339852239,1399.6906201658655,30.0,30.0,0.0,0.0,4.5
1155292,2024-01-06T19:00:00+00:00,1704567600,,Bamako,Mali,1500,Guinea-Bissau,1513,6,2,10,2024,1.0,2.0,0.8766833150195856,1.8687072670181013,0.0,0.0,0.0,0.0,0,1657.2106820268782,1390.547263676116,30.0,30.0,0.0,0.0,4.5
1155293,2024-01-07T00:00:00+00:00,1704585600,,Doha,Palestine,1562,Uzbekistan,1568,0,1,10,2024,6.0,3.0,0.8998564167145509,2.092838840825612,0.0,0.0,0.0,0.0,0,1371.434124889757,1452.3513053425177,30.0,12.354166666666666,0.0,0.0,4.5
1147275,2024-01-07T13:30:00+00:00,1704634200,B. Bastien,Le Havre,Le Havre,111,Caen,88,2,1,66,2023,3.0,2.0,0.7065159255928084,1.7506033523450248,0.0,0.0,0.0,0.0,0,1400.0,1420.0,7.0,28.895833333333332,0.0,0.0,3.7
1147272,2024-01-07T13:30:00+00:00,1704634200,N. Rainville,Besançon,Pontarlier,3214,Lyon,80,0,3,66,2023,2.0,1.0,2.216356170874983,1.2191210456436596,0.0,0.0,0.0,0.0,0,1410.0,1400.0,30.0,7.0,0.0,0.0,4.5
1147263,2024-01-07T13:30:00+00:00,1704634200,R. Lissorgue,Longeville-lès-Metz,Thionville Lusitanos,22039,Marseille,81,0,1,66,2023,1.0,1.0,2.222703698915261,1.2911170180735831,0.0,0.0,0.0,0.0,0,1420.0,1400.0,28.895833333333332,7.0,0.0,0.0,4.5
1147266,2024-01-07T13:30:00+00:00,1704634200,J. Brisard,Guingamp,Guingamp,90,Rennes,94,0,2,66,2023,1.0,1.0,1.2725755872544262,0.8256077407513986,0.0,0.0,0.0,0.0,0,1410.28774368332,1400.0,28.8125,7.0,0.0,0.0,4.375
1155245,2024-01-07T16:00:00+00:00,1704643200,Hashem Al Ibrahim,Cairo,Egypt,32,Tanzania,1489,2,0,10,2024,3.0,3.0,0.7912239563612595,0.7979082237840252,0.0,0.0,0.0,0.0,0,1668.5475399161946,1399.7363262778817,30.0,30.0,0.0,0.0,4.5
1147286,2024-01-07T16:30:00+00:00,1704645000,M. Bollengier,Dinan,Dinan Léhon,9275,Reims,93,0,3,66,2023,2.0,1.0,2.493259643787712,0.8603066556613961,0.0,0.0,0.0,0.0,0,1420.0,1400.0,28.979166666666668,7.0,0.0,0.0,4.5
1147282,2024-01-07T16:30:00+00:00,1704645000,M. Lesage,Bergerac,Bergerac,3022,Libourne,13609,2,1,66,2023,2.0,5.0,0.7791598808060076,2.47573313516557,0.0,0.0,0.0,0.0,0,1420.0,1420.0,28.166666666666668,28.895833333333332,0.0,0.0,4.5
1147271,2024-01-07T16:30:00+00:00,1704645000,A. Petit,Feurs,Feurs,3177,Saint-Priest,3296,3,5,66,2023,3.0,3.0,1.4096161980297512,0.5415165807772018,0.0,0.0,0.0,0.0,0,1420.0,1419.71225631668,28.166666666666668,29.020833333333332,0.0,0.0,4.5
1147283,2024-01-07T16:30:00+00:00,1704645000,T. Bouille,Saint-Aubin-sur-Scie,Dieppe,9274,Laval,433,0,4,66,2023,3.0,2.0,2.113289692489418,2.2468185316991347,0.0,0.0,0.0,0.0,0,1420.0,1420.0,28.979166666666668,29.125,0.0,0.0,4.5
1148355,2024-01-07T16:30:00+00:00,1704645000,A. Taleb,Louhans,Louhans-Cuiseaux,3073,Rouen,3221,0,2,66,2023,1.0,2.0,1.3396969548392172,1.8457884629896288,0.0,0.0,0.0,0.0,0,1410.0,1420.0,21.979166666666668,28.979166666666668,0.0,0.0,4.5
1147268,2024-01-07T16:30:00+00:00,1704645000,G. Angoula,Chambéry,Chambéry,9969,Toulouse,96,0,3,66,2023,1.0,3.0,1.7323598264955324,2.2989487066740164,0.0,0.0,0.0,0.0,0,1410.0,1400.0,28.9375,7.0,0.0,0.0,4.5
1147285,2024-01-07T19:45:00+00:00,1704656700,F. Batta,Castres,Revel,22745,Paris Saint Germain,85,0,9,66,2023,1.0,3.0,0.6596597213561495,1.026027322687817,0.0,0.0,0.0,0.0,0,1410.0,1400.0,30.0,7.0,0.0,0.0,4.5
1155316,2024-01-08T12:00:00+00:00,1704715200,,Abu Dhabi,Guinea,1509,Nigeria,19,2,0,10,2024,2.0,1.0,2.088072339117492,1.1414055171866595,0.0,0.0,0.0,0.0,0,1408.9556470558275,1686.159619260532,30.0,30.0,0.0,0.0,4.5
1155294,2024-01-08T12:00:00+00:00,1704715200,,Doha,Syria,1565,Malaysia,1538,2,2,10,2024,8.0,1.0,1.006408463848429,2.145467694378424,0.0,0.0,0.0,0.0,0,1400.4810314063225,1435.8782184086922,2.8541666666666665,30.0,0.0,0.0,4.5
1155284,2024-01-08T14:00:00+00:00,1704722400,,"Johannesburg, GA",Botswana,1520,Mozambique,1512,1,1,10,2024,3.0,3.0,1.678041587487924,0.6572692493973138,0.0,0.0,0.0,0.0,0,1410.008520096868,1406.4899681470927,30.0,2.0,0.0,0.0,4.5
1155249,2024-01-08T18:00:00+00:00,1704736800,O. Diakate,Diamniadio,Senegal,13,Niger,1505,1,0,10,2024,1.0,1.0,2.164120210095869,1.5720113280373005,0.0,0.0,0.0,0.0,0,1891.1682835071465,1409.9917180729458,30.0,30.0,0.0,0.0,4.5
1155250,2024-01-08T20:00:00+00:00,1704744000,C. Bulu,Kumasi,Ghana,1504,Namibia,1493,0,0,10,2024,4.0,1.0,0.9928444832281492,1.052873121549425,0.0,0.0,0.0,0.0,0,1407.9875855118285,1400.0,30.0,30.0,0.0,0.0,4.5
1155251,2024-01-09T11:30:00+00:00,1704799800,,Doha,Japan,12,Jordan,1548,6,1,10,2024,1.0,4.0,0.996204969637324,1.455804199751331,0.0,0.0,0.0,0.0,0,1924.8461490840818,1405.838596853878,8.479166666666666,3.8125,0.0,0.0,4.5
1155253,2024-01-09T13:00:00+00:00,1704805200,,Jeddah,Zambia,1507,Cameroon,1530,1,1,10,2024,1.0,2.0,2.2088077312652734,0.5922976036894267,0.0,0.0,0.0,0.0,0,1397.1534845224833,1655.7847932814386,30.0,30.0,0.0,0.0,4.5
1155295,2024-01-09T13:00:00+00:00,1704805200,,Doha,Kyrgyzstan,1554,Vietnam,1542,2,1,10,2024,3.0,2.0,2.227396886278099,1.0483532550376025,0.0,0.0,0.0,0.0,0,1357.5553328349633,1406.4372409234513,3.8958333333333335,30.0,0.0,0.0,4.5
1155296,2024-01-09T14:00:00+00:00,1704808800,,Malabo,Equatorial Guinea,1521,Djibouti,1535,1,1,10,2024,1.0,2.0,1.716274819566012,1.5527306096710751,0.0,0.0,0.0,0.0,0,1399.9777028094363,1436.191739058427,30.0,30.0,0.0,0.0,4.5
1155254,2024-01-09T15:00:00+00:00,1704812400,A. Gnama,Lomé,Burundi,1528,Algeria,1532,0,4,10,2024,1.0,4.0,2.4606818786755595,2.118279007478089,0.0,0.0,0.0,0.0,0,1390.5750112778453,1618.1935371351697,30.0,30.0,0.0,0.0,4.5
1155255,2024-01-09T15:30:00+00:00,1704814200,,Al-Wakra,Saudi Arabia,23,Palestine,1562,0,0,10,2024,3.0,4.0,1.1592238983598986,1.99566760670392,0.0,0.0,0.0,0.0,0,1393.8759248581882,1363.721893257064,5.083333333333333,2.6458333333333335,0.0,0.0,4.5
1155252,2024-01-09T17:30:00+00:00,1704821400,Mohammed Braheh,Ar-Rayyan,Indonesia,1571,Iran,22,0,5,10,2024,1.0,3.0,1.6528520721630255,1.094047039721116,0.0,0.0,0.0,0.0,0,1398.4040376503908,1869.1454278337985,4.1875,4.125,0.0,0.0,4.5
1155258,2024-01-10T13:00:00+00:00,1704891600,,"Pretoria, GT",South Africa,1531,Lesotho,1518,0,0,10,2024,2.0,0.0,2.093721447972816,0.6217583847424712,0.0,0.0,0.0,0.0,0,1416.280858661926,1380.1923076460428,30.0,3.9583333333333335,0.0,0.0,4.5
1155297,2024-01-10T14:00:00+00:00,1704895200,,Abu Dhabi,Congo DR,1508,Burkina Faso,1502,1,2,10,2024,5.0,3.0,2.321304902345545,0.9163503854210056,0.0,0.0,0.0,0.0,0,1399.8914451087912,1408.2222429568371,4.125,4.979166666666667,0.0,0.0,4.5
1155257,2024-01-10T15:30:00+00:00,1704900600,,Al-Wakra,Saudi Arabia,23,Hong Kong,4460,2,0,10,2024,1.0,1.0,2.100337597799764,1.2635165180833343,0.0,0.0,0.0,0.0,0,1393.0101946910122,1382.8374405516527,1.0,6.145833333333333,0.0,0.0,4.5
1155256,2024-01-10T17:30:00+00:00,1704907800,,Radès,Tunisia,28,Cape Verde Islands,1533,2,0,10,2024,2.0,1.0,1.7971100320552449,1.716462991178534,0.0,0.0,0.0,0.0,0,1418.52642566458,1394.3846407552842,4.0,30.0,0.0,0.0,4.5
1155678,2024-01-11T15:00:00+00:00,1704985200,,San Pédro,Morocco,31,Sierra Leone,1499,3,1,10,2024,3.0,0.0,1.1734290642179186,2.472332130832429,0.0,0.0,0.0,0.0,0,1951.7132171478797,1405.8956945204066,30.0,4.916666666666667,0.0,0.0,4.5
1155298,2024-01-12T15:00:00+00:00,1705071600,,Cairo,Kuwait,1570,Libya,1526,1,3,10,2024,2.0,1.0,1.154945980394321,0.707247139905355,0.0,0.0,0.0,0.0,0,1434.8566636255596,1429.6251191594672,30.0,7.083333333333333,0.0,0.0,4.5
1155259,2024-01-12T18:00:00+00:00,1705082400,K. Athanasiou,Paphos,Sweden,5,Estonia,1101,2,1,10,2024,4.0,2.0,1.3696805020662932,1.6794125061791074,0.0,0.0,0.0,0.0,0,1826.6221768394691,1407.2724819862826,30.0,30.0,0.0,0.0,4.5
1155260,2024-01-13T23:30:00+00:00,1705188600,R. Vazquez,"Fort Lauderdale, Florida",Guatemala,5161,Iceland,18,0,1,10,2024,2.0,4.0,1.800688987556198,1.4007866578848334,0.0,0.0,0.0,0.0,0,1401.8512234754842,1398.3774652085551,30.0,30.0,0.0,0.0,4.5
1155261,2024-01-18T01:00:00+00:00,1705539600,N. Simon,"Fort Lauderdale, Florida",Honduras,4672,Iceland,18,0,2,10,2024,0.0,4.0,1.4623950325070845,2.2448831666986706,0.0,0.0,0.0,0.0,0,1406.944975810184,1408.477444677101,30.0,4.0625,0.0,0.0,4.5
1155299,2024-01-19T16:00:00+00:00,1705680000,,Cairo,Kuwait,1570,Uganda,1519,0,2,10,2024,4.0,4.0,1.7408844825482863,0.6371173961612937,0.0,0.0,0.0,0.0,0,1424.7060990508535,1376.3656377569887,7.041666666666667,30.0,0.0,0.0,4.5
1157508,2024-01-19T19:45:00+00:00,1705693500,F. Batta,Limoges,Bergerac,3022,Lyon,80,1,2,66,2023,1.0,2.0,1.6458332159915765,0.8204586681114301,0.0,0.0,0.0,0.0,0,1430.0,1410.28774368332,12.135416666666666,12.260416666666666,0.0,0.0,4.5
1157515,2024-01-20T16:30:00+00:00,1705768200,T. Léonard,Bordeaux,Bordeaux,78,Nice,84,2,3,66,2023,3.0,0.0,1.1067645477059134,2.0177804835034943,0.0,0.0,0.0,0.0,0,1410.28774368332,1400.0,30.0,7.0,0.0,0.0,4.5
1157512,2024-01-20T16:30:00+00:00,1705768200,J. Brisard,Trélissac,Trélissac,9246,Stade Brestois 29,106,1,2,66,2023,3.0,0.0,1.192634196365036,1.0251466633501811,0.0,0.0,0.0,0.0,0,1420.0,1410.5750112778453,14.1875,14.083333333333334,0.0,0.0,4.375
1157509,2024-01-20T16:30:00+00:00,1705768200,R. Buquet,Nantes,Nantes,83,Laval,433,0,1,66,2023,1.0,2.0,1.4523533893327405,2.136896209370269,0.0,0.0,0.0,0.0,0,1410.5750112778453,1430.0,14.979166666666666,13.0,0.0,0.0,4.5
1157511,2024-01-20T16:30:00+00:00,1705768200,B. Millot,Espaly-Saint-Marcel,Le Puy Foot,3069,Dunkerque,1304,2,1,66,2023,1.0,2.0,1.485174128365797,1.944430462323598,0.0,0.0,0.0,0.0,0,1429.71225631668,1419.4410635506772,14.083333333333334,13.979166666666666,0.0,0.0,4.5
1157513,2024-01-20T16:30:00+00:00,1705768200,B. Bastien,Valenciennes,Valenciennes,105,Paris FC,114,2,1,66,2023,1.0,2.0,2.2141783120852034,1.5343886442873362,0.0,0.0,0.0,0.0,0,1420.28774368332,1420.28774368332,14.979166666666666,14.083333333333334,0.0,0.0,3.7
1157514,2024-01-20T16:30:00+00:00,1705768200,J. Stinat,Rodez,Rodez,1301,Monaco,91,1,3,66,2023,0.0,4.0,1.1419899048054505,2.1613055479501035,0.0,0.0,0.0,0.0,0,1429.43324365913,1400.0,14.979166666666666,7.0,0.0,0.0,4.5
1157516,2024-01-20T19:45:00+00:00,1705779900,M. Bollengier,Orléans,Orleans,103,Paris Saint Germain,85,1,4,66,2023,0.0,1.0,1.0166755372358118,1.9252407638898963,0.0,0.0,0.0,0.0,0,1430.0,1410.28774368332,14.21875,13.0,0.0,0.0,4.5
1155262,2024-01-20T20:00:00+00:00,1705780800,P. Lauziere,"San Antonio, Texas",USA,2384,Slovenia,1091,0,1,10,2024,2.0,2.0,1.0692592908627068,2.342704428402736,0.0,0.0,0.0,0.0,0,1927.5082089269638,1400.0,30.0,7.0,0.0,0.0,4.5
1157522,2024-01-21T16:30:00+00:00,1705854600,P. Gaillouste,Saint-Priest,Saint-Priest,3296,Romorantin,3220,4,1,66,2023,2.0,2.0,0.5919833191665913,1.7134765159129994,0.0,0.0,0.0,0.0,0,1429.7205382437342,1429.43324365913,14.0,15.083333333333334,0.0,0.0,4.5
1157518,2024-01-21T16:30:00+00:00,1705854600,M. Vernice,Clermont-Ferrand,Clermont Foot,99,Strasbourg,95,1,3,66,2023,1.0,4.0,1.4126341264302873,0.9496943671007384,0.0,0.0,0.0,0.0,0,1400.0,1410.28774368332,7.0,14.979166666666666,0.0,0.0,4.5
1157521,2024-01-21T16:30:00+00:00,1705854600,N. Rainville,Châteauroux,Chateauroux,107,Le Havre,111,0,1,66,2023,2.0,0.0,0.5588871293123066,2.252637623097681,0.0,0.0,0.0,0.0,0,1420.0,1410.5750112778453,30.0,14.125,0.0,0.0,4.5
1157517,2024-01-21T16:30:00+00:00,1705854600,E. Wattellier,Chambly,Racing Colombes 92,3218,Lille,79,0,1,66,2023,3.0,2.0,1.2260838194611718,1.172838981506319,0.0,0.0,0.0,0.0,0,1429.9917180729458,1410.2960185560382,15.979166666666666,15.083333333333334,0.0,0.0,4.5
1157510,2024-01-24T17:00:00+00:00,1706115600,W. Delajod,Maubeuge,Feignies-Aulnoye,3176,Montpellier,82,0,4,66,2023,4.0,2.0,1.6987329603584949,2.2880954760163235,0.0,0.0,0.0,0.0,0,1430.0,1410.5750112778453,19.0,18.0,0.0,0.0,3.7
1155263,2024-02-03T02:00:00+00:00,1706925600,S. Madrigal,San José,Costa Rica,29,El Salvador,5159,2,0,10,2024,2.0,1.0,0.8803297374439341,0.7037007568315494,0.0,0.0,0.0,0.0,0,1547.0266257116207,1397.7555246308846,30.0,30.0,0.0,0.0,4.5
1162552,2024-02-06T19:45:00+00:00,1707248700,J. Stinat,Montbéliard,Sochaux,115,Rennes,94,1,6,66,2023,2.0,2.0,2.2026406100235563,1.5196652738254843,0.0,0.0,0.0,0.0,0,1429.14549997581,1410.2960185560382,30.0,30.0,0.0,0.0,4.5
1162553,2024-02-07T17:30:00+00:00,1707327000,B. Millot,Décines-Charpieu,Lyon,80,Lille,79,2,1,66,2023,3.0,3.0,1.35362615127678,2.0848176123429205,0.0,0.0,0.0,0.0,0,1420.85450002419,1420.8622998833382,18.90625,17.041666666666668,0.0,0.0,4.5
1162556,2024-02-07T19:30:00+00:00,1707334200,F. Batta,Bourgoin-Jallieu,Saint-Priest,3296,Valenciennes,105,1,2,66,2023,3.0,1.0,1.7470005717033037,2.351143477557823,0.0,0.0,0.0,0.0,0,1439.7122692427713,1430.28774368332,17.125,18.125,0.0,0.0,4.5
1162555,2024-02-07T19:30:00+00:00,1707334200,C. Turpin,Strasbourg,Strasbourg,95,Le Havre,111,3,1,66,2023,2.0,4.0,2.4442282834406983,0.7603835008380861,0.0,0.0,0.0,0.0,0,1419.9917251272818,1420.8462177367066,17.125,17.125,0.0,0.0,4.05
1162554,2024-02-07T19:30:00+00:00,1707334200,T. Léonard,Espaly-Saint-Marcel,Le Puy Foot,3069,Laval,433,2,1,66,2023,3.0,1.0,0.991210123240311,1.515140655840572,0.0,0.0,0.0,0.0,0,1439.4167137175743,1439.4414857108948,18.125,18.125,0.0,0.0,4.5
1167794,2024-02-07T19:30:00+00:00,1707334200,F. Letexier,Montpellier,Montpellier,82,Nice,84,1,4,66,2023,2.0,1.0,1.622329607064034,2.417081594451296,0.0,0.0,0.0,0.0,0,1421.1335255669505,1410.2960185560382,14.104166666666666,18.125,0.0,0.0,3.227272727272727
1162557,2024-02-07T20:10:00+00:00,1707336600,B. Bastien,Paris,Paris Saint Germain,85,Stade Brestois 29,106,3,1,66,2023,6.0,1.0,1.2196301818196174,0.9938796784407188,0.0,0.0,0.0,0.0,0,1420.85450002419,1420.8462177367066,18.01736111111111,18.15277777777778,0.0,0.0,3.7
1172710,2024-02-29T19:45:00+00:00,1709235900,H. Ben El Hadj,Saint-Ètienne,Le Puy Foot,3069,Rennes,94,1,3,66,2023,1.0,3.0,1.9754889843243464,1.2669377911705926,0.0,0.0,0.0,0.0,0,1449.4174267128549,1420.838018571534,22.010416666666668,23.0,0.0,0.0,4.5
1179655,2024-03-01T19:00:00+00:00,1709319600,,Port of Spain,Trinidad and Tobago,5168,Jamaica,2385,0,1,10,2024,0.0,2.0,1.301508871119362,1.986205014470391,0.0,0.0,0.0,0.0,0,1445.5619646068756,1512.0917953018427,30.0,30.0,0.0,0.0,4.5
1179656,2024-03-03T20:00:00+00:00,1709496000,C. Hinds,"Malabar, Arima",Trinidad and Tobago,5168,Jamaica,2385,0,0,10,2024,1.0,1.0,2.298977626103995,0.9929346493382714,0.0,0.0,0.0,0.0,0,1437.453780513023,1520.1999793956952,2.0416666666666665,2.0416666666666665,0.0,0.0,4.5
1172711,2024-03-13T20:10:00+00:00,1710360600,F. Letexier,Paris,Paris Saint Germain,85,Nice,84,3,1,66,2023,5.0,1.0,1.5793485634830204,2.199061867998595,0.0,0.0,0.0,0.0,0,1430.8542616407938,1420.6078459533035,30.0,30.0,0.0,0.0,3.227272727272727
1169679,2024-03-14T00:00:00+00:00,1710374400,,TBC,Kazakhstan,1095,Turkmenistan,1539,2,0,10,2024,1.0,2.0,0.5542461062968087,0.996258107336689,0.0,0.0,0.0,0.0,0,1400.0,1380.8618338165518,7.0,30.0,0.0,0.0,4.5
1184429,2024-03-15T14:00:00+00:00,1710511200,,Shah Alam,Malaysia,1538,Nepal,1545,5,1,10,2024,2.0,2.0,0.716045515864741,2.415108745663013,0.0,0.0,0.0,0.0,0,1434.862915919424,1396.8078559099265,30.0,30.0,0.0,0.0,4.5
1184430,2024-03-18T04:00:00+00:00,1710734400,,Honiara,Solomon Islands,5165,Fiji,5160,2,1,10,2024,3.0,1.0,0.6389554554434049,1.97681348624126,0.0,0.0,0.0,0.0,0,1437.7932439320073,1380.5832654286248,30.0,30.0,0.0,0.0,4.5
1189518,2024-03-19T20:00:00+00:00,1710878400,,,Jordan U20,19627,Syria U20,21059,4,1,10,2024,4.0,4.0,1.0771725822157905,2.3775002236900464,0.0,0.0,0.0,0.0,0,1400.0,1400.0,7.0,7.0,0.0,0.0,4.5
1189519,2024-03-20T12:00:00+00:00,1710936000,,,Czech Republic U18,21465,England U18,21466,1,2,10,2024,0.0,0.0,1.1518266563279589,2.190399854815092,0.0,0.0,0.0,0.0,0,1410.0,1410.0,30.0,30.0,0.0,0.0,4.5
1189520,2024-03-20T13:00:00+00:00,1710939600,,,Malawi U20,11037,Zimbabwe U20,16198,3,2,10,2024,2.0,3.0,0.5920101804943532,2.252392032509693,0.0,0.0,0.0,0.0,0,1400.0,1400.0,7.0,7.0,0.0,0.0,4.5
1189521,2024-03-20T14:30:00+00:00,1710945000,,,Hungary U20,23259,Iceland U20,23260,2,0,10,2024,1.0,2.0,1.320986307542431,0.7319951411370347,0.0,0.0,0.0,0.0,0,1400.0,1400.0,7.0,7.0,0.0,0.0,4.5
1189523,2024-03-20T15:00:00+00:00,1710946800,,,Tajikistan U23,10959,Vietnam U23,10964,0,1,10,2024,1.0,2.0,1.406442462305252,2.480253129438317,0.0,0.0,0.0,0.0,0,1410.0,1400.0,30.0,7.0,0.0,0.0,4.5
1189522,2024-03-20T15:00:00+00:00,1710946800,,,Norway U18,21474,Norway U19,10342,3,2,10,2024,0.0,3.0,1.3199161263972532,2.4110688966984144,0.0,0.0,0.0,0.0,0,1380.0,1409.4249887221547,30.0,30.0,0.0,0.0,4.5
1189524,2024-03-20T17:00:00+00:00,1710954000,,,Netherlands U18,22435,Germany U18,23258,0,1,10,2024,2.0,3.0,1.6447288898987982,1.0158961795665915,0.0,0.0,0.0,0.0,0,1400.0,1400.0,7.0,7.0,0.0,0.0,4.5
1189525,2024-03-20T18:30:00+00:00,1710959400,,,Malta U19,10372,Albania U19,10354,0,1,10,2024,0.0,2.0,0.811193809528246,1.9757289316633828,0.0,0.0,0.0,0.0,0,1400.0,1409.4249887221547,7.0,30.0,0.0,0.0,4.5
1155285,2024-03-20T19:45:00+00:00,1710963900,D. Bianchi,Serravalle,San Marino,1115,St. Kitts and Nevis,5536,1,3,10,2024,0.0,1.0,2.06191246650635,1.717285142866024,0.0,0.0,0.0,0.0,0,1400.0,1400.0,7.0,7.0,0.0,0.0,4.5
1189526,2024-03-20T21:00:00+00:00,1710968400,,,Algeria U20,11017,Egypt U20,11027,2,1,10,2024,1.0,2.0,2.456857382227833,0.5565423561366505,0.0,0.0,0.0,0.0,0,1400.0,1400.0,7.0,7.0,0.0,0.0,4.5
1179657,2024-03-20T23:00:00+00:00,1710975600,,"Washington, District of Columbia",El Salvador,5159,Bonaire,10982,1,1,10,2024,1.0,2.0,0.8030130199302963,1.0278909127855411,0.0,0.0,0.0,0.0,0,1391.8057016645696,1400.0,30.0,7.0,0.0,0.0,4.5
1184431,2024-03-21T02:00:00+00:00,1710986400,,Honiara,Solomon Islands,5165,Fiji,5160,0,2,10,2024,1.0,2.0,1.007806574878216,2.1756396668292166,0.0,0.0,0.0,0.0,0,1446.1613310692371,1372.215178291395,2.9166666666666665,2.9166666666666665,0.0,0.0,4.5
1184787,2024-03-21T12:00:00+00:00,1711022400,,Addis Abeba,Ethiopia,1506,Lesotho,1518,1,2,10,2024,1.0,2.0,2.0842696911342644,0.8376183803572561,0.0,0.0,0.0,0.0,0,1419.71225631668,1381.2273000598905,30.0,30.0,0.0,0.0,4.5
1189528,2024-03-21T13:00:00+00:00,1711026000,,,Cyprus U18,23256,Poland U18,21476,0,1,10,2024,3.0,3.0,0.617094282756663,0.8032666407186912,0.0,0.0,0.0,0.0,0,1400.0,1390.0,7.0,30.0,0.0,0.0,4.5
1189529,2024-03-21T13:00:00+00:00,1711026000,,,Hull City,64,Curaçao,5530,0,1,10,2024,2.0,1.0,1.852180284722116,1.336625700437602,0.0,0.0,0.0,0.0,0,1400.0,1399.6207662367801,7.0,30.0,0.0,0.0,4.5
1189530,2024-03-21T14:00:00+00:00,1711029600,,,Italy U18,19071,Austria U18,21460,2,1,10,2024,0.0,3.0,2.4128110212221907,1.5719534221846505,0.0,0.0,0.0,0.0,0,1400.0,1400.5750112778453,7.0,30.0,0.0,0.0,4.5
1189531,2024-03-21T16:30:00+00:00,1711038600,,,Czech Republic U21,8188,Northern Ireland U21,8213,3,0,10,2024,3.0,3.0,2.077540663861676,1.979148221427896,0.0,0.0,0.0,0.0,0,1400.0,1400.0,7.0,7.0,0.0,0.0,4.5
1189532,2024-03-21T17:00:00+00:00,1711040400,,,Hungary U21,16500,Moldova U21,8209,2,0,10,2024,4.0,5.0,1.3959025294622576,1.386941953319862,0.0,0.0,0.0,0.0,0,1399.4249887221547,1400.0,30.0,7.0,0.0,0.0,4.5
1155286,2024-03-21T17:00:00+00:00,1711040400,L. Fähndrich,Larnaca,Cyprus,1106,Latvia,1092,1,1,10,2024,3.0,2.0,0.9665960792133176,0.7471772326003077,0.0,0.0,0.0,0.0,0,1410.1554676179187,1388.472157974947,30.0,30.0,0.0,0.0,4.5
1169680,2024-03-21T17:00:00+00:00,1711040400,K. Sağlam,Antalya,Belarus,1100,Montenegro,1109,0,2,10,2024,3.0,1.0,1.608952132480652,2.002785852837431,0.0,0.0,0.0,0.0,0,1400.0,1400.0528928439696,7.0,30.0,0.0,0.0,4.5
1155264,2024-03-21T17:00:00+00:00,1711040400,A. Kardeşler,Moskva,Russia,4,Serbia,14,4,0,10,2024,4.0,2.0,1.548016024955558,1.4523544050500203,0.0,0.0,0.0,0.0,0,1442.5169491160837,1801.9897032020006,30.0,30.0,0.0,0.0,4.5
1165953,2024-03-21T18:00:00+00:00,1711044000,S. Putros,Ta'Qali,Malta,1112,Slovenia,1091,2,2,10,2024,0.0,0.0,2.3310922799829745,2.294499323976156,0.0,0.0,0.0,0.0,0,1419.71225631668,1419.0839931332912,30.0,30.0,0.0,0.0,4.5
1189534,2024-03-21T18:00:00+00:00,1711044000,,,Spain U21,8224,Slovakia U21,8223,0,2,10,2024,2.0,0.0,1.2191802162821626,1.2351354800497267,0.0,0.0,0.0,0.0,0,1400.0,1390.5750112778453,7.0,30.0,0.0,0.0,4.5
1175759,2024-03-21T19:00:00+00:00,1711047600,,Jeddah,Guinea,1509,Vanuatu,5170,6,0,10,2024,2.0,2.0,2.1279978307498264,1.846835883274921,0.0,0.0,0.0,0.0,0,1425.5840180915693,1381.9548855933083,30.0,30.0,0.0,0.0,4.5
1189535,2024-03-21T19:00:00+00:00,1711047600,,,Netherlands U21,8211,Norway U21,8214,1,2,10,2024,3.0,3.0,2.212471486025157,1.3207095499928687,0.0,0.0,0.0,0.0,0,1400.0,1400.0,30.0,30.0,0.0,0.0,4.5
1178425,2024-03-21T19:00:00+00:00,1711047600,Shukri Hussain Al-Hunfush,Jeddah,Cape Verde Islands,1533,Guyana,5162,1,0,10,2024,2.0,1.0,1.4234874505997348,1.892129694717569,0.0,0.0,0.0,0.0,0,1385.0783810219448,1390.28774368332,30.0,30.0,0.0,0.0,4.5
1155265,2024-03-21T19:45:00+00:00,1711050300,Ricardo De Burgos,Guimarães,Portugal,27,Sweden,5,5,2,10,2024,1.0,3.0,0.8876402776212098,2.240001618105379,0.0,0.0,0.0,0.0,0,2020.0,1828.2644474692274,7.0,30.0,0.0,0.0,4.5
1189536,2024-03-21T21:00:00+00:00,1711054800,N. Boukhalfa,Annaba,Andorra,1110,South Africa,1531,1,1,10,2024,4.0,2.0,0.8446280008395597,2.0479164061979622,0.0,0.0,0.0,0.0,0,1400.0,1415.2458662480783,7.0,30.0,0.0,0.0,4.5
1171087,2024-03-21T21:00:00+00:00,1711054800,R. Vazquez,"Fort Lauderdale, Florida",Italy,768,Venezuela,2379,2,1,10,2024,1.0,2.0,2.3929105414659206,0.990943797894491,0.0,0.0,0.0,0.0,0,1990.0,1747.938165569798,7.0,30.0,0.0,0.0,4.5
1189537,2024-03-21T21:00:00+00:00,1711054800,,,Tunisia U20,11049,Mauritania U20,11038,3,1,10,2024,0.0,2.0,1.1137865021398194,1.371872725653489,0.0,0.0,0.0,0.0,0,1400.0,1400.0,7.0,7.0,0.0,0.0,4.5
1171088,2024-03-22T00:30:00+00:00,1711067400,L. Szpala,"Harrison, New Jersey",Ecuador,2382,Guatemala,5161,2,0,10,2024,3.0,3.0,2.407410122217565,2.0539894767310254,0.0,0.0,0.0,0.0,0,1803.8760427396162,1391.7512440069384,30.0,30.0,0.0,0.0,4.5
1160562,2024-03-22T01:30:00+00:00,1711071000,M. Borjas,Belmopán,Belize,5528,Puerto Rico,5539,1,1,10,2024,1.0,2.0,0.828863907837601,1.1453707575921024,0.0,0.0,0.0,0.0,0,1400.0,1399.9844950749614,7.0,30.0,0.0,0.0,4.5
1172563,2024-03-22T09:30:00+00:00,1711099800,,Colombo,Central African Republic,1527,Bhutan,1540,6,0,10,2024,2.0,3.0,2.3587111268437235,2.488728798467771,0.0,0.0,0.0,0.0,0,1400.0,1419.1226344837494,7.0,30.0,0.0,0.0,4.5
1183794,2024-03-22T10:00:00+00:00,1711101600,,Antananarivo,Madagascar,1490,Burundi,1528,1,0,10,2024,0.0,3.0,2.0738729774916846,0.5590964964209713,0.0,0.0,0.0,0.0,0,1400.28774368332,1386.326203242316,30.0,30.0,0.0,0.0,4.5
1189539,2024-03-22T10:20:00+00:00,1711102800,,,Japan U23,10176,Mali U23,20551,1,3,10,2024,7.0,3.0,2.1841872341484487,1.718912387989063,0.0,0.0,0.0,0.0,0,1400.0,1400.0,7.0,7.0,0.0,0.0,4.5
1189540,2024-03-22T12:00:00+00:00,1711108800,,,England U18,21466,Germany U18,23258,0,0,10,2024,1.0,2.0,2.123406552836503,2.0933665798936465,0.0,0.0,0.0,0.0,0,1420.0,1410.0,2.0,1.7916666666666667,0.0,0.0,4.5
1189542,2024-03-22T13:00:00+00:00,1711112400,,,Zimbabwe U20,16198,Kenya U20,11034,1,3,10,2024,0.0,3.0,1.1346346206410811,1.22749238499385,0.0,0.0,0.0,0.0,0,1390.0,1400.0,2.0,7.0,0.0,0.0,4.5
1182788,2024-03-22T13:00:00+00:00,1711112400,,Antananarivo,Botswana,1520,Rwanda,1514,0,0,10,2024,2.0,3.0,0.9158389173191196,1.4710737606580429,0.0,0.0,0.0,0.0,0,1409.9072514930351,1390.0,30.0,30.0,0.0,0.0,4.5
1165954,2024-03-22T13:00:00+00:00,1711112400,Ə. Ağayev,Baku,Tanzania,1489,Bulgaria,1103,0,1,10,2024,2.0,1.0,1.1293327870749548,0.7993012745573134,0.0,0.0,0.0,0.0,0,1396.2270891689277,1388.7333813890134,30.0,30.0,0.0,0.0,4.5
1189543,2024-03-22T13:30:00+00:00,1711114200,,,Cyprus U21,8187,Sweden U21,8225,1,6,10,2024,2.0,3.0,2.431358351387128,2.306432883512958,0.0,0.0,0.0,0.0,0,1390.0,1400.0,30.0,7.0,0.0,0.0,4.5
1189544,2024-03-22T13:30:00+00:00,1711114200,,,Indonesia U20,21057,China PR U20,17262,1,1,10,2024,2.0,3.0,1.9826090306755195,1.9462659651330487,0.0,0.0,0.0,0.0,0,1400.0,1400.0,7.0,7.0,0.0,0.0,4.5
1189545,2024-03-22T14:00:00+00:00,1711116000,,,Germany U20,10310,France U20,10287,3,1,10,2024,3.0,3.0,0.9014845393633688,0.72192093348709,0.0,0.0,0.0,0.0,0,1400.0,1400.0,7.0,7.0,0.0,0.0,4.5
1189547,2024-03-22T14:00:00+00:00,1711116000,,,Tunisia U17,22930,Morocco U17,21302,0,1,10,2024,4.0,2.0,2.02170721772118,0.5402324950539532,0.0,0.0,0.0,0.0,0,1400.0,1400.0,7.0,7.0,0.0,0.0,4.5
1189546,2024-03-22T14:00:00+00:00,1711116000,,,Malaysia U23,10945,India U23,10935,2,1,10,2024,1.0,4.0,1.9381524070118727,2.21854053557409,0.0,0.0,0.0,0.0,0,1400.0,1400.0,7.0,7.0,0.0,0.0,4.5
1189549,2024-03-22T14:30:00+00:00,1711117800,,,Hungary U20,23259,Iceland U20,23260,4,0,10,2024,4.0,2.0,0.6719907407635684,0.9082435092165992,0.0,0.0,0.0,0.0,0,1410.0,1390.0,2.0,2.0,0.0,0.0,4.5
1189548,2024-03-22T14:30:00+00:00,1711117800,,,Finland U18,21467,Switzerland U18,22341,3,0,10,2024,1.0,1.0,1.3720270226799174,0.9798566168038508,0.0,0.0,0.0,0.0,0,1400.0,1400.0,30.0,7.0,0.0,0.0,4.5
1174092,2024-03-22T14:30:00+00:00,1711117800,D. Kos,Antalya,FYR Macedonia,1105,Moldova,1114,1,1,10,2024,1.0,2.0,1.1361949874632882,1.2229566060019736,0.0,0.0,0.0,0.0,0,1419.71225631668,1406.780705413948,30.0,30.0,0.0,0.0,4.5
1189550,2024-03-22T15:00:00+00:00,1711119600,,,Belgium U18,22425,Wales U18,21481,1,0,10,2024,1.0,2.0,0.535397575654502,1.4904599357352752,0.0,0.0,0.0,0.0,0,1400.0,1390.5750112778453,7.0,30.0,0.0,0.0,4.5
1189552,2024-03-22T15:00:00+00:00,1711119600,,,United States U23,17883,Guinea U23,20547,3,0,10,2024,1.0,2.0,2.0450064209595284,0.7758765759228123,0.0,0.0,0.0,0.0,0,1400.0,1400.0,7.0,7.0,0.0,0.0,4.5
1189551,2024-03-22T15:00:00+00:00,1711119600,,,Norway U19,10342,Romania U18,21477,1,0,10,2024,3.0,0.0,0.7018035586648956,1.9630554708578576,0.0,0.0,0.0,0.0,0,1398.5800885799504,1410.0,2.0,30.0,0.0,0.0,4.5
1172564,2024-03-22T15:15:00+00:00,1711120500,,Colombo,Sri Lanka,5166,Papua New Guinea,8175,0,0,10,2024,2.0,3.0,1.774606058275524,1.520543739928934,0.0,0.0,0.0,0.0,0,1400.0,1362.4417781212592,7.0,30.0,0.0,0.0,4.5
1175757,2024-03-22T16:00:00+00:00,1711123200,Z. Küçük,Baku,Azerbaijan,1096,Mongolia,5534,1,0,10,2024,0.0,1.0,1.8030353370419605,1.6352359903953837,0.0,0.0,0.0,0.0,0,1410.5218931506213,1371.3869984065573,30.0,30.0,0.0,0.0,4.5
1171753,2024-03-22T16:00:00+00:00,1711123200,I. Kvirikashvili,Yerevan,Armenia,1094,Kosovo,1111,0,1,10,2024,3.0,1.0,1.1390783181944792,2.2251746855012096,0.0,0.0,0.0,0.0,0,1390.28774368332,1400.0,30.0,7.0,0.0,0.0,4.5
1183792,2024-03-22T16:00:00+00:00,1711123200,R. Jiyed,Marrakech,Nigeria,19,Ghana,1504,2,1,10,2024,3.0,4.0,1.444015112813528,0.7908152419462813,0.0,0.0,0.0,0.0,0,1669.5312482247903,1407.7577248160794,30.0,30.0,0.0,0.0,4.5
1169387,2024-03-22T17:00:00+00:00,1711126800,J. Barcelo,San Pedro de Alcántara,Liechtenstein,1107,Faroe Islands,1098,0,4,10,2024,2.0,2.0,1.5117020891301096,1.959309268689348,0.0,0.0,0.0,0.0,0,1400.0,1387.4363293950278,7.0,30.0,0.0,0.0,4.5
1189554,2024-03-22T17:00:00+00:00,1711126800,,,Germany U16,22430,Italy U16,22255,3,0,10,2024,2.0,3.0,2.3688881204199355,1.6167956788121336,0.0,0.0,0.0,0.0,0,1400.0,1400.0,7.0,7.0,0.0,0.0,4.5
1156210,2024-03-22T17:00:00+00:00,1711126800,W. Delajod,Oslo,Norway,1090,Czechia,770,1,2,10,2024,4.0,4.0,0.9925824691749244,0.9066356669878786,0.0,0.0,0.0,0.0,0,1725.600807010904,1418.1034135092843,30.0,30.0,0.0,0.0,3.7
1189557,2024-03-22T17:30:00+00:00,1711128600,,,Portugal U18,19073,Georgia U18,23257,4,0,10,2024,3.0,4.0,2.190830476747082,0.658795363679618,0.0,0.0,0.0,0.0,0,1419.4245126333599,1400.0,30.0,7.0,0.0,0.0,4.5
1189556,2024-03-22T17:30:00+00:00,1711128600,,,France U23,16621,Côte d'Ivoire U23,16620,3,2,10,2024,3.0,2.0,1.200230075463868,1.627027025708266,0.0,0.0,0.0,0.0,0,1400.0,1400.0,7.0,7.0,0.0,0.0,4.5
1189558,2024-03-22T17:30:00+00:00,1711128600,,,Turkey U21,8227,Georgia U21,8195,2,1,10,2024,1.0,1.0,2.2361175838262475,1.285441553923378,0.0,0.0,0.0,0.0,0,1419.71225631668,1410.0,30.0,30.0,0.0,0.0,4.5
1189555,2024-03-22T17:30:00+00:00,1711128600,,,Czech Republic U18,21465,Netherlands U18,22435,3,4,10,2024,0.0,1.0,1.8070107776452164,1.6523396607029628,0.0,0.0,0.0,0.0,0,1400.0,1390.0,2.2291666666666665,2.0208333333333335,0.0,0.0,4.5
1189559,2024-03-22T18:00:00+00:00,1711130400,,,Ukraine U21,8228,Morocco U23,10179,1,0,10,2024,4.0,1.0,1.328135850792413,1.5949941904258989,0.0,0.0,0.0,0.0,0,1400.0,1400.0,30.0,7.0,0.0,0.0,4.5
1189560,2024-03-22T18:30:00+00:00,1711132200,,,Malta U19,10372,Albania U19,10354,2,2,10,2024,6.0,1.0,0.9031567397705512,1.3116395356147754,0.0,0.0,0.0,0.0,0,1390.2712064588613,1419.1537822632934,2.0,2.0,0.0,0.0,4.5
1178428,2024-03-22T19:00:00+00:00,1711134000,,Jeddah,Equatorial Guinea,1521,Cambodia,1543,2,0,10,2024,2.0,3.0,0.9241108609319084,0.6450056002081292,0.0,0.0,0.0,0.0,0,1401.0162681554477,1388.9962455897519,30.0,30.0,0.0,0.0,4.5
1175760,2024-03-22T19:00:00+00:00,1711134000,,Jeddah,Bermuda,5158,Brunei,5538,2,0,10,2024,4.0,2.0,2.2516748913593174,2.3945973669478,0.0,0.0,0.0,0.0,0,1400.0,1389.1710620559572,7.0,30.0,0.0,0.0,4.5
1189562,2024-03-22T19:30:00+00:00,1711135800,,,Austria U21,8180,Denmark U21,8189,1,1,10,2024,0.0,1.0,1.7142919274596389,0.7393413502453463,0.0,0.0,0.0,0.0,0,1409.4249887221547,1400.0,30.0,7.0,0.0,0.0,4.5
1182073,2024-03-22T19:30:00+00:00,1711135800,S. Frappart,Amiens,Senegal,13,Gabon,1503,3,0,10,2024,2.0,2.0,1.7375449248852628,1.4237354264554378,0.0,0.0,0.0,0.0,0,1892.347762545849,1400.0,30.0,7.0,0.0,0.0,4.125
1172361,2024-03-22T19:45:00+00:00,1711136700,B. Frankowski,Budapest,Hungary,769,Türkiye,777,1,0,10,2024,1.0,2.0,1.0155873068140355,1.8888843792132808,0.0,0.0,0.0,0.0,0,1793.8117139675542,1418.053304509866,30.0,30.0,0.0,0.0,4.5
1155266,2024-03-22T19:45:00+00:00,1711136700,K. Karlsson,Bucureşti,Romania,774,Northern Ireland,771,1,1,10,2024,3.0,2.0,2.404732808193528,1.3164140977264662,0.0,0.0,0.0,0.0,0,1630.0,1400.0,7.0,7.0,0.0,0.0,4.5
1174680,2024-03-22T19:45:00+00:00,1711136700,L. Pairetto,Parma,Albania,778,Chile,2383,0,3,10,2024,1.0,1.0,1.401260303584743,1.7851566700462982,0.0,0.0,0.0,0.0,0,1409.962463577044,1742.4075294798745,30.0,30.0,0.0,0.0,4.5
1155267,2024-03-22T19:45:00+00:00,1711136700,E. Lambrechts,Amsterdam,Netherlands,1118,Scotland,1108,4,0,10,2024,4.0,1.0,1.7859731078045071,0.8800125623162853,0.0,0.0,0.0,0.0,0,2010.0,1695.7681417778756,7.0,30.0,0.0,0.0,4.416666666666667
1174754,2024-03-22T20:00:00+00:00,1711137600,C. Kpan,Cairo,Egypt,32,New Zealand,4673,1,0,10,2024,4.0,3.0,0.5614927849727507,1.922943682942452,0.0,0.0,0.0,0.0,0,1672.0567770251487,1401.9066711354178,30.0,30.0,0.0,0.0,4.5
1168769,2024-03-22T20:30:00+00:00,1711139400,M. Oliver,London,Spain,9,Colombia,8,0,1,10,2024,1.0,1.0,1.2014837043385174,1.606136177215861,0.0,0.0,0.0,0.0,0,2000.0,1978.4757583178712,7.0,30.0,0.0,0.0,4.05
1189563,2024-03-22T21:00:00+00:00,1711141200,,,Morocco U18,19072,Denmark U18,22428,0,2,10,2024,4.0,1.0,0.8025931344005466,1.9197483346828093,0.0,0.0,0.0,0.0,0,1400.0,1400.0,7.0,7.0,0.0,0.0,4.5
1170216,2024-03-22T21:00:00+00:00,1711141200,A. Bouh,Baraki,Algeria,1532,Bolivia,2381,3,2,10,2024,2.0,6.0,1.4294864791148494,0.9960117242906634,0.0,0.0,0.0,0.0,0,1622.442345170699,1410.934103386758,30.0,30.0,0.0,0.0,4.5
1182789,2024-03-22T21:30:00+00:00,1711143000,,Marrakech,Comoros,1524,Uganda,1519,4,0,10,2024,4.0,6.0,2.295942487150187,2.2257348596192363,0.0,0.0,0.0,0.0,0,1410.1299325523098,1387.7480788796495,30.0,30.0,0.0,0.0,4.5
1182553,2024-03-22T22:00:00+00:00,1711144800,,Casablanca,Burkina Faso,1502,Libya,1526,1,2,10,2024,4.0,2.0,1.2764984914492816,2.0526492007937183,0.0,0.0,0.0,0.0,0,1417.982509262738,1439.7756837341733,30.0,30.0,0.0,0.0,4.5
1183407,2024-03-22T22:00:00+00:00,1711144800,,Mohammédia,Niger,1505,Togo,1534,1,2,10,2024,3.0,2.0,1.607017056791401,1.3774494000741957,0.0,0.0,0.0,0.0,0,1408.8122390342432,1410.0,30.0,30.0,0.0,0.0,4.5
1176915,2024-03-22T22:00:00+00:00,1711144800,,Marrakech,Mali,1500,Mauritania,1491,2,0,10,2024,1.0,3.0,2.254804265271732,0.8748424711996767,0.0,0.0,0.0,0.0,0,1660.7558371735495,1400.2482284865093,30.0,30.0,0.0,0.0,4.5
1189565,2024-03-22T22:00:00+00:00,1711144800,,,Sudan,1510,Guinea-Bissau,1513,1,0,10,2024,1.0,1.0,2.40427387948576,0.7993143318706772,0.0,0.0,0.0,0.0,0,1401.356676123676,1387.0021085294447,30.0,30.0,0.0,0.0,4.5
1175042,2024-03-22T22:00:00+00:00,1711144800,B. Traoré,Agadir,Morocco,31,Angola,1529,1,0,10,2024,0.0,2.0,1.4600397591569652,0.9548807890403814,0.0,0.0,0.0,0.0,0,1952.5413876385585,1398.8102952148938,30.0,30.0,0.0,0.0,4.5
1176913,2024-03-23T00:00:00+00:00,1711152000,V. Rivas,"Philadelphia, Pennsylvania",Argentina,26,El Salvador,5159,3,0,10,2024,0.0,2.0,1.2907923540986603,2.3960342722902146,0.0,0.0,0.0,0.0,0,2141.391653701935,1392.0415088080547,30.0,2.0416666666666665,0.0,0.0,4.5
1162613,2024-03-23T01:30:00+00:00,1711157400,Paulo Cesar Zanovelli da Silva,Lima,Peru,30,Nicaragua,5164,2,0,10,2024,2.0,3.0,1.286167583205356,2.232883773924609,0.0,0.0,0.0,0.0,0,1738.0408568724383,1390.1365801586344,30.0,30.0,0.0,0.0,4.5
1189566,2024-03-23T02:00:00+00:00,1711159200,,,Mexico U23,10178,Argentina U23,10187,2,4,10,2024,2.0,2.0,1.8890738778487388,1.9358280387274047,0.0,0.0,0.0,0.0,0,1400.0,1400.0,7.0,7.0,0.0,0.0,4.5
1185100,2024-03-23T15:00:00+00:00,1711206000,B. Chimene,Lilongwe,Malawi,1495,Kenya,1511,0,4,10,2024,2.0,0.0,1.4750053555249207,2.4848733026116263,0.0,0.0,0.0,0.0,0,1400.0,1406.7657553470501,30.0,30.0,0.0,0.0,4.5
1189567,2024-03-23T15:00:00+00:00,1711206000,,,Tajikistan U23,10959,Vietnam U23,10964,0,0,10,2024,1.0,1.0,1.5488322052118038,2.335036484696797,0.0,0.0,0.0,0.0,0,1399.71225631668,1410.28774368332,3.0,3.0,0.0,0.0,4.5
1182074,2024-03-23T16:00:00+00:00,1711209600,M. Gigović,Amiens,Ivory Coast,1501,Benin,1516,2,2,10,2024,1.0,3.0,2.2250684925329827,1.23849982558564,0.0,0.0,0.0,0.0,0,1664.4882161557737,1389.71225631668,30.0,30.0,0.0,0.0,4.5
1155268,2024-03-23T17:00:00+00:00,1711213200,R. Saggi,Dublin,Rep. Of Ireland,776,Belgium,1,0,0,10,2024,0.0,2.0,0.7689776635664072,1.146844937096757,0.0,0.0,0.0,0.0,0,1409.7601992302803,2041.2768086620767,30.0,30.0,0.0,0.0,4.3
1155269,2024-03-23T17:00:00+00:00,1711213200,T. Farrugia Cann,Bratislava,Slovakia,773,Austria,775,0,2,10,2024,2.0,2.0,0.6390094658002361,1.1014991379986776,0.0,0.0,0.0,0.0,0,1620.0,1833.5887669127726,7.0,30.0,0.0,0.0,4.5
1189568,2024-03-23T18:30:00+00:00,1711218600,,,Qatar U23,10954,Uzbekistan U23,10963,1,1,10,2024,1.0,1.0,0.9688511135201184,1.4311549743902825,0.0,0.0,0.0,0.0,0,1400.0,1428.8673697795948,7.0,30.0,0.0,0.0,4.5
1189569,2024-03-23T18:30:00+00:00,1711218600,,,Saudi Arabia U23,10955,China PR U23,10932,1,0,10,2024,3.0,2.0,1.0298143216944553,1.0020919044515058,0.0,0.0,0.0,0.0,0,1400.0,1400.5750112778453,7.0,30.0,0.0,0.0,4.5
1155271,2024-03-23T19:00:00+00:00,1711220400,A. Lindhout,København,Denmark,21,Switzerland,15,0,0,10,2024,3.0,0.0,0.5816932363227023,2.4676740951116902,0.0,0.0,0.0,0.0,0,1880.0,1900.0,7.0,7.0,0.0,0.0,4.75
1189570,2024-03-23T19:00:00+00:00,1711220400,,,Uruguay,7,Basque Country,23263,1,1,10,2024,1.0,1.0,0.9310269583371358,0.7187755328952228,0.0,0.0,0.0,0.0,0,1992.296843078415,1400.0,30.0,7.0,0.0,0.0,4.5
1155270,2024-03-23T19:00:00+00:00,1711220400,Artur Soares Dias,London,England,10,Brazil,6,0,1,10,2024,1.0,0.0,0.5141709996046187,0.9544470337949378,0.0,0.0,0.0,0.0,0,2047.3086858498305,1991.852479979441,30.0,30.0,0.0,0.0,3.75
1155272,2024-03-23T20:00:00+00:00,1711224000,Jesús Gil,Décines-Charpieu,France,2,Germany,25,0,2,10,2024,3.0,5.0,2.0785523433710265,2.364685409134135,0.0,0.0,0.0,0.0,0,2105.8710403250684,1881.2769024867864,30.0,30.0,0.0,0.0,4.5
1189572,2024-03-23T20:00:00+00:00,1711224000,,,French Guyana,8118,Haiti,2386,1,1,10,2024,1.0,2.0,0.923591904937162,0.7911691017679432,0.0,0.0,0.0,0.0,0,1400.0,1400.0,7.0,7.0,0.0,0.0,4.5
1189574,2024-03-23T21:00:00+00:00,1711227600,,,Mauritania U20,11038,Egypt U20,11027,1,2,10,2024,0.0,1.0,2.1620973344360026,1.295932918099632,0.0,0.0,0.0,0.0,0,1390.0,1390.0,2.0,3.0,0.0,0.0,4.5
1189573,2024-03-23T21:00:00+00:00,1711227600,,,Algeria U20,11017,Tunisia U20,11049,2,3,10,2024,1.0,2.0,2.117626521460973,0.5711402934852849,0.0,0.0,0.0,0.0,0,1410.0,1410.0,3.0,2.0,0.0,0.0,4.5
1174093,2024-03-23T22:00:00+00:00,1711231200,J. Torres,Santiago De Los Caballeros,Dominican Republic,5532,Aruba,8167,2,0,10,2024,3.0,2.0,1.3707609343801497,1.7445327745919603,0.0,0.0,0.0,0.0,0,1397.7546043633201,1400.0,30.0,7.0,0.0,0.0,4.5
1189575,2024-03-23T22:30:00+00:00,1711233000,,,Paraguay U23,22925,Dominican Republic U23,17871,2,0,10,2024,0.0,1.0,1.438738588678126,1.8780413408703736,0.0,0.0,0.0,0.0,0,1400.0,1400.0,7.0,7.0,0.0,0.0,4.5
1189577,2024-03-24T10:00:00+00:00,1711274400,,,Italy U18,19071,Austria U18,21460,2,0,10,2024,1.0,5.0,1.3324702673524715,1.3629495431078285,0.0,0.0,0.0,0.0,0,1410.0165501398476,1390.5584611379977,2.8333333333333335,2.8333333333333335,0.0,0.0,4.5
1189578,2024-03-24T11:45:00+00:00,1711280700,,,Croatia U18,22340,Finland U18,21467,2,2,10,2024,0.0,1.0,1.5283972536441484,2.33309951394776,0.0,0.0,0.0,0.0,0,1400.0,1410.0,7.0,1.8854166666666667,0.0,0.0,4.5
1184788,2024-03-24T12:00:00+00:00,1711281600,,Addis Abeba,Ethiopia,1506,Lesotho,1518,2,1,10,2024,2.0,1.0,2.068874651662698,0.5195716268203805,0.0,0.0,0.0,0.0,0,1408.609078429661,1392.3304779469095,3.0,3.0,0.0,0.0,4.5
1189579,2024-03-24T12:30:00+00:00,1711283400,,,Alanyaspor,996,Curaçao,5530,2,2,10,2024,2.0,4.0,2.155311900562208,2.0519129263776312,0.0,0.0,0.0,0.0,0,1400.0,1409.6316814575696,7.0,2.9791666666666665,0.0,0.0,4.5
1189580,2024-03-24T13:00:00+00:00,1711285200,,,Cyprus U18,23256,Poland U18,21476,0,0,10,2024,4.0,4.0,1.598144864154774,1.7007913808612145,0.0,0.0,0.0,0.0,0,1389.71225631668,1400.28774368332,3.0,3.0,0.0,0.0,4.5
1189581,2024-03-24T13:00:00+00:00,1711285200,,,Malawi U20,11037,Kenya U20,11034,3,1,10,2024,1.0,4.0,1.4383445071669636,1.3617423785983298,0.0,0.0,0.0,0.0,0,1410.0,1409.71225631668,4.0,2.0,0.0,0.0,4.5
1189582,2024-03-24T15:00:00+00:00,1711292400,,,Georgia U18,23257,Denmark U18,22428,1,1,10,2024,1.0,3.0,2.221494820628034,1.884638661330334,0.0,0.0,0.0,0.0,0,1390.558500628912,1410.0,1.8958333333333333,1.75,0.0,0.0,4.5
1189583,2024-03-24T15:00:00+00:00,1711292400,,,Norway U18,21474,Romania U18,21477,2,2,10,2024,3.0,2.0,1.4381551039479414,1.7355025031546667,0.0,0.0,0.0,0.0,0,1390.8449001422043,1399.6714268470357,4.0,2.0,0.0,0.0,4.5
1175758,2024-03-24T18:00:00+00:00,1711303200,,Almere,Suriname,8171,Martinique,8117,1,1,10,2024,2.0,2.0,1.8623383574909536,2.2581219512147137,0.0,0.0,0.0,0.0,0,1400.0,1400.0,7.0,7.0,0.0,0.0,4.5
1155287,2024-03-24T19:45:00+00:00,1711309500,D. Grundbacher,Serravalle,San Marino,1115,St. Kitts and Nevis,5536,0,0,10,2024,1.0,2.0,2.1988057642321697,1.650746511820948,0.0,0.0,0.0,0.0,0,1390.0,1410.0,4.0,4.0,0.0,0.0,4.5
1171089,2024-03-24T20:00:00+00:00,1711310400,J. Freemon,"Harrison, New Jersey",Ecuador,2382,Italy,768,0,2,10,2024,4.0,4.0,2.1050912228309766,2.0334039415546066,0.0,0.0,0.0,0.0,0,1805.582106163399,1993.9772469181087,2.8125,2.9583333333333335,0.0,0.0,4.5
1189585,2024-03-24T21:00:00+00:00,1711314000,,,Portugal U18,19073,Morocco U18,19072,2,1,10,2024,3.0,0.0,1.584692130547115,1.8321760355924832,0.0,0.0,0.0,0.0,0,1428.8660120044478,1390.0,2.1458333333333335,2.0,0.0,0.0,4.5
1171090,2024-03-24T22:00:00+00:00,1711317600,A. Villarreal,"Houston, Texas",Guatemala,5161,Venezuela,2379,0,0,10,2024,2.0,2.0,1.628774904192713,0.8116852059388044,0.0,0.0,0.0,0.0,0,1390.0451805831556,1743.9609186516893,2.8958333333333335,3.0416666666666665,0.0,0.0,4.5
1160563,2024-03-25T00:00:00+00:00,1711324800,,Belmopán,Belize,5528,Puerto Rico,5539,3,0,10,2024,3.0,0.0,1.2783466124612102,2.45775104605093,0.0,0.0,0.0,0.0,0,1399.9995537323846,1399.9849413425768,2.9375,2.9375,0.0,0.0,4.5
1172565,2024-03-25T09:30:00+00:00,1711359000,,Colombo,Central African Republic,1527,Papua New Guinea,8175,4,0,10,2024,2.0,2.0,1.5303709388089384,0.7009748375888984,0.0,0.0,0.0,0.0,0,1410.5498385613705,1363.5185993732218,3.0,2.7604166666666665,0.0,0.0,4.5
1189587,2024-03-25T09:45:00+00:00,1711359900,,,Germany U18,23258,Czech Republic U18,21465,1,4,10,2024,1.0,1.0,2.290293435061503,2.243749269336812,0.0,0.0,0.0,0.0,0,1410.28774368332,1389.71225631668,2.90625,2.6770833333333335,0.0,0.0,4.5
1182790,2024-03-25T10:00:00+00:00,1711360800,,Antananarivo,Burundi,1528,Botswana,1520,0,0,10,2024,1.0,1.0,1.309774714927462,1.2890633511779517,0.0,0.0,0.0,0.0,0,1376.727832518446,1409.3349009461524,3.0,2.875,0.0,0.0,4.5
1189589,2024-03-25T11:00:00+00:00,1711364400,,,Germany U16,22430,Italy U16,22255,5,0,10,2024,1.0,1.0,2.047234283348411,0.8416008594943243,0.0,0.0,0.0,0.0,0,1410.0,1390.0,2.75,2.75,0.0,0.0,4.5
1189588,2024-03-25T11:00:00+00:00,1711364400,,,Belgium U18,22425,Wales U18,21481,0,1,10,2024,1.0,2.0,1.6974054430962355,1.803596463400356,0.0,0.0,0.0,0.0,0,1409.7287935411387,1380.8462177367066,2.8333333333333335,2.8333333333333335,0.0,0.0,4.5
1189590,2024-03-25T12:00:00+00:00,1711368000,,,Netherlands U18,22435,England U18,21466,1,2,10,2024,0.0,4.0,1.2693745460172332,1.0223539408845592,0.0,0.0,0.0,0.0,0,1400.28774368332,1419.71225631668,2.7708333333333335,3.0,0.0,0.0,4.5
1189591,2024-03-25T13:00:00+00:00,1711371600,,Antananarivo,Rwanda,1514,Madagascar,1490,2,0,10,2024,3.0,1.0,1.988442242231103,2.492173637052552,0.0,0.0,0.0,0.0,0,1390.5723505468827,1409.8861144071902,3.0,3.125,0.0,0.0,4.5
1175043,2024-03-25T13:00:00+00:00,1711371600,E. Məsiyev,Baku,Tanzania,1489,Mongolia,5534,3,0,10,2024,2.0,1.0,1.980186817628932,1.4956597999031644,0.0,0.0,0.0,0.0,0,1386.0114363610373,1362.5086515315027,3.0,2.875,0.0,0.0,4.5
1189592,2024-03-25T13:00:00+00:00,1711371600,,,Tunisia U17,22930,Morocco U17,21302,1,2,10,2024,5.0,1.0,1.177191840827512,1.820921817531732,0.0,0.0,0.0,0.0,0,1390.0,1410.0,2.9583333333333335,2.9583333333333335,0.0,0.0,4.5
1189593,2024-03-25T13:30:00+00:00,1711373400,,,Indonesia U20,21057,China PR U20,17262,1,1,10,2024,1.0,1.0,1.7456191225409865,0.5836747571336114,0.0,0.0,0.0,0.0,0,1400.0,1400.0,3.0,3.0,0.0,0.0,4.5
1189594,2024-03-25T14:00:00+00:00,1711375200,,,France U20,10287,Germany U20,10310,4,4,10,2024,2.0,2.0,2.291509266085108,0.9905735639416076,0.0,0.0,0.0,0.0,0,1390.0,1410.0,3.0,3.0,0.0,0.0,4.5
1189595,2024-03-25T14:00:00+00:00,1711375200,,,Malaysia U23,10945,India U23,10935,1,1,10,2024,2.0,1.0,1.104386867655452,1.2497834681862714,0.0,0.0,0.0,0.0,0,1410.0,1390.0,3.0,3.0,0.0,0.0,4.5
1172566,2024-03-25T15:15:00+00:00,1711379700,,Colombo,Sri Lanka,5166,Bhutan,1540,2,0,10,2024,2.0,1.0,1.7131028400213284,2.461530090504376,0.0,0.0,0.0,0.0,0,1398.9231787480373,1408.5727959223789,3.0,3.2395833333333335,0.0,0.0,4.5
1165955,2024-03-25T16:00:00+00:00,1711382400,K. Tohver,Baku,Azerbaijan,1096,Bulgaria,1103,1,1,10,2024,3.0,4.0,0.9289726391706176,0.6288489436402265,0.0,0.0,0.0,0.0,0,1419.4002400256759,1398.9490341969038,3.0,3.125,0.0,0.0,5.3
1169681,2024-03-25T17:00:00+00:00,1711386000,Z. Küçük,Antalya,Montenegro,1109,FYR Macedonia,1105,1,0,10,2024,3.0,1.0,0.7580870231757002,0.8274569273048249,0.0,0.0,0.0,0.0,0,1410.0513704655557,1419.3402281402825,4.0,3.1041666666666665,0.0,0.0,4.5
1155273,2024-03-25T17:00:00+00:00,1711386000,M. Di Bello,Larnaca,Cyprus,1106,Serbia,14,0,1,10,2024,3.0,1.0,0.9438508369750604,2.1719324835384963,0.0,0.0,0.0,0.0,0,1409.5321808133626,1784.2320541450474,4.0,4.0,0.0,0.0,4.5
1189597,2024-03-25T18:00:00+00:00,1711389600,,,Malta U21,8208,Slovakia U21,8223,1,4,10,2024,4.0,2.0,0.8297811961587285,1.6590284544649545,0.0,0.0,0.0,0.0,0,1390.0,1400.8462177367066,30.0,4.0,0.0,0.0,4.5
1168770,2024-03-25T18:00:00+00:00,1711389600,M. Bîrsan,Solna,Sweden,5,Albania,778,1,0,10,2024,3.0,2.0,2.0037123046235226,1.39515037246486,0.0,0.0,0.0,0.0,0,1823.2835715418644,1407.391165744625,3.9270833333333335,2.9270833333333335,0.0,0.0,4.5
1175761,2024-03-25T19:00:00+00:00,1711393200,,Jeddah,Guinea,1509,Bermuda,5158,5,1,10,2024,1.0,3.0,2.293024234121956,1.2172746705530375,0.0,0.0,0.0,0.0,0,1434.3348299780043,1409.6884190006733,4.0,3.0,0.0,0.0,4.5
1178429,2024-03-25T19:00:00+00:00,1711393200,,Jeddah,Cape Verde Islands,1533,Equatorial Guinea,1521,1,0,10,2024,2.0,1.0,2.013848034670224,2.405710820857494,0.0,0.0,0.0,0.0,0,1395.2283072971104,1410.6704420591125,4.0,3.0,0.0,0.0,4.5
1184789,2024-03-25T19:30:00+00:00,1711395000,,Chambly,Gabon,1503,Congo,1517,1,1,10,2024,2.0,2.0,1.9473630589101745,1.6847244598906004,0.0,0.0,0.0,0.0,0,1398.8899044667226,1400.0,3.0,7.0,0.0,0.0,4.5
1189598,2024-03-25T20:05:00+00:00,1711397100,,,France U23,16621,United States U23,17883,2,2,10,2024,2.0,2.0,1.005312971640017,2.156369255272967,0.0,0.0,0.0,0.0,0,1410.0,1410.0,3.107638888888889,3.2118055555555554,0.0,0.0,4.5
1182791,2024-03-25T21:00:00+00:00,1711400400,,Marrakech,Comoros,1524,Angola,1529,0,0,10,2024,5.0,3.0,2.1538624908604,1.395228226667561,0.0,0.0,0.0,0.0,0,1419.4866206788045,1398.0175430982986,2.9791666666666665,2.9583333333333335,0.0,0.0,4.5
1170217,2024-03-25T21:00:00+00:00,1711400400,H. Benyahia,Annaba,Bolivia,2381,Andorra,1110,1,0,10,2024,3.0,2.0,0.576651591168464,0.7585934501699916,0.0,0.0,0.0,0.0,0,1406.3667078681754,1400.438529869609,3.0,4.0,0.0,0.0,4.5
1189599,2024-03-25T21:00:00+00:00,1711400400,,,Tunisia U20,11049,Egypt U20,11027,1,1,10,2024,2.0,3.0,0.7354756860717078,1.5829024501962152,0.0,0.0,0.0,0.0,0,1420.0,1400.0,2.0,2.0,0.0,0.0,4.5
1189600,2024-03-25T22:00:00+00:00,1711404000,,,Guinea-Bissau,1513,Sudan,1510,2,1,10,2024,0.0,4.0,2.281278014725974,1.7765266310077177,0.0,0.0,0.0,0.0,0,1377.415031271145,1410.9437533819757,3.0,3.0,0.0,0.0,4.5
1189992,2024-03-26T00:00:00+00:00,1711411200,G. Nkhakananga,Lilongwe,Kenya,1511,Zimbabwe,1522,3,1,10,2024,2.0,1.0,1.4603240519288605,2.452446693651573,0.0,0.0,0.0,0.0,0,1416.5710458660315,1400.0,2.375,7.0,0.0,0.0,4.5
1189991,2024-03-26T00:00:00+00:00,1711411200,I. Mpaima,Lilongwe,Zambia,1507,Malawi,1495,2,1,10,2024,2.0,2.0,2.1163553223507687,0.8942128480645635,0.0,0.0,0.0,0.0,0,1403.471450816258,1390.1947094810187,30.0,2.375,0.0,0.0,4.5
1189601,2024-03-26T02:00:00+00:00,1711418400,,,Mexico U23,10178,Argentina U23,10187,3,0,10,2024,2.0,3.0,1.0151318570074073,1.390021798655357,0.0,0.0,0.0,0.0,0,1390.0,1410.0,3.0,3.0,0.0,0.0,4.5
1189603,2024-03-26T11:00:00+00:00,1711450800,,,Croatia U18,22340,Switzerland U18,22341,1,2,10,2024,4.0,2.0,1.207772647895039,0.6291090242476953,0.0,0.0,0.0,0.0,0,1400.28774368332,1390.0,1.96875,3.8541666666666665,0.0,0.0,4.5
1189607,2024-03-26T13:00:00+00:00,1711458000,,,Moldova U19,10373,Estonia U19,10361,2,1,10,2024,5.0,3.0,1.5212268425509865,1.0415825129408545,0.0,0.0,0.0,0.0,0,1400.0,1400.5750112778453,7.0,30.0,0.0,0.0,4.5
1189610,2024-03-26T13:00:00+00:00,1711458000,,,Portugal U20,10299,Denmark U20,22429,1,4,10,2024,5.0,2.0,0.8053838614317956,0.6260676855773395,0.0,0.0,0.0,0.0,0,1400.0,1400.0,7.0,7.0,0.0,0.0,4.5
1187442,2024-03-26T14:00:00+00:00,1711461600,K. Sağlam,Antalya,Cayman Islands,8169,Moldova,1114,0,4,10,2024,5.0,1.0,1.2439354640141351,1.625477396139842,0.0,0.0,0.0,0.0,0,1400.0,1407.1527335903454,7.0,3.9791666666666665,0.0,0.0,4.5
1189609,2024-03-26T15:00:00+00:00,1711465200,,,Portugal U18,19073,Denmark U18,22428,0,1,10,2024,1.0,4.0,2.0462128243947086,1.8809282219363248,0.0,0.0,0.0,0.0,0,1437.752001243076,1409.4410119798522,1.75,2.0,0.0,0.0,4.5
1183406,2024-03-26T16:00:00+00:00,1711468800,B. Karboubi,Marrakech,Uganda,1519,Ghana,1504,2,2,10,2024,3.0,2.0,1.252941893475751,0.9077480302703804,0.0,0.0,0.0,0.0,0,1378.3913907531548,1404.12972037752,3.7708333333333335,4.0,0.0,0.0,4.5
1187511,2024-03-26T17:00:00+00:00,1711472400,M. Kristoffersen,Helsingfors,Finland,1099,Estonia,1101,2,1,10,2024,3.0,2.0,1.408060838877183,1.324084798248106,0.0,0.0,0.0,0.0,0,1388.410469341426,1405.6302113565243,30.0,30.0,0.0,0.0,4.5
1172561,2024-03-26T17:00:00+00:00,1711472400,M. Lukjančukas,Larnaca,Latvia,1092,Liechtenstein,1107,1,1,10,2024,4.0,3.0,1.961730225062116,1.955172875895316,0.0,0.0,0.0,0.0,0,1389.0954447795032,1389.6385460273752,5.0,4.0,0.0,0.0,4.5
1171751,2024-03-26T18:00:00+00:00,1711476000,O. Hațegan,Budapest,Hungary,769,Kosovo,1111,2,0,10,2024,1.0,0.0,2.418455977113477,1.3950897417647996,0.0,0.0,0.0,0.0,0,1795.874094424832,1409.7205315838,3.9270833333333335,4.083333333333333,0.0,0.0,4.5
1189615,2024-03-26T18:00:00+00:00,1711476000,,,Morocco U23,10179,Wales U21,8229,2,0,10,2024,2.0,4.0,1.7079115101916602,2.3758621722754416,0.0,0.0,0.0,0.0,0,1390.0,1400.0,4.0,7.0,0.0,0.0,4.5
1165958,2024-03-26T18:00:00+00:00,1711476000,M. Dohál,Ta'Qali,Malta,1112,Belarus,1100,0,0,10,2024,3.0,2.0,1.1791806035836814,1.195666299348773,0.0,0.0,0.0,0.0,0,1419.6941734683828,1390.001522378414,5.0,5.041666666666667,0.0,0.0,4.5
1156212,2024-03-26T18:00:00+00:00,1711476000,G. Kruashvili,Oslo,Norway,1090,Slovakia,773,1,1,10,2024,1.0,1.0,1.5701159522096957,2.014571061727734,0.0,0.0,0.0,0.0,0,1708.5114116286454,1615.4746762529865,4.041666666666667,3.0416666666666665,0.0,0.0,5.3
1189616,2024-03-26T18:30:00+00:00,1711477800,,,Saudi Arabia U23,10955,China PR U23,10932,2,0,10,2024,6.0,3.0,2.3000885787247025,1.9744947275287903,0.0,0.0,0.0,0.0,0,1410.0165501398476,1390.5584611379977,3.0,3.0,0.0,0.0,4.5
1189611,2024-03-26T18:30:00+00:00,1711477800,,,Qatar U23,10954,Uzbekistan U23,10963,1,2,10,2024,3.0,0.0,0.9322350224598654,1.7598113884670177,0.0,0.0,0.0,0.0,0,1400.8289630022698,1428.038406777325,3.0,3.0,0.0,0.0,4.5
1156211,2024-03-26T19:00:00+00:00,1711479600,J. Weinberger,Praha,Czechia,770,Armenia,1094,2,1,10,2024,3.0,1.0,0.988000776435774,0.9165429773694802,0.0,0.0,0.0,0.0,0,1435.1928088915429,1380.56721209952,4.083333333333333,4.125,0.0,0.0,3.9
1175762,2024-03-26T19:00:00+00:00,1711479600,,Jeddah,Vanuatu,5170,Brunei,5538,2,3,10,2024,1.0,2.0,2.1760485434737795,2.2432059108611444,0.0,0.0,0.0,0.0,0,1373.2040737068733,1379.482643055284,5.0,4.0,0.0,0.0,4.5
1178426,2024-03-26T19:00:00+00:00,1711479600,Faisal Sulaiman Albalawi,Jeddah,Guyana,5162,Cambodia,1543,4,1,10,2024,3.0,3.0,2.426844628150086,2.388962086982492,0.0,0.0,0.0,0.0,0,1380.1378174081544,1379.3420716860871,5.0,4.0,0.0,0.0,4.5
1155275,2024-03-26T19:15:00+00:00,1711480500,P. Farrugia,Brøndby,Denmark,21,Faroe Islands,1098,2,0,10,2024,2.0,1.0,0.7691433660904026,2.16695131106019,0.0,0.0,0.0,0.0,0,1880.5750112778453,1397.7977833676525,3.0104166666666665,4.09375,0.0,0.0,4.5
1155274,2024-03-26T19:30:00+00:00,1711481400,Alejandro Muñiz,Madrid,Colombia,8,Romania,774,3,2,10,2024,3.0,5.0,1.0644354216279903,1.317986996146032,0.0,0.0,0.0,0.0,0,1989.094484434904,1624.2031164048374,3.9583333333333335,3.9895833333333335,0.0,0.0,4.5
1180735,2024-03-26T19:30:00+00:00,1711481400,R. Buquet,Lens,Ivory Coast,1501,Uruguay,7,2,1,10,2024,0.0,4.0,1.4502458891266852,1.4024816499791346,0.0,0.0,0.0,0.0,0,1657.899206958097,1982.9368192153854,3.1458333333333335,3.0208333333333335,0.0,0.0,4.5
1182075,2024-03-26T19:30:00+00:00,1711481400,J. Pignard,Amiens,Senegal,13,Benin,1516,1,0,10,2024,0.0,2.0,2.295377987298857,1.7575317643987387,0.0,0.0,0.0,0.0,0,1893.4578580791265,1396.3012655143566,4.0,3.1458333333333335,0.0,0.0,4.5
1155277,2024-03-26T19:45:00+00:00,1711482300,E. Eskås,Frankfurt am Main,Germany,25,Netherlands,1118,2,1,10,2024,0.0,2.0,1.2346614374632374,0.6275979930046278,0.0,0.0,0.0,0.0,0,1896.9695464045667,2012.8155095987324,2.9895833333333335,4.0,0.0,0.0,4.5
1155276,2024-03-26T19:45:00+00:00,1711482300,S. Gishamer,London,England,10,Belgium,1,2,2,10,2024,3.0,3.0,1.302491026333707,2.222868931660309,0.0,0.0,0.0,0.0,0,2035.7259464202398,2031.7907718279343,3.03125,3.1145833333333335,0.0,0.0,3.9
1162059,2024-03-26T19:45:00+00:00,1711482300,I. Peljto,Ljubljana,Slovenia,1091,Portugal,27,2,0,10,2024,0.0,1.0,2.01212866811956,1.6905245322444191,0.0,0.0,0.0,0.0,0,1419.1020759815883,2024.980875927363,5.072916666666667,5.0,0.0,0.0,4.1
1155278,2024-03-26T19:45:00+00:00,1711482300,R. Jones,Glasgow,Scotland,1108,Northern Ireland,771,0,1,10,2024,2.0,0.0,1.1687389203640954,1.1787173394257224,0.0,0.0,0.0,0.0,0,1692.9526321791432,1405.7968835951626,4.0,4.0,0.0,0.0,4.5
1187512,2024-03-26T19:45:00+00:00,1711482300,C. Dingert,Luxembourg,Luxembourg,1102,Kazakhstan,1095,2,1,10,2024,1.0,2.0,0.6188053156070716,1.908263599656631,0.0,0.0,0.0,0.0,0,1390.0,1409.44971575297,30.0,12.822916666666666,0.0,0.0,4.5
1155279,2024-03-26T19:45:00+00:00,1711482300,P. Raczkowski,Dublin,Rep. Of Ireland,776,Switzerland,15,0,1,10,2024,6.0,5.0,0.9128610768227828,2.090912404516095,0.0,0.0,0.0,0.0,0,1419.2462360644226,1899.4249887221547,3.1145833333333335,3.03125,0.0,0.0,4.375
1172362,2024-03-26T19:45:00+00:00,1711482300,D. Chiffi,Wien,Austria,775,Türkiye,777,6,1,10,2024,2.0,2.0,1.6255521525206331,1.4644872812082337,0.0,0.0,0.0,0.0,0,1838.1140906597861,1415.990924052588,3.1145833333333335,4.0,0.0,0.0,4.5
1183793,2024-03-26T20:00:00+00:00,1711483200,S. Guezzaz,Marrakech,Mali,1500,Nigeria,19,2,0,10,2024,1.0,0.0,1.240686303525725,1.6657548752070923,0.0,0.0,0.0,0.0,0,1664.4055339882507,1673.1592526633497,3.9166666666666665,4.166666666666667,0.0,0.0,4.5
1188621,2024-03-26T20:00:00+00:00,1711483200,A. Diouf,Cairo,Egypt,32,Croatia,3,2,4,10,2024,4.0,1.0,1.8766153568507484,1.327952377747447,0.0,0.0,0.0,0.0,0,1675.5437688632353,1980.0,4.0,7.0,0.0,0.0,4.5
1167795,2024-03-26T20:00:00+00:00,1711483200,A. Taylor,Marseille,France,2,Chile,2383,3,2,10,2024,0.0,1.0,1.321715805276415,0.7558527439569145,0.0,0.0,0.0,0.0,0,2090.178396407288,1744.9788273122936,3.0,4.010416666666667,0.0,0.0,3.0555555555555554
1160561,2024-03-26T20:30:00+00:00,1711485000,António Nobre,Madrid,Spain,9,Brazil,6,3,3,10,2024,1.0,2.0,0.778222314859421,2.298790436746786,0.0,0.0,0.0,0.0,0,1989.3812738829672,2003.4352194090316,4.0,3.0625,0.0,0.0,4.5
1189619,2024-03-26T21:00:00+00:00,1711486800,,,Algeria U20,11017,Mauritania U20,11038,3,1,10,2024,6.0,3.0,2.0674369296637725,1.7408665784507478,0.0,0.0,0.0,0.0,0,1400.0,1380.0,3.0,3.0,0.0,0.0,4.5
1170218,2024-03-26T21:00:00+00:00,1711486800,A. Lousif,Baraki,Algeria,1532,South Africa,1531,3,3,10,2024,2.0,1.0,1.126822778198769,2.084870349149698,0.0,0.0,0.0,0.0,0,1627.0097406892814,1414.8073363784692,4.0,5.0,0.0,0.0,4.5
1189605,2024-03-26T21:00:00+00:00,1711486800,,,Morocco U18,19072,Georgia U18,23257,2,2,10,2024,3.0,0.0,0.6159289634581062,2.2803735662617366,0.0,0.0,0.0,0.0,0,1381.114010761372,1391.1174886490599,2.0,2.25,0.0,0.0,4.5
1175044,2024-03-26T22:00:00+00:00,1711490400,M. Moussa,Agadir,Morocco,31,Mauritania,1491,0,0,10,2024,2.0,1.0,1.4655377179370692,0.8361389781363182,0.0,0.0,0.0,0.0,0,1953.3341397551537,1396.5985316718081,4.0,4.0,0.0,0.0,4.5
1182554,2024-03-26T22:00:00+00:00,1711490400,,Berrechid,Burkina Faso,1502,Niger,1505,1,1,10,2024,1.0,1.0,2.1693871076316054,1.479619083141266,0.0,0.0,0.0,0.0,0,1408.6089458844833,1398.846425409735,4.0,4.0,0.0,0.0,4.5
1183408,2024-03-26T22:00:00+00:00,1711490400,,Casablanca,Togo,1534,Libya,1526,1,1,10,2024,2.0,2.0,1.790661315999255,0.5654878205810943,0.0,0.0,0.0,0.0,0,1419.9658136245082,1449.149247112428,4.0,4.0,0.0,0.0,4.5
1189620,2024-03-26T23:30:00+00:00,1711495800,,,Paraguay U23,22925,Dominican Republic U23,17871,1,2,10,2024,2.0,1.0,2.30579958266292,1.389002063191526,0.0,0.0,0.0,0.0,0,1410.0,1390.0,3.0416666666666665,3.0416666666666665,0.0,0.0,4.5
1178427,2024-03-27T01:00:00+00:00,1711501200,R. Mendoza,Managua,Nicaragua,5164,Cuba,2388,0,1,10,2024,1.0,3.0,2.457984468459241,2.0974676862764734,0.0,0.0,0.0,0.0,0,1387.758181361044,1388.0840318837463,3.9791666666666665,30.0,0.0,0.0,4.5
1162614,2024-03-27T01:30:00+00:00,1711503000,Braulio da Silva Machado,Lima,Peru,30,Dominican Republic,5532,4,1,10,2024,1.0,2.0,2.0217927458700578,0.8774504151232367,0.0,0.0,0.0,0.0,0,1740.4192556700286,1407.8192311450703,4.0,3.1458333333333335,0.0,0.0,4.5
1172559,2024-03-27T02:00:00+00:00,1711504800,R. Vazquez,"Houston, Texas",El Salvador,5159,Honduras,4672,1,1,10,2024,4.0,1.0,0.637981730175287,2.31762599047838,0.0,0.0,0.0,0.0,0,1391.7773408865824,1396.989083523749,4.083333333333333,30.0,0.0,0.0,4.5
1176914,2024-03-27T02:50:00+00:00,1711507800,J. Mickelson,"Los Angeles, California",Argentina,26,Costa Rica,29,3,1,10,2024,5.0,4.0,1.9775822882291625,1.4191806173161967,0.0,0.0,0.0,0.0,0,2141.655821623407,1552.9764486779357,4.118055555555555,30.0,0.0,0.0,4.5
1189622,2024-03-30T17:00:00+00:00,1711818000,,,Japan U16,22724,Czech Republic U16,22580,2,0,10,2024,3.0,2.0,1.6047766364185188,0.8438909833793804,0.0,0.0,0.0,0.0,0,1400.0,1400.0,7.0,7.0,0.0,0.0,4.5
1180282,2024-04-02T18:45:00+00:00,1712083500,S. Frappart,Décines-Charpieu,Lyon,80,Valenciennes,105,3,0,66,2023,3.0,1.0,0.5830579748533822,2.18113993745403,0.0,0.0,0.0,0.0,0,1430.8547245221826,1440.558936821092,30.0,30.0,0.0,0.0,4.125
1184698,2024-04-03T19:10:00+00:00,1712171400,R. Buquet,Paris,Paris Saint Germain,85,Rennes,94,1,0,66,2023,3.0,4.0,1.7385977741372185,1.9519400107189588,0.0,0.0,0.0,0.0,0,1440.5594315619373,1431.658749762757,20.958333333333332,30.0,0.0,0.0,4.5
1199296,2024-05-03T00:00:00+00:00,1714694400,,Kingstown,St. Vincent / Grenadines,5541,Dominica,5531,1,3,10,2024,3.0,5.0,0.7651175575528193,1.7980399957369588,0.0,0.0,0.0,0.0,0,1400.0,1400.0,7.0,7.0,0.0,0.0,4.5
1199297,2024-05-05T00:00:00+00:00,1714867200,,Kingstown,St. Vincent / Grenadines,5541,Dominica,5531,2,0,10,2024,2.0,2.0,1.3943854322390905,2.203659116717261,0.0,0.0,0.0,0.0,0,1390.0,1410.0,2.0,2.0,0.0,0.0,4.5
1199884,2024-05-13T23:00:00+00:00,1715641200,K. Williams,Port of Spain,Trinidad and Tobago,5168,Guyana,5162,2,1,10,2024,3.0,3.0,1.2650173421269997,2.080550675686797,0.0,0.0,0.0,0.0,0,1439.7913764982484,1390.1149140452342,30.0,30.0,0.0,0.0,4.5
1200579,2024-05-15T00:00:00+00:00,1715731200,,Ta'if,Sudan,1510,Tanzania,1489,2,1,10,2024,2.0,3.0,0.8196836336217297,0.7788251008501608,0.0,0.0,0.0,0.0,0,1399.981703826571,1395.3360017944008,30.0,30.0,0.0,0.0,4.5
1199885,2024-05-15T23:00:00+00:00,1715814000,T. Derry,Port of Spain,Trinidad and Tobago,5168,Guyana,5162,2,0,10,2024,3.0,2.0,1.7451606705598297,1.2518102346270503,0.0,0.0,0.0,0.0,0,1448.3712372929128,1381.5350532505697,2.0,2.0,0.0,0.0,4.5
1200583,2024-05-19T14:00:00+00:00,1716127200,,Ta'if,Sudan,1510,Tanzania,1489,0,1,10,2024,4.0,2.0,2.0042396898760693,0.9704834135982576,0.0,0.0,0.0,0.0,0,1409.8479977420404,1385.4697078789313,4.583333333333333,4.583333333333333,0.0,0.0,4.5
1193081,2024-05-25T19:00:00+00:00,1716663600,F. Letexier,Villeneuve d'Ascq,Lyon,80,Paris Saint Germain,85,1,2,66,2023,0.0,3.0,1.5746078434894817,1.3849262462709524,0.0,0.0,0.0,0.0,0,1441.1339615936176,1450.3033053754305,30.0,30.0,0.0,0.0,3.227272727272727
1200253,2024-05-26T20:00:00+00:00,1716753600,,Carriacou,Grenada,5533,St. Vincent / Grenadines,5541,0,3,10,2024,0.0,2.0,0.7703059271770645,1.0336884239523891,0.0,0.0,0.0,0.0,0,1400.0,1400.5750112778453,30.0,21.833333333333332,0.0,0.0,4.5
1192210,2024-05-27T00:00:00+00:00,1716768000,J. Freemon,"San Jose, California",Guatemala,5161,Nicaragua,5164,1,1,10,2024,3.0,1.0,0.710309397282997,2.448659298072588,0.0,0.0,0.0,0.0,0,1397.7383472259662,1377.7675600902458,30.0,30.0,0.0,0.0,4.5
1202461,2024-06-01T00:00:00+00:00,1717200000,,TBC,Lesotho,1518,Namibia,1493,1,1,10,2024,2.0,3.0,2.019691870202012,1.0148685467812557,0.0,0.0,0.0,0.0,0,1382.7986711805,1400.229860695749,30.0,30.0,0.0,0.0,4.5
1184583,2024-06-01T01:30:00+00:00,1717205400,Y. Araki,"Chicago, Illinois",Mexico,16,Bolivia,2381,1,0,10,2024,0.0,4.0,1.2822428282670664,1.8869291990241548,0.0,0.0,0.0,0.0,0,1905.9838228404128,1416.196097746091,30.0,30.0,0.0,0.0,4.5
1199025,2024-06-01T02:00:00+00:00,1717207200,O. Barrera,San José,Costa Rica,29,Uruguay,7,0,0,10,2024,3.0,1.0,0.9869879335204684,2.184181636559803,0.0,0.0,0.0,0.0,0,1552.32344574273,1965.6051856431172,30.0,30.0,0.0,0.0,4.5
1200691,2024-06-02T09:00:00+00:00,1717318800,M. Taqi,Jakarta,Indonesia,1571,Tanzania,1489,0,0,10,2024,0.0,2.0,1.461123033980478,2.061358571789896,0.0,0.0,0.0,0.0,0,1397.1560927922994,1396.1702222232138,30.0,13.791666666666666,0.0,0.0,4.5
1165956,2024-06-03T16:00:00+00:00,1717430400,J. Robinson,Almancil,Gibraltar,1093,Scotland,1108,0,2,10,2024,2.0,3.0,2.423102438751501,1.2446110503665442,0.0,0.0,0.0,0.0,0,1388.3846611661472,1676.1667065588347,30.0,30.0,0.0,0.0,4.5
1155280,2024-06-03T17:00:00+00:00,1717434000,M. Jug,Rijeka,Croatia,3,FYR Macedonia,1105,3,0,10,2024,2.0,0.0,1.3608723628412185,0.501144750187877,0.0,0.0,0.0,0.0,0,1982.9544140330634,1409.0729370074057,30.0,30.0,0.0,0.0,4.083333333333333
1172562,2024-06-03T18:00:00+00:00,1717437600,B. Csonka,Szombathely,Albania,778,Liechtenstein,1107,3,0,10,2024,1.0,4.0,2.194149481761972,1.8353755433356087,0.0,0.0,0.0,0.0,0,1405.7186442624436,1389.6229143296405,30.0,30.0,0.0,0.0,4.5
1186282,2024-06-03T18:45:00+00:00,1717440300,W. Altmann,Nürnberg,Germany,25,Ukraine,772,0,0,10,2024,2.0,1.0,2.1558987109845447,1.9299976134047527,0.0,0.0,0.0,0.0,0,1910.1855538082307,1842.2310654981302,30.0,30.0,0.0,0.0,4.5
1170219,2024-06-03T18:45:00+00:00,1717440300,R. Saggi,Newcastle upon Tyne,England,10,Bosnia & Herzegovina,1113,3,0,10,2024,3.0,3.0,1.234462446955248,1.4015373763393266,0.0,0.0,0.0,0.0,0,2035.6126878339317,1400.0,30.0,7.0,0.0,0.0,4.3
1170220,2024-06-04T16:00:00+00:00,1717516800,A. Argyrou,Ljubljana,Slovenia,1091,Armenia,1094,2,1,10,2024,3.0,3.0,0.7784027878003474,2.1123535015241472,0.0,0.0,0.0,0.0,0,1438.508802036803,1372.126634781786,30.0,30.0,0.0,0.0,4.5
1174682,2024-06-04T18:15:00+00:00,1717524900,K. Athanasiou,Luzern,Switzerland,15,Estonia,1101,4,0,10,2024,2.0,1.0,1.8153611096135096,1.3803505580294038,0.0,0.0,0.0,0.0,0,1900.610859175341,1395.1349927644792,30.0,30.0,0.0,0.0,4.5
1157594,2024-06-04T18:30:00+00:00,1717525800,A. Karaoğlan,București,Romania,774,Bulgaria,1103,0,0,10,2024,0.0,3.0,1.126496998076428,1.6115759852061435,0.0,0.0,0.0,0.0,0,1622.0221197955454,1399.5369883095343,30.0,30.0,0.0,0.0,4.5
1173868,2024-06-04T18:45:00+00:00,1717526700,António Nobre,Wien,Austria,775,Serbia,14,2,1,10,2024,4.0,3.0,0.8424805232125048,1.3760173464357952,0.0,0.0,0.0,0.0,0,1839.73245478359,1786.3057329565427,30.0,30.0,0.0,0.0,4.5
1172363,2024-06-04T18:45:00+00:00,1717526700,C. Ciochirca,Lisboa,Portugal,27,Finland,1099,4,2,10,2024,1.0,3.0,1.9783872297178544,0.9373284592330248,0.0,0.0,0.0,0.0,0,2005.5741498721484,1398.9056879334712,30.0,30.0,0.0,0.0,4.5
1172364,2024-06-04T18:45:00+00:00,1717526700,Luís Godinho,Dublin,Rep. Of Ireland,776,Hungary,769,2,1,10,2024,3.0,2.0,2.3807170254764545,0.6536596325789181,0.0,0.0,0.0,0.0,0,1418.0603656112364,1797.82838871637,30.0,30.0,0.0,0.0,4.5
1172560,2024-06-04T19:00:00+00:00,1717527600,S. Gishamer,Bologna,Italy,768,Türkiye,777,0,0,10,2024,3.0,4.0,2.0078800014304976,1.6093851081902466,0.0,0.0,0.0,0.0,0,1999.0303937359138,1414.3725599287843,30.0,30.0,0.0,0.0,3.9
1175755,2024-06-05T16:00:00+00:00,1717603200,J. Weinberger,Wiener Neustadt,Slovakia,773,San Marino,1115,4,0,10,2024,2.0,3.0,1.5167012428411084,1.954508514869925,0.0,0.0,0.0,0.0,0,1618.0902670464359,1390.5750112778453,30.0,30.0,0.0,0.0,3.9
1171720,2024-06-05T17:00:00+00:00,1717606800,K. Hagenes,København,Denmark,21,Sweden,5,2,1,10,2024,3.0,0.0,1.5263562291563495,1.6912279418098983,0.0,0.0,0.0,0.0,0,1881.744304801026,1824.9560930240457,30.0,30.0,0.0,0.0,4.5
1171752,2024-06-05T17:00:00+00:00,1717606800,M. Redder,Oslo,Norway,1090,Kosovo,1111,3,0,10,2024,2.0,2.0,1.0675605857753132,1.7655332233548222,0.0,0.0,0.0,0.0,0,1705.895820835196,1407.766237292262,30.0,30.0,0.0,0.0,4.5
1169677,2024-06-05T18:30:00+00:00,1717612200,K. Karlsson,Brussel,Belgium,1,Montenegro,1109,2,0,10,2024,3.0,2.0,1.7704547824873174,0.7952652326626224,0.0,0.0,0.0,0.0,0,2031.9040304142425,1420.3186615984325,30.0,30.0,0.0,0.0,4.5
1196834,2024-06-05T19:00:00+00:00,1717614000,L. Visser,Longeville-lès-Metz,France,2,Luxembourg,1102,3,0,10,2024,0.0,6.0,1.654942847214403,1.994433969346056,0.0,0.0,0.0,0.0,0,2092.589616196314,1400.559223767373,30.0,30.0,0.0,0.0,5.5
1182372,2024-06-05T19:30:00+00:00,1717615800,Gustavo Correia,Badajoz,Spain,9,Andorra,1110,5,0,10,2024,2.0,4.0,1.4625220821513638,1.1687344918204725,0.0,0.0,0.0,0.0,0,1989.7855584726647,1390.6091399916934,30.0,30.0,0.0,0.0,4.5
1155281,2024-06-06T01:00:00+00:00,1717635600,O. Nation,"Denver, Colorado",Mexico,16,Uruguay,7,0,4,10,2024,2.0,0.0,1.6422802929010434,2.156955626249009,0.0,0.0,0.0,0.0,0,1907.1094711668065,1957.3008847682,4.979166666666667,4.958333333333333,0.0,0.0,4.5
1197684,2024-06-06T16:00:00+00:00,1717689600,J. Robinson,Almancil,Gibraltar,1093,Wales,767,0,0,10,2024,1.0,0.0,2.460405517567545,0.9562580583795776,0.0,0.0,0.0,0.0,0,1385.180300285956,1783.4496208145529,3.0,30.0,0.0,0.0,4.5
1182784,2024-06-06T18:45:00+00:00,1717699500,R. Saggi,Rotterdam,Netherlands,1118,Canada,5529,4,0,10,2024,1.0,4.0,1.853049886575712,1.3360503489067694,0.0,0.0,0.0,0.0,0,1999.5995021950685,1567.653987752872,30.0,30.0,0.0,0.0,4.3
1194765,2024-06-07T11:00:00+00:00,1717758000,,Phnom Penh,Cambodia,1543,Mongolia,5534,2,0,10,2024,4.0,2.0,1.5053865812729763,2.459268424085289,0.0,0.0,0.0,0.0,0,1369.3649750490074,1353.1840860981392,30.0,30.0,0.0,0.0,4.5
1192065,2024-06-07T15:30:00+00:00,1717774200,S. Ebner,Grödig,Czechia,770,Malta,1112,7,1,10,2024,1.0,2.0,1.9660086281654805,0.944430795263148,0.0,0.0,0.0,0.0,0,1443.633386209277,1418.8416248783808,30.0,30.0,0.0,0.0,4.5
1171754,2024-06-07T16:00:00+00:00,1717776000,G. Kikacheishvili,Yerevan,Armenia,1094,Kazakhstan,1095,2,1,10,2024,1.0,3.0,1.507791185563065,1.7664088236877276,0.0,0.0,0.0,0.0,0,1364.0143523727456,1398.890491985597,3.0,30.0,0.0,0.0,3.875
1182373,2024-06-07T17:00:00+00:00,1717779600,M. Káprály,Szombathely,Albania,778,Azerbaijan,1096,3,1,10,2024,1.0,1.0,0.5323316490872299,2.1093610169596104,0.0,0.0,0.0,0.0,0,1415.2557030576093,1418.8122859130453,3.9583333333333335,30.0,0.0,0.0,4.5
1198576,2024-06-07T17:00:00+00:00,1717779600,R. Omarov,Minsk,Belarus,1100,Russia,4,0,4,10,2024,2.0,3.0,1.9864795852987336,1.8572962181963144,0.0,0.0,0.0,0.0,0,1390.854070968416,1460.2745981730368,30.0,30.0,0.0,0.0,4.5
1157595,2024-06-07T18:00:00+00:00,1717783200,M. Antoniou,București,Romania,774,Liechtenstein,1107,0,0,10,2024,1.0,2.0,0.9297354441040316,2.465955754766876,0.0,0.0,0.0,0.0,0,1616.3706484935465,1380.0858555344748,2.9791666666666665,4.0,0.0,0.0,4.5
1165957,2024-06-07T18:45:00+00:00,1717785900,L. Kuźma,Glasgow,Scotland,1108,Finland,1099,2,2,10,2024,1.0,0.0,0.5506396868200205,1.8126766808925745,0.0,0.0,0.0,0.0,0,1679.3710674390259,1398.3150252252383,4.114583333333333,3.0,0.0,0.0,4.5
1186283,2024-06-07T18:45:00+00:00,1717785900,José Munuera,Mönchengladbach,Germany,25,Greece,1117,2,1,10,2024,3.0,0.0,1.8971950445768664,1.596931302839153,0.0,0.0,0.0,0.0,0,1908.2542313814026,1609.4434695119137,4.0,30.0,0.0,0.0,4.5
1171721,2024-06-07T18:45:00+00:00,1717785900,D. Massa,London,England,10,Iceland,18,0,1,10,2024,2.0,3.0,0.745662767736001,2.0280189808914724,0.0,0.0,0.0,0.0,0,2036.1149748517255,1418.4333369635358,4.0,30.0,0.0,0.0,4.5
1184786,2024-06-07T18:45:00+00:00,1717785900,A. Madley,Warszawa,Poland,24,Ukraine,772,3,1,10,2024,1.0,2.0,1.287050667347705,0.6368674193928372,0.0,0.0,0.0,0.0,0,1824.503514989356,1844.1623879249582,30.0,4.0,0.0,0.0,4.5
1193960,2024-06-08T00:30:00+00:00,1717806600,G. Guerrero,Lima,Peru,30,Paraguay,2380,0,0,10,2024,1.0,1.0,1.094769374471395,0.9429578223385296,0.0,0.0,0.0,0.0,0,1742.988555412742,1637.0024974031887,30.0,30.0,0.0,0.0,4.5
1202462,2024-06-08T12:15:00+00:00,1717848900,,Bandar Seri Begawan,Brunei,5538,Sri Lanka,5166,1,0,10,2024,1.0,1.0,2.391776349124728,2.4958254603412326,0.0,0.0,0.0,0.0,0,1389.3019509718981,1409.200845663849,30.0,30.0,0.0,0.0,4.5
1170221,2024-06-08T13:00:00+00:00,1717851600,A. Kardeşler,Ljubljana,Slovenia,1091,Bulgaria,1103,1,1,10,2024,2.0,1.0,2.1871307952456416,0.9997185097739028,0.0,0.0,0.0,0.0,0,1446.6210844458433,1405.1884596115333,3.875,3.7708333333333335,0.0,0.0,4.5
1174683,2024-06-08T16:00:00+00:00,1717862400,J. Vergoote,Solna,Sweden,5,Serbia,14,0,3,10,2024,2.0,1.0,2.268748053924635,0.9523814145606307,0.0,0.0,0.0,0.0,0,1816.5761874188736,1777.831470377373,2.9583333333333335,3.8854166666666665,0.0,0.0,4.5
1175128,2024-06-08T16:00:00+00:00,1717862400,Cláudio Pereira,Debrecen,Hungary,769,Israel,1116,3,0,10,2024,2.0,0.0,2.4842931225791607,0.7749709282241584,0.0,0.0,0.0,0.0,0,1779.8484650716853,1400.0,3.8854166666666665,7.0,0.0,0.0,4.5
1173869,2024-06-08T16:00:00+00:00,1717862400,M. Ferrieri Caputi,St. Gallen,Switzerland,15,Austria,775,1,1,10,2024,2.0,0.0,1.4454532695876614,2.151329779458896,0.0,0.0,0.0,0.0,0,1901.6443299471512,1848.2067173627595,3.90625,3.8854166666666665,0.0,0.0,4.5
1175045,2024-06-08T16:00:00+00:00,1717862400,D. Shurman,Chişinău,Moldova,1114,Cyprus,1106,3,2,10,2024,0.0,2.0,1.8714097935378864,1.8933664382937625,0.0,0.0,0.0,0.0,0,1416.9468904488706,1407.4585020018674,30.0,30.0,0.0,0.0,4.5
1168422,2024-06-08T16:45:00+00:00,1717865100,H. Osmers,"Jamor, Oeiras",Portugal,27,Croatia,3,1,2,10,2024,1.0,3.0,2.4235806412442176,2.306265223790811,0.0,0.0,0.0,0.0,0,2006.1648125803813,1983.6634216123846,3.9166666666666665,4.989583333333333,0.0,0.0,5.375
1171722,2024-06-08T17:30:00+00:00,1717867800,S. Frappart,Brøndby,Denmark,21,Norway,1090,3,1,10,2024,0.0,4.0,0.86524416296087,2.495754285058546,0.0,0.0,0.0,0.0,0,1890.124210406198,1708.9431190875498,3.0208333333333335,3.0208333333333335,0.0,0.0,4.125
1168423,2024-06-08T18:00:00+00:00,1717869600,P. Raczkowski,Brussel,Belgium,1,Luxembourg,1102,3,0,10,2024,1.0,1.0,2.0888767594859816,0.8907809825607518,0.0,0.0,0.0,0.0,0,2032.478683009569,1400.1936770966142,2.9791666666666665,2.9583333333333335,0.0,0.0,4.375
1194540,2024-06-08T19:30:00+00:00,1717875000,B. Dechepy,Palma de Mallorca,Spain,9,Northern Ireland,771,5,1,10,2024,3.0,0.0,1.5560441461799388,1.0906590268601015,0.0,0.0,0.0,0.0,0,1990.401450763624,1422.5828092154711,3.0,30.0,0.0,0.0,4.5
1174091,2024-06-08T21:30:00+00:00,1717882200,F. Hernández,"Landover, Maryland",USA,2384,Colombia,8,1,5,10,2024,1.0,1.0,2.386038522303066,1.2276046353706405,0.0,0.0,0.0,0.0,0,1908.4242157936726,1991.2754810441959,30.0,30.0,0.0,0.0,4.5
1155282,2024-06-09T01:00:00+00:00,1717894800,L. Szpala,"College Station, Texas",Mexico,16,Brazil,6,2,3,10,2024,2.0,4.0,0.8578804338315578,2.342487834090186,0.0,0.0,0.0,0.0,0,1898.5441298718044,2003.030934819334,3.0,30.0,0.0,0.0,4.5
1173870,2024-06-09T18:45:00+00:00,1717958700,C. Theouli,Empoli,Italy,768,Bosnia & Herzegovina,1113,1,0,10,2024,0.0,4.0,2.270011347947737,0.8241404398969392,0.0,0.0,0.0,0.0,0,1989.6981792893241,1399.4977129822062,4.989583333333333,6.0,0.0,0.0,4.5
1169682,2024-06-09T18:45:00+00:00,1717958700,A. Stavrev,Podgorica,Montenegro,1109,Georgia,1104,1,3,10,2024,3.0,3.0,2.450340855851566,2.423573591821624,0.0,0.0,0.0,0.0,0,1419.744009003106,1419.4492680349706,4.010416666666667,30.0,0.0,0.0,4.5
1175756,2024-06-09T18:45:00+00:00,1717958700,D. Stefanski,Trnava,Slovakia,773,Wales,767,4,0,10,2024,2.0,6.0,1.8467292235308967,0.8993735287821982,0.0,0.0,0.0,0.0,0,1622.3410646327088,1775.2843369774632,4.114583333333333,3.1145833333333335,0.0,0.0,4.5
1196553,2024-06-09T19:15:00+00:00,1717960500,Fábio Veríssimo,Bordeaux,France,2,Canada,5529,0,0,10,2024,1.0,1.0,1.4693069057712007,2.3420170403346843,0.0,0.0,0.0,0.0,0,2092.955162867073,1566.1177565982537,4.010416666666667,3.0208333333333335,0.0,0.0,4.5
1193462,2024-06-09T23:00:00+00:00,1717974000,D. Fischer,"Chicago, Illinois",Argentina,26,Ecuador,2382,1,0,10,2024,3.0,2.0,1.972142369748838,1.161132823428735,0.0,0.0,0.0,0.0,0,2142.3088245586127,1800.5289593455939,30.0,30.0,0.0,0.0,4.5
1169678,2024-06-10T16:00:00+00:00,1718035200,M. Očenáš,Hradec Králové,Czechia,770,FYR Macedonia,1105,2,1,10,2024,2.0,2.0,2.294828686973167,1.207281095549401,0.0,0.0,0.0,0.0,0,1452.9210305912532,1408.3639294280845,3.0208333333333335,6.958333333333333,0.0,0.0,4.5
1182785,2024-06-10T18:45:00+00:00,1718045100,E. Manouchos,Rotterdam,Netherlands,1118,Iceland,18,4,0,10,2024,4.0,3.0,1.7653682766682546,2.485522631883908,0.0,0.0,0.0,0.0,0,2001.1357333496867,1437.8779505861064,4.0,3.0,0.0,0.0,4.5
1184584,2024-06-10T18:45:00+00:00,1718045100,B. Berke,Warszawa,Poland,24,Türkiye,777,2,1,10,2024,2.0,2.0,0.6509227354570057,1.993624576021377,0.0,0.0,0.0,0.0,0,1835.0687397551071,1423.704774375374,3.0,5.989583333333333,0.0,0.0,3.625
1196554,2024-06-11T09:00:00+00:00,1718096400,,Ulaanbaatar,Mongolia,5534,Cambodia,1543,2,1,10,2024,1.0,0.0,1.442738047116923,2.1012183967856783,0.0,0.0,0.0,0.0,0,1343.6494730957336,1378.899588051413,3.9166666666666665,3.9166666666666665,0.0,0.0,4.5
1202463,2024-06-11T12:15:00+00:00,1718108100,,Bandar Seri Begawan,Brunei,5538,Sri Lanka,5166,1,0,10,2024,1.0,3.0,1.1102939560875456,2.419470340626181,0.0,0.0,0.0,0.0,0,1399.874061778315,1398.628734857432,3.0,3.0,0.0,0.0,4.5
1199026,2024-06-11T14:00:00+00:00,1718114400,B. Csonka,Szombathely,Azerbaijan,1096,Kazakhstan,1095,3,2,10,2024,2.0,1.0,0.7740928464066008,2.1729337833818168,0.0,0.0,0.0,0.0,0,1408.709922805231,1387.8900341004778,3.875,3.9166666666666665,0.0,0.0,4.5
1198578,2024-06-11T16:00:00+00:00,1718121600,T. Bognár,Budapest,Belarus,1100,Israel,1116,0,4,10,2024,6.0,3.0,0.8714552104231275,1.0206755431973549,0.0,0.0,0.0,0.0,0,1382.8259821550823,1397.9807644273883,3.9583333333333335,3.0,0.0,0.0,4.5
1200436,2024-06-11T16:00:00+00:00,1718121600,A. Kijas,Grödig,Malta,1112,Greece,1117,0,2,10,2024,3.0,2.0,1.733052354918635,0.722958745145893,0.0,0.0,0.0,0.0,0,1409.5539804964046,1606.4062858488064,4.020833333333333,3.8854166666666665,0.0,0.0,4.5
1182786,2024-06-11T16:00:00+00:00,1718121600,A. Chivulete,Chişinău,Moldova,1114,Ukraine,772,0,4,10,2024,3.0,0.0,1.7549834992371551,1.3122046760393151,0.0,0.0,0.0,0.0,0,1426.6738605504743,1833.5971631592072,3.0,3.8854166666666665,0.0,0.0,4.5
1175046,2024-06-11T16:00:00+00:00,1718121600,I. Barbara,Serravalle,San Marino,1115,Cyprus,1106,1,4,10,2024,3.0,1.0,1.9786560792111163,1.6146630117027811,0.0,0.0,0.0,0.0,0,1386.3242136915724,1397.7315319002637,6.0,3.0,0.0,0.0,4.5
1198485,2024-06-11T18:45:00+00:00,1718131500,J. Barcelo,Murcia,Northern Ireland,771,Andorra,1110,2,0,10,2024,5.0,1.0,2.4206305891143205,2.1721370934428594,0.0,0.0,0.0,0.0,0,1421.8495432976708,1389.993247700734,2.96875,5.96875,0.0,0.0,4.5
1172365,2024-06-11T18:45:00+00:00,1718131500,C. Kavanagh,Aveiro,Portugal,27,Rep. Of Ireland,776,3,0,10,2024,0.0,0.0,0.5551340624932868,1.3165840339873107,0.0,0.0,0.0,0.0,0,1995.5180744616803,1436.0402892559212,3.0833333333333335,7.0,0.0,0.0,4.083333333333333
1193961,2024-06-12T00:00:00+00:00,1718150400,P. Echavarría,Santiago de Chile,Chile,2383,Paraguay,2380,3,0,10,2024,0.0,2.0,1.5156717240479662,1.442356966404866,0.0,0.0,0.0,0.0,0,1742.5676075232673,1639.9617915318229,30.0,3.9791666666666665,0.0,0.0,4.5
1178423,2024-06-12T23:00:00+00:00,1718233200,S. Martínez,"Orlando, Florida",USA,2384,Brazil,6,1,1,10,2024,0.0,1.0,0.6193818272541654,0.9977487323103846,0.0,0.0,0.0,0.0,0,1900.764670384891,2010.11106376074,4.0625,3.9166666666666665,0.0,0.0,4.5
1198577,2024-06-13T00:30:00+00:00,1718238600,L. Szpala,"Chester, Pennsylvania",Ecuador,2382,Bolivia,2381,3,1,10,2024,5.0,1.0,1.2362982187618168,2.3366083986962707,0.0,0.0,0.0,0.0,0,1798.075683485983,1415.0704494196973,3.0625,11.958333333333334,0.0,0.0,4.5
1145509,2024-06-14T19:00:00+00:00,1718391600,C. Turpin,München,Germany,25,Scotland,1108,5,1,4,2024,2.0,1.0,2.15,0.02,5.0,0.0,15.0,9.0,1,1911.29141504451,1672.6809926271474,7.010416666666667,7.010416666666667,0.0,0.0,4.05
1178424,2024-06-15T00:00:00+00:00,1718409600,J. Dickerson,"Landover, Maryland",Argentina,26,Guatemala,5161,4,1,10,2024,3.0,0.0,0.6284962760787567,2.0779204803119367,0.0,0.0,0.0,0.0,0,2144.7621004182233,1397.1641739859435,5.041666666666667,19.0,0.0,0.0,4.5
1197592,2024-06-15T00:30:00+00:00,1718411400,K. Williams,"Chester, Pennsylvania",El Salvador,5159,Peru,30,0,1,10,2024,3.0,2.0,1.4348378302258329,2.1832591506509527,0.0,0.0,0.0,0.0,0,1391.927335647553,1740.0292612841079,30.0,7.0,0.0,0.0,4.5
1145510,2024-06-15T13:00:00+00:00,1718456400,S. Vinčić,Köln,Hungary,769,Switzerland,15,1,3,4,2024,2.0,2.0,1.25,2.33,2.0,6.0,9.0,13.0,1,1781.867700644297,1900.118286363575,6.875,6.875,0.0,0.0,4.416666666666667
1145511,2024-06-15T16:00:00+00:00,1718467200,M. Oliver,Berlin,Spain,9,Croatia,3,3,0,4,2024,1.0,0.0,2.01,2.38,5.0,0.0,14.0,13.0,1,1991.1347166814244,1994.3101597310856,6.854166666666667,6.96875,0.0,0.0,4.05
1145512,2024-06-15T19:00:00+00:00,1718478000,F. Zwayer,Dortmund,Italy,768,Albania,778,2,1,4,2024,2.0,2.0,1.56,0.51,5.0,3.0,7.0,7.0,1,1990.3456737172469,1425.3580661654237,6.010416666666667,8.083333333333334,0.0,0.0,4.136363636363637
1198059,2024-06-15T21:00:00+00:00,1718485200,D. Quintero,"East Hartford, Connecticut",Colombia,8,Bolivia,2381,3,0,10,2024,3.0,0.0,0.7703779056692668,1.8786298268581765,0.0,0.0,0.0,0.0,0,1998.9350264529776,1413.0839640476001,6.979166666666667,2.8541666666666665,0.0,0.0,4.5
1189846,2024-06-16T13:00:00+00:00,1718542800,Artur Soares Dias,Hamburg,Poland,24,Netherlands,1118,1,2,4,2024,0.0,1.0,1.32,1.46,3.0,6.0,10.0,8.0,1,1836.7816502745497,2001.8877721994772,5.760416666666667,5.760416666666667,0.0,0.0,3.75
1145513,2024-06-16T16:00:00+00:00,1718553600,S. Schärer,Stuttgart,Slovenia,1091,Denmark,21,1,1,4,2024,2.0,1.0,1.1,1.66,5.0,9.0,12.0,9.0,1,1445.4341787235228,1895.335787205148,8.125,7.9375,0.0,0.0,4.1
1145514,2024-06-16T19:00:00+00:00,1718564400,D. Orsato,Gelsenkirchen,Serbia,14,England,10,0,1,4,2024,2.0,0.0,0.18,0.52,2.0,1.0,19.0,8.0,1,1788.9420331809833,2016.6703612291549,8.125,9.010416666666666,0.0,0.0,3.9
1198060,2024-06-16T19:30:00+00:00,1718566200,I. Cornejo,"East Hartford, Connecticut",Ecuador,2382,Honduras,4672,2,1,10,2024,3.0,3.0,2.163380574896406,1.094640894405916,0.0,0.0,0.0,0.0,0,1800.0621688580802,1396.8390887627784,3.7916666666666665,30.0,0.0,0.0,4.5
1193372,2024-06-16T22:30:00+00:00,1718577000,D. Gómez,Ciudad de Panamá,Panama,11,Paraguay,2380,0,1,10,2024,2.0,2.0,0.5709991562242149,2.460077133370696,0.0,0.0,0.0,0.0,0,1594.5347427701984,1632.8320611694955,30.0,4.9375,0.0,0.0,4.5
1189847,2024-06-17T13:00:00+00:00,1718629200,G. Nyberg,München,Romania,774,Ukraine,772,3,0,4,2024,1.0,1.0,1.2,0.75,4.0,8.0,9.0,8.0,1,1610.4549195130235,1835.3505362442806,9.791666666666666,5.875,0.0,0.0,4.055555555555555
1145516,2024-06-17T16:00:00+00:00,1718640000,H. Meler,Frankfurt am Main,Belgium,1,Slovakia,773,0,1,4,2024,3.0,1.0,1.7,0.57,5.0,7.0,14.0,10.0,1,2032.9904358526348,1636.4792174648412,8.916666666666666,7.885416666666667,0.0,0.0,4.7
1145515,2024-06-17T19:00:00+00:00,1718650800,Gil Manzano,Düsseldorf,Austria,775,France,2,0,1,4,2024,5.0,2.0,0.76,2.13,6.0,2.0,18.0,11.0,1,1849.7327609463357,2083.8745507735694,9.125,7.989583333333333,0.0,0.0,5.125
1189848,2024-06-18T16:00:00+00:00,1718726400,F. Tello,Dortmund,Türkiye,777,Georgia,1104,3,1,4,2024,2.0,1.0,3.01,1.37,5.0,5.0,10.0,7.0,1,1421.9918638559313,1429.4577513599295,7.885416666666667,8.885416666666666,0.0,0.0,4.5
1145517,2024-06-18T19:00:00+00:00,1718737200,M. Guida,Leipzig,Portugal,27,Czechia,770,2,1,4,2024,2.0,1.0,1.85,0.43,13.0,0.0,6.0,9.0,1,1996.2860213528422,1461.6455590119112,7.010416666666667,8.125,0.0,0.0,4.0625
1145520,2024-06-19T13:00:00+00:00,1718802000,F. Letexier,Hamburg,Croatia,3,Albania,778,2,2,4,2024,1.0,3.0,2.69,1.46,3.0,1.0,15.0,11.0,1,1979.1730686514827,1424.2407687124348,3.875,3.75,0.0,0.0,3.227272727272727
1145519,2024-06-19T16:00:00+00:00,1718812800,D. Makkelie,Stuttgart,Germany,25,Hungary,769,2,0,4,2024,2.0,2.0,1.4,1.18,11.0,7.0,12.0,10.0,1,1917.3528122303057,1771.7845820833,4.875,4.125,0.0,0.0,4.35
1145518,2024-06-19T19:00:00+00:00,1718823600,I. Kružliak,Köln,Scotland,1108,Switzerland,15,1,1,4,2024,3.0,2.0,0.76,1.13,5.0,8.0,11.0,11.0,1,1666.6195954413515,1910.201404924572,5.0,4.25,0.0,0.0,4.3
1145523,2024-06-20T13:00:00+00:00,1718888400,I. Kovács,München,Slovenia,1091,Serbia,14,1,1,4,2024,2.0,4.0,1.37,1.64,4.0,9.0,13.0,8.0,1,1458.340327213094,1782.5719931012343,3.875,3.75,0.0,0.0,7.5
1145522,2024-06-20T16:00:00+00:00,1718899200,Artur Soares Dias,Frankfurt am Main,Denmark,21,England,10,1,1,4,2024,3.0,1.0,0.82,0.87,4.0,2.0,13.0,5.0,1,1882.4296387155769,2023.040401308904,4.0,3.875,0.0,0.0,3.75
1145521,2024-06-20T19:00:00+00:00,1718910000,S. Vinčić,Gelsenkirchen,Spain,9,Italy,768,1,0,4,2024,3.0,2.0,2.02,0.16,5.0,2.0,17.0,14.0,1,2006.2718077610273,1991.4629711702357,5.125,5.0,0.0,0.0,4.416666666666667
1189120,2024-06-21T00:00:00+00:00,1718928000,J. Valenzuela,"Atlanta, Georgia",Argentina,26,Canada,5529,2,0,9,2024,2.0,2.0,3.02,1.16,7.0,4.0,15.0,9.0,1,2145.0289106476926,1575.1983686917574,6.0,11.197916666666666,0.0,0.0,4.5
1189849,2024-06-21T13:00:00+00:00,1718974800,M. Oliver,Düsseldorf,Slovakia,773,Ukraine,772,1,2,4,2024,0.0,1.0,0.86,1.51,4.0,4.0,9.0,12.0,1,1663.7017412995845,1811.8027767781512,3.875,4.0,0.0,0.0,4.05
1189850,2024-06-21T16:00:00+00:00,1718985600,H. Meler,Berlin,Poland,24,Austria,775,1,3,4,2024,4.0,2.0,1.68,2.13,4.0,3.0,15.0,15.0,1,1828.4176830006936,1843.5459925168877,5.125,3.875,0.0,0.0,4.7
1145524,2024-06-21T19:00:00+00:00,1718996400,A. Taylor,Leipzig,Netherlands,1118,France,2,0,0,4,2024,1.0,0.0,0.47,1.43,3.0,6.0,13.0,8.0,1,2010.2517394733334,2090.0613192030173,5.25,4.0,0.0,0.0,3.0555555555555554
1146301,2024-06-22T00:00:00+00:00,1719014400,Wilton Pereira Sampaio,"Arlington, Texas",Peru,30,Chile,2383,0,0,9,2024,1.0,3.0,0.75,1.02,1.0,3.0,18.0,19.0,1,1742.4052768740046,1749.6973378855946,6.979166666666667,10.0,0.0,0.0,4.375
1189851,2024-06-22T13:00:00+00:00,1719061200,D. Siebert,Hamburg,Georgia,1104,Czechia,770,1,1,4,2024,4.0,5.0,1.11,3.07,5.0,11.0,12.0,17.0,1,1414.1354726894417,1460.3243844455367,3.875,3.75,0.0,0.0,5.0625
1145526,2024-06-22T16:00:00+00:00,1719072000,F. Zwayer,Dortmund,Türkiye,777,Portugal,27,0,3,4,2024,3.0,2.0,0.72,1.86,9.0,1.0,16.0,8.0,1,1437.3141425264191,1997.6071959192168,4.0,3.875,0.0,0.0,4.136363636363637
1145525,2024-06-22T19:00:00+00:00,1719082800,S. Marciniak,Köln,Belgium,1,Romania,774,2,0,4,2024,1.0,2.0,1.76,0.94,7.0,7.0,9.0,11.0,1,2005.7679120178916,1634.002678979153,5.125,5.25,0.0,0.0,3.3125
1146302,2024-06-22T22:00:00+00:00,1719093600,W. Roldán,"Santa Clara, California",Ecuador,2382,Venezuela,2379,1,2,9,2024,2.0,2.0,0.86,1.69,3.0,5.0,20.0,14.0,1,1801.8499155455327,1736.2677520088787,6.104166666666667,30.0,0.0,0.0,4.9
1146303,2024-06-23T01:00:00+00:00,1719104400,I. Elfath,"Houston, Texas",Mexico,16,Jamaica,2385,1,0,9,2024,2.0,2.0,0.97,0.51,7.0,6.0,8.0,7.0,1,1891.4640009303985,1517.8623834104699,14.0,30.0,0.0,0.0,4.375
1145528,2024-06-23T19:00:00+00:00,1719169200,F. Tello,Stuttgart,Scotland,1108,Hungary,769,0,1,4,2024,1.0,5.0,0.17,1.22,2.0,6.0,16.0,13.0,1,1675.6954338504606,1762.725631853899,4.0,4.125,0.0,0.0,4.5
1145527,2024-06-23T19:00:00+00:00,1719169200,D. Orsato,Frankfurt am Main,Switzerland,15,Germany,25,1,1,4,2024,3.0,1.0,0.6,1.56,2.0,9.0,14.0,12.0,1,1901.1255665154629,1926.4117624597068,4.0,4.125,0.0,0.0,3.9
1146304,2024-06-23T22:00:00+00:00,1719180000,M. Mariani,"Arlington, Texas",USA,2384,Bolivia,2381,2,0,9,2024,1.0,3.0,2.51,0.18,7.0,1.0,8.0,17.0,1,1903.8119581200485,1412.420598029107,10.958333333333334,8.041666666666666,0.0,0.0,3.5
1146305,2024-06-24T01:00:00+00:00,1719190800,P. Maza,"Miami Gardens, Florida",Uruguay,7,Panama,11,3,1,9,2024,0.0,1.0,1.55,0.56,9.0,3.0,12.0,9.0,1,1965.866226063202,1585.6325854142085,18.0,7.104166666666667,0.0,0.0,3.9166666666666665
1145529,2024-06-24T19:00:00+00:00,1719255600,D. Makkelie,Leipzig,Croatia,3,Italy,768,1,1,4,2024,6.0,2.0,1.49,0.9,2.0,11.0,18.0,6.0,1,1965.3543253617709,1977.1019331436469,5.25,4.0,0.0,0.0,4.35
1145530,2024-06-24T19:00:00+00:00,1719255600,G. Nyberg,Düsseldorf,Albania,778,Spain,9,0,1,4,2024,2.0,1.0,0.48,1.51,2.0,6.0,6.0,15.0,1,1438.0595120021467,2020.6328457876161,5.25,4.0,0.0,0.0,4.055555555555555
1146306,2024-06-24T22:00:00+00:00,1719266400,D. Herrera,"Houston, Texas",Colombia,8,Paraguay,2380,2,1,9,2024,1.0,2.0,0.71,0.81,3.0,3.0,10.0,18.0,1,1999.5983924714708,1641.7342185254854,9.041666666666666,7.979166666666667,0.0,0.0,4.125
1189121,2024-06-25T01:00:00+00:00,1719277200,C. Ramos,"Inglewood, California",Brazil,6,Costa Rica,29,0,0,9,2024,1.0,2.0,1.71,0.03,9.0,1.0,13.0,10.0,1,2007.0637760255825,1560.6277466176473,12.083333333333334,23.958333333333332,0.0,0.0,5.083333333333333
1189852,2024-06-25T16:00:00+00:00,1719331200,M. Guida,Dortmund,France,2,Poland,24,1,1,4,2024,1.0,3.0,2.32,1.16,11.0,3.0,12.0,15.0,1,2086.6750157504703,1814.070412158334,3.875,4.0,0.0,0.0,4.0625
1145533,2024-06-25T16:00:00+00:00,1719331200,I. Kružliak,Berlin,Netherlands,1118,Austria,775,2,3,4,2024,0.0,3.0,1.73,0.95,5.0,2.0,10.0,16.0,1,2013.6380429258802,1857.8932633592474,3.875,4.0,0.0,0.0,4.3
1145532,2024-06-25T19:00:00+00:00,1719342000,F. Letexier,München,Denmark,21,Serbia,14,0,0,4,2024,2.0,2.0,0.67,0.29,8.0,2.0,11.0,5.0,1,1888.1892195272724,1771.590662055957,5.125,5.25,0.0,0.0,3.227272727272727
1145531,2024-06-25T19:00:00+00:00,1719342000,C. Turpin,Köln,England,10,Slovenia,1091,0,0,4,2024,3.0,2.0,0.8,0.15,6.0,0.0,11.0,9.0,1,2017.2808204972084,1469.3216582583714,5.125,5.25,0.0,0.0,4.05
1146307,2024-06-26T01:00:00+00:00,1719363600,A. Matonte,"East Rutherford, New Jersey",Chile,2383,Argentina,26,0,1,9,2024,2.0,0.0,0.12,2.72,0.0,11.0,12.0,9.0,1,1749.3825605237719,2146.1166037882867,4.041666666666667,5.041666666666667,0.0,0.0,3.875
1189853,2024-06-26T16:00:00+00:00,1719417600,A. Taylor,Stuttgart,Ukraine,772,Belgium,1,0,0,4,2024,1.0,1.0,0.82,0.88,3.0,7.0,9.0,8.0,1,1820.769797961719,2008.925844769785,5.125,3.875,0.0,0.0,3.0555555555555554
1145534,2024-06-26T16:00:00+00:00,1719417600,D. Siebert,Frankfurt am Main,Slovakia,773,Romania,774,1,1,4,2024,1.0,3.0,0.86,1.19,5.0,1.0,11.0,10.0,1,1654.7347201160167,1630.8447462272595,5.125,3.875,0.0,0.0,5.0625
1145535,2024-06-26T19:00:00+00:00,1719428400,I. Kovács,Hamburg,Czechia,770,Türkiye,777,1,2,4,2024,7.0,11.0,1.62,1.46,3.0,7.0,16.0,9.0,1,1458.341914266744,1436.167409398001,4.25,4.125,0.0,0.0,7.5
1189854,2024-06-26T19:00:00+00:00,1719428400,S. Schärer,Gelsenkirchen,Georgia,1104,Portugal,27,2,0,4,2024,1.0,3.0,1.65,2.04,1.0,11.0,6.0,11.0,1,1416.1179428682344,1998.753929047635,4.25,4.125,0.0,0.0,4.1
1189122,2024-06-26T22:00:00+00:00,1719439200,M. Escobar,"Kansas City, Kansas",Peru,30,Canada,5529,0,1,9,2024,0.0,1.0,0.81,1.78,2.0,1.0,17.0,14.0,1,1742.7200542358273,1574.1106755511632,4.916666666666667,5.916666666666667,0.0,0.0,4.3
1146309,2024-06-27T01:00:00+00:00,1719450000,Raphael Claus,"Inglewood, California",Venezuela,2379,Mexico,16,1,0,9,2024,2.0,2.0,1.17,2.88,2.0,7.0,7.0,12.0,1,1754.0660058204376,1894.5921893364853,4.125,4.0,0.0,0.0,4.375
1146308,2024-06-27T22:00:00+00:00,1719525600,C. Garay,"Las Vegas, Nevada",Ecuador,2382,Jamaica,2385,3,1,9,2024,0.0,4.0,2.45,0.81,7.0,8.0,8.0,18.0,1,1784.0516617339738,1514.734195004383,5.0,4.875,0.0,0.0,4.375
1146311,2024-06-28T01:00:00+00:00,1719536400,J. Benítez,"East Rutherford, New Jersey",Uruguay,7,Bolivia,2381,5,0,9,2024,0.0,1.0,2.93,0.06,4.0,3.0,12.0,14.0,1,1968.8890470713725,1410.7467749085038,4.0,4.125,0.0,0.0,3.625
1146310,2024-06-28T22:00:00+00:00,1719612000,I. Barton,"Atlanta, Georgia",Panama,11,USA,2384,2,1,9,2024,3.0,2.0,0.77,1.08,3.0,0.0,19.0,4.0,1,1582.609764406038,1905.4857812406517,4.875,5.0,0.0,0.0,4.625
1146312,2024-06-29T01:00:00+00:00,1719622800,P. Maza,"Las Vegas, Nevada",Paraguay,2380,Brazil,6,1,4,9,2024,2.0,3.0,0.87,3.74,4.0,6.0,12.0,13.0,1,1638.34293921804,1994.1968184026707,4.125,4.0,0.0,0.0,3.9166666666666665
1212958,2024-06-29T16:00:00+00:00,1719676800,S. Marciniak,Berlin,Switzerland,15,Italy,768,2,0,4,2024,0.0,3.0,1.25,0.73,4.0,6.0,9.0,15.0,1,1902.2153359108397,1976.5949413411417,5.875,4.875,0.0,0.0,3.3125
1214156,2024-06-29T19:00:00+00:00,1719687600,M. Oliver,Dortmund,Germany,25,Denmark,21,2,0,4,2024,0.0,2.0,2.58,1.18,6.0,6.0,7.0,15.0,1,1925.32199306433,1883.3360972026155,6.0,4.0,0.0,0.0,4.05
1189123,2024-06-29T22:00:00+00:00,1719698400,G. Tejera,"Glendale, Arizona",Colombia,8,Costa Rica,29,3,0,9,2024,2.0,1.0,2.9,0.15,4.0,2.0,19.0,14.0,1,2002.989671778916,1573.494704240559,5.0,4.875,0.0,0.0,4.125
1189124,2024-06-30T00:00:00+00:00,1719705600,W. Roldán,"Orlando, Florida",Canada,5529,Chile,2383,0,0,9,2024,5.0,2.0,1.08,0.54,8.0,4.0,15.0,8.0,1,1595.8678095510008,1746.6083154547107,3.0833333333333335,3.9583333333333335,0.0,0.0,4.9
1146313,2024-06-30T00:00:00+00:00,1719705600,C. Ramos,"Miami Gardens, Florida",Argentina,26,Peru,30,2,0,9,2024,1.0,5.0,2.29,0.14,6.0,3.0,11.0,20.0,1,2148.890848857348,1720.9629202359897,3.9583333333333335,3.0833333333333335,0.0,0.0,5.083333333333333
1215075,2024-06-30T19:00:00+00:00,1719774000,F. Letexier,Köln,Spain,9,Georgia,1104,4,1,4,2024,1.0,1.0,3.36,0.25,13.0,3.0,11.0,5.0,1,2021.6462075570155,1445.1049341693536,6.0,4.0,0.0,0.0,3.227272727272727
1146315,2024-07-01T00:00:00+00:00,1719792000,M. Escobar,"Glendale, Arizona",Mexico,16,Ecuador,2382,0,0,9,2024,5.0,2.0,1.01,0.4,5.0,2.0,16.0,12.0,1,1873.8357220201788,1789.3028808843503,3.9583333333333335,3.0833333333333335,0.0,0.0,4.3
1146314,2024-07-01T00:00:00+00:00,1719792000,M. Mariani,"Austin, Texas",Jamaica,2385,Venezuela,2379,0,3,9,2024,1.0,1.0,0.52,1.96,6.0,9.0,4.0,12.0,1,1509.4829758540066,1774.822473136744,3.0833333333333335,3.9583333333333335,0.0,0.0,3.5
1215073,2024-07-01T16:00:00+00:00,1719849600,G. Nyberg,Düsseldorf,France,2,Belgium,1,1,0,4,2024,3.0,2.0,1.06,0.23,5.0,2.0,7.0,10.0,1,2076.8447661578243,2001.5133641061893,6.0,5.0,0.0,0.0,4.055555555555555
1146317,2024-07-02T01:00:00+00:00,1719882000,K. Ortega,"Kansas City, Missouri",USA,2384,Uruguay,7,0,1,9,2024,2.0,1.0,0.49,1.53,2.0,3.0,12.0,12.0,1,1879.5316875848187,1970.0495134244031,3.125,4.0,0.0,0.0,4.125
1146316,2024-07-02T01:00:00+00:00,1719882000,Edina Alves Batista,"Orlando, Florida",Bolivia,2381,Panama,11,1,3,9,2024,2.0,1.0,0.72,1.23,2.0,1.0,17.0,8.0,1,1409.5863085554731,1608.563858061871,4.0,3.125,0.0,0.0,4.125
1215077,2024-07-02T16:00:00+00:00,1719936000,F. Zwayer,München,Romania,774,Netherlands,1118,0,3,4,2024,2.0,2.0,0.28,2.93,4.0,13.0,8.0,9.0,1,1631.874536851599,1992.330910392733,6.0,7.0,0.0,0.0,4.136363636363637
1215078,2024-07-02T19:00:00+00:00,1719946800,Artur Soares Dias,Leipzig,Austria,775,Türkiye,777,1,2,4,2024,2.0,2.0,3.14,0.92,10.0,4.0,12.0,5.0,1,1879.2003958923947,1452.123461947301,7.125,6.0,0.0,0.0,3.75
1189125,2024-07-03T01:00:00+00:00,1719968400,Y. Falcón,"Austin, Texas",Costa Rica,29,Paraguay,2380,2,1,9,2024,3.0,3.0,0.32,1.01,1.0,6.0,11.0,17.0,1,1571.1601684177213,1634.916695518391,3.125,4.0,0.0,0.0,4.875
1146318,2024-07-03T01:00:00+00:00,1719968400,J. Valenzuela,"Santa Clara, California",Brazil,6,Colombia,8,1,1,9,2024,3.0,2.0,0.25,1.17,6.0,5.0,14.0,19.0,1,1997.6230621023199,2005.3242076017539,4.0,3.125,0.0,0.0,4.5
1220308,2024-07-06T19:00:00+00:00,1720292400,C. Turpin,Berlin,Netherlands,1118,Türkiye,777,2,1,4,2024,4.0,1.0,1.09,1.31,3.0,7.0,16.0,7.0,1,1995.677564316906,1479.7587830269858,4.125,4.0,0.0,0.0,4.05
1222459,2024-07-06T22:00:00+00:00,1720303200,M. Mariani,"Glendale, Arizona",Colombia,8,Panama,11,5,0,9,2024,1.0,3.0,2.27,0.5,4.0,2.0,15.0,20.0,1,2004.9917768649748,1615.8037292826014,3.875,4.875,0.0,0.0,3.5
1225853,2024-07-09T19:00:00+00:00,1720551600,S. Vinčić,München,Spain,9,France,2,2,1,4,2024,2.0,2.0,0.82,1.1,4.0,6.0,9.0,14.0,1,2022.694123965182,2088.6424729867936,9.0,8.125,0.0,0.0,4.416666666666667
1227537,2024-07-10T00:00:00+00:00,1720569600,P. Maza,"East Rutherford, New Jersey",Argentina,26,Canada,5529,2,0,9,2024,1.0,3.0,2.2,0.78,2.0,2.0,5.0,15.0,1,2151.2448789453642,1601.996016863934,10.0,10.0,0.0,0.0,3.9166666666666665
1227539,2024-07-10T19:00:00+00:00,1720638000,F. Zwayer,Dortmund,Netherlands,1118,England,10,1,2,4,2024,3.0,3.0,0.54,1.25,3.0,0.0,11.0,6.0,1,1997.1417408962932,2003.5084782532845,4.0,15.0,0.0,0.0,4.136363636363637
1227538,2024-07-11T00:00:00+00:00,1720656000,C. Ramos,"Charlotte, North Carolina",Uruguay,7,Colombia,8,0,1,9,2024,3.0,5.0,0.76,1.18,4.0,3.0,11.0,13.0,1,1981.2276280640342,2007.877339334481,8.958333333333334,4.083333333333333,0.0,0.0,5.083333333333333
1232551,2024-07-14T19:00:00+00:00,1720983600,F. Letexier,Berlin,Spain,9,England,10,2,1,4,2024,1.0,3.0,1.95,0.53,10.0,2.0,11.0,5.0,1,2040.507634083356,2018.2336348696335,5.0,4.0,0.0,0.0,3.227272727272727
1198299,2024-07-28T02:30:00+00:00,1722133800,O. Vergara,"Carson, California",Guatemala,5161,El Salvador,5159,0,1,10,2024,1.0,3.0,0.8514761732308744,2.065671755988612,0.0,0.0,0.0,0.0,0,1396.8973637564745,1389.5513200576563,30.0,30.0,0.0,0.0,4.5
1286335,2024-08-27T16:00:00+00:00,1724774400,,Amman,Jordan,1548,North Korea,1561,0,0,10,2024,2.0,4.0,0.6622617720074655,0.8309336698480407,0.0,0.0,0.0,0.0,0,1404.8788560160503,1400.0,30.0,7.0,0.0,0.0,4.5
1286336,2024-08-29T16:00:00+00:00,1724947200,,Amman,Jordan,1548,North Korea,1561,2,1,10,2024,3.0,3.0,1.627494841717556,1.967422399122408,0.0,0.0,0.0,0.0,0,1404.7384404813279,1400.1404155347225,2.0,2.0,0.0,0.0,4.5
1261912,2024-09-01T23:00:00+00:00,1725231600,F. Hernández,"Fort Lauderdale, Florida",Uruguay,7,Guatemala,5161,1,1,10,2024,2.0,4.0,1.8016758489438505,0.8126837922012848,0.0,0.0,0.0,0.0,0,1967.375937440556,1386.6859591246002,30.0,30.0,0.0,0.0,4.5
1234548,2024-09-02T07:00:00+00:00,1725260400,,Suva,Fiji,5160,Solomon Islands,5165,1,0,10,2024,5.0,1.0,2.4922930875529365,2.4475591764999525,0.0,0.0,0.0,0.0,0,1384.311954670682,1434.06455468995,30.0,30.0,0.0,0.0,4.5
1282776,2024-09-04T08:30:00+00:00,1725438600,,Kuala Lumpur,Lebanon,1551,Tajikistan,1536,1,0,10,2024,0.0,1.0,1.010342295481577,1.5756799685456766,0.0,0.0,0.0,0.0,0,1374.2174921495807,1421.600317689979,30.0,30.0,0.0,0.0,4.5
1282777,2024-09-04T13:00:00+00:00,1725454800,,Kuala Lumpur,Malaysia,1538,Philippines,1555,2,1,10,2024,4.0,1.0,2.0992281429249173,2.080971563845317,0.0,0.0,0.0,0.0,0,1443.7719625188868,1402.8921607091902,30.0,30.0,0.0,0.0,4.5
1286333,2024-09-04T16:00:00+00:00,1725465600,T. Owen,Gibraltar,Gibraltar,1093,Andorra,1110,1,0,10,2024,4.0,3.0,2.1510342716904822,1.2974522902482597,0.0,0.0,0.0,0.0,0,1393.3455841230457,1380.907584745162,30.0,30.0,0.0,0.0,4.5
1234549,2024-09-05T07:00:00+00:00,1725519600,,Suva,Solomon Islands,5165,Hong Kong,4460,0,3,10,2024,2.0,2.0,0.8293354071469135,1.236563949805505,0.0,0.0,0.0,0.0,0,1422.6422683325197,1373.1301523104519,3.0,30.0,0.0,0.0,4.5
1298895,2024-09-05T12:00:00+00:00,1725537600,,Thimphu,Bhutan,1540,Bangladesh,1560,0,1,10,2024,1.0,4.0,0.8010052982923281,1.0298470800821575,0.0,0.0,0.0,0.0,0,1398.2951290065673,1408.9138023508503,30.0,30.0,0.0,0.0,4.5
1293945,2024-09-05T13:00:00+00:00,1725541200,Suhaizi Shukri,Hanoi,Vietnam,1542,Russia,4,0,3,10,2024,3.0,2.0,1.0852043346663829,1.2369278398434858,0.0,0.0,0.0,0.0,0,1395.039516848606,1468.3026869863704,30.0,30.0,0.0,0.0,4.5
1100263,2024-09-05T20:00:00+00:00,1725566400,W. Roldan,El Alto,Bolivia,2381,Venezuela,2379,4,0,34,2026,2.0,2.0,1.2,1.2,4.5,4.0,12.0,12.0,0,1402.3464373347429,1780.1736311721318,30.0,30.0,0.0,0.0,4.5
1100265,2024-09-06T00:00:00+00:00,1725580800,J. Valenzuela,Buenos Aires,Argentina,26,Chile,2383,3,0,34,2026,2.0,2.0,1.2,1.2,4.5,4.0,12.0,12.0,0,2152.463825140773,1740.4801081417775,30.0,30.0,0.0,0.0,4.5
1282778,2024-09-06T14:00:00+00:00,1725631200,,TBC,Mauritius,1497,Syria,1565,0,2,10,2024,0.0,2.0,1.24959388395793,1.105293717071818,0.0,0.0,0.0,0.0,0,1400.5302250254585,1401.4963338955906,30.0,30.0,0.0,0.0,4.5
1100264,2024-09-06T23:30:00+00:00,1725665400,D. Herrera,Montevideo,Uruguay,7,Paraguay,2380,0,0,34,2026,2.0,2.0,1.2,1.2,4.5,4.0,12.0,12.0,0,1958.058624650182,1617.1945917307432,5.020833333333333,30.0,0.0,0.0,4.125
1100267,2024-09-07T01:00:00+00:00,1725670800,F. Tello,Curitiba,Brazil,6,Ecuador,2382,1,0,34,2026,2.0,2.0,1.2,1.2,4.5,4.0,12.0,12.0,0,1997.955492839099,1792.8821072564665,30.0,30.0,0.0,0.0,4.5
1100266,2024-09-07T01:30:00+00:00,1725672600,E. Ostojich,Lima,Peru,30,Colombia,8,1,1,34,2026,2.0,2.0,1.2,1.2,4.5,4.0,12.0,12.0,0,1718.6088901479734,2021.729029957959,30.0,30.0,0.0,0.0,4.5
1215627,2024-09-07T20:00:00+00:00,1725739200,K. Herrera,"Kansas City, Kansas",USA,2384,Canada,5529,1,2,10,2024,5.0,2.0,0.7448930570395491,2.398312552530197,0.0,0.0,0.0,0.0,0,1868.3535729451876,1600.7770706685253,30.0,30.0,0.0,0.0,4.5
1184585,2024-09-08T01:00:00+00:00,1725757200,J. Dickerson,"Pasadena, California",Mexico,16,New Zealand,4673,3,0,10,2024,1.0,5.0,2.1455334057796347,1.0869633032757904,0.0,0.0,0.0,0.0,0,1870.2564956480626,1398.4196792973312,30.0,30.0,0.0,0.0,4.5
1234550,2024-09-08T03:00:00+00:00,1725764400,,Lautoka,Hong Kong,4460,Fiji,5160,1,1,10,2024,4.0,1.0,2.094934311121432,1.2399769485914394,0.0,0.0,0.0,0.0,0,1384.54565633411,1395.7342410281124,2.8333333333333335,5.833333333333333,0.0,0.0,4.5
1298896,2024-09-08T12:00:00+00:00,1725796800,,Thimphu,Bhutan,1540,Bangladesh,1560,1,0,10,2024,5.0,0.0,0.7423715587475681,1.2590542561976363,0.0,0.0,0.0,0.0,0,1388.6006638663112,1418.6082674911065,3.0,3.0,0.0,0.0,4.5
1301188,2024-09-08T13:00:00+00:00,1725800400,,Kuala Lumpur,Malaysia,1538,Lebanon,1551,1,0,10,2024,4.0,2.0,2.080751437968525,0.8869925503435676,0.0,0.0,0.0,0.0,0,1452.6007471193586,1385.5728868302244,4.0,4.1875,0.0,0.0,4.5
1282775,2024-09-09T14:00:00+00:00,1725890400,,TBC,India,1537,Syria,1565,0,3,10,2024,1.0,1.0,0.5239053240608518,0.8394862827523113,0.0,0.0,0.0,0.0,0,1435.3557249950488,1411.4685271187277,30.0,3.0,0.0,0.0,4.5
1182787,2024-09-10T11:00:00+00:00,1725966000,D. Kubriak,Chişinău,Moldova,1114,San Marino,1115,1,0,10,2024,0.0,1.0,1.3979925707305445,1.0354373789365512,0.0,0.0,0.0,0.0,0,1424.9204874654008,1376.652424773661,30.0,30.0,0.0,0.0,4.5
1293947,2024-09-10T13:00:00+00:00,1725973200,Suhaizi Shukri,Hanoi,Vietnam,1542,Thailand,1564,1,2,10,2024,2.0,3.0,0.8998697835577352,1.114842117076352,0.0,0.0,0.0,0.0,0,1387.1174919324271,1381.3156959668302,5.0,30.0,0.0,0.0,4.5
1100270,2024-09-10T20:30:00+00:00,1726000200,P. Maza,Barranquilla,Colombia,8,Argentina,26,2,1,34,2026,2.0,2.0,1.2,1.2,4.5,4.0,12.0,12.0,0,2014.702862741573,2154.1711563480612,3.7916666666666665,4.854166666666667,0.0,0.0,3.9166666666666665
1100272,2024-09-10T21:00:00+00:00,1726002000,J. Benitez,Santiago de Chile,Chile,2383,Bolivia,2381,1,2,34,2026,2.0,2.0,1.2,1.2,4.5,4.0,12.0,12.0,0,1738.7727769344895,1420.3059809685365,4.875,5.041666666666667,0.0,0.0,4.5
1100268,2024-09-10T21:00:00+00:00,1726002000,A. Rojas,Quito,Ecuador,2382,Peru,30,1,0,34,2026,2.0,2.0,1.2,1.2,4.5,4.0,12.0,12.0,0,1788.182851418883,1725.6350573643595,3.8333333333333335,3.8125,0.0,0.0,4.5
1100269,2024-09-10T22:00:00+00:00,1726005600,R. Claus,Maturín,Venezuela,2379,Uruguay,7,0,0,34,2026,2.0,2.0,1.2,1.2,4.5,4.0,12.0,12.0,0,1762.2140875383382,1950.5232701804064,5.083333333333333,3.9375,0.0,0.0,3.625
1215628,2024-09-10T23:00:00+00:00,1726009200,S. Brown,"Cincinnati, Ohio",USA,2384,New Zealand,4673,1,1,10,2024,0.0,4.0,0.8771434303443433,1.610588143395958,0.0,0.0,0.0,0.0,0,1851.8834232679865,1397.179092356361,3.125,2.9166666666666665,0.0,0.0,4.5
1100271,2024-09-11T00:30:00+00:00,1726014600,A. M. Matonte Cabrera,Asunción,Paraguay,2380,Brazil,6,1,0,34,2026,2.0,2.0,1.2,1.2,4.5,4.0,12.0,12.0,0,1624.729946200519,2002.6547486766824,4.041666666666667,3.9791666666666665,0.0,0.0,4.5
1184586,2024-09-11T01:00:00+00:00,1726016400,V. Rivas,"Arlington, Texas",Mexico,16,Canada,5529,0,0,10,2024,3.0,1.0,1.6913255465575008,1.1297472913873443,0.0,0.0,0.0,0.0,0,1871.4970825890327,1617.2472203457264,3.0,3.2083333333333335,0.0,0.0,4.5
1308572,2024-10-10T09:30:00+00:00,1728552600,,Yangon,Myanmar,1556,Sri Lanka,5166,2,0,10,2024,5.0,3.0,1.3446500978182985,0.8791301685705188,0.0,0.0,0.0,0.0,0,1401.5206292942914,1388.6645780939828,30.0,30.0,0.0,0.0,4.5
1200437,2024-10-10T17:30:00+00:00,1728581400,D. Grundbacher,Vaduz,Liechtenstein,1107,Hong Kong,4460,1,0,10,2024,3.0,1.0,1.3726010422337425,0.957118151921808,0.0,0.0,0.0,0.0,0,1386.0015845149978,1384.867578412291,30.0,30.0,0.0,0.0,4.5
1100273,2024-10-10T20:00:00+00:00,1728590400,W. Sampaio,El Alto,Bolivia,2381,Colombia,8,1,0,34,2026,2.0,2.0,1.2,1.2,4.5,4.0,12.0,12.0,0,1437.5489313149997,2028.5145131167214,29.958333333333332,29.979166666666668,0.0,0.0,3.625
1100275,2024-10-10T21:00:00+00:00,1728594000,G. Tejera,Maturín,Venezuela,2379,Argentina,26,1,1,34,2026,2.0,2.0,1.2,1.2,4.5,4.0,12.0,12.0,0,1767.1590718577932,2140.3595059729128,29.958333333333332,30.0,0.0,0.0,4.125
1100274,2024-10-10T21:00:00+00:00,1728594000,R. Claus,Quito,Ecuador,2382,Paraguay,2380,0,0,34,2026,2.0,2.0,1.2,1.2,4.5,4.0,12.0,12.0,0,1796.4017810812643,1642.6905191283363,30.0,29.854166666666668,0.0,0.0,3.625
1100276,2024-10-11T00:00:00+00:00,1728604800,D. Herrera,Santiago de Chile,Chile,2383,Brazil,6,1,2,34,2026,2.0,2.0,1.2,1.2,4.5,4.0,12.0,12.0,0,1721.5298265880263,1984.694175748865,30.0,29.979166666666668,0.0,0.0,4.125
1268558,2024-10-11T12:00:00+00:00,1728648000,,Phnom Penh,Cambodia,1543,Chinese Taipei,1557,3,2,10,2024,2.0,6.0,2.386321383101242,1.416572780420004,0.0,0.0,0.0,0.0,0,1367.8884751795554,1398.143479359483,30.0,30.0,0.0,0.0,4.5
1100277,2024-10-12T01:30:00+00:00,1728696600,F. Tello,Lima,Peru,30,Uruguay,7,1,0,34,2026,2.0,2.0,1.2,1.2,4.5,4.0,12.0,12.0,0,1717.4161277019782,1945.5782858609514,30.0,30.0,0.0,0.0,4.5
1310837,2024-10-12T11:00:00+00:00,1728730800,Choi Hyun-Jae,Nam Dinh,Vietnam,1542,India,1537,1,1,10,2024,2.0,2.0,1.8195720679821927,1.4067268502395742,0.0,0.0,0.0,0.0,0,1376.9505183412489,1424.6692774356757,30.0,30.0,0.0,0.0,4.5
1215629,2024-10-13T01:00:00+00:00,1728781200,K. Garcia,"Austin, Texas",USA,2384,Panama,11,2,0,10,2024,2.0,0.0,0.8611073338684321,1.2924040016329157,0.0,0.0,0.0,0.0,0,1843.2438499446998,1612.9181668130952,30.0,30.0,0.0,0.0,4.5
1308573,2024-10-13T09:30:00+00:00,1728811800,,Yangon,Myanmar,1556,Sri Lanka,5166,0,0,10,2024,2.0,3.0,1.390813910034772,2.369009755038765,0.0,0.0,0.0,0.0,0,1411.1507711839024,1379.0344362043718,3.0,3.0,0.0,0.0,4.5
1296774,2024-10-13T16:00:00+00:00,1728835200,Juan Martínez,Andorra la Vella,Andorra,1110,San Marino,1115,2,0,10,2024,3.0,1.0,0.7645367390762658,0.7246666149920491,0.0,0.0,0.0,0.0,0,1371.2654262877538,1368.0328218625868,30.0,30.0,0.0,0.0,4.5
1298894,2024-10-14T06:00:00+00:00,1728885600,J. Morgan,North Shore,New Zealand,4673,Malaysia,1538,4,0,10,2024,4.0,0.0,1.253066162800224,1.5885991291185872,0.0,0.0,0.0,0.0,0,1405.8186656796477,1460.695113550855,30.0,30.0,0.0,0.0,4.5
1268559,2024-10-15T12:00:00+00:00,1728993600,,Hong Kong,Hong Kong,4460,Cambodia,1543,3,0,10,2024,2.0,0.0,0.5599574968965704,1.0525997605238218,0.0,0.0,0.0,0.0,0,1374.9002176157298,1378.7570897166893,4.770833333333333,4.0,0.0,0.0,4.5
1100280,2024-10-15T20:30:00+00:00,1729024200,J. Valenzuela,Barranquilla,Colombia,8,Chile,2383,4,0,34,2026,2.0,2.0,1.2,1.2,4.5,4.0,12.0,12.0,0,2009.159253749142,1717.92553911692,5.020833333333333,4.854166666666667,0.0,0.0,4.5
1100279,2024-10-15T23:00:00+00:00,1729033200,P. Maza,Asunción,Paraguay,2380,Venezuela,2379,2,1,34,2026,2.0,2.0,1.2,1.2,4.5,4.0,12.0,12.0,0,1646.8469744609122,1775.069295017445,5.083333333333333,5.083333333333333,0.0,0.0,3.9166666666666665
1100278,2024-10-15T23:30:00+00:00,1729035000,C. Garay,Montevideo,Uruguay,7,Ecuador,2382,0,0,34,2026,2.0,2.0,1.2,1.2,4.5,4.0,12.0,12.0,0,1929.8166317572673,1792.2453257486884,3.9166666666666665,5.104166666666667,0.0,0.0,4.375
1294672,2024-10-15T23:30:00+00:00,1729035000,T. Penso,"Toronto, Ontario",Canada,5529,Panama,11,2,1,10,2024,3.0,0.0,0.7050495095130456,1.4672998748413806,0.0,0.0,0.0,0.0,0,1623.4888122259092,1608.7212709433786,30.0,2.9375,0.0,0.0,4.5
1100281,2024-10-16T00:00:00+00:00,1729036800,K. Ortega,Buenos Aires,Argentina,26,Bolivia,2381,6,0,34,2026,2.0,2.0,1.2,1.2,4.5,4.0,12.0,12.0,0,2132.4492828132607,1456.9041906825792,5.125,5.166666666666667,0.0,0.0,4.125
1100282,2024-10-16T00:45:00+00:00,1729039500,E. Ostojich,Brasilia,Brazil,6,Peru,30,4,0,34,2026,2.0,2.0,1.2,1.2,4.5,4.0,12.0,12.0,0,1988.2984632199714,1733.1777818056626,5.03125,3.96875,0.0,0.0,4.5
1293948,2024-10-16T02:30:00+00:00,1729045800,K. Herrera,Zapopan,Mexico,16,USA,2384,2,0,10,2024,0.0,3.0,1.973625919842929,1.9205896533140825,0.0,0.0,0.0,0.0,0,1865.25549070885,1847.4407458144165,30.0,3.0625,0.0,0.0,4.5
1315180,2024-11-13T12:00:00+00:00,1731499200,,Dhaka,Bangladesh,1560,Maldives,1549,0,1,10,2024,2.0,2.0,1.7012862254140035,1.6260815865867826,0.0,0.0,0.0,0.0,0,1407.7467204247816,1410.0,30.0,30.0,0.0,0.0,4.5
1313047,2024-11-13T13:00:00+00:00,1731502800,,Dushanbe,Tajikistan,1536,Nepal,1545,4,0,10,2024,2.0,3.0,2.385417205144483,1.758805418327213,0.0,0.0,0.0,0.0,0,1410.2449230093353,1387.8988093104638,30.0,30.0,0.0,0.0,4.5
1311131,2024-11-14T12:00:00+00:00,1731585600,,Singapore,Singapore,1546,Myanmar,1556,3,2,10,2024,0.0,3.0,2.347006110317083,1.3804093555767545,0.0,0.0,0.0,0.0,0,1409.4198989053032,1410.2290126852931,30.0,30.0,0.0,0.0,4.5
1298698,2024-11-14T12:00:00+00:00,1731585600,,Hong Kong,Hong Kong,4460,Philippines,1555,3,1,10,2024,5.0,2.0,1.1410822526465063,1.6860990420751376,0.0,0.0,0.0,0.0,0,1385.0112227585548,1394.0633761087183,30.0,30.0,0.0,0.0,4.5
1313508,2024-11-14T12:30:00+00:00,1731587400,,Bangkok,Laos,1558,Malaysia,1538,1,3,10,2024,1.0,2.0,1.597965563094394,0.6072219348550323,0.0,0.0,0.0,0.0,0,1371.1328668913648,1449.1286471661358,30.0,30.0,0.0,0.0,4.5
1312231,2024-11-14T12:30:00+00:00,1731587400,Tam Ping Wun,Pathum Thani,Thailand,1564,Lebanon,1551,0,0,10,2024,1.0,0.0,2.09675569006882,0.8963740908367421,0.0,0.0,0.0,0.0,0,1391.4826695580084,1377.478520398728,30.0,30.0,0.0,0.0,4.5
1200438,2024-11-14T18:00:00+00:00,1731607200,Gustavo Correia,Ta'Qali,Malta,1112,Liechtenstein,1107,2,0,10,2024,1.0,0.0,0.5244697560022349,2.2619154432433373,0.0,0.0,0.0,0.0,0,1404.6824601384308,1395.968945311559,30.0,30.0,0.0,0.0,4.5
1100285,2024-11-14T21:00:00+00:00,1731618000,A. Rojas,Maturín,Venezuela,2379,Brazil,6,1,1,34,2026,2.0,2.0,1.2,1.2,4.5,4.0,12.0,12.0,0,1761.5376595619132,1992.0415954532223,29.916666666666668,29.84375,0.0,0.0,4.5
1100283,2024-11-14T23:30:00+00:00,1731627000,A. Daronco,Asunción,Paraguay,2380,Argentina,26,2,1,34,2026,2.0,2.0,1.2,1.2,4.5,4.0,12.0,12.0,0,1660.378609916444,2132.8504880877435,30.0,29.979166666666668,0.0,0.0,4.5
1100286,2024-11-15T00:00:00+00:00,1731628800,M. Ramirez,Guayaquil,Ecuador,2382,Bolivia,2381,4,0,34,2026,2.0,2.0,1.2,1.2,4.5,4.0,12.0,12.0,0,1796.0102121875059,1456.5029854080963,30.0,30.0,0.0,0.0,4.5
1313046,2024-11-15T16:00:00+00:00,1731686400,R. Lutfullin,Krasnodar,Russia,4,Brunei,5538,11,0,10,2024,1.0,0.0,2.2235288261704333,0.5969157194456054,0.0,0.0,0.0,0.0,0,1476.2247119025492,1409.8382185417643,30.0,30.0,0.0,0.0,4.5
1314572,2024-11-15T18:00:00+00:00,1731693600,B. Lepaysant,Les Herbiers,Les Herbiers,1308,Ajaccio,98,2,1,66,2024,2.0,0.0,0.9206003184423686,1.7365007358160238,0.0,0.0,0.0,0.0,0,1419.71225631668,1400.0,30.0,30.0,0.0,0.0,4.5
1314555,2024-11-15T19:00:00+00:00,1731697200,P. Gaillouste,Paris,Paris FC,114,Quevilly,431,1,1,66,2024,2.0,3.0,1.4716954895757317,1.1800443325716667,0.0,0.0,0.0,0.0,0,1410.28774368332,1410.0,30.0,30.0,0.0,0.0,4.5
1314556,2024-11-15T19:00:00+00:00,1731697200,R. Buquet,Angoulême,Angoulême,3011,Rodez,1301,2,1,66,2024,1.0,1.0,0.6687873945705354,2.152960579019421,0.0,0.0,0.0,0.0,0,1399.71225631668,1418.588107617309,30.0,30.0,0.0,0.0,4.5
1100284,2024-11-16T00:00:00+00:00,1731715200,K. Ortega,Montevideo,Uruguay,7,Colombia,8,3,2,34,2026,2.0,2.0,1.2,1.2,4.5,4.0,12.0,12.0,0,1926.0517453184498,2012.3105070564784,30.0,30.0,0.0,0.0,4.125
1100287,2024-11-16T01:30:00+00:00,1731720600,W. Sampaio,Lima,Peru,30,Chile,2383,0,0,34,2026,2.0,2.0,1.2,1.2,4.5,4.0,12.0,12.0,0,1729.4346495724117,1714.7742858095835,30.0,30.0,0.0,0.0,3.625
1315181,2024-11-16T12:00:00+00:00,1731758400,,Dhaka,Bangladesh,1560,Maldives,1549,2,1,10,2024,2.0,1.0,1.4174877820105491,2.3481881501328807,0.0,0.0,0.0,0.0,0,1397.8115741150127,1419.935146309769,3.0,3.0,0.0,0.0,4.5
1314568,2024-11-16T12:45:00+00:00,1731761100,P. Retail,Chartres,C' Chartres,9237,Caen,88,0,4,66,2024,4.0,1.0,1.518644572901596,2.41870173545806,0.0,0.0,0.0,0.0,0,1400.0,1409.4249887221547,7.0,30.0,0.0,0.0,4.5
1314558,2024-11-16T12:45:00+00:00,1731761100,W. Toulliou,Obernai,FCSR Obernai,25333,Metz,112,0,3,66,2024,3.0,1.0,1.5151151852394216,2.24117619527924,0.0,0.0,0.0,0.0,0,1400.0,1400.0,7.0,7.0,0.0,0.0,4.5
1314571,2024-11-16T12:45:00+00:00,1731761100,S. Zolota,Bayonne,Bayonne,10166,PAU,1297,1,3,66,2024,4.0,1.0,1.5039988105328836,2.0051915554632904,0.0,0.0,0.0,0.0,0,1390.0,1409.4249887221547,30.0,30.0,0.0,0.0,4.5
1314562,2024-11-16T13:00:00+00:00,1731762000,A. Baert,Corté,Corte,13723,Linas-Montlhery,9288,1,1,66,2024,3.0,0.0,1.641543353276633,1.4302438658725942,0.0,0.0,0.0,0.0,0,1400.0,1400.0,7.0,7.0,0.0,0.0,4.5
1314957,2024-11-16T13:00:00+00:00,1731762000,O. Thual,Papeete,Dragon,21310,Avranches,1303,2,2,66,2024,3.0,1.0,1.1046192356665667,0.9186825459361644,0.0,0.0,0.0,0.0,0,1400.0,1390.0,7.0,30.0,0.0,0.0,4.5
1314561,2024-11-16T13:00:00+00:00,1731762000,S. Llewellyn,Gonfreville-l'Orcher,Houilles,3188,Boulogne,1299,0,3,66,2024,1.0,2.0,1.97615756420392,2.043906834507229,0.0,0.0,0.0,0.0,0,1390.0,1400.0,30.0,30.0,0.0,0.0,4.5
1313048,2024-11-16T13:00:00+00:00,1731762000,,Dushanbe,Nepal,1545,Afghanistan,1553,2,0,10,2024,1.0,3.0,1.770972647187653,1.058923599479463,0.0,0.0,0.0,0.0,0,1378.541096755248,1390.006946459252,3.0,30.0,0.0,0.0,4.5
1314632,2024-11-16T13:00:00+00:00,1731762000,H. Dutech,Chaumont,Chaumont,3165,Chasselay MDA,9254,2,3,66,2024,0.0,3.0,2.070033253646235,1.0179044251464284,0.0,0.0,0.0,0.0,0,1390.0,1400.0,30.0,7.0,0.0,0.0,4.5
1314557,2024-11-16T13:00:00+00:00,1731762000,R. Landry,Forbach,Freyming,25336,Bastia,1305,0,4,66,2024,2.0,2.0,0.8737869557360931,1.3029158823966307,0.0,0.0,0.0,0.0,0,1400.0,1390.0,7.0,30.0,0.0,0.0,4.5
1314608,2024-11-16T13:00:00+00:00,1731762000,F. Gazon,Saint-Brieuc,Ginglin Cesson,13648,Alençon,3248,2,0,66,2024,1.0,1.0,0.5994999866507036,1.3650200452858217,0.0,0.0,0.0,0.0,0,1400.0,1400.0,7.0,7.0,0.0,0.0,4.5
1314573,2024-11-16T13:00:00+00:00,1731762000,A. Petit,Limoges,Feytiat,3178,Clermont Foot,99,0,3,66,2024,4.0,2.0,1.9158307960350065,2.379748848487957,0.0,0.0,0.0,0.0,0,1400.0,1390.2960185560382,7.0,30.0,0.0,0.0,4.5
1314559,2024-11-16T14:00:00+00:00,1731765600,A. Ustaritz,Croix,Haubourdin,25338,RED Star FC 93,104,1,7,66,2024,2.0,2.0,0.873964456715353,1.5562180201299205,0.0,0.0,0.0,0.0,0,1400.0,1390.0,7.0,30.0,0.0,0.0,4.5
1314564,2024-11-16T14:30:00+00:00,1731767400,B. Roffet,Ploërmel,Ruffiac Malestroit,25349,Lorient,97,0,2,66,2024,1.0,1.0,1.3230189880151488,1.0411867268477923,0.0,0.0,0.0,0.0,0,1400.0,1390.56675634087,7.0,30.0,0.0,0.0,4.5
1315438,2024-11-16T14:30:00+00:00,1731767400,F. Merille,Fort-de-France,RC Saint Joseph,25370,Samaritaine,15592,2,1,66,2024,3.0,0.0,1.3263912323702485,2.293240995128718,0.0,0.0,0.0,0.0,0,1400.0,1400.0,7.0,7.0,0.0,0.0,4.5
1314593,2024-11-16T14:30:00+00:00,1731767400,B. Lambert,Raon-l'Etape,Raon l'Etape,3100,Biesheim,3025,1,1,66,2024,5.0,3.0,2.100761589350756,2.289207122522152,0.0,0.0,0.0,0.0,0,1400.0,1400.0,7.0,30.0,0.0,0.0,4.5
1314614,2024-11-16T15:00:00+00:00,1731769200,K. Barbin,Luçon,St-Philbert Réorthe JA,25353,SA Mérignac,20581,0,6,66,2024,1.0,1.0,1.562854318953697,1.502463375000496,0.0,0.0,0.0,0.0,0,1400.0,1400.0,7.0,7.0,0.0,0.0,4.5
1315437,2024-11-16T15:30:00+00:00,1731771000,B. Fontaine,Saint-Pierre,Saint-Pierroise,3295,Saint-Denis,18149,1,4,66,2024,1.0,1.0,0.6495657715290353,1.6261295492370125,0.0,0.0,0.0,0.0,0,1400.0,1390.0,7.0,30.0,0.0,0.0,4.5
1314565,2024-11-16T16:00:00+00:00,1731772800,T. Leprodhomme,Theix,Vannes,3129,Le Mans,1298,1,2,66,2024,0.0,1.0,0.877068266863875,0.6000022030494572,0.0,0.0,0.0,0.0,0,1400.0,1400.0,7.0,7.0,0.0,0.0,4.5
1314588,2024-11-16T16:00:00+00:00,1731772800,A. Guillon,Sarre-Union,Sarre Union,3297,Thaon,3123,0,2,66,2024,2.0,2.0,0.5050419591389366,0.9189135100951916,0.0,0.0,0.0,0.0,0,1410.0,1400.0,30.0,30.0,0.0,0.0,4.5
1314577,2024-11-16T16:00:00+00:00,1731772800,M. Leleu,Grandvillars,Grandvillars,3184,Dijon,89,2,4,66,2024,1.0,2.0,2.251315777845174,1.3193314177435262,0.0,0.0,0.0,0.0,0,1400.0,1400.0,7.0,30.0,0.0,0.0,4.5
1314581,2024-11-16T16:00:00+00:00,1731772800,L. Lungeri,Agde,Agde,9263,Romorantin,3220,1,1,66,2024,0.0,3.0,1.0689147088018247,0.593607521489353,0.0,0.0,0.0,0.0,0,1400.0,1419.441512660093,7.0,30.0,0.0,0.0,4.5
1314606,2024-11-16T16:00:00+00:00,1731772800,D. Bovolenta,Locminé,Saint-Colomban Locminé,3224,Sablé,9304,4,2,66,2024,0.0,3.0,1.4494585334459942,0.815455091074039,0.0,0.0,0.0,0.0,0,1400.0,1400.0,7.0,7.0,0.0,0.0,4.5
1314567,2024-11-16T16:00:00+00:00,1731772800,G. Henry,Saumur,Saumur,3225,Concarneau,1300,0,2,66,2024,2.0,2.0,0.7456322863470994,2.2791287894722148,0.0,0.0,0.0,0.0,0,1390.0,1400.0,30.0,30.0,0.0,0.0,4.5
1314582,2024-11-16T16:00:00+00:00,1731772800,A. Collin,Marboz,Marboz,13697,Cluses-Scionzier,3168,0,1,66,2024,6.0,3.0,1.4246129273144867,2.110771940736191,0.0,0.0,0.0,0.0,0,1400.0,1400.0,7.0,7.0,0.0,0.0,4.5
1314589,2024-11-16T16:30:00+00:00,1731774600,G. Danglade,Nousseviller-Saint-Nabor,Nousseviller,25345,Colmar,13583,0,3,66,2024,0.0,0.0,0.7884097627025877,2.4805292821986704,0.0,0.0,0.0,0.0,0,1400.0,1390.0,7.0,30.0,0.0,0.0,4.5
1314959,2024-11-16T16:30:00+00:00,1731774600,S. Chamel,Fos-sur-Mer,Istres,3267,Cannet Rocheville,15114,4,0,66,2024,3.0,4.0,2.2851051005949303,2.045417017424394,0.0,0.0,0.0,0.0,0,1400.0,1400.0,7.0,7.0,0.0,0.0,4.5
1314574,2024-11-16T17:00:00+00:00,1731776400,F. Benchabane,Canet-en-Roussillon,Canet Roussillon,3030,Versailles,3131,1,3,66,2024,1.0,2.0,1.1615667948134756,1.5391200987706688,0.0,0.0,0.0,0.0,0,1400.0,1400.0,30.0,7.0,0.0,0.0,4.5
1314594,2024-11-16T17:00:00+00:00,1731776400,F. Della Tomasina,Drancy,Drancy,1293,Pays de Cassel,20580,2,1,66,2024,2.0,0.0,1.3663162067645225,0.9104327767870246,0.0,0.0,0.0,0.0,0,1400.0,1400.0,7.0,7.0,0.0,0.0,4.5
1314613,2024-11-16T17:00:00+00:00,1731776400,G. Deneuve,Saint-Lô,Saint-Lô Manche,3107,Dives-Cabourg,3261,1,1,66,2024,0.0,2.0,1.991231388377272,2.480264659958448,0.0,0.0,0.0,0.0,0,1400.0,1390.0,7.0,30.0,0.0,0.0,4.5
1314628,2024-11-16T17:00:00+00:00,1731776400,T. Bonnot,Andrézieux-Bouthéon,St-Just St-Rambert,25352,Bourgoin-Jallieu,9268,0,4,66,2024,2.0,0.0,1.417183158784615,1.1429523387841152,0.0,0.0,0.0,0.0,0,1400.0,1390.0,7.0,30.0,0.0,0.0,4.5
1314622,2024-11-16T17:00:00+00:00,1731776400,J. Rouquette,Espaly-Saint-Marcel,Espaly-Saint-Marcel,13601,Biars-Bretenoux,3024,1,0,66,2024,0.0,4.0,1.2965667984552356,1.2587990605927664,0.0,0.0,0.0,0.0,0,1390.0,1400.0,30.0,7.0,0.0,0.0,4.5
1314631,2024-11-16T17:00:00+00:00,1731776400,V. Giorgetti,Rumilly,Rumilly Vallières,9973,Jura Dolois,9937,1,0,66,2024,0.0,1.0,0.6969228638805762,0.945851193995082,0.0,0.0,0.0,0.0,0,1400.0,1390.0,7.0,30.0,0.0,0.0,4.5
1314586,2024-11-16T17:00:00+00:00,1731776400,L. Flachot,Inzinzac-Lochrist,Montagnarde,3081,Tours,432,1,1,66,2024,1.0,2.0,1.836371841557484,0.8309377674203364,0.0,0.0,0.0,0.0,0,1400.0,1400.0,7.0,7.0,0.0,0.0,4.5
1314585,2024-11-16T17:00:00+00:00,1731776400,E. Barenton,Beauvais,Beauvais,3153,Chantilly,3162,1,0,66,2024,0.0,1.0,1.639690055119273,2.46235970586243,0.0,0.0,0.0,0.0,0,1400.0,1390.0,7.0,30.0,0.0,0.0,4.5
1314563,2024-11-16T17:00:00+00:00,1731776400,K. Abed,Fleury Merogis,Fleury 91,3179,Amiens,87,1,1,66,2024,3.0,3.0,1.0679094897085946,2.277837700773764,0.0,0.0,0.0,0.0,0,1409.71225631668,1409.4249887221547,30.0,30.0,0.0,0.0,4.5
1314583,2024-11-16T17:00:00+00:00,1731776400,A. Djedid,Épinal,Epinal,1309,Nancy,102,2,4,66,2024,2.0,1.0,1.5550328832717142,1.9559266388838084,0.0,0.0,0.0,0.0,0,1409.71225631668,1400.0,30.0,7.0,0.0,0.0,4.5
1314607,2024-11-16T17:00:00+00:00,1731776400,M. Jamet,Cesson-Sévigné,Cesson,13722,TA Rennes,3310,2,2,66,2024,3.0,4.0,0.6282524873474873,2.122690186010624,0.0,0.0,0.0,0.0,0,1400.0,1390.0,7.0,30.0,0.0,0.0,4.5
1314579,2024-11-16T17:00:00+00:00,1731776400,E. Rosier,Gueugnon,Gueugnon,3056,Sochaux,115,1,3,66,2024,0.0,3.0,2.02063241425484,1.6447420747247334,0.0,0.0,0.0,0.0,0,1400.0,1418.6034999603144,7.0,30.0,0.0,0.0,4.5
1314621,2024-11-16T17:00:00+00:00,1731776400,Y. Touil,Colomiers,Colomiers,3169,Vierzon FC,19617,2,2,66,2024,4.0,1.0,2.086430927290733,0.805699473899167,0.0,0.0,0.0,0.0,0,1400.0,1390.0,7.0,30.0,0.0,0.0,4.5
1314617,2024-11-16T17:00:00+00:00,1731776400,R. Bénéteau,Saint-Philbert-de-Grand-Lieu,St-Philbert Gd Lieu,15110,Thouars,25354,3,0,66,2024,3.0,0.0,1.091529415656077,1.0075342327253474,0.0,0.0,0.0,0.0,0,1400.0,1400.0,30.0,7.0,0.0,0.0,4.5
1314619,2024-11-16T17:00:00+00:00,1731776400,A. Grizon,Fontenay-le-Comte,Vendée Fontenay,3130,La Roche sur Yon,10684,1,2,66,2024,1.0,1.0,0.6628188857157635,2.1556029510625083,0.0,0.0,0.0,0.0,0,1400.0,1400.0,7.0,7.0,0.0,0.0,4.5
1314580,2024-11-16T17:00:00+00:00,1731776400,G. Kubler,Vesoul,Vesoul,13803,Annecy,3012,1,6,66,2024,1.0,3.0,0.7460665352344278,2.378518732144821,0.0,0.0,0.0,0.0,0,1400.0,1400.0,7.0,30.0,0.0,0.0,4.5
1314598,2024-11-16T17:00:00+00:00,1731776400,V. Ougier,Lucciana,Gallia Lucciana,3182,OCPAM,24546,2,1,66,2024,0.0,2.0,1.9926666909966853,2.0850057989876976,0.0,0.0,0.0,0.0,0,1400.0,1400.0,7.0,7.0,0.0,0.0,4.5
1314626,2024-11-16T17:00:00+00:00,1731776400,A. Taleb,Alès,Olympique d'Alès,3093,Stade Beaucairois,3118,4,2,66,2024,3.0,1.0,1.2586056181818344,1.0355184703389022,0.0,0.0,0.0,0.0,0,1409.71225631668,1400.0,30.0,7.0,0.0,0.0,4.5
1314578,2024-11-16T17:00:00+00:00,1731776400,A. Valnet,Cluses,Foron,25335,Estac Troyes,110,1,3,66,2024,3.0,4.0,0.6228355014586608,2.277114177596516,0.0,0.0,0.0,0.0,0,1400.0,1390.0,7.0,30.0,0.0,0.0,4.5
1314584,2024-11-16T17:00:00+00:00,1731776400,R. Perpinan,Arras,Arras,3147,Valenciennes,105,0,2,66,2024,3.0,3.0,0.7761209117629588,1.4539436740428275,0.0,0.0,0.0,0.0,0,1400.0,1430.2796997496569,7.0,30.0,0.0,0.0,4.5
1314634,2024-11-16T17:00:00+00:00,1731776400,V. Petigny,Villefranche-sur-Saône,Guéreins Genouilleux,25337,Mâcon,3277,0,4,66,2024,1.0,3.0,0.6824519725326237,0.5788792416916062,0.0,0.0,0.0,0.0,0,1400.0,1390.0,7.0,30.0,0.0,0.0,4.5
1314591,2024-11-16T17:30:00+00:00,1731778200,T. Vincent,Boulay-Moselle,Boulay,9267,Thionville Lusitanos,22039,0,3,66,2024,4.0,1.0,0.809179831608722,2.4272479586542737,0.0,0.0,0.0,0.0,0,1400.0,1409.4249887221547,7.0,30.0,0.0,0.0,4.5
1314590,2024-11-16T17:30:00+00:00,1731778200,W. Bertolotti,Blénod-lès-Pont-à-Mousson,Blenod,25327,Haguenau,3058,0,1,66,2024,3.0,2.0,1.0021034215636575,1.3000882494321968,0.0,0.0,0.0,0.0,0,1400.0,1390.0,7.0,30.0,0.0,0.0,4.5
1314569,2024-11-16T17:30:00+00:00,1731778200,A. Perreau Niel,Lisieux,Serquigny Nassandres,25351,Guingamp,90,0,5,66,2024,4.0,2.0,1.60660778618114,1.1488400003444603,0.0,0.0,0.0,0.0,0,1400.0,1399.9917251272818,7.0,30.0,0.0,0.0,4.5
1314575,2024-11-16T17:30:00+00:00,1731778200,A. Souifi,Grenoble,Grenoble,101,Villefranche,1302,1,1,66,2024,3.0,1.0,1.7734816260736508,2.360009886650388,0.0,0.0,0.0,0.0,0,1410.0,1390.0,30.0,30.0,0.0,0.0,4.5
1314627,2024-11-16T18:00:00+00:00,1731780000,G. Martin,Valence,Valence FC,25355,Marignane,1296,1,0,66,2024,3.0,0.0,0.7883836467023593,2.442363035488918,0.0,0.0,0.0,0.0,0,1400.0,1400.0,7.0,7.0,0.0,0.0,4.5
1314570,2024-11-16T18:00:00+00:00,1731780000,J. Lomi,Niort,Niort,113,Orleans,103,0,3,66,2024,4.0,2.0,2.3737230558156943,1.7496679191794031,0.0,0.0,0.0,0.0,0,1400.0,1419.43324365913,7.0,30.0,0.0,0.0,4.5
1314604,2024-11-16T18:00:00+00:00,1731780000,C. Visbecq,Calais,Calais Beau-Marais,25329,AC Paris 15,20567,3,1,66,2024,2.0,2.0,1.0619550883504856,2.464599281729651,0.0,0.0,0.0,0.0,0,1400.0,1400.0,7.0,7.0,0.0,0.0,4.5
1314960,2024-11-16T18:00:00+00:00,1731780000,Y. Gazagnes,Le-Grau-du-Roi,Grau-du-Roi,25358,Cannes,9932,0,2,66,2024,2.0,0.0,0.8982138707709055,0.8590590426911948,0.0,0.0,0.0,0.0,0,1400.0,1409.71225631668,7.0,30.0,0.0,0.0,4.5
1314625,2024-11-16T18:00:00+00:00,1731780000,G. Janin,Onet-le-Château,Comtal,25330,Le Puy Foot,3069,0,2,66,2024,1.0,1.0,0.939226434054492,1.7474752726935276,0.0,0.0,0.0,0.0,0,1400.0,1438.5966955216318,7.0,30.0,0.0,0.0,4.5
1314616,2024-11-16T18:00:00+00:00,1731780000,J. Dasque,La Teste-de-Buch,Olympique Cazaux,25347,La Roche VF,9915,0,6,66,2024,0.0,2.0,1.127971289482627,0.7028002362733106,0.0,0.0,0.0,0.0,0,1400.0,1400.0,7.0,7.0,0.0,0.0,4.5
1312849,2024-11-17T12:30:00+00:00,1731846600,Tam Ping Wun,Pathum Thani,Thailand,1564,Laos,1558,1,1,10,2024,3.0,2.0,1.8773956987067653,1.4321758001193288,0.0,0.0,0.0,0.0,0,1391.0798158886428,1363.34079980093,3.0,3.0,0.0,0.0,4.5
1314633,2024-11-17T13:00:00+00:00,1731848400,C. Tani,Chambery,Chambéry,9969,Saint-Cyr Collonges,18148,2,1,66,2024,1.0,1.0,1.747325700483157,2.4559444641779264,0.0,0.0,0.0,0.0,0,1399.71225631668,1400.0,30.0,7.0,0.0,0.0,4.5
1314615,2024-11-17T13:00:00+00:00,1731848400,B. Leray,Chauvigny,Beaumont Saint-Cyr,25326,Mérignac-Arlac,3206,1,0,66,2024,3.0,3.0,1.1977851713860204,1.0299981714055122,0.0,0.0,0.0,0.0,0,1400.0,1400.0,7.0,7.0,0.0,0.0,4.5
1314603,2024-11-17T13:00:00+00:00,1731848400,A. Keita,Le Touquet-Paris-Plage,Le Touquet,9287,Porto Portugais Amiens,3215,1,1,66,2024,1.0,4.0,1.2932589858534411,1.0358048950052088,0.0,0.0,0.0,0.0,0,1400.0,1400.0,7.0,7.0,0.0,0.0,4.5
1314630,2024-11-17T13:00:00+00:00,1731848400,L. Beulet,Cournon-d'Auvergne,Lempdes,25341,Carnoux,19916,0,1,66,2024,2.0,2.0,0.8812004209327304,1.5543273869429095,0.0,0.0,0.0,0.0,0,1400.0,1400.0,7.0,7.0,0.0,0.0,4.5
1314962,2024-11-17T13:00:00+00:00,1731848400,S. Amzallag,Alès,Anduzien,3146,Hauts Lyonnais,3187,1,3,66,2024,3.0,3.0,0.847285386111108,1.2551216506046503,0.0,0.0,0.0,0.0,0,1400.0,1400.0,7.0,30.0,0.0,0.0,4.5
1314587,2024-11-17T13:00:00+00:00,1731848400,T. Benoit,Thionville,Hettange-Grande,25339,Lunéville,3275,3,3,66,2024,2.0,3.0,1.811703662089219,1.4485917301172526,0.0,0.0,0.0,0.0,0,1400.0,1400.0,7.0,7.0,0.0,0.0,4.5
1314624,2024-11-17T13:00:00+00:00,1731848400,H. Mahaoudi,Clermont-Ferrand,Montferrand,25344,Union Saint-Jean,9315,0,4,66,2024,2.0,3.0,2.457638871843602,1.5628506713441794,0.0,0.0,0.0,0.0,0,1400.0,1400.0,7.0,7.0,0.0,0.0,4.5
1314595,2024-11-17T13:00:00+00:00,1731848400,B. Lalbie,Saint-Omer,Saint-Omer,3109,Noyelles sous Lens,25346,1,1,66,2024,5.0,2.0,1.907892965860464,1.0966049821465331,0.0,0.0,0.0,0.0,0,1390.5589364493228,1400.0,30.0,7.0,0.0,0.0,4.5
1314596,2024-11-17T13:00:00+00:00,1731848400,S. Préaux,Nœux-les-Mines,Labourse,25340,Bobigny,3027,0,4,66,2024,1.0,3.0,2.001253535261064,1.9365697024704405,0.0,0.0,0.0,0.0,0,1400.0,1400.0,7.0,7.0,0.0,0.0,4.5
1314600,2024-11-17T13:00:00+00:00,1731848400,B. Bayour,Roubaix,Roubaix,25348,Neuilly sur Marne,22038,4,5,66,2024,0.0,3.0,0.818808802795921,1.882751950306348,0.0,0.0,0.0,0.0,0,1400.0,1400.0,7.0,7.0,0.0,0.0,4.5
1314635,2024-11-17T13:00:00+00:00,1731848400,T. Kani,Valdahon,Valdahon Vercel,9941,Jura Sud Foot,9255,0,4,66,2024,2.0,1.0,1.5541064030410827,0.8733733014026979,0.0,0.0,0.0,0.0,0,1400.0,1390.0,7.0,30.0,0.0,0.0,4.5
1314611,2024-11-17T13:00:00+00:00,1731848400,E. Douart,Saint-Brieuc,Saint-Brieuc,13710,Saint-Malo,3108,1,2,66,2024,2.0,1.0,0.9796891185456738,0.8418808072165789,0.0,0.0,0.0,0.0,0,1400.0,1400.0,7.0,30.0,0.0,0.0,4.5
1314629,2024-11-17T13:00:00+00:00,1731848400,A. Chancioux,Valence,Olympique de Valence,3094,Arles,4652,1,0,66,2024,1.0,2.0,1.3377585063981037,1.3772349685917118,0.0,0.0,0.0,0.0,0,1400.0,1400.0,7.0,7.0,0.0,0.0,4.5
1314610,2024-11-17T13:00:00+00:00,1731848400,C. Le Paih,Paimpol,Paimpol,9301,Stade Briochin,3229,0,3,66,2024,2.0,1.0,1.6389098807732798,2.366399166136666,0.0,0.0,0.0,0.0,0,1409.71225631668,1390.28774368332,30.0,30.0,0.0,0.0,4.5
1314599,2024-11-17T13:00:00+00:00,1731848400,O. Dhellemmes,Villeneuve d'Ascq,ETC Anstaing Chéreng,25332,Aubervilliers,3148,0,4,66,2024,4.0,2.0,1.711441003793331,2.471932706356978,0.0,0.0,0.0,0.0,0,1400.0,1400.0,7.0,7.0,0.0,0.0,4.5
1314602,2024-11-17T13:00:00+00:00,1731848400,L. El Bedoui,Les Ulis,Les Ulis,3196,RC Calais,22744,1,3,66,2024,2.0,1.0,1.0623742321879244,1.697962622049815,0.0,0.0,0.0,0.0,0,1400.0,1400.0,7.0,30.0,0.0,0.0,4.5
1314609,2024-11-17T13:00:00+00:00,1731848400,Q. Fourel,Caen,Maladrerie,25342,Bolbec,25328,1,2,66,2024,2.0,1.0,0.7020036321943866,2.0710528894217086,0.0,0.0,0.0,0.0,0,1400.0,1400.0,7.0,7.0,0.0,0.0,4.5
1314592,2024-11-17T13:00:00+00:00,1731848400,A. Degand,Mutzig,ASS Still Mutzig,25324,Illkirch Graffenstaden,3062,1,0,66,2024,1.0,1.0,2.362227816418925,2.3460280711797687,0.0,0.0,0.0,0.0,0,1400.0,1400.0,7.0,7.0,0.0,0.0,4.5
1314605,2024-11-17T13:00:00+00:00,1731848400,T. Brossard,Montrevault-sur-Èvre,Fief-Gesté,25334,Monnaie,25343,1,3,66,2024,2.0,1.0,1.7455040907678867,2.002767853010283,0.0,0.0,0.0,0.0,0,1400.0,1400.0,7.0,7.0,0.0,0.0,4.5
1314597,2024-11-17T13:00:00+00:00,1731848400,V. Cardon,Saint-Amand-les-Eaux,Raismes,18146,Feignies-Aulnoye,3176,0,5,66,2024,4.0,3.0,1.1366367661080872,0.9393035400249348,0.0,0.0,0.0,0.0,0,1400.0,1419.4414857108948,7.0,30.0,0.0,0.0,4.5
1314961,2024-11-17T13:00:00+00:00,1731848400,G. Gratianne,Bizanos,Avenir Mourenxois,25356,Marmande,13736,0,3,66,2024,1.0,3.0,0.6523525125437113,1.001118484924418,0.0,0.0,0.0,0.0,0,1400.0,1400.0,7.0,7.0,0.0,0.0,4.5
1314623,2024-11-17T13:00:00+00:00,1731848400,N. Houguet,Couzeix,Couzeix-Chaptelat,25331,Sauveteurs Brivois,25350,1,0,66,2024,2.0,4.0,1.2204878360864173,2.4188418671843626,0.0,0.0,0.0,0.0,0,1400.0,1400.0,7.0,7.0,0.0,0.0,4.5
1314620,2024-11-17T16:00:00+00:00,1731859200,R. Rétif,Bressuire,Bressuire,3155,Bordeaux,78,0,2,66,2024,2.0,3.0,2.441080853342216,1.7834033877616993,0.0,0.0,0.0,0.0,0,1400.0,1399.9917251272818,7.0,30.0,0.0,0.0,4.5
1314576,2024-11-17T16:00:00+00:00,1731859200,R. Chapapria,Grenoble,Allobroges Asafia,25325,Martigues,3200,0,5,66,2024,1.0,1.0,1.2262290306149255,0.7430972058794361,0.0,0.0,0.0,0.0,0,1400.0,1400.0,7.0,30.0,0.0,0.0,4.5
1311132,2024-11-18T12:00:00+00:00,1731931200,,Singapore,Singapore,1546,Chinese Taipei,1557,2,3,10,2024,2.0,2.0,1.6466017690564074,1.1808138806338628,0.0,0.0,0.0,0.0,0,1419.4431870298072,1387.2748648223492,4.0,30.0,0.0,0.0,4.5
1308804,2024-11-18T14:00:00+00:00,1731938400,T. Alkatiri,Hyderabad,India,1537,Malaysia,1538,1,1,10,2024,2.0,0.0,0.9947886905614732,0.5659667055886932,0.0,0.0,0.0,0.0,0,1423.3043926844425,1456.9207142565706,30.0,4.0625,0.0,0.0,4.5
1315182,2024-11-19T10:30:00+00:00,1732012200,,Yangon,Myanmar,1556,Lebanon,1551,2,3,10,2024,3.0,1.0,2.309570680271732,1.8195230367343205,0.0,0.0,0.0,0.0,0,1400.2057245607891,1377.8813740680937,4.9375,4.916666666666667,0.0,0.0,4.5
1298699,2024-11-19T12:00:00+00:00,1732017600,,Hong Kong,Hong Kong,4460,Mauritius,1497,1,0,10,2024,2.0,2.0,1.4435359904703458,1.219509808764257,0.0,0.0,0.0,0.0,0,1395.271705737836,1390.5580318023215,5.0,30.0,0.0,0.0,4.5
1314212,2024-11-19T13:00:00+00:00,1732021200,,Dushanbe,Tajikistan,1536,Afghanistan,1553,3,1,10,2024,1.0,1.0,1.668467548887443,2.466502881147724,0.0,0.0,0.0,0.0,0,1419.602635564551,1379.6770525293978,6.0,3.0,0.0,0.0,4.5
1316641,2024-11-19T16:15:00+00:00,1732032900,,,Sri Lanka,5166,Yemen,1550,0,2,10,2024,3.0,1.0,0.5354597053232908,2.2604838306069537,0.0,0.0,0.0,0.0,0,1379.956194702981,1400.0,30.0,7.0,0.0,0.0,4.5
1313507,2024-11-19T16:30:00+00:00,1732033800,Majed Alshamrani,Volgograd,Russia,4,Syria,1565,4,0,10,2024,1.0,3.0,1.546667371279758,1.624803808089583,0.0,0.0,0.0,0.0,0,1484.3368742336147,1422.1549746781009,4.020833333333333,30.0,0.0,0.0,4.5
1286334,2024-11-19T17:00:00+00:00,1732035600,A. Chiaramonti,Gibraltar,Gibraltar,1093,Moldova,1114,1,1,10,2024,0.0,4.0,1.17458532278433,1.2654665673081955,0.0,0.0,0.0,0.0,0,1402.9877425804539,1433.540090376475,30.0,30.0,0.0,0.0,4.5
1100288,2024-11-19T20:00:00+00:00,1732046400,A. M. Matonte Cabrera,El Alto,Bolivia,2381,Paraguay,2380,2,2,34,2026,2.0,2.0,1.2,1.2,4.5,4.0,12.0,12.0,0,1454.0214124804709,1679.1422700793607,4.833333333333333,4.854166666666667,0.0,0.0,4.5
1100289,2024-11-19T23:00:00+00:00,1732057200,E. Ostojich,Barranquilla,Colombia,8,Ecuador,2382,0,1,34,2026,2.0,2.0,1.2,1.2,4.5,4.0,12.0,12.0,0,1999.8775644125735,1798.4917851151313,3.9583333333333335,4.958333333333333,0.0,0.0,4.5
1100290,2024-11-20T00:00:00+00:00,1732060800,W. Roldan,Buenos Aires,Argentina,26,Peru,30,1,0,34,2026,2.0,2.0,1.2,1.2,4.5,4.0,12.0,12.0,0,2114.0868279248266,1729.0129406381102,5.020833333333333,3.9375,0.0,0.0,4.5
1316065,2024-11-20T00:00:00+00:00,1732060800,P. Gaillouste,Corté,Corte,13723,Diables Noirs,20600,2,0,66,2024,4.0,2.0,1.20762674859036,1.549771326507867,0.0,0.0,0.0,0.0,0,1400.0,1400.0,3.4583333333333335,7.0,0.0,0.0,4.5
1100291,2024-11-20T00:00:00+00:00,1732060800,F. Tello,Santiago de Chile,Chile,2383,Venezuela,2379,4,2,34,2026,2.0,2.0,1.2,1.2,4.5,4.0,12.0,12.0,0,1715.195994743885,1767.3441654488156,3.9375,5.125,0.0,0.0,4.5
1100292,2024-11-20T00:45:00+00:00,1732063500,P. Maza,Salvador,Brazil,6,Uruguay,7,1,1,34,2026,2.0,2.0,1.2,1.2,4.5,4.0,12.0,12.0,0,1986.2350895663199,1938.4846879623547,5.15625,4.03125,0.0,0.0,3.9166666666666665
1315436,2024-11-23T14:45:00+00:00,1732373100,J. Baclet,Mana,Aigles d'Or de Mana,25369,Etoile Matoury,3048,3,2,66,2024,3.0,4.0,1.1827688921587975,1.5021731594753702,0.0,0.0,0.0,0.0,0,1400.0,1400.0,7.0,7.0,0.0,0.0,4.5
1316079,2024-11-29T18:00:00+00:00,1732903200,V. Giorgetti,Orléans,Orleans,103,La Roche VF,9915,1,1,66,2024,4.0,2.0,0.9886609738475454,1.891948295709927,0.0,0.0,0.0,0.0,0,1428.874492515307,1410.0,13.0,13.0,0.0,0.0,4.5
1316054,2024-11-29T18:30:00+00:00,1732905000,F. Benchabane,Furiani,Bastia,1305,Nancy,102,2,0,66,2024,2.0,3.0,1.764457870723429,2.059022388870381,0.0,0.0,0.0,0.0,0,1400.28774368332,1410.2794684162,13.229166666666666,13.0625,0.0,0.0,4.5
1316058,2024-11-29T18:30:00+00:00,1732905000,A. Ustaritz,Raon-l'Etape,Raon l'Etape,3100,Metz,112,0,1,66,2024,2.0,2.0,0.9394726859306696,0.992673603259955,0.0,0.0,0.0,0.0,0,1400.0,1410.0,13.166666666666666,13.239583333333334,0.0,0.0,4.5
1316068,2024-11-29T19:00:00+00:00,1732906800,G. Kubler,Calais,Calais Beau-Marais,25329,Amiens,87,0,3,66,2024,0.0,2.0,1.5807359006580135,2.312654775721641,0.0,0.0,0.0,0.0,0,1410.0,1409.4332569462813,13.041666666666666,13.083333333333334,0.0,0.0,4.5
1316095,2024-11-29T19:00:00+00:00,1732906800,G. Janin,Chambéry,Chambéry,9969,Dijon,89,0,2,66,2024,5.0,4.0,1.970245464053076,1.526860917811799,0.0,0.0,0.0,0.0,0,1409.7205382437342,1410.0,12.25,13.125,0.0,0.0,4.5
1316069,2024-11-30T12:30:00+00:00,1732969800,G. Henry,Amboise,Monnaie,25343,Lorient,97,0,5,66,2024,4.0,0.0,1.1192244691291044,2.135623353353207,0.0,0.0,0.0,0.0,0,1410.0,1400.8382002210046,12.979166666666666,13.916666666666666,0.0,0.0,4.5
1316074,2024-11-30T12:30:00+00:00,1732969800,E. Barenton,Caen,Caen,88,Bolbec,25328,6,0,66,2024,4.0,0.0,2.322790680105096,1.6747606451944574,0.0,0.0,0.0,0.0,0,1419.1537822632934,1410.0,13.989583333333334,12.979166666666666,0.0,0.0,4.5
1316085,2024-11-30T13:00:00+00:00,1732971600,P. Legat,Angoulême,Angoulême,3011,Clermont Foot,99,1,2,66,2024,4.0,3.0,0.689947479492069,0.940737027219554,0.0,0.0,0.0,0.0,0,1410.2550130856148,1400.5752489881147,14.75,14.0,0.0,0.0,4.5
1316071,2024-11-30T13:00:00+00:00,1732971600,B. Lepaysant,Laval,Laval,433,Concarneau,1300,2,2,66,2024,5.0,2.0,1.8168995291791044,0.9708723083215148,0.0,0.0,0.0,0.0,0,1429.4407727156142,1409.71225631668,30.0,13.875,0.0,0.0,4.5
1316057,2024-11-30T13:00:00+00:00,1732971600,B. Bayour,Mutzig,ASS Still Mutzig,25324,Jeunesse Evolution,6327,4,1,66,2024,2.0,2.0,1.206132929334809,1.7957965729661682,0.0,0.0,0.0,0.0,0,1410.0,1400.0,13.0,7.0,0.0,0.0,4.5
1316062,2024-11-30T13:30:00+00:00,1732973400,G. Paradis,Aubervilliers,Aubervilliers,3148,Dunkerque,1304,0,2,66,2024,4.0,3.0,1.876783586290917,1.5769306683824371,0.0,0.0,0.0,0.0,0,1410.0,1409.7366061497828,13.020833333333334,30.0,0.0,0.0,4.5
1316060,2024-11-30T13:30:00+00:00,1732973400,R. Chapapria,Bobigny,Bobigny,3027,RED Star FC 93,104,2,2,66,2024,3.0,2.0,1.0959399563329004,1.7260926875488285,0.0,0.0,0.0,0.0,0,1410.0,1400.28774368332,13.020833333333334,13.979166666666666,0.0,0.0,4.5
1316080,2024-11-30T13:30:00+00:00,1732973400,F. Batta,Challans,St-Philbert Gd Lieu,15110,PAU,1297,1,1,66,2024,2.0,1.0,1.1215360775424128,1.7493968895677767,0.0,0.0,0.0,0.0,0,1410.0,1418.8664744330495,13.854166666666666,14.03125,0.0,0.0,4.5
1316066,2024-11-30T14:00:00+00:00,1732975200,K. Abed,Chambly,Liancourt Clermont,20575,Quevilly,431,0,1,66,2024,1.0,1.0,0.7956628092304938,1.4131515307324336,0.0,0.0,0.0,0.0,0,1400.0,1410.0082819270542,7.0,14.791666666666666,0.0,0.0,4.5
1316063,2024-11-30T15:00:00+00:00,1732978800,E. Rosier,Valenciennes,Valenciennes,105,Neuilly sur Marne,22038,4,3,66,2024,2.0,2.0,0.7965969351107762,0.7766168406013367,0.0,0.0,0.0,0.0,0,1439.410379784136,1410.0,13.916666666666666,13.083333333333334,0.0,0.0,4.5
1316094,2024-11-30T16:00:00+00:00,1732982400,A. Chancioux,Rumilly,Rumilly Vallières,9973,Chasselay MDA,9254,1,1,66,2024,1.0,0.0,0.7506439907172402,2.49067874869277,0.0,0.0,0.0,0.0,0,1409.71225631668,1409.71225631668,13.958333333333334,14.125,0.0,0.0,4.5
1316096,2024-11-30T16:00:00+00:00,1732982400,A. Perreau Niel,Cluses,Cluses-Scionzier,3168,Estac Troyes,110,0,1,66,2024,0.0,2.0,0.8833060231857135,1.9860209404231068,0.0,0.0,0.0,0.0,0,1410.0,1400.28774368332,14.0,13.958333333333334,0.0,0.0,4.5
1316056,2024-11-30T16:00:00+00:00,1732982400,Y. Gazagnes,Colmar,Colmar,13583,Haguenau,3058,1,1,66,2024,6.0,1.0,0.537180682958589,2.083571212421364,0.0,0.0,0.0,0.0,0,1400.28774368332,1400.28774368332,13.979166666666666,13.9375,0.0,0.0,4.5
1316089,2024-11-30T16:00:00+00:00,1732982400,P. Retail,Fos-sur-Mer,Istres,3267,Grenoble,101,0,4,66,2024,3.0,3.0,1.431657077616218,1.8446789172179767,0.0,0.0,0.0,0.0,0,1410.0,1409.4249887221547,13.979166666666666,13.9375,0.0,0.0,4.5
1316088,2024-11-30T16:00:00+00:00,1732982400,W. Bertolotti,Agde,Agde,9263,Le Puy Foot,3069,1,5,66,2024,1.0,2.0,0.850897790738643,0.5817805524105639,0.0,0.0,0.0,0.0,0,1400.558988401441,1447.4903407730276,14.0,13.916666666666666,0.0,0.0,4.5
1316090,2024-11-30T17:00:00+00:00,1732986000,A. Souifi,Alès,Olympique d'Alès,3093,Cannes,9932,1,5,66,2024,3.0,1.0,1.0204756803066604,1.6695271523071804,0.0,0.0,0.0,0.0,0,1419.43278790048,1419.43278790048,14.0,13.958333333333334,0.0,0.0,4.5
1316067,2024-11-30T17:00:00+00:00,1732986000,G. Deneuve,Le Touquet-Paris-Plage,Le Touquet,9287,RC Calais,22744,0,1,66,2024,0.0,0.0,1.4730860983398866,1.034978337571687,0.0,0.0,0.0,0.0,0,1400.0,1410.0,13.166666666666666,13.166666666666666,0.0,0.0,4.5
1316091,2024-11-30T17:00:00+00:00,1732986000,S. Chamel,Valence,Valence FC,25355,Martigues,3200,0,2,66,2024,3.0,0.0,1.1628944834415924,1.7020570852730954,0.0,0.0,0.0,0.0,0,1410.0,1410.0,13.958333333333334,13.041666666666666,0.0,0.0,4.5
1316070,2024-11-30T17:00:00+00:00,1732986000,J. Lomi,Le Mans,Le Mans,1298,Saint-Colomban Locminé,3224,4,0,66,2024,1.0,1.0,1.5254291548522516,1.5449398893374662,0.0,0.0,0.0,0.0,0,1410.0,1410.0,14.041666666666666,14.041666666666666,0.0,0.0,4.5
1316092,2024-11-30T17:00:00+00:00,1732986000,V. Ougier,Bourgoin-Jallieu,Bourgoin-Jallieu,9268,Olympique de Valence,3094,3,0,66,2024,1.0,0.0,0.7836319132989342,1.1359651139621527,0.0,0.0,0.0,0.0,0,1400.28774368332,1410.0,14.0,13.166666666666666,0.0,0.0,4.5
1316097,2024-11-30T17:00:00+00:00,1732986000,B. Roffet,Mâcon,Mâcon,3277,Sochaux,115,0,2,66,2024,0.0,0.0,1.950829502834225,1.797736009746066,0.0,0.0,0.0,0.0,0,1400.28774368332,1428.0685593318071,14.0,14.0,0.0,0.0,4.5
1316076,2024-11-30T17:00:00+00:00,1732986000,M. Lesage,Dinan,Dinan Léhon,9275,Guingamp,90,1,4,66,2024,2.0,4.0,2.4154262004808875,2.3257281813126944,0.0,0.0,0.0,0.0,0,1409.4249887221547,1409.991963297264,30.0,13.979166666666666,0.0,0.0,4.5
1316087,2024-11-30T17:00:00+00:00,1732986000,S. Zolota,L'Union,Union Saint-Jean,9315,Versailles,3131,2,1,66,2024,2.0,2.0,1.5307189068056324,1.738760889293135,0.0,0.0,0.0,0.0,0,1410.0,1410.0,13.166666666666666,14.0,0.0,0.0,4.5
1316093,2024-11-30T17:00:00+00:00,1732986000,H. Dutech,Carnoux-en-Provence,Carnoux,19916,Hauts Lyonnais,3187,0,1,66,2024,2.0,1.0,1.4005687512682268,1.9508470345185864,0.0,0.0,0.0,0.0,0,1410.0,1410.0,13.166666666666666,13.166666666666666,0.0,0.0,4.5
1316072,2024-11-30T17:00:00+00:00,1732986000,,Tours,Tours,432,Cesson,13722,3,0,66,2024,4.0,1.0,1.0763294317516967,1.325320857530523,0.0,0.0,0.0,0.0,0,1400.0,1399.71225631668,14.0,14.0,0.0,0.0,4.5
1316082,2024-11-30T17:00:00+00:00,1732986000,J. Gueguen,La Roche-sur-Yon,La Roche sur Yon,10684,RC Saint Joseph,25370,1,3,66,2024,2.0,2.0,1.77624741478244,1.915779403977942,0.0,0.0,0.0,0.0,0,1410.0,1410.0,14.0,14.104166666666666,0.0,0.0,4.5
1316078,2024-11-30T17:00:00+00:00,1732986000,C. Visbecq,Bordeaux,SA Mérignac,20581,Beaumont Saint-Cyr,25326,1,1,66,2024,1.0,1.0,2.2955135088403367,1.9702618700166463,0.0,0.0,0.0,0.0,0,1410.0,1410.0,14.083333333333334,13.166666666666666,0.0,0.0,4.5
1316073,2024-11-30T17:30:00+00:00,1732987800,T. Leprodhomme,Guingamp,Ginglin Cesson,13648,Rouen,3221,0,3,66,2024,1.0,6.0,2.026734411004762,2.342720547576375,0.0,0.0,0.0,0.0,0,1410.0,1429.71225631668,14.1875,30.0,0.0,0.0,4.5
1316077,2024-11-30T19:00:00+00:00,1732993200,E. Douart,Dives-sur-Mer,Dives-Cabourg,3261,Dragon,21310,6,1,66,2024,4.0,2.0,1.9208130942259272,1.429183100569018,0.0,0.0,0.0,0.0,0,1390.28774368332,1399.71225631668,14.083333333333334,14.25,0.0,0.0,4.5
1316084,2024-11-30T19:00:00+00:00,1732993200,L. Beulet,Marmande,Marmande,13736,Vierzon FC,19617,2,2,66,2024,0.0,4.0,1.6847810224595683,1.1311307847755805,0.0,0.0,0.0,0.0,0,1410.0,1390.28774368332,13.25,14.083333333333334,0.0,0.0,4.5
1316758,2024-11-30T19:00:00+00:00,1732993200,M. Leleu,Rémire-Montjoly,Etoile Matoury,3048,Thionville Lusitanos,22039,0,2,66,2024,0.0,2.0,1.997126333658187,2.241097093516368,0.0,0.0,0.0,0.0,0,1390.0,1419.1537822632934,7.177083333333333,14.0625,0.0,0.0,4.5
1316086,2024-12-01T12:30:00+00:00,1733056200,G. Martin,Couzeix,Couzeix-Chaptelat,25331,Espaly-Saint-Marcel,13601,0,3,66,2024,1.0,1.0,2.056901576812125,0.62971680158517,0.0,0.0,0.0,0.0,0,1410.0,1400.28774368332,13.979166666666666,14.8125,0.0,0.0,4.5
1316061,2024-12-01T12:30:00+00:00,1733056200,F. Gazon,Feignies,Feignies-Aulnoye,3176,Gallia Lucciana,3182,1,0,66,2024,1.0,2.0,1.2949191264036608,2.4681684655433367,0.0,0.0,0.0,0.0,0,1428.8824980826903,1410.0,13.979166666666666,14.8125,0.0,0.0,4.5
1316064,2024-12-01T12:45:00+00:00,1733057100,R. Perpinan,Boulogne-sur-Mer,Boulogne,1299,Beauvais,3153,4,2,66,2024,0.0,1.0,1.896200896103988,2.298205262265724,0.0,0.0,0.0,0.0,0,1409.71225631668,1409.71225631668,14.989583333333334,14.822916666666666,0.0,0.0,4.5
1316059,2024-12-01T13:00:00+00:00,1733058000,K. Barbin,Noyelles-sous-Lens,Noyelles sous Lens,25346,Drancy,1293,0,3,66,2024,2.0,1.0,0.9410541930466638,0.8008521526762304,0.0,0.0,0.0,0.0,0,1399.7283312112704,1410.0,14.0,14.833333333333334,0.0,0.0,4.5
1316055,2024-12-01T14:00:00+00:00,1733061600,A. Djedid,Lunéville,Lunéville,3275,Thaon,3123,0,4,66,2024,2.0,0.0,0.5909084121445485,2.2930738801768262,0.0,0.0,0.0,0.0,0,1400.0,1410.28774368332,14.041666666666666,14.916666666666666,0.0,0.0,4.5
1316083,2024-12-01T16:00:00+00:00,1733068800,A. Baert,Le-Bouscat,Bordeaux,78,Les Herbiers,1308,2,0,66,2024,4.0,1.0,1.621730748937834,1.4309590317100505,0.0,0.0,0.0,0.0,0,1409.991963297264,1429.14549997581,14.0,15.916666666666666,0.0,0.0,4.5
1321853,2024-12-09T00:00:00+00:00,1733702400,,Doha,Kuwait,1570,Yemen,1550,1,1,10,2024,1.0,4.0,2.070657447969503,1.50823285387963,0.0,0.0,0.0,0.0,0,1413.3236579281927,1409.4237320822153,30.0,19.322916666666668,0.0,0.0,4.5
1321854,2024-12-12T15:00:00+00:00,1734015600,,Doha,Kuwait,1570,Lebanon,1551,1,2,10,2024,3.0,1.0,1.021899098040781,0.6633908798673784,0.0,0.0,0.0,0.0,0,1413.2114137533795,1388.5230376990314,3.625,23.1875,0.0,0.0,4.5
1321855,2024-12-15T15:00:00+00:00,1734274800,,Doha,Kuwait,1570,Lebanon,1551,0,2,10,2024,2.0,1.0,1.6097071937732264,2.110420847738252,0.0,0.0,0.0,0.0,0,1402.5020187654434,1399.2324326869675,3.0,3.0,0.0,0.0,4.5
1325295,2024-12-16T00:00:00+00:00,1734307200,,Muscat,Oman,1552,Yemen,1550,1,0,10,2024,3.0,6.0,1.5822517854685183,2.1843425535480527,0.0,0.0,0.0,0.0,0,1438.6203102910367,1409.5359762570286,30.0,7.0,0.0,0.0,4.5
1325294,2024-12-17T16:45:00+00:00,1734453900,,Riyadh,Saudi Arabia,23,Trinidad and Tobago,5168,3,1,10,2024,1.0,4.0,1.380142913926698,2.0112263801890435,0.0,0.0,0.0,0.0,0,1402.717482932213,1456.4709208263612,30.0,30.0,0.0,0.0,4.5
1318783,2024-12-20T19:45:00+00:00,1734723900,C. Turpin,Troyes,Estac Troyes,110,Metz,112,3,0,66,2024,0.0,1.0,2.340085163087294,1.454010487478112,0.0,0.0,0.0,0.0,0,1410.56721209952,1419.71225631668,20.15625,21.052083333333332,0.0,0.0,4.05
1318782,2024-12-20T19:45:00+00:00,1734723900,H. Ben El Hadj,Chasselay,Chasselay MDA,9254,Annecy,3012,1,2,66,2024,1.0,3.0,1.1641366956670138,0.8132488624394083,0.0,0.0,0.0,0.0,0,1409.71225631668,1410.0,20.15625,30.0,0.0,0.0,4.5
1318785,2024-12-20T19:45:00+00:00,1734723900,A. Taleb,Furiani,Bastia,1305,RC Saint Joseph,25370,5,0,66,2024,7.0,1.0,2.4719126247681285,2.421700665615805,0.0,0.0,0.0,0.0,0,1410.5752493823488,1420.0,21.052083333333332,20.114583333333332,0.0,0.0,4.5
1318784,2024-12-20T19:45:00+00:00,1734723900,R. Landry,Haguenau,Haguenau,3058,Boulogne,1299,4,1,66,2024,0.0,2.0,1.61352215458322,0.9000344181392113,0.0,0.0,0.0,0.0,0,1400.28774368332,1419.71225631668,20.15625,19.291666666666668,0.0,0.0,4.5
1318787,2024-12-20T20:00:00+00:00,1734724800,S. Frappart,Le Petit-Quevilly,Rouen,3221,Lille,79,0,1,66,2024,3.0,0.0,0.6931610099596959,2.230528419199933,0.0,0.0,0.0,0.0,0,1439.14549997581,1410.8620753853456,20.104166666666668,30.0,0.0,0.0,4.125
1327874,2024-12-21T00:00:00+00:00,1734739200,,Honiara,Solomon Islands,5165,Fiji,5160,1,3,10,2024,0.0,2.0,1.568672289572767,1.3375751729644043,0.0,0.0,0.0,0.0,0,1411.2267643088617,1395.4123189499312,30.0,30.0,0.0,0.0,4.5
1327873,2024-12-21T00:00:00+00:00,1734739200,,Honiara,Vanuatu,5170,Papua New Guinea,8175,1,2,10,2024,1.0,1.0,2.362046001635415,0.7947041453473023,0.0,0.0,0.0,0.0,0,1363.384765790259,1354.8640591301519,30.0,30.0,0.0,0.0,4.5
1318792,2024-12-21T14:30:00+00:00,1734791400,G. Paradis,Saint-Brieuc,Stade Briochin,3229,Le Havre,111,1,0,66,2024,0.0,1.0,2.09248315249174,2.3881363505733244,0.0,0.0,0.0,0.0,0,1400.846244312232,1410.8216235119883,30.0,30.0,0.0,0.0,4.5
1318793,2024-12-21T14:30:00+00:00,1734791400,A. Petit,La Roche-sur-Yon,La Roche VF,9915,Stade Brestois 29,106,0,1,66,2024,7.0,1.0,1.1627903742098,1.7439073808228358,0.0,0.0,0.0,0.0,0,1410.5427177751505,1410.8464561201029,21.854166666666668,30.0,0.0,0.0,4.5
1318791,2024-12-21T14:30:00+00:00,1734791400,E. Rosier,Dives-sur-Mer,Dives-Cabourg,3261,Saint-Denis,18149,2,0,66,2024,1.0,3.0,1.934436649377689,2.234958362197001,0.0,0.0,0.0,0.0,0,1400.5589364493228,1400.28774368332,20.8125,30.0,0.0,0.0,4.5
1318789,2024-12-21T14:30:00+00:00,1734791400,G. Kubler,Bourgoin-Jallieu,Bourgoin-Jallieu,9268,Martigues,3200,4,1,66,2024,2.0,1.0,1.0993059038157618,1.6503644159694792,0.0,0.0,0.0,0.0,0,1410.56721209952,1420.0,20.895833333333332,20.895833333333332,0.0,0.0,4.5
1318788,2024-12-21T14:30:00+00:00,1734791400,A. Valnet,Cannes,Cannes,9932,Grenoble,101,3,2,66,2024,2.0,0.0,1.5930202179487052,1.1262525947874458,0.0,0.0,0.0,0.0,0,1429.43278790048,1419.4415388620023,20.895833333333332,20.9375,0.0,0.0,4.5
1318797,2024-12-21T17:00:00+00:00,1734800400,F. Batta,Saint-Ouen,Drancy,1293,Nantes,83,0,4,66,2024,1.0,0.0,1.3159767693365136,1.4036183493027818,0.0,0.0,0.0,0.0,0,1419.7044437118266,1401.1335255669505,20.166666666666668,30.0,0.0,0.0,4.5
1318795,2024-12-21T17:00:00+00:00,1734800400,J. Pignard,Espaly-Saint-Marcel,Le Puy Foot,3069,Montpellier,82,4,0,66,2024,1.0,1.0,1.1770416247967672,0.5156135785416436,0.0,0.0,0.0,0.0,0,1456.1477040543496,1410.8216981696853,21.041666666666668,30.0,0.0,0.0,4.5
1318796,2024-12-21T17:00:00+00:00,1734800400,B. Roffet,Épinal,Thaon,3123,Amiens,87,2,1,66,2024,2.0,3.0,1.9298015830533104,1.8840204494847024,0.0,0.0,0.0,0.0,0,1419.9917251272818,1419.4495691081513,20.125,21.916666666666668,0.0,0.0,4.5
1318798,2024-12-21T17:00:00+00:00,1734800400,G. Angoula,Valenciennes,Feignies-Aulnoye,3176,Lyon,80,1,2,66,2024,2.0,1.0,2.0715888661482857,0.9416840321157192,0.0,0.0,0.0,0.0,0,1438.339550567757,1431.3978152662826,20.1875,30.0,0.0,0.0,4.5
1318799,2024-12-21T17:00:00+00:00,1734800400,P. Legat,Tours,Tours,432,Lorient,97,0,3,66,2024,1.0,1.0,0.5863074646310762,0.6661512992146914,0.0,0.0,0.0,0.0,0,1409.9917180729458,1411.1018369108558,21.0,21.1875,0.0,0.0,4.5
1318800,2024-12-21T20:00:00+00:00,1734811200,M. Leleu,Calais,RC Calais,22744,Strasbourg,95,0,3,66,2024,1.0,2.0,1.1618165393985789,1.001695637836542,0.0,0.0,0.0,0.0,0,1419.71225631668,1430.0163193520002,21.125,30.0,0.0,0.0,4.5
1318803,2024-12-22T13:45:00+00:00,1734875100,P. Gaillouste,Molsheim,ASS Still Mutzig,25324,Reims,93,1,3,66,2024,3.0,0.0,1.9737321790101583,1.1242722010146793,0.0,0.0,0.0,0.0,0,1419.71225631668,1410.5750112778453,22.03125,30.0,0.0,0.0,4.5
1318801,2024-12-22T13:45:00+00:00,1734875100,O. Thual,Toulouse,Union Saint-Jean,9315,Monaco,91,1,4,66,2024,2.0,5.0,2.29979275010044,0.5107254933068439,0.0,0.0,0.0,0.0,0,1420.0,1410.845136041821,21.864583333333332,30.0,0.0,0.0,4.5
1318805,2024-12-22T13:45:00+00:00,1734875100,B. Dechepy,Bordeaux,Bordeaux,78,Rennes,94,1,4,66,2024,1.0,4.0,1.008267138294154,1.8074190140268869,0.0,0.0,0.0,0.0,0,1420.5426886019923,1421.914875949264,20.90625,30.0,0.0,0.0,4.5
1318804,2024-12-22T13:45:00+00:00,1734875100,R. Lissorgue,Auxerre,Auxerre,108,Dunkerque,1304,0,1,66,2024,2.0,1.0,2.140087294469592,1.6706012497867364,0.0,0.0,0.0,0.0,0,1410.28774368332,1419.7441872327443,30.0,22.010416666666668,0.0,0.0,4.5
1318802,2024-12-22T13:45:00+00:00,1734875100,J. Stinat,Saint-Ètienne,Saint Etienne,1063,Marseille,81,0,4,66,2024,2.0,1.0,1.1038855534934788,1.416620582974777,0.0,0.0,0.0,0.0,0,1400.0,1410.5750112778453,30.0,30.0,0.0,0.0,4.5
1318810,2024-12-22T16:30:00+00:00,1734885000,A. Perreau Niel,Marmande,Marmande,13736,Le Mans,1298,0,7,66,2024,0.0,1.0,0.6246826853826708,2.2871465384757474,0.0,0.0,0.0,0.0,0,1409.43324365913,1420.0,21.895833333333332,21.979166666666668,0.0,0.0,4.5
1318811,2024-12-22T16:30:00+00:00,1734885000,J. Brisard,Guingamp,Guingamp,90,Caen,88,2,1,66,2024,2.0,3.0,1.997581591959226,1.242819869196287,0.0,0.0,0.0,0.0,0,1419.9756444716904,1428.890376175844,21.979166666666668,22.166666666666668,0.0,0.0,4.375
1318809,2024-12-22T16:30:00+00:00,1734885000,A. Souifi,Challans,St-Philbert Gd Lieu,15110,Quevilly,431,0,2,66,2024,1.0,1.0,0.9086863757156134,1.462499155048166,0.0,0.0,0.0,0.0,0,1410.2551422627696,1419.7203000682398,22.125,22.104166666666668,0.0,0.0,4.5
1318808,2024-12-22T16:30:00+00:00,1734885000,M. Vernice,Bobigny,Bobigny,3027,Angers,77,0,1,66,2024,1.0,3.0,1.5852404971477487,1.1228987530016223,0.0,0.0,0.0,0.0,0,1409.7205315838,1409.4249887221547,22.125,30.0,0.0,0.0,4.5
1332510,2025-01-04T17:15:00+00:00,1736010900,N. Siyah,Gombani,Burkina Faso,1502,Kenya,1511,1,1,10,2025,3.0,4.0,2.2291177156829054,2.1520226524360013,0.0,0.0,0.0,0.0,0,1408.3280318852997,1426.0944541616846,30.0,30.0,0.0,0.0,4.5
1332511,2025-01-07T16:00:00+00:00,1736265600,N. Siyah,Gombani,Tanzania,1489,Kenya,1511,0,2,10,2025,2.0,3.0,2.424892723212227,1.4446871781783583,0.0,0.0,0.0,0.0,0,1396.198597783006,1425.583540670868,30.0,2.9479166666666665,0.0,0.0,4.5
1332512,2025-01-09T16:00:00+00:00,1736438400,S. Hemed Said,Gombani,Tanzania,1489,Burkina Faso,1502,0,2,10,2025,7.0,3.0,0.6767073470241831,1.9108150313000285,0.0,0.0,0.0,0.0,0,1387.0423535302987,1408.8389453761163,2.0,4.947916666666667,0.0,0.0,4.5
1327883,2025-01-14T19:45:00+00:00,1736883900,A. Petit,Dives-sur-Mer,Dives-Cabourg,3261,Le Puy Foot,3069,1,0,66,2024,3.0,5.0,1.7861337177598795,1.4552463594197784,0.0,0.0,0.0,0.0,0,1410.5511308956538,1464.8504678281581,24.21875,24.114583333333332,0.0,0.0,4.5
1327882,2025-01-14T19:45:00+00:00,1736883900,J. Pignard,Furiani,Bastia,1305,Nice,84,0,1,66,2024,2.0,2.0,0.7843273242095858,2.4803008026083955,0.0,0.0,0.0,0.0,0,1420.8464489930523,1410.90267603216,25.0,30.0,0.0,0.0,4.5
1327894,2025-01-15T17:30:00+00:00,1736962200,O. Thual,Cannes,Cannes,9932,Lorient,97,2,1,66,2024,3.0,4.0,1.3035684952299944,1.9935801536669056,0.0,0.0,0.0,0.0,0,1439.14529588172,1421.0698852309938,25.125,25.020833333333332,0.0,0.0,4.5
1327885,2025-01-15T17:30:00+00:00,1736962200,H. Ben El Hadj,Le Petit-Quevilly,Quevilly,431,Angers,77,2,3,66,2024,3.0,3.0,0.7373971145374489,2.4723076056902045,0.0,0.0,0.0,0.0,0,1429.4479383042396,1419.4334951274475,24.041666666666668,24.041666666666668,0.0,0.0,4.5
1327889,2025-01-15T17:30:00+00:00,1736962200,R. Lissorgue,Troyes,Estac Troyes,110,Rennes,94,1,0,66,2024,1.0,3.0,1.657663437823221,1.3226494642646809,0.0,0.0,0.0,0.0,0,1420.8303668601168,1431.8753814279805,25.90625,24.15625,0.0,0.0,4.5
1327895,2025-01-15T17:30:00+00:00,1736962200,A. Kherradji,Brest,Stade Brestois 29,106,Nantes,83,2,1,66,2024,2.0,1.0,0.803925588396992,1.80514678190243,0.0,0.0,0.0,0.0,0,1420.8377138300143,1411.667531094303,25.125,25.020833333333332,0.0,0.0,4.5
1327884,2025-01-15T17:30:00+00:00,1736962200,M. Vernice,Toulouse,Toulouse,96,Laval,433,2,1,66,2024,2.0,1.0,1.1072944241849931,0.9559807551380934,0.0,0.0,0.0,0.0,0,1410.28774368332,1428.873549876479,30.0,30.0,0.0,0.0,4.5
1327897,2025-01-15T20:00:00+00:00,1736971200,M. Bollengier,Clermont-Ferrand,Espaly-Saint-Marcel,13601,Paris Saint Germain,85,2,4,66,2024,6.0,3.0,0.7300265624193703,0.7397867098923632,0.0,0.0,0.0,0.0,0,1410.56721209952,1460.0394517027655,30.0,30.0,0.0,0.0,4.5
1332404,2025-01-18T20:00:00+00:00,1737230400,"Steven Madrigal, Costa Rica","Fort Lauderdale, Florida",USA,2384,Venezuela,2379,3,1,10,2025,3.0,3.0,0.7436751115220281,0.99156573316172,0.0,0.0,0.0,0.0,0,1837.9530465015791,1755.8543910671533,30.0,30.0,0.0,0.0,4.5
1327887,2025-01-22T16:00:00+00:00,1737561600,A. Valnet,Haguenau,Haguenau,3058,Dunkerque,1304,1,3,66,2024,4.0,5.0,1.8236401976319647,2.4906342499226217,0.0,0.0,0.0,0.0,0,1410.846244312232,1429.4720760993082,30.0,30.0,0.0,0.0,4.5
1332405,2025-01-23T00:00:00+00:00,1737590400,"Cristhofer Corado, Guatemala","Orlando, Florida",USA,2384,Costa Rica,29,3,0,10,2025,1.0,3.0,2.1840767353128414,1.2901727298188186,0.0,0.0,0.0,0.0,0,1845.6330775387794,1588.882272205369,4.166666666666667,30.0,0.0,0.0,4.5
1332407,2025-01-27T17:00:00+00:00,1737997200,,Doha,Uzbekistan,1568,Jordan,1548,0,0,10,2025,0.0,1.0,2.025921457934136,0.8436295041034756,0.0,0.0,0.0,0.0,0,1460.0635369752106,1414.6061064108146,30.0,30.0,0.0,0.0,4.5
1337492,2025-02-04T18:00:00+00:00,1738692000,J. Stinat,Troyes,Estac Troyes,110,Stade Brestois 29,106,1,2,66,2024,0.0,0.0,2.012194283279031,1.8557274641744097,0.0,0.0,0.0,0.0,0,1431.1481608856557,1430.5738360271275,20.020833333333332,20.020833333333332,0.0,0.0,4.5
1337493,2025-02-04T20:10:00+00:00,1738699800,A. Kherradji,Le Mans,Le Mans,1298,Paris Saint Germain,85,0,2,66,2024,7.0,1.0,1.8617589043054767,0.7467605682061178,0.0,0.0,0.0,0.0,0,1429.6959580435935,1468.6250724363467,30.0,20.006944444444443,0.0,0.0,4.5
1337494,2025-02-05T19:45:00+00:00,1738784700,H. Ben El Hadj,Saint-Brieuc,Stade Briochin,3229,Nice,84,2,1,66,2024,3.0,1.0,1.9718110646507976,1.7211483817136286,0.0,0.0,0.0,0.0,0,1411.1332799372458,1421.1888027036193,30.0,22.0,0.0,0.0,4.5
1337495,2025-02-05T19:45:00+00:00,1738784700,M. Bollengier,Toulouse,Toulouse,96,Guingamp,90,0,2,66,2024,1.0,0.0,1.8954151195431388,1.891206249464337,0.0,0.0,0.0,0.0,0,1420.8221765002158,1430.232174781269,21.09375,30.0,0.0,0.0,4.5
1337496,2025-02-05T19:45:00+00:00,1738784700,G. Angoula,Cannes,Cannes,9932,Dives-Cabourg,3261,5,3,66,2024,4.0,1.0,0.5470734257799574,1.156701915299054,0.0,0.0,0.0,0.0,0,1448.6255126106284,1422.1013900835449,21.09375,22.0,0.0,0.0,4.5
1337497,2025-02-05T19:45:00+00:00,1738784700,E. Wattellier,Strasbourg,Strasbourg,95,Angers,77,1,3,66,2024,0.0,3.0,1.9909243872083773,2.3051391393202003,0.0,0.0,0.0,0.0,0,1439.7198314994985,1429.7216541741236,30.0,21.09375,0.0,0.0,4.5
1335101,2025-02-07T00:30:00+00:00,1738888200,,Montego Bay,Jamaica,2385,Trinidad and Tobago,5168,1,0,10,2025,1.0,1.0,1.7371744114385188,0.8306960831462964,0.0,0.0,0.0,0.0,0,1504.1318178186189,1444.935999986561,30.0,30.0,0.0,0.0,4.5
1335517,2025-02-08T23:30:00+00:00,1739057400,D. Herrera,Santiago de Chile,Chile,2383,Panama,11,6,1,10,2025,0.0,0.0,1.2729008338263264,0.7725979868738841,0.0,0.0,0.0,0.0,0,1726.6857691255473,1599.1460591685236,30.0,30.0,0.0,0.0,4.125
1335102,2025-02-10T01:00:00+00:00,1739149200,O. Nation,Kingston,Jamaica,2385,Trinidad and Tobago,5168,1,1,10,2025,2.0,3.0,2.1228105640739843,1.2817813047255668,0.0,0.0,0.0,0.0,0,1512.4443225274165,1436.6234952777634,3.0208333333333335,3.0208333333333335,0.0,0.0,4.5
1352747,2025-02-17T14:00:00+00:00,1739800800,A. Karaoğlan,Belek,Kazakhstan,1095,North Korea,1561,0,2,10,2025,3.0,1.0,1.1657962524890886,0.8196799328104636,0.0,0.0,0.0,0.0,0,1378.4885624125247,1390.2727496052357,30.0,30.0,0.0,0.0,4.5
1348677,2025-02-25T20:00:00+00:00,1740513600,R. Lissorgue,Cannes,Cannes,9932,Guingamp,90,3,1,66,2024,2.0,2.0,1.5181350394628643,1.465917741363476,0.0,0.0,0.0,0.0,0,1457.8635666759892,1439.9613994651381,20.010416666666668,20.010416666666668,0.0,0.0,4.5
1348679,2025-02-26T18:00:00+00:00,1740592800,W. Delajod,Brest,Stade Brestois 29,106,Dunkerque,1304,2,3,66,2024,2.0,4.0,0.9283236747807082,0.779191646680206,0.0,0.0,0.0,0.0,0,1440.5903664102932,1438.9364945506993,22.0,30.0,0.0,0.0,3.7
1348680,2025-02-26T20:10:00+00:00,1740600600,T. Léonard,Rennes,Stade Briochin,3229,Paris Saint Germain,85,0,7,66,2024,1.0,1.0,2.201377017124777,1.935161480346417,0.0,0.0,0.0,0.0,0,1421.422620363739,1477.5092680183636,21.01736111111111,22.0,0.0,0.0,4.5
1355638,2025-03-06T23:00:00+00:00,1741302000,,Kingstown,St. Vincent / Grenadines,5541,Grenada,5533,1,1,10,2025,0.0,4.0,0.5358742443726989,0.7523153134555971,0.0,0.0,0.0,0.0,0,1410.5584611379977,1390.0165501398476,30.0,30.0,0.0,0.0,4.5
1355639,2025-03-09T19:30:00+00:00,1741548600,,Kingstown,St. Vincent / Grenadines,5541,Grenada,5533,1,1,10,2025,0.0,1.0,0.6581189800050269,1.7533428724663116,0.0,0.0,0.0,0.0,0,1409.9679053856707,1390.6071058921746,2.8541666666666665,2.8541666666666665,0.0,0.0,4.5
1361120,2025-03-13T18:00:00+00:00,1741888800,,Muscat,Oman,1552,Sudan,1510,0,0,10,2025,1.0,1.0,1.6733211325953543,2.1104803238768293,0.0,0.0,0.0,0.0,0,1447.7851457899155,1399.147483397758,30.0,30.0,0.0,0.0,4.5
1350696,2025-03-14T18:15:00+00:00,1741976100,,Amman,Jordan,1548,North Korea,1561,1,1,10,2025,3.0,0.0,0.7464234225802178,0.6777731047318032,0.0,0.0,0.0,0.0,0,1415.9070615044884,1399.93370343667,30.0,25.177083333333332,0.0,0.0,4.5
1339001,2025-03-16T19:00:00+00:00,1742151600,L. Santander,"Fort Lauderdale, Florida",Honduras,4672,Guatemala,5161,1,2,10,2025,4.0,3.0,2.045739135557702,1.4184749312128722,0.0,0.0,0.0,0.0,0,1395.051342075326,1396.0032719149742,30.0,30.0,0.0,0.0,4.5
1354390,2025-03-19T12:00:00+00:00,1742385600,,Hongkong,Hong Kong,4460,Mação,4767,2,0,10,2025,4.0,3.0,2.396856957272034,1.6772975190702226,0.0,0.0,0.0,0.0,0,1405.1360436195548,1361.1309914611077,30.0,30.0,0.0,0.0,4.5
1350315,2025-03-19T12:30:00+00:00,1742387400,,Thu Dau Mot,Vietnam,1542,Cambodia,1543,2,1,10,2025,0.0,2.0,0.7645344652642705,1.7046033201244108,0.0,0.0,0.0,0.0,0,1378.315403092482,1368.6460845738643,30.0,30.0,0.0,0.0,4.5
1350314,2025-03-19T13:30:00+00:00,1742391000,P. Chhetri,"Shillong, Meghalaya",India,1537,Maldives,1549,3,0,10,2025,3.0,1.0,1.059774260474574,0.8604394436827529,0.0,0.0,0.0,0.0,0,1424.2689401586117,1409.2992379621048,30.0,30.0,0.0,0.0,4.5
1362706,2025-03-19T16:30:00+00:00,1742401800,,Belek,Kazakhstan,1095,Curaçao,5530,2,0,10,2025,1.0,5.0,1.817841310817197,1.2627198909451691,0.0,0.0,0.0,0.0,0,1368.8276085810905,1409.354530375914,30.0,30.0,0.0,0.0,4.5
1360315,2025-03-19T17:00:00+00:00,1742403600,I. Tantashev,Moscow,Russia,4,Grenada,5533,5,0,10,2025,3.0,1.0,0.9435427668640948,0.5387966432058582,0.0,0.0,0.0,0.0,0,1492.5660030207048,1391.163778410887,30.0,9.895833333333334,0.0,0.0,3.625
1332406,2025-03-20T11:00:00+00:00,1742468400,R. Lutfullin,Dushanbe,Tajikistan,1536,Belarus,1100,0,5,10,2025,0.0,1.0,0.8620467517729522,2.201164646414224,0.0,0.0,0.0,0.0,0,1428.4585166923534,1373.261895428682,30.0,30.0,0.0,0.0,4.5
1361377,2025-03-20T12:00:00+00:00,1742472000,,Vientiane,Laos,1558,Sri Lanka,5166,1,2,10,2025,2.0,3.0,1.8263680307122736,0.9133860817018848,0.0,0.0,0.0,0.0,0,1364.1375007739791,1370.5324626207657,30.0,30.0,0.0,0.0,4.5
1361551,2025-03-20T18:00:00+00:00,1742493600,,Al Khor,Lebanon,1551,Timor-Leste,5537,4,0,10,2025,2.0,5.0,0.5203658245793834,2.0981377443016944,0.0,0.0,0.0,0.0,0,1409.3265361611104,1400.0,30.0,7.0,0.0,0.0,4.5
1100294,2025-03-20T23:00:00+00:00,1742511600,R. Claus,Asunción,Paraguay,2380,Chile,2383,1,0,34,2026,2.0,2.0,1.2,1.2,4.5,4.0,12.0,12.0,0,1673.43938764035,1733.1713422245905,30.0,30.0,0.0,0.0,3.625
1100295,2025-03-21T00:45:00+00:00,1742517900,A. Herrera,"Brasília, Distrito Federal",Brazil,6,Colombia,8,2,1,34,2026,2.0,2.0,1.2,1.2,4.5,4.0,12.0,12.0,0,1984.869311047921,1984.6535644871933,30.0,30.0,0.0,0.0,4.5
1100296,2025-03-21T01:30:00+00:00,1742520600,Y. Perez,Lima,Peru,30,Bolivia,2381,3,1,34,2026,2.0,2.0,1.2,1.2,4.5,4.0,12.0,12.0,0,1727.0476596126655,1459.7242949194815,30.0,30.0,0.0,0.0,3.875
1357848,2025-03-21T12:30:00+00:00,1742560200,,Kallang,Singapore,1546,Nepal,1545,0,1,10,2025,3.0,1.0,1.3451466467669702,1.8196770615283,0.0,0.0,0.0,0.0,0,1408.5199449522227,1388.8709906851022,30.0,30.0,0.0,0.0,4.5
1355082,2025-03-21T13:00:00+00:00,1742562000,Razlan Joffri Ali,Bangkok,Thailand,1564,Afghanistan,1553,2,0,10,2025,1.0,1.0,1.28955167209017,2.4146988916756005,0.0,0.0,0.0,0.0,0,1390.2831149155936,1370.8211714015954,30.0,30.0,0.0,0.0,4.5
1323239,2025-03-21T17:00:00+00:00,1742576400,A. Treimanis,Larnaca,Cyprus,1106,San Marino,1115,2,0,32,2024,0.0,2.0,1.2,1.2,7.0,2.0,14.0,17.0,1,1407.403320818175,1358.1258610123816,30.0,30.0,0.0,0.0,3.75
1323238,2025-03-21T19:45:00+00:00,1742586300,A. Sidiropoulos,Warsaw,Poland,24,Lithuania,1097,1,0,32,2024,1.0,1.0,1.2,1.2,11.0,1.0,14.0,18.0,1,1823.9006617509801,1395.2464659153009,30.0,30.0,0.0,0.0,4.1
1323237,2025-03-21T19:45:00+00:00,1742586300,S. Sozza,Ta'Qali,Malta,1112,Finland,1099,0,1,32,2024,0.0,1.0,1.2,1.2,6.0,3.0,9.0,12.0,1,1414.4317175902193,1405.0051000371168,30.0,30.0,0.0,0.0,3.7
1348098,2025-03-21T19:45:00+00:00,1742586300,"Mohammed Al-Hakim, Sweden",Belfast,Northern Ireland,771,Switzerland,15,1,1,10,2025,2.0,2.0,1.948725533480522,1.2629711616798138,0.0,0.0,0.0,0.0,0,1430.9352062532428,1920.378386706489,30.0,30.0,0.0,0.0,4.5
1323241,2025-03-21T19:45:00+00:00,1742586300,G. Kruashvili,Andorra la Vella,Andorra,1110,Latvia,1092,0,1,32,2024,0.0,2.0,1.2,1.2,3.0,1.0,14.0,12.0,1,1381.172387137959,1389.111076477238,30.0,30.0,0.0,0.0,5.3
1323240,2025-03-21T19:45:00+00:00,1742586300,D. Makkelie,Bucharest,Romania,774,Bosnia & Herzegovina,1113,0,1,32,2024,5.0,3.0,1.2,1.2,5.0,1.0,14.0,25.0,1,1628.527882927426,1398.8502185542834,30.0,30.0,0.0,0.0,4.35
1323242,2025-03-21T19:45:00+00:00,1742586300,A. Hernandez,London,England,10,Albania,778,2,0,32,2024,0.0,1.0,1.2,1.2,4.0,1.0,9.0,7.0,1,2004.1939654068638,1437.0461502327473,30.0,30.0,0.0,0.0,3.5833333333333335
1100293,2025-03-21T21:00:00+00:00,1742590800,R. Abatti,Quito,Ecuador,2382,Venezuela,2379,2,1,34,2026,2.0,2.0,1.2,1.2,4.5,4.0,12.0,12.0,0,1813.7157850405115,1748.174360029953,30.0,30.0,0.0,0.0,4.5
1100297,2025-03-21T23:30:00+00:00,1742599800,J. Benitez,Montevideo,Uruguay,7,Argentina,26,0,1,34,2026,2.0,2.0,1.2,1.2,4.5,4.0,12.0,12.0,0,1939.8504664807535,2116.0521089502713,30.0,30.0,0.0,0.0,4.5
1347476,2025-03-22T00:00:00+00:00,1742601600,R. de Leça,Bayamón,Puerto Rico,5539,Dominican Republic,5532,2,2,10,2025,2.0,0.0,2.190171760850374,1.207004968747729,0.0,0.0,0.0,0.0,0,1389.9853619209634,1405.2499314023569,30.0,30.0,0.0,0.0,4.5
1323243,2025-03-22T14:00:00+00:00,1742652000,M. Balakin,Vaduz,Liechtenstein,1107,FYR Macedonia,1105,0,3,32,2024,3.0,1.0,1.2,1.2,0.0,7.0,12.0,7.0,1,1386.2196878597706,1399.6394010074264,30.0,30.0,0.0,0.0,4.1
1323244,2025-03-22T17:00:00+00:00,1742662800,M. Jug,Chisinau,Moldova,1114,Norway,1090,0,5,32,2024,1.0,1.0,1.2,1.2,6.0,6.0,10.0,9.0,1,1432.6629828066946,1703.7315422885997,30.0,30.0,0.0,0.0,4.083333333333333
1334649,2025-03-22T17:00:00+00:00,1742662800,"Luca Cibelli, Switzerland",Luxembourg,Luxembourg,1102,Sweden,5,1,0,10,2025,4.0,4.0,0.5146829004145432,1.1568783837648304,0.0,0.0,0.0,0.0,0,1399.6819242535485,1805.4656246152633,30.0,30.0,0.0,0.0,4.5
1323245,2025-03-22T17:00:00+00:00,1742662800,A. Nobre,Niksic,Montenegro,1109,Gibraltar,1093,3,1,32,2024,3.0,2.0,1.2,1.2,7.0,5.0,20.0,12.0,1,1409.735525678147,1403.8648501502344,30.0,30.0,0.0,0.0,4.7
1357846,2025-03-22T17:30:00+00:00,1742664600,K. Sağlam,Sumqayit,Azerbaijan,1096,Haiti,2386,0,3,10,2025,3.0,0.0,1.2103368363624258,0.5477992268090868,0.0,0.0,0.0,0.0,0,1418.111394493184,1400.0,30.0,30.0,0.0,0.0,4.5
1323248,2025-03-22T19:45:00+00:00,1742672700,R. Obrenovic,Hradec Kralove,Czechia,770,Faroe Islands,1098,2,1,32,2024,1.0,3.0,1.2,1.2,6.0,3.0,12.0,9.0,1,1442.385861717444,1396.628489844472,30.0,30.0,0.0,0.0,3.9166666666666665
1323247,2025-03-22T19:45:00+00:00,1742672700,D. Rumsas,Cardiff,Wales,767,Kazakhstan,1095,3,1,32,2024,0.0,2.0,1.2,1.2,4.0,4.0,5.0,7.0,1,1761.1461841453308,1379.9888054131343,30.0,3.1354166666666665,0.0,0.0,3.642857142857143
1323246,2025-03-22T19:45:00+00:00,1742672700,N. Dabanovic,Debrecen,Israel,1116,Estonia,1101,2,1,32,2024,1.0,4.0,1.2,1.2,14.0,1.0,5.0,16.0,1,1407.5448511537886,1394.101521992669,30.0,30.0,0.0,0.0,4.583333333333333
1323249,2025-03-24T17:00:00+00:00,1742835600,E. Lambrechts,Kaunas,Lithuania,1097,Finland,1099,2,2,32,2024,3.0,2.0,1.2,1.2,2.0,5.0,17.0,15.0,1,1393.6831480912283,1415.2763533430127,2.8854166666666665,2.8854166666666665,0.0,0.0,4.416666666666667
1323252,2025-03-24T19:45:00+00:00,1742845500,D. Sylwestrzak,Serravalle,San Marino,1115,Romania,774,1,5,32,2024,3.0,1.0,1.2,1.2,2.0,10.0,11.0,13.0,1,1349.5347457810162,1612.7371625903324,3.1145833333333335,3.0,0.0,0.0,3.75
1323251,2025-03-24T19:45:00+00:00,1742845500,R. Saggi,Zenica,Bosnia & Herzegovina,1113,Cyprus,1106,2,1,32,2024,2.0,3.0,1.2,1.2,7.0,7.0,14.0,16.0,1,1414.640938891377,1415.9944360495404,3.0,3.1145833333333335,0.0,0.0,4.3
1323253,2025-03-24T19:45:00+00:00,1742845500,S. Gishamer,Tirana,Albania,778,Andorra,1110,3,0,32,2024,0.0,2.0,1.2,1.2,2.0,0.0,2.0,21.0,1,1436.3101516736024,1371.4008412277758,3.0,3.0,0.0,0.0,3.9
1323254,2025-03-24T19:45:00+00:00,1742845500,O. Grinfeld,London,England,10,Latvia,1092,3,0,32,2024,1.0,2.0,1.2,1.2,10.0,2.0,11.0,13.0,1,2004.9299639660087,1398.8826223874212,3.0,3.0,0.0,0.0,3.7
1323250,2025-03-24T19:45:00+00:00,1742845500,M. Krogh,Warsaw,Poland,24,Malta,1112,2,0,32,2024,2.0,3.0,1.2,1.2,5.0,3.0,12.0,16.0,1,1825.4639795750527,1404.1604642843233,3.0,3.0,0.0,0.0,4.1
1354388,2025-03-25T12:00:00+00:00,1742904000,C. Leow,Phnom Penh,Cambodia,1543,Aruba,8167,1,2,10,2025,1.0,3.0,1.5880830044993357,2.029811588992876,0.0,0.0,0.0,0.0,0,1358.924318101864,1389.9353732182499,5.979166666666667,30.0,0.0,0.0,4.5
1323256,2025-03-25T17:00:00+00:00,1742922000,L. Visser,Chisinau,Moldova,1114,Estonia,1101,2,3,32,2024,3.0,5.0,1.2,1.2,5.0,3.0,14.0,15.0,1,1429.1911863617654,1384.4882591274545,3.0,2.8854166666666665,0.0,0.0,5.5
1360316,2025-03-25T17:00:00+00:00,1742922000,Adel Al Naqbi,Moscow,Russia,4,Zambia,1507,5,0,10,2025,0.0,2.0,1.918828937019749,0.9671956620659952,0.0,0.0,0.0,0.0,0,1499.7275530644497,1413.0895013815953,6.0,30.0,0.0,0.0,4.5
1334978,2025-03-25T17:45:00+00:00,1742924700,A. Aptsiauri,Masazir,Azerbaijan,1096,Belarus,1100,0,2,10,2025,1.0,0.0,1.682752181135072,1.6045470554856665,0.0,0.0,0.0,0.0,0,1407.5905783276103,1384.837349717063,3.0104166666666665,5.28125,0.0,0.0,4.5
1335518,2025-03-25T18:00:00+00:00,1742925600,M. McDermid,Solna,Sweden,5,Northern Ireland,771,5,1,10,2025,4.0,2.0,1.0654166073027955,0.9338793411918982,0.0,0.0,0.0,0.0,0,1787.229520000604,1439.8074491617708,3.0416666666666665,3.9270833333333335,0.0,0.0,4.5
1338605,2025-03-25T19:45:00+00:00,1742931900,E. Jorgji,St. Gallen,Switzerland,15,Luxembourg,1102,3,1,10,2025,6.0,1.0,0.9925420814164368,0.8744515045243393,0.0,0.0,0.0,0.0,0,1911.506143797961,1417.9180288682078,4.0,3.1145833333333335,0.0,0.0,4.375
1323259,2025-03-25T19:45:00+00:00,1742931900,H. Fesnic,Faro,Gibraltar,1093,Czechia,770,0,4,32,2024,3.0,1.0,1.2,1.2,0.0,12.0,10.0,10.0,1,1394.033805695265,1451.0764206863619,3.1145833333333335,3.0,0.0,0.0,4.25
1323257,2025-03-25T19:45:00+00:00,1742931900,J. Beaton,Vaduz,Liechtenstein,1107,Kazakhstan,1095,0,2,32,2024,1.0,1.0,1.2,1.2,1.0,6.0,6.0,10.0,1,1376.6057462858987,1377.983207064891,3.2395833333333335,3.0,0.0,0.0,3.5
1323260,2025-03-25T19:45:00+00:00,1742931900,A. Lindhout,Niksic,Montenegro,1109,Faroe Islands,1098,1,0,32,2024,1.0,1.0,1.2,1.2,7.0,3.0,9.0,10.0,1,1419.5665701331163,1387.937930875554,3.1145833333333335,3.0,0.0,0.0,4.75
1323255,2025-03-25T19:45:00+00:00,1742931900,C. Kavanagh,Debrecen,Israel,1116,Norway,1090,2,4,32,2024,1.0,2.0,1.2,1.2,2.0,7.0,7.0,9.0,1,1417.158114019003,1707.2033387335289,3.0,3.1145833333333335,0.0,0.0,4.083333333333333
1323258,2025-03-25T19:45:00+00:00,1742931900,J. Brisard,Skopje,FYR Macedonia,1105,Wales,767,1,1,32,2024,2.0,2.0,1.2,1.2,5.0,5.0,10.0,16.0,1,1409.2533425812983,1763.151782493574,3.2395833333333335,3.0,0.0,0.0,4.375
1100298,2025-03-25T20:00:00+00:00,1742932800,A. Aragon,El Alto,Bolivia,2381,Uruguay,7,0,0,34,2026,2.0,2.0,1.2,1.2,4.5,4.0,12.0,12.0,0,1456.190206792659,1934.5276758543025,4.770833333333333,3.8541666666666665,0.0,0.0,4.5
1100302,2025-03-26T00:00:00+00:00,1742947200,G. Tejera,Santiago de Chile,Chile,2383,Ecuador,2382,0,0,34,2026,2.0,2.0,1.2,1.2,4.5,4.0,12.0,12.0,0,1721.4688590186747,1821.8514142673837,5.041666666666667,4.125,0.0,0.0,4.125
1347477,2025-03-26T00:00:00+00:00,1742947200,J. Zapata,Santiago,Dominican Republic,5532,Puerto Rico,5539,2,0,10,2025,2.0,2.0,0.9763887056433678,0.6173354647592348,0.0,0.0,0.0,0.0,0,1404.810864246928,1390.4244290763922,4.0,4.0,0.0,0.0,4.5
1100300,2025-03-26T00:00:00+00:00,1742947200,F. Tello,Barranquilla,Colombia,8,Paraguay,2380,2,2,34,2026,2.0,2.0,1.2,1.2,4.5,4.0,12.0,12.0,0,1974.6597741715775,1685.1418708462659,4.96875,5.041666666666667,0.0,0.0,4.5
1100299,2025-03-26T00:00:00+00:00,1742947200,C. Garay,Maturín,Venezuela,2379,Peru,30,1,0,34,2026,2.0,2.0,1.2,1.2,4.5,4.0,12.0,12.0,0,1740.0387308030809,1730.581747739488,4.125,4.9375,0.0,0.0,4.375
1100301,2025-03-26T00:00:00+00:00,1742947200,A. Rojas,Buenos Aires,Argentina,26,Brazil,6,4,1,34,2026,2.0,2.0,1.2,1.2,4.5,4.0,12.0,12.0,0,2121.3748995767223,1994.8631013635368,4.020833333333333,4.96875,0.0,0.0,4.5
1355645,2025-04-01T19:10:00+00:00,1743534600,J. Brisard,Villeneuve d'Ascq,Dunkerque,1304,Paris Saint Germain,85,2,4,66,2024,3.0,4.0,2.153434649378833,2.266731254950378,0.0,0.0,0.0,0.0,0,1448.9840964497712,1485.9088426725887,30.0,30.0,0.0,0.0,4.375
1355646,2025-04-02T19:00:00+00:00,1743620400,E. Wattellier,Cannes,Cannes,9932,Reims,93,1,2,66,2024,3.0,1.0,2.395524830093548,0.6041283969802556,0.0,0.0,0.0,0.0,0,1467.3487564085576,1420.8379417153649,30.0,30.0,0.0,0.0,4.5
1371811,2025-04-17T23:00:00+00:00,1744930800,,The Valley,Anguilla,8150,British Virgin Islands,8168,0,0,10,2025,1.0,1.0,1.056415352901506,2.079993489984842,0.0,0.0,0.0,0.0,0,1400.0,1400.0,7.0,7.0,0.0,0.0,4.5
1371812,2025-04-20T20:00:00+00:00,1745179200,,The Valley,Anguilla,8150,British Virgin Islands,8168,1,0,10,2025,4.0,3.0,2.245777619245758,1.44527863689535,0.0,0.0,0.0,0.0,0,1400.0,1400.0,2.875,2.875,0.0,0.0,4.5
1374741,2025-05-08T23:00:00+00:00,1746745200,S. Wilkinson,Roseau,Dominica,5531,Barbados,5527,0,0,10,2025,1.0,0.0,0.7344898633652337,0.5737628600277118,0.0,0.0,0.0,0.0,0,1399.4249887221547,1400.0,30.0,30.0,0.0,0.0,4.5
1374742,2025-05-11T20:00:00+00:00,1746993600,K. Ward,Roseau,Dominica,5531,Barbados,5527,0,0,10,2025,2.0,3.0,0.8598382572611625,1.965094886728072,0.0,0.0,0.0,0.0,0,1399.4415388620023,1399.9834498601524,2.875,2.875,0.0,0.0,4.5
1375051,2025-05-20T23:00:00+00:00,1747782000,,Old Road Town,St. Kitts and Nevis,5536,St. Vincent / Grenadines,5541,1,3,10,2025,0.0,3.0,1.692483313538048,1.432125726434965,0.0,0.0,0.0,0.0,0,1409.4249887221547,1409.4112328669582,30.0,30.0,0.0,0.0,4.5
1376413,2025-05-24T00:00:00+00:00,1748044800,,"Quartier d'Orléans, Saint-Martin",Saint Martin,10984,Anguilla,8150,2,1,10,2025,1.0,2.0,1.8497088037437155,1.4844404534356606,0.0,0.0,0.0,0.0,0,1390.0,1410.0,30.0,30.0,0.0,0.0,4.5
1367764,2025-05-24T19:00:00+00:00,1748113200,B. Bastien,Saint-Denis,Paris Saint Germain,85,Reims,93,3,0,66,2024,1.0,5.0,1.4128756405926743,2.214508851762161,0.0,0.0,0.0,0.0,0,1494.8500464161862,1432.1686906569962,30.0,30.0,0.0,0.0,3.7
1376414,2025-05-24T23:00:00+00:00,1748127600,,"Quartier d'Orléans, Saint-Martin",Anguilla,8150,St. Kitts and Nevis,5536,2,4,10,2025,0.0,3.0,0.5147402217766301,1.8331761046030937,0.0,0.0,0.0,0.0,0,1399.4249887221547,1399.424592796816,0.9583333333333334,4.0,0.0,0.0,4.5
1373972,2025-05-25T19:00:00+00:00,1748199600,,Georgetown,St. Vincent / Grenadines,5541,St. Kitts and Nevis,5536,3,0,10,2025,2.0,2.0,2.190096274126298,2.488853740798829,0.0,0.0,0.0,0.0,0,1419.411628792297,1409.4246041924632,4.833333333333333,0.8333333333333334,0.0,0.0,4.5
1376415,2025-05-25T20:00:00+00:00,1748203200,,"Quartier d'Orléans, Saint-Martin",Saint Martin,10984,St. Kitts and Nevis,5536,4,1,10,2025,2.0,2.0,1.7221195975489436,1.8081156760178525,0.0,0.0,0.0,0.0,0,1400.5750112778453,1399.7119747225581,1.8333333333333333,0.041666666666666664,0.0,0.0,4.5
1371810,2025-05-27T18:45:00+00:00,1748371500,S. Barrott,London,Jamaica,2385,Trinidad and Tobago,5168,3,2,10,2025,3.0,3.0,1.1743472384040348,1.3330445958017758,0.0,0.0,0.0,0.0,0,1510.2960196994234,1438.7717981057565,30.0,30.0,0.0,0.0,4.5
1376810,2025-05-28T13:20:00+00:00,1748438400,,Asmara,Eritrea,1498,Niger,1505,0,1,10,2025,1.0,2.0,1.4769140725703989,1.3378922588267397,0.0,0.0,0.0,0.0,0,1400.0,1399.1273394089187,7.0,30.0,0.0,0.0,4.5
1373973,2025-05-28T16:00:00+00:00,1748448000,,Muscat,Oman,1552,Lebanon,1551,1,0,10,2025,3.0,2.0,0.6383000027078851,2.376376757222713,0.0,0.0,0.0,0.0,0,1446.3943150079915,1419.0581613321633,30.0,30.0,0.0,0.0,4.5
1371809,2025-05-28T18:45:00+00:00,1748457900,S. Attwell,"Brentford, Middlesex",Ghana,1504,Nigeria,19,1,2,10,2025,1.0,3.0,1.1161096343777868,1.801971208581165,0.0,0.0,0.0,0.0,0,1403.3902639126607,1662.907353686256,30.0,30.0,0.0,0.0,4.5
1375272,2025-05-29T13:00:00+00:00,1748523600,,Kuala Lumpur,Malaysia,1538,Cape Verde Islands,1533,1,1,10,2025,2.0,0.0,0.9525835435784696,1.2899585333522718,0.0,0.0,0.0,0.0,0,1455.9561667824014,1405.6724752247558,30.0,30.0,0.0,0.0,4.5
1373974,2025-05-30T00:00:00+00:00,1748563200,,Kingstown,St. Vincent / Grenadines,5541,British Virgin Islands,8168,1,1,10,2025,1.0,2.0,1.9357517906227213,2.4088773534703414,0.0,0.0,0.0,0.0,0,1429.1242582622021,1390.0,4.208333333333333,30.0,0.0,0.0,4.5
1375497,2025-05-30T15:40:00+00:00,1748619600,,Dammam,Saudi Arabia,23,Jordan,1548,2,0,10,2025,0.0,2.0,2.2245274512589472,1.6926762318617512,0.0,0.0,0.0,0.0,0,1414.2524037720132,1415.4476349537479,30.0,30.0,0.0,0.0,4.5
1376807,2025-05-31T11:30:00+00:00,1748691000,S. Barrott,"Brentford, Middlesex",Trinidad and Tobago,5168,Ghana,1504,0,4,10,2025,1.0,3.0,1.1955982471800233,1.6957861132833911,0.0,0.0,0.0,0.0,0,1430.801833959189,1399.7235236731567,3.6979166666666665,2.6979166666666665,0.0,0.0,4.5
1373975,2025-05-31T23:00:00+00:00,1748732400,,St. George's,Grenada,5533,Anguilla,8150,2,0,10,2025,3.0,2.0,0.5228953608516891,2.1192302643263057,0.0,0.0,0.0,0.0,0,1384.0022283671422,1389.4249773265074,30.0,7.0,0.0,0.0,4.5
1373372,2025-06-01T00:00:00+00:00,1748736000,,"Chattanooga, Tennessee",El Salvador,5159,Guatemala,5161,1,1,10,2025,1.0,2.0,1.353393743234511,0.6106244060086916,0.0,0.0,0.0,0.0,0,1399.7627246895306,1405.9758732403045,30.0,30.0,0.0,0.0,4.5
1374570,2025-06-01T20:30:00+00:00,1748809800,,"Pawtucket, Rhode Island",Puerto Rico,5539,Nicaragua,5164,1,1,10,2025,1.0,1.0,2.0166909722003297,0.7713014332039243,0.0,0.0,0.0,0.0,0,1380.8382674732868,1378.3417333302684,30.0,30.0,0.0,0.0,4.5
1376107,2025-06-02T17:30:00+00:00,1748885400,L. Benbraham,Rades,Tunisia,28,Burkina Faso,1502,2,0,10,2025,2.0,3.0,1.613935402274609,1.2297520987519008,0.0,0.0,0.0,0.0,0,1427.8326853979195,1418.2124107804768,30.0,30.0,0.0,0.0,4.5
1375273,2025-06-03T12:00:00+00:00,1748952000,,Kuala Lumpur,Malaysia,1538,Cape Verde Islands,1533,0,3,10,2025,1.0,3.0,1.4022226411587704,0.5474500951199408,0.0,0.0,0.0,0.0,0,1454.5189068699494,1407.1097351372077,4.958333333333333,4.958333333333333,0.0,0.0,4.5
1373713,2025-06-04T12:30:00+00:00,1749040200,Ping Wun Tam,Pathum Thani,Thailand,1564,India,1537,2,0,10,2025,3.0,2.0,2.0203060763265137,2.3363593270983087,0.0,0.0,0.0,0.0,0,1399.7235403062944,1433.8383439183233,30.0,30.0,0.0,0.0,4.5
1377478,2025-06-04T13:00:00+00:00,1749042000,,Dhaka,Bangladesh,1560,Bhutan,1540,2,0,10,2025,1.0,2.0,2.055392628312142,1.891250633443192,0.0,0.0,0.0,0.0,0,1408.4474824626768,1399.462210932636,30.0,30.0,0.0,0.0,4.5
1376555,2025-06-05T09:00:00+00:00,1749114000,,TBC,Sri Lanka,5166,Brunei,5538,1,0,10,2025,2.0,1.0,1.811357246085634,1.396682725970423,0.0,0.0,0.0,0.0,0,1380.3484216061584,1401.7260562106987,30.0,30.0,0.0,0.0,4.5
1375896,2025-06-05T11:30:00+00:00,1749123000,,Singapore,Singapore,1546,Maldives,1549,3,1,10,2025,3.0,0.0,2.0989981910062907,0.633548903884771,0.0,0.0,0.0,0.0,0,1397.9550047571022,1399.7298342023932,30.0,30.0,0.0,0.0,4.5
1373034,2025-06-05T12:00:00+00:00,1749124800,,Phnom Penh,Cambodia,1543,Tajikistan,1536,1,2,10,2025,1.0,2.0,1.4841359901482043,1.928531210277588,0.0,0.0,0.0,0.0,0,1349.8145252346749,1416.8830624039724,30.0,30.0,0.0,0.0,4.5
1373071,2025-06-05T12:00:00+00:00,1749124800,,Hongkong,Hong Kong,4460,Nepal,1545,0,0,10,2025,1.0,3.0,2.1693888457226,0.8384582263630587,0.0,0.0,0.0,0.0,0,1413.8762059523906,1399.4359308802227,30.0,30.0,0.0,0.0,4.5
1372959,2025-06-05T16:00:00+00:00,1749139200,Mahmood Ali Mahmood Ismail,Blida,Algeria,1532,Rwanda,1514,2,0,10,2025,1.0,4.0,1.882065612120893,0.5264726155270594,0.0,0.0,0.0,0.0,0,1621.5630685109165,1401.1276734562807,30.0,30.0,0.0,0.0,4.5
1366908,2025-06-05T16:00:00+00:00,1749139200,"Jasper Vergoote, Belgium",Tbilisi,Georgia,1104,Faroe Islands,1098,1,0,10,2025,1.0,2.0,0.5398131939379043,1.9946877868944184,0.0,0.0,0.0,0.0,0,1444.0570177611871,1378.8457698349357,30.0,30.0,0.0,0.0,4.5
1373373,2025-06-05T17:00:00+00:00,1749142800,"Sergey Karasev, Russia",Borisov,Belarus,1100,Kazakhstan,1095,4,1,10,2025,2.0,0.0,1.2151591613147872,0.8246482158717099,0.0,0.0,0.0,0.0,0,1395.4913056479693,1387.9435607644184,30.0,30.0,0.0,0.0,4.5
1373976,2025-06-05T18:00:00+00:00,1749146400,,Orléans,Congo DR,1508,Mali,1500,1,0,10,2025,4.0,0.0,1.010950617330019,2.297523405264718,0.0,0.0,0.0,0.0,0,1390.1311788028904,1674.6574329653442,30.0,30.0,0.0,0.0,4.5
1100303,2025-06-05T23:00:00+00:00,1749164400,P. Maza,Guayaquil,Ecuador,2382,Brazil,6,0,0,34,2026,2.0,2.0,1.2,1.2,4.5,4.0,12.0,12.0,0,1819.0399706294963,1988.351569856544,30.0,30.0,0.0,0.0,3.9166666666666665
1100304,2025-06-05T23:00:00+00:00,1749164400,D. Herrera,Asunción,Paraguay,2380,Uruguay,7,2,0,34,2026,2.0,2.0,1.2,1.2,4.5,4.0,12.0,12.0,0,1691.9643079547336,1925.7254257783413,30.0,30.0,0.0,0.0,4.125
1100305,2025-06-06T01:00:00+00:00,1749171600,J. Valenzuela,Santiago de Chile,Chile,2383,Argentina,26,0,1,34,2026,2.0,2.0,1.2,1.2,4.5,4.0,12.0,12.0,0,1724.280302656562,2127.8864310837153,30.0,30.0,0.0,0.0,4.5
1375052,2025-06-06T15:00:00+00:00,1749222000,,Marrakech,Equatorial Guinea,1521,Gambia,1492,1,2,10,2025,1.0,3.0,0.6738377773008306,2.1547747728020736,0.0,0.0,0.0,0.0,0,1400.226274131467,1400.0,30.0,7.0,0.0,0.0,4.5
1375813,2025-06-06T16:00:00+00:00,1749225600,,Mohammédia,Burkina Faso,1502,Zimbabwe,1522,2,0,10,2025,2.0,1.0,0.5856953143357055,0.8013503847076251,0.0,0.0,0.0,0.0,0,1408.4892337987712,1390.476591704347,3.9375,30.0,0.0,0.0,4.5
1375502,2025-06-06T16:00:00+00:00,1749225600,,Casablanca,Mauritania,1491,Central African Republic,1527,2,1,10,2025,1.0,0.0,2.29055211443324,2.03504672769393,0.0,0.0,0.0,0.0,0,1405.8188427006935,1419.2043788044405,30.0,30.0,0.0,0.0,4.5
1340027,2025-06-06T16:00:00+00:00,1749225600,"Igor Stojcevski, North Macedonia",Plovdiv,Bulgaria,1103,Cyprus,1106,2,2,10,2025,2.0,4.0,1.1996169730444717,2.315043510904921,0.0,0.0,0.0,0.0,0,1406.3753653338538,1405.955479466865,30.0,30.0,0.0,0.0,4.5
1345280,2025-06-06T17:00:00+00:00,1749229200,"Matthew Degabriele, Malta",Luxembourg,Luxembourg,1102,Slovenia,1091,0,1,10,2025,3.0,2.0,0.788767450607802,2.317868305488357,0.0,0.0,0.0,0.0,0,1416.815395810472,1483.0940005022953,30.0,30.0,0.0,0.0,4.5
1357847,2025-06-06T17:00:00+00:00,1749229200,"Juxhin Xhaja, Albania",Pristina,Kosovo,1111,Armenia,1094,5,2,10,2025,3.0,3.0,2.2763161403408088,1.3850125206059196,0.0,0.0,0.0,0.0,0,1404.7189390399083,1375.0148102578648,30.0,30.0,0.0,0.0,4.5
1351041,2025-06-06T17:00:00+00:00,1749229200,"Aliyar Aghayev, Azerbaijan",Moscow,Russia,4,Nigeria,19,1,1,10,2025,1.0,0.0,1.2758256752288948,1.1651167727945015,0.0,0.0,0.0,0.0,0,1507.2843425004307,1666.57409392576,30.0,8.927083333333334,0.0,0.0,4.5
1339898,2025-06-06T17:30:00+00:00,1749231000,"Atilla Karaoglan, Türkiye",Budapest,Hungary,769,Sweden,5,0,2,10,2025,3.0,6.0,2.31996257996516,1.2363531743394718,0.0,0.0,0.0,0.0,0,1774.0449007035675,1789.6137418091296,30.0,30.0,0.0,0.0,4.5
1376412,2025-06-06T17:30:00+00:00,1749231000,Thulani Sibandze,Polokwane,South Africa,1531,Tanzania,1489,0,0,10,2025,0.0,2.0,1.382906627403579,0.5468961792463232,0.0,0.0,0.0,0.0,0,1420.2540085568342,1377.668888125938,30.0,30.0,0.0,0.0,4.5
1362704,2025-06-06T18:45:00+00:00,1749235500,"David Dickinson, Scotland",Chorzów,Poland,24,Moldova,1114,2,0,10,2025,3.0,2.0,2.4165407727972585,0.6309658900327386,0.0,0.0,0.0,0.0,0,1827.089375620761,1417.9115860733784,30.0,30.0,0.0,0.0,4.5
1366274,2025-06-06T18:45:00+00:00,1749235500,G. Kabakov,Faro,Gibraltar,1093,Croatia,3,0,7,32,2024,0.0,1.0,1.2,1.2,1.0,12.0,9.0,10.0,1,1385.6610293670094,1965.861317164276,30.0,30.0,0.0,0.0,3.7
1339002,2025-06-06T18:45:00+00:00,1749235500,"Granit Maqedonci, Sweden",Glasgow,Scotland,1108,Iceland,18,1,3,10,2025,3.0,3.0,0.7274952782250748,1.2995662876512954,0.0,0.0,0.0,0.0,0,1664.376165000792,1437.1259117363159,30.0,30.0,0.0,0.0,4.5
1366273,2025-06-06T18:45:00+00:00,1749235500,J. Sanchez,Oslo,Norway,1090,Italy,768,3,0,32,2024,2.0,0.0,1.2,1.2,6.0,2.0,11.0,10.0,1,1710.3727969733723,1958.4318905454925,30.0,30.0,0.0,0.0,3.5833333333333335
1323262,2025-06-06T18:45:00+00:00,1749235500,C. Kavanagh,Skopje,FYR Macedonia,1105,Belgium,1,1,1,32,2024,6.0,1.0,1.2,1.2,1.0,10.0,13.0,11.0,1,1416.9463060052808,1989.71565727722,30.0,30.0,0.0,0.0,4.083333333333333
1323263,2025-06-06T18:45:00+00:00,1749235500,A. Papapetrou,Cardiff,Wales,767,Liechtenstein,1107,3,0,32,2024,1.0,2.0,1.2,1.2,12.0,0.0,9.0,8.0,1,1755.4588190695915,1366.6453925863714,30.0,30.0,0.0,0.0,4.083333333333333
1323261,2025-06-06T18:45:00+00:00,1749235500,W. Delajod,Tallinn,Estonia,1101,Israel,1116,1,3,32,2024,1.0,0.0,1.2,1.2,5.0,5.0,13.0,7.0,1,1395.7678594158415,1413.9886557791597,30.0,30.0,0.0,0.0,3.7
1364751,2025-06-06T18:45:00+00:00,1749235500,"Adam Ladeback, Sweden",Dublin,Rep. Of Ireland,776,Senegal,13,1,1,10,2025,3.0,0.0,1.6367051464929996,1.7636992100650073,0.0,0.0,0.0,0.0,0,1435.2723423647592,1894.5392843378434,30.0,30.0,0.0,0.0,4.5
1323264,2025-06-06T18:45:00+00:00,1749235500,S. Gozubuyuk,Plzen,Czechia,770,Montenegro,1109,2,0,32,2024,1.0,4.0,1.2,1.2,8.0,4.0,23.0,10.0,1,1459.4491970146175,1428.6587311737346,30.0,30.0,0.0,0.0,4.75
1376418,2025-06-06T19:00:00+00:00,1749236400,,Berrechid,Burundi,1528,Guinea-Bissau,1513,1,0,10,2025,2.0,5.0,1.6067425452593362,2.360243046280363,0.0,0.0,0.0,0.0,0,1377.6635936219818,1388.3770808265497,30.0,30.0,0.0,0.0,4.5
1376907,2025-06-06T19:00:00+00:00,1749236400,,Casablanca,Gabon,1503,Niger,1505,3,4,10,2025,1.0,0.0,1.3961014366122926,1.2702028246063175,0.0,0.0,0.0,0.0,0,1398.9218554758302,1409.1524565469529,30.0,9.23611111111111,0.0,0.0,4.5
1352901,2025-06-06T20:00:00+00:00,1749240000,"Boubou Traore, Mali",Fès,Morocco,31,Tunisia,28,2,0,10,2025,0.0,4.0,1.073102408918199,2.1490445100279665,0.0,0.0,0.0,0.0,0,1944.1138287262684,1437.555862379625,30.0,4.104166666666667,0.0,0.0,4.5
1377194,2025-06-06T20:00:00+00:00,1749240000,Mohamed El Baroudi,Marrakech,Cameroon,1530,Uganda,1519,3,0,10,2025,2.0,1.0,1.000381994004908,2.17083763088518,0.0,0.0,0.0,0.0,0,1649.4668269876638,1379.1308472180142,30.0,30.0,0.0,0.0,4.5
1100306,2025-06-06T20:30:00+00:00,1749241800,W. Sampaio,Barranquilla,Colombia,8,Peru,30,0,0,34,2026,2.0,2.0,1.2,1.2,4.5,4.0,12.0,12.0,0,1967.8373370631098,1720.8538743898916,30.0,30.0,0.0,0.0,3.625
1100307,2025-06-06T22:00:00+00:00,1749247200,"Yael Falcon Perez, Argentina",Maturín,Venezuela,2379,Bolivia,2381,2,0,34,2026,2.0,2.0,1.2,1.2,4.5,4.0,12.0,12.0,0,1749.7666041526772,1464.9924568686201,30.0,30.0,0.0,0.0,3.1
1323265,2025-06-07T13:00:00+00:00,1749301200,L. M. Branco Godinho,Zenica,Bosnia & Herzegovina,1113,San Marino,1115,1,0,32,2024,1.0,2.0,1.2,1.2,5.0,2.0,21.0,12.0,1,1424.6798954740523,1345.9311057521572,30.0,30.0,0.0,0.0,3.5833333333333335
1354389,2025-06-07T13:00:00+00:00,1749301200,"Trustin Farrugia Cann, Malta",Riga,Latvia,1092,Azerbaijan,1096,0,0,10,2025,1.0,4.0,1.5049381679334894,1.49857419082217,0.0,0.0,0.0,0.0,0,1398.2899067100548,1396.936622396704,30.0,30.0,0.0,0.0,4.5
1377020,2025-06-07T15:00:00+00:00,1749308400,Bouchra Karboubi,Marrakech,Chad,1523,Kenya,1511,0,0,10,2025,1.0,2.0,0.6568829262450058,2.443984243607403,0.0,0.0,0.0,0.0,0,1389.7439102916999,1434.7397849235754,30.0,30.0,0.0,0.0,4.5
1323266,2025-06-07T16:00:00+00:00,1749312000,M. Barbu,Ta'Qali,Malta,1112,Lithuania,1097,0,0,32,2024,3.0,2.0,1.2,1.2,2.0,2.0,23.0,19.0,1,1402.535068238615,1394.3038515162912,30.0,30.0,0.0,0.0,4.1
1323267,2025-06-07T16:00:00+00:00,1749312000,I. Pajac,Cornella de Llobregat,Andorra,1110,England,10,0,1,32,2024,2.0,2.0,1.2,1.2,0.0,12.0,13.0,8.0,1,1363.2476447333938,2005.522679643375,30.0,30.0,0.0,0.0,4.416666666666667
1366906,2025-06-07T17:00:00+00:00,1749315600,"Menelaos Antoniou, Cyprus",Copenhagen,Denmark,21,Northern Ireland,771,2,1,10,2025,0.0,3.0,0.5981676394683686,1.2150164988416057,0.0,0.0,0.0,0.0,0,1870.1400014444982,1437.4232273532452,30.0,30.0,0.0,0.0,4.5
1348099,2025-06-07T18:45:00+00:00,1749321900,"Harm Osmers, Germany",Heraklion,Greece,1117,Slovakia,773,4,1,10,2025,0.0,3.0,2.2711562886072167,1.787734722253086,0.0,0.0,0.0,0.0,0,1611.2778062067803,1653.7049294916771,30.0,30.0,0.0,0.0,4.5
1323268,2025-06-07T18:45:00+00:00,1749321900,M. Mariani,Vienna,Austria,775,Romania,774,2,1,32,2024,1.0,1.0,1.2,1.2,5.0,4.0,11.0,10.0,1,1851.5650748127098,1616.3408026191914,30.0,30.0,0.0,0.0,3.5
1366275,2025-06-07T18:45:00+00:00,1749321900,D. Siebert,Helsinki,Finland,1099,Netherlands,1118,0,2,32,2024,1.0,2.0,1.2,1.2,1.0,6.0,9.0,9.0,1,1414.6556499179499,1982.4165842799441,30.0,30.0,0.0,0.0,5.0625
1323269,2025-06-07T18:45:00+00:00,1749321900,D. Massa,Tirana,Albania,778,Serbia,14,0,0,32,2024,1.0,2.0,1.2,1.2,4.0,4.0,9.0,13.0,1,1444.4633481679843,1776.4437843806138,30.0,30.0,0.0,0.0,4.5
1364922,2025-06-07T19:30:00+00:00,1749324600,Josué Ugalde,"Toronto, Ontario",Canada,5529,Ukraine,772,4,2,10,2025,0.0,3.0,2.2837251863400856,1.6882799735602052,0.0,0.0,0.0,0.0,0,1633.0640240007642,1828.1822786253147,30.0,30.0,0.0,0.0,4.5
1360317,2025-06-07T19:30:00+00:00,1749324600,Fernando Morón,East Hartford,USA,2384,Türkiye,777,1,2,10,2025,4.0,2.0,1.7213863579162276,0.7441330420235612,0.0,0.0,0.0,0.0,0,1849.3477427445202,1478.2946064475987,30.0,30.0,0.0,0.0,4.5
1358791,2025-06-07T20:00:00+00:00,1749326400,"Victor Rivas, USA",Salt Lake City,Mexico,16,Switzerland,15,2,4,10,2025,5.0,1.0,1.2548899273107958,0.7308033381565031,0.0,0.0,0.0,0.0,0,1874.7431900216873,1912.6087768556968,30.0,30.0,0.0,0.0,4.5
1364923,2025-06-07T23:15:00+00:00,1749338100,Pierre Luc Lauziere,"Toronto, Ontario",Ivory Coast,1501,New Zealand,4673,0,1,10,2025,4.0,1.0,2.120635744348596,1.5019589610744783,0.0,0.0,0.0,0.0,0,1675.2308405303652,1417.3851320643669,30.0,30.0,0.0,0.0,4.5
1377718,2025-06-08T09:30:00+00:00,1749375000,,Tartu,Lithuania U19,10370,Latvia U19,10339,2,1,10,2025,3.0,2.0,0.9466467166348628,1.7426894211187844,0.0,0.0,0.0,0.0,0,1380.5750112778453,1399.4249887221547,30.0,30.0,0.0,0.0,4.5
1374571,2025-06-08T14:00:00+00:00,1749391200,,Orléans,Congo DR,1508,Madagascar,1490,3,1,10,2025,1.0,0.0,0.9495592726746112,2.396464372930499,0.0,0.0,0.0,0.0,0,1406.8760625636746,1399.3307914977922,2.8333333333333335,30.0,0.0,0.0,4.5
1373374,2025-06-08T16:00:00+00:00,1749398400,"Henrik Nalbandian, Armenia",Kutaisi,Georgia,1104,Cape Verde Islands,1533,1,1,10,2025,0.0,0.0,1.9452573678602183,0.5438495787250275,0.0,0.0,0.0,0.0,0,1452.2018215494404,1418.4658741838014,3.0,5.166666666666667,0.0,0.0,4.5
1377719,2025-06-08T17:00:00+00:00,1749402000,,Istanbul,Turkey U21,8227,Albania U21,8177,1,0,10,2025,6.0,1.0,2.23297567462729,2.393887056724316,0.0,0.0,0.0,0.0,0,1429.43278790048,1410.28774368332,30.0,30.0,0.0,0.0,4.5
1323270,2025-06-09T14:00:00+00:00,1749477600,F. Glova,Astana,Kazakhstan,1095,FYR Macedonia,1105,0,1,32,2024,2.0,2.0,1.2,1.2,6.0,0.0,21.0,11.0,1,1378.1607681566325,1426.2329072880334,3.875,2.8020833333333335,0.0,0.0,4.1
1377195,2025-06-09T15:00:00+00:00,1749481200,,Marrakech,Uganda,1519,Gambia,1492,1,1,10,2025,4.0,1.0,0.7872513195432516,1.6281801351341103,0.0,0.0,0.0,0.0,0,1375.6469348064984,1410.0065126921047,2.7916666666666665,3.0,0.0,0.0,4.5
1339003,2025-06-09T16:00:00+00:00,1749484800,"Julian Weinberger, Austria",Vaduz,Liechtenstein,1107,Scotland,1108,0,4,10,2025,0.0,1.0,1.0430361385929907,1.1106441038536805,0.0,0.0,0.0,0.0,0,1364.7179315661037,1648.6320711067494,2.8854166666666665,2.8854166666666665,0.0,0.0,4.5
1377387,2025-06-09T17:00:00+00:00,1749488400,"Florjan Lata, Albania",Pristina,Kosovo,1111,Comoros,1524,4,2,10,2025,5.0,4.0,1.0511912016691012,2.064458551804041,0.0,0.0,0.0,0.0,0,1413.8660624974425,1418.8694762495143,3.0,30.0,0.0,0.0,4.5
1339004,2025-06-09T18:00:00+00:00,1749492000,"Jasmin Sabotic, Luxembourg",Nikšić,Montenegro,1109,Armenia,1094,2,2,10,2025,0.0,2.0,2.3173329969550105,0.8743445149091482,0.0,0.0,0.0,0.0,0,1419.5426391960416,1365.8676868003306,2.96875,3.0416666666666665,0.0,0.0,4.5
1323273,2025-06-09T18:45:00+00:00,1749494700,I. Frid,Torshavn,Faroe Islands,1098,Gibraltar,1093,2,1,32,2024,1.0,1.0,1.2,1.2,11.0,3.0,12.0,7.0,1,1370.7009660466824,1384.9764809863393,4.114583333333333,3.0,0.0,0.0,3.9
1323272,2025-06-09T18:45:00+00:00,1749494700,I. Peljto,Brussels,Belgium,1,Wales,767,4,3,32,2024,3.0,3.0,1.2,1.2,7.0,5.0,13.0,9.0,1,1980.4290559944675,1757.3862800898592,3.0,3.0,0.0,0.0,4.1
1323271,2025-06-09T18:45:00+00:00,1749494700,S. Jovanovic,Tallinn,Estonia,1101,Norway,1090,0,1,32,2024,1.0,1.0,1.2,1.2,2.0,2.0,7.0,9.0,1,1386.2918158275447,1726.5044089273583,3.0,3.0,0.0,0.0,3.4166666666666665
1366277,2025-06-09T18:45:00+00:00,1749494700,J. Manzano,Osijek,Croatia,3,Czechia,770,5,1,32,2024,0.0,2.0,1.2,1.2,0.0,6.0,3.0,11.0,1,1966.545865544946,1468.5652889923106,3.0,3.0,0.0,0.0,4.785714285714286
1366276,2025-06-09T18:45:00+00:00,1749494700,U. Schnyder,Reggio Emilia,Italy,768,Moldova,1114,2,0,32,2024,1.0,1.0,1.2,1.2,7.0,6.0,8.0,12.0,1,1942.3002785915064,1416.1788623436087,3.0,3.0,0.0,0.0,3.5
1376416,2025-06-09T19:00:00+00:00,1749495600,,Mohammédia,Gabon,1503,Guinea-Bissau,1513,2,0,10,2025,3.0,4.0,0.5961437793163165,0.9973990377230224,0.0,0.0,0.0,0.0,0,1389.216230768493,1378.0688195748685,3.0,3.0,0.0,0.0,4.5
1375050,2025-06-09T20:00:00+00:00,1749499200,Karim Sabry,Marrakech,Equatorial Guinea,1521,Cameroon,1530,1,1,10,2025,1.0,1.0,1.4114792527270117,2.433672409719436,0.0,0.0,0.0,0.0,0,1390.2197614393624,1652.9507393991796,3.2083333333333335,3.0,0.0,0.0,4.5
1352902,2025-06-09T20:00:00+00:00,1749499200,Mehrez Malki,Fès,Morocco,31,Benin,1516,1,0,10,2025,3.0,3.0,1.0615391334536408,2.210583456491353,0.0,0.0,0.0,0.0,0,1945.1412116109605,1395.2198392556397,3.0,30.0,0.0,0.0,4.5
1376419,2025-06-10T16:00:00+00:00,1749571200,,Casablanca,Burundi,1528,Mauritania,1491,0,0,10,2025,2.0,1.0,1.9948532905116856,0.9281421107399284,0.0,0.0,0.0,0.0,0,1387.971854873663,1416.2039188948058,3.875,4.0,0.0,0.0,4.5
1339899,2025-06-10T16:00:00+00:00,1749571200,"Viktor Shimusik, Belarus",Baku,Azerbaijan,1096,Hungary,769,1,2,10,2025,4.0,2.0,1.3744419396545815,1.7774912240924765,0.0,0.0,0.0,0.0,0,1396.9755728533062,1764.492708279023,3.125,3.9375,0.0,0.0,4.5
1375215,2025-06-10T16:00:00+00:00,1749571200,,Casablanca,Niger,1505,Zimbabwe,1522,1,1,10,2025,2.0,2.0,1.9015496918273844,0.9437232725383768,0.0,0.0,0.0,0.0,0,1418.85808125429,1380.9945732153037,3.875,4.0,0.0,0.0,4.5
1347475,2025-06-10T16:00:00+00:00,1749571200,"Nikola Dabanovic, Montenegro",Celje,Slovenia,1091,Bosnia & Herzegovina,1113,2,1,10,2025,2.0,3.0,2.177391859619693,1.8552697687134985,0.0,0.0,0.0,0.0,0,1491.2091576241032,1432.451355672754,3.9583333333333335,3.125,0.0,0.0,4.5
1351042,2025-06-10T17:00:00+00:00,1749574800,Sayat Karabayev,Minsk,Belarus,1100,Russia,4,1,4,10,2025,2.0,4.0,1.1359197836960344,1.5875170420650977,0.0,0.0,0.0,0.0,0,1405.2740982557552,1511.5727290065051,5.0,4.0,0.0,0.0,4.5
1366907,2025-06-10T17:00:00+00:00,1749574800,"Rohit Saggi, Norway",Odense,Denmark,21,Lithuania,1097,5,0,10,2025,2.0,1.0,0.5285225940261302,1.083441555460809,0.0,0.0,0.0,0.0,0,1871.669947859082,1394.5407206628458,3.0,3.0416666666666665,0.0,0.0,4.5
1378789,2025-06-10T17:00:00+00:00,1749574800,Mohamed El Baroudi,Marrakech,Kenya,1511,Chad,1523,2,1,10,2025,3.0,2.0,1.66732948325868,2.197350380794017,0.0,0.0,0.0,0.0,0,1433.4518918867639,1391.0318033285114,3.0833333333333335,3.0833333333333335,0.0,0.0,4.5
1367920,2025-06-10T17:00:00+00:00,1749574800,"Robert Harvey, Ireland",Solna,Sweden,5,Algeria,1532,4,3,10,2025,1.0,2.0,1.0887813049095276,1.4883267437484484,0.0,0.0,0.0,0.0,0,1799.165934233674,1625.9518843638675,3.9791666666666665,5.041666666666667,0.0,0.0,4.5
1376809,2025-06-10T17:30:00+00:00,1749576600,Keabetswe Dintwa,Polokwane,South Africa,1531,Mozambique,1512,2,0,10,2025,2.0,3.0,1.443819933760831,1.0785235578156347,0.0,0.0,0.0,0.0,0,1419.0344116374233,1406.5912367509256,4.0,30.0,0.0,0.0,4.5
1323276,2025-06-10T18:45:00+00:00,1749581100,O. Berka,Serravalle,San Marino,1115,Austria,775,0,4,32,2024,1.0,1.0,1.2,1.2,4.0,6.0,16.0,15.0,1,1338.1596455534554,1855.6692236883255,3.2395833333333335,3.0,0.0,0.0,3.9
1352903,2025-06-10T18:45:00+00:00,1749581100,"Stephanie Frappart, France",Nottingham,England,10,Senegal,13,1,3,10,2025,1.0,1.0,0.8293121523899432,1.9186634572003352,0.0,0.0,0.0,0.0,0,2006.0065250933944,1885.8667860028181,3.1145833333333335,4.0,0.0,0.0,4.5
1323275,2025-06-10T18:45:00+00:00,1749581100,D. Rumsas,Bucharest,Romania,774,Cyprus,1106,2,0,32,2024,1.0,2.0,1.2,1.2,10.0,3.0,12.0,9.0,1,1612.2366537435757,1405.9675647477075,3.0,4.114583333333333,0.0,0.0,3.642857142857143
1348101,2025-06-10T18:45:00+00:00,1749581100,"Morten Krogh, Denmark",Belfast,Northern Ireland,771,Iceland,18,1,0,10,2025,3.0,1.0,1.5302332016477802,0.9397061090461104,0.0,0.0,0.0,0.0,0,1435.8932809386615,1452.8700056303585,3.0729166666666665,4.0,0.0,0.0,4.5
1348100,2025-06-10T18:45:00+00:00,1749581100,"Nathan Verboomen, Belgium",Heraklion,Greece,1117,Bulgaria,1103,4,0,10,2025,4.0,0.0,1.2055447408869813,0.7775507775864172,0.0,0.0,0.0,0.0,0,1622.4929229952315,1406.3632800530113,3.0,4.114583333333333,0.0,0.0,4.5
1373070,2025-06-10T18:45:00+00:00,1749581100,Matteo Marchetti,Debrecen,Israel,1116,Slovakia,773,1,0,10,2025,4.0,2.0,1.4863913054310158,1.465564183618271,0.0,0.0,0.0,0.0,0,1423.4646993674564,1642.4898127032259,4.0,3.0,0.0,0.0,4.5
1366278,2025-06-10T18:45:00+00:00,1749581100,R. De Burgos,Groningen,Netherlands,1118,Malta,1112,8,0,32,2024,1.0,2.0,1.2,1.2,6.0,2.0,12.0,15.0,1,1983.1500848863739,1402.2981990920603,3.0,3.1145833333333335,0.0,0.0,3.7
1323274,2025-06-10T18:45:00+00:00,1749581100,J. Pinheiro,Helsinki,Finland,1099,Poland,24,2,1,32,2024,1.0,2.0,1.2,1.2,4.0,4.0,10.0,10.0,1,1413.9221493115201,1828.8220993505308,3.0,4.0,0.0,0.0,3.7857142857142856
1323278,2025-06-10T18:45:00+00:00,1749581100,A. Aghayev,Leskovac,Serbia,14,Andorra,1110,3,0,32,2024,1.0,2.0,1.2,1.2,10.0,1.0,11.0,13.0,1,1769.0210812494283,1362.7637992833745,3.0,3.1145833333333335,0.0,0.0,3.9166666666666665
1323277,2025-06-10T18:45:00+00:00,1749581100,H. U. Meler,Riga,Latvia,1092,Albania,778,1,1,32,2024,3.0,0.0,1.2,1.2,6.0,9.0,14.0,10.0,1,1398.2509562534526,1451.8860512991698,3.2395833333333335,3.0,0.0,0.0,4.25
1362705,2025-06-10T18:45:00+00:00,1749581100,"Stefan Ebner, Austria",Luxembourg,Luxembourg,1102,Rep. Of Ireland,776,0,0,10,2025,5.0,0.0,1.2814039263594783,0.5249507158576705,0.0,0.0,0.0,0.0,0,1408.700238688664,1443.9448406997844,4.072916666666667,4.0,0.0,0.0,4.5
1100308,2025-06-10T20:00:00+00:00,1749585600,"Esteban Ostojich, Uruguay",El Alto,Bolivia,2381,Chile,2383,2,0,34,2026,2.0,2.0,1.2,1.2,4.5,4.0,12.0,12.0,0,1461.741227765911,1722.4961423443879,3.9166666666666665,4.791666666666667,0.0,0.0,4.5
1364924,2025-06-10T21:00:00+00:00,1749589200,"Carly Shaw-MacLaren, Canada","Toronto, Ontario",New Zealand,4673,Ukraine,772,1,2,10,2025,1.0,1.0,1.584512786274249,1.8334751470727428,0.0,0.0,0.0,0.0,0,1433.689493273222,1813.0906760821092,2.90625,3.0625,0.0,0.0,4.5
1100309,2025-06-10T23:00:00+00:00,1749596400,"Raphael Claus, Brazil",Montevideo,Uruguay,7,Venezuela,2379,2,0,34,2026,2.0,2.0,1.2,1.2,4.5,4.0,12.0,12.0,0,1909.8571169300772,1753.0178332553864,5.0,4.041666666666667,0.0,0.0,3.875
1100310,2025-06-11T00:00:00+00:00,1749600000,"Juan Gabriel Benitez, Paraguay",Buenos Aires,Argentina,26,Colombia,8,1,1,34,2026,2.0,2.0,1.2,1.2,4.5,4.0,12.0,12.0,0,2129.6705913958895,1961.725081330587,4.958333333333333,4.145833333333333,0.0,0.0,4.375
1360318,2025-06-11T00:00:00+00:00,1749600000,Andrew Samuel,"Nashville, Tennessee",USA,2384,Switzerland,15,0,4,10,2025,3.0,3.0,1.230702136737233,0.7566504929958029,0.0,0.0,0.0,0.0,0,1831.4607652375357,1921.5232123454562,3.1875,3.1666666666666665,0.0,0.0,4.5
1100311,2025-06-11T00:45:00+00:00,1749602700,"Facundo Raul Tello Figueroa, Argentina",Sao Paulo,Brazil,6,Paraguay,2380,1,0,34,2026,2.0,2.0,1.2,1.2,4.5,4.0,12.0,12.0,0,1983.8307184922962,1707.8326168029978,5.072916666666667,5.072916666666667,0.0,0.0,3.5833333333333335
1358792,2025-06-11T01:00:00+00:00,1749603600,"Moeth Gaymes,",Chapel Hill,Mexico,16,Türkiye,777,1,0,10,2025,1.0,2.0,0.982993671611332,1.3729998068875828,0.0,0.0,0.0,0.0,0,1865.8287545319279,1496.1815839545832,3.2083333333333335,3.2291666666666665,0.0,0.0,4.5
1100312,2025-06-11T01:30:00+00:00,1749605400,"Andres Rojas, Colombia",Lima,Peru,30,Ecuador,2382,0,0,34,2026,2.0,2.0,1.2,1.2,4.5,4.0,12.0,12.0,0,1726.9661301224144,1823.5608219937442,4.208333333333333,5.104166666666667,0.0,0.0,4.5
1377789,2025-06-11T15:30:00+00:00,1749655800,,,Chile U17,12505,Uzbekistan U17,21446,0,1,10,2025,1.0,5.0,0.6805462629099341,2.27387116864388,0.0,0.0,0.0,0.0,0,1400.0,1400.0,7.0,7.0,0.0,0.0,4.5
1377790,2025-06-12T12:00:00+00:00,1749729600,,Hisor,Kyrgyzstan U20,21058,Afghanistan U20,25089,3,0,10,2025,2.0,1.0,2.287875331262802,0.6562529974737643,0.0,0.0,0.0,0.0,0,1400.0,1400.0,7.0,7.0,0.0,0.0,4.5
1377791,2025-06-12T16:00:00+00:00,1749744000,,Hisor,Uzbekistan U20,21061,Turkmenistan U20,25112,1,1,10,2025,5.0,4.0,0.8059129200896478,1.8435501423656155,0.0,0.0,0.0,0.0,0,1400.0,1400.0,7.0,7.0,0.0,0.0,4.5
1378741,2025-06-14T12:00:00+00:00,1749902400,,Hisor,Iran U20,10312,Uzbekistan U20,21061,0,0,10,2025,0.0,2.0,0.7893375421469004,1.9139308879291923,0.0,0.0,0.0,0.0,0,1400.0,1400.0,7.0,1.8333333333333333,0.0,0.0,4.5
1378740,2025-06-14T16:00:00+00:00,1749916800,,,Tajikistan U20,21060,Kyrgyz Republic U20,21058,1,1,10,2025,5.0,0.0,1.9227202341818537,2.230668539896645,0.0,0.0,0.0,0.0,0,1400.0,1410.0,7.0,2.1666666666666665,0.0,0.0,4.5
1378835,2025-06-16T12:00:00+00:00,1750075200,,,Afghanistan U20,25089,Turkmenistan U20,25112,2,4,10,2025,2.0,2.0,1.0187204801365886,0.7840571415525355,0.0,0.0,0.0,0.0,0,1390.0,1400.0,4.0,3.8333333333333335,0.0,0.0,4.5
1377792,2025-06-16T19:00:00+00:00,1750100400,,Blida,Algeria U17,21295,Tunisia U17,22930,2,0,10,2025,3.0,4.0,0.6281025238503155,1.7452180214926882,0.0,0.0,0.0,0.0,0,1400.0,1380.5750112778453,7.0,30.0,0.0,0.0,4.5
1378851,2025-06-17T14:00:00+00:00,1750168800,,,Kyrgyz Republic U20,21058,Iran U20,10312,0,2,10,2025,1.0,3.0,1.2886345812263906,1.1158386908119011,0.0,0.0,0.0,0.0,0,1409.71225631668,1400.0,2.9166666666666665,3.0833333333333335,0.0,0.0,4.5
1378852,2025-06-21T15:00:00+00:00,1750518000,,Hisor,Kyrgyz Republic U23,10941,India U23,10935,0,0,10,2025,1.0,0.0,2.437906805417718,0.7105213731144389,0.0,0.0,0.0,0.0,0,1390.0,1390.5750112778453,30.0,30.0,0.0,0.0,4.5
1383406,2025-06-24T15:00:00+00:00,1750777200,,Hisor,Tajikistan U23,10959,Kyrgyz Republic U23,10941,0,0,10,2025,5.0,2.0,1.1303271437331956,2.3453305206499806,0.0,0.0,0.0,0.0,0,1400.0165493397121,1390.0165501398476,30.0,3.0,0.0,0.0,4.5
1383567,2025-06-24T19:00:00+00:00,1750791600,,,Brazil U17,12502,Mexico U17,12513,0,1,10,2025,3.0,2.0,0.8148576271601349,1.1464405616330064,0.0,0.0,0.0,0.0,0,1400.0,1400.0,7.0,7.0,0.0,0.0,4.5
1383568,2025-06-24T20:00:00+00:00,1750795200,,,Venezuela U17,21213,Paraguay U17,12517,3,2,10,2025,3.0,3.0,1.7911278694531043,0.775775949045511,0.0,0.0,0.0,0.0,0,1400.0,1400.0,7.0,7.0,0.0,0.0,4.5
1383569,2025-06-24T23:00:00+00:00,1750806000,,,Turkey U17,17982,Chile U17,12505,1,2,10,2025,1.0,2.0,1.0549068596755329,1.6879861153137004,0.0,0.0,0.0,0.0,0,1400.0,1390.0,7.0,13.3125,0.0,0.0,4.5
1383786,2025-06-25T10:00:00+00:00,1750845600,,Tallinn,Latvia U17,17960,Finland U17,17952,2,1,10,2025,0.0,5.0,1.5794919896845971,0.6632759800222747,0.0,0.0,0.0,0.0,0,1380.2872675945252,1429.1372450388346,30.0,30.0,0.0,0.0,4.5
1383787,2025-06-25T15:00:00+00:00,1750863600,,Tallinn,Estonia U17,17950,Lithuania U17,17962,1,2,10,2025,3.0,4.0,0.8106442273401071,2.247036024348556,0.0,0.0,0.0,0.0,0,1399.7127324054748,1390.8627549611654,30.0,30.0,0.0,0.0,4.5
1383788,2025-06-25T16:30:00+00:00,1750869000,,,Mali U17,21298,Burkina Faso U17,21296,5,2,10,2025,1.0,1.0,1.1898277179298875,1.583298874107526,0.0,0.0,0.0,0.0,0,1400.0,1400.0,7.0,7.0,0.0,0.0,4.5
1383909,2025-06-26T16:00:00+00:00,1750953600,,,Costa Rica U17,20990,Colombia U17,20527,0,2,10,2025,2.0,2.0,1.085961521639366,1.3566993987648257,0.0,0.0,0.0,0.0,0,1400.0,1400.0,7.0,7.0,0.0,0.0,4.5
1383789,2025-06-26T20:00:00+00:00,1750968000,,,Paraguay U17,12517,Turkey U17,17982,5,0,10,2025,5.0,1.0,0.9301223276986292,0.5117888978624552,0.0,0.0,0.0,0.0,0,1390.0,1389.71225631668,2.0,1.875,0.0,0.0,4.5
1383790,2025-06-26T23:00:00+00:00,1750978800,,,Venezuela U17,21213,Chile U17,12505,2,1,10,2025,1.0,0.0,1.717300486116671,1.1017666802836628,0.0,0.0,0.0,0.0,0,1410.0,1400.28774368332,2.125,2.0,0.0,0.0,4.5
1383791,2025-06-27T10:00:00+00:00,1751018400,,Tallinn,Finland U17,17952,Lithuania U17,17962,3,1,10,2025,1.0,4.0,0.9502515146019684,2.377133205647743,0.0,0.0,0.0,0.0,0,1417.7404220587557,1401.1174227109534,2.0,1.7916666666666667,0.0,0.0,4.5
1383793,2025-06-27T13:00:00+00:00,1751029200,,,Brazil U17,12502,Mexico W U17,12513,5,0,10,2025,2.0,2.0,1.5320194809489898,0.9088054640149984,0.0,0.0,0.0,0.0,0,1390.0,1410.0,2.75,2.75,0.0,0.0,4.5
1383792,2025-06-27T15:00:00+00:00,1751036400,,Tallinn,Estonia U17,17950,Latvia U17,17960,2,4,10,2025,5.0,4.0,0.9617169565746836,0.943501747601933,0.0,0.0,0.0,0.0,0,1389.4580646556867,1391.6840905746042,2.0,2.2083333333333335,0.0,0.0,4.5
1387683,2025-06-28T16:00:00+00:00,1751126400,,,Costa Rica U17,20990,Colombia U17,20527,1,2,10,2025,2.0,1.0,2.20445089622546,1.957276861364656,0.0,0.0,0.0,0.0,0,1390.0,1410.0,2.0,2.0,0.0,0.0,4.5
1383905,2025-06-28T20:00:00+00:00,1751140800,,,Paraguay U17,12517,Chile U17,12505,1,0,10,2025,3.0,1.0,1.495640237723372,1.5865091267486415,0.0,0.0,0.0,0.0,0,1399.9917180729458,1390.56721209952,2.0,1.875,0.0,0.0,4.5
1383906,2025-06-28T23:00:00+00:00,1751151600,,,Venezuela U17,21213,Turkey U17,17982,3,1,10,2025,5.0,0.0,1.1901832594415065,2.230557953020794,0.0,0.0,0.0,0.0,0,1419.7205315838,1379.7205382437342,2.0,2.125,0.0,0.0,4.5
1383907,2025-06-29T07:30:00+00:00,1751182200,,Tallinn,Lithuania U17,17962,Latvia U17,17960,4,5,10,2025,1.0,2.0,2.334570030988713,1.604262974424147,0.0,0.0,0.0,0.0,0,1391.5955063495517,1401.6200212750616,1.8958333333333333,1.6875,0.0,0.0,4.5
1383908,2025-06-29T12:30:00+00:00,1751200200,,Tallinn,Finland U17,17952,Estonia U17,17950,5,2,10,2025,1.0,1.0,1.897915189426,1.6083576778416848,0.0,0.0,0.0,0.0,0,1427.2623384201574,1379.5221339552293,2.1041666666666665,1.8958333333333333,0.0,0.0,4.5
1391377,2025-07-04T19:00:00+00:00,1751655600,,Diamniadio,Senegal,13,Guinea,1509,0,0,10,2025,4.0,3.0,0.9085313847549916,2.333041142268581,0.0,0.0,0.0,0.0,0,1899.1931519629995,1443.6266367739597,24.010416666666668,30.0,0.0,0.0,4.5
1412997,2025-07-22T12:00:00+00:00,1753185600,Mitiku Tewodros,Karatu,Tanzania,1489,Uganda,1519,1,0,10,2025,2.0,5.0,2.264218154226492,1.827491180045496,0.0,0.0,0.0,0.0,0,1378.888485045349,1376.6326714856805,30.0,30.0,0.0,0.0,4.5
1412869,2025-07-24T12:00:00+00:00,1753358400,,Karatu,Senegal,13,Uganda,1519,1,2,10,2025,0.0,1.0,0.991276095249505,1.7187589270449284,0.0,0.0,0.0,0.0,0,1890.5472994167988,1366.6975981067758,19.708333333333332,2.0,0.0,0.0,4.5
1469288,2025-07-24T12:00:00+00:00,1753358400,Ahmed Arajiga,Karatu,Uganda,1519,Senegal,13,2,1,10,2025,3.0,2.0,2.456180910280593,0.7319017023001937,0.0,0.0,0.0,0.0,0,1385.7630065352166,1871.481890988358,0.0,0.0,0.0,0.0,4.5
1405466,2025-07-24T15:00:00+00:00,1753369200,,Douala,Central African Republic,1527,Niger,1505,0,0,10,2025,0.0,3.0,0.7641420161522914,1.3139142736342035,0.0,0.0,0.0,0.0,0,1408.8193026103281,1417.7725758715217,30.0,30.0,0.0,0.0,4.5
1411872,2025-07-27T12:00:00+00:00,1753617600,,Karatu,Tanzania,1489,Senegal,13,2,1,10,2025,3.0,2.0,0.9975256693834452,0.7273920313468281,0.0,0.0,0.0,0.0,0,1388.8235584242536,1852.6326806449085,5.0,3.0,0.0,0.0,4.5
1402651,2025-07-27T15:00:00+00:00,1753628400,,Douala,Guinea,1509,Central African Republic,1527,1,1,10,2025,1.0,1.0,1.5790316268484772,1.6761399482450203,0.0,0.0,0.0,0.0,0,1452.2724893201605,1409.0769415019151,22.833333333333332,3.0,0.0,0.0,4.5
1484993,2025-08-12T14:45:00+00:00,1755009900,,,Republic of Ireland U17,17972,Turkey U17,17982,2,2,10,2025,1.0,2.0,2.2177023247749776,1.545137771085812,0.0,0.0,0.0,0.0,0,1400.0,1370.8667707298102,7.0,30.0,0.0,0.0,4.5
1484994,2025-08-12T17:00:00+00:00,1755018000,,,Hungary U17,12509,Iceland U17,17957,0,0,10,2025,1.0,2.0,1.473949741868842,1.992536855709418,0.0,0.0,0.0,0.0,0,1400.0,1400.0,7.0,7.0,0.0,0.0,4.5
1491699,2025-08-21T19:00:00+00:00,1755802800,,,Brazil U17,12502,Costa Rica U17,20990,4,0,10,2025,4.0,1.0,1.4793584862922753,0.6824286576217837,0.0,0.0,0.0,0.0,0,1400.5750112778453,1380.5750112778453,30.0,30.0,0.0,0.0,4.5
1436250,2025-08-24T15:30:00+00:00,1756049400,Abdulrahman Ibrahim Al Jassim,Al Rayyan,Qatar,1569,Lebanon,1551,0,1,10,2025,2.0,1.0,0.5081202350190785,1.5066286593051943,0.0,0.0,0.0,0.0,0,1402.1793563982917,1409.8433395328104,30.0,30.0,0.0,0.0,4.5
1431007,2025-09-03T15:15:00+00:00,1756912500,Khalid Saleh Al Turais,Doha,Qatar,1569,Bahrain,1547,2,2,10,2025,1.0,2.0,2.0028312272959656,1.9681913500747863,0.0,0.0,0.0,0.0,0,1392.3999077934543,1407.963972701538,9.989583333333334,30.0,0.0,0.0,4.5
1486588,2025-09-03T20:00:00+00:00,1756929600,,,Peru U18,27069,Guatemala U20,11001,0,0,10,2025,1.0,2.0,1.267273991440532,1.4176537811959096,0.0,0.0,0.0,0.0,0,1400.0,1400.0,7.0,7.0,0.0,0.0,4.5
1486482,2025-09-04T10:00:00+00:00,1756980000,,,Portugal U17,17971,Italy U17,12510,1,2,10,2025,1.0,0.0,1.42359708652633,1.7848742207544368,0.0,0.0,0.0,0.0,0,1400.0,1400.0,7.0,7.0,0.0,0.0,4.5
1486483,2025-09-04T10:00:00+00:00,1756980000,,,Denmark U19,10331,Romania U19,10378,1,1,10,2025,2.0,2.0,0.5112886686518909,0.8615774261649716,0.0,0.0,0.0,0.0,0,1400.0,1400.0,7.0,7.0,0.0,0.0,4.5
1431013,2025-09-04T13:00:00+00:00,1756990800,,Kuala Lumpur,Malaysia,1538,Singapore,1546,2,1,10,2025,3.0,0.0,1.6887231949545434,1.979591698997753,0.0,0.0,0.0,0.0,0,1443.1627678233558,1408.006088010548,30.0,30.0,0.0,0.0,4.5
1486484,2025-09-04T13:30:00+00:00,1756992600,,,Oman U20,19629,Iraq U20,19626,1,0,10,2025,5.0,1.0,1.296867785876724,0.9876487400464052,0.0,0.0,0.0,0.0,0,1400.0,1400.0,7.0,7.0,0.0,0.0,4.5
1486485,2025-09-04T13:30:00+00:00,1756992600,,,Egypt U20,11027,Bahrain U20,19624,2,1,10,2025,0.0,4.0,2.359791449910242,1.7145085166328282,0.0,0.0,0.0,0.0,0,1400.5750112778453,1400.0,30.0,7.0,0.0,0.0,4.5
1323279,2025-09-04T14:00:00+00:00,1756994400,A. Hernandez,Astana,Kazakhstan,1095,Wales,767,0,1,32,2024,1.0,1.0,0.89,2.35,6.0,6.0,12.0,13.0,1,1369.5356331356118,1753.0486654544036,30.0,30.0,0.0,0.0,3.5833333333333335
1486486,2025-09-04T14:00:00+00:00,1756994400,,,Poland U17,17970,Albania U17,17936,1,1,10,2025,3.0,4.0,0.6831175101111937,1.0398106271064076,0.0,0.0,0.0,0.0,0,1400.0,1400.0,7.0,7.0,0.0,0.0,4.5
1486509,2025-09-04T14:00:00+00:00,1756994400,,,North Macedonia U19,10341,Bosnia-Herzegovina U19,10359,2,0,10,2025,2.0,4.0,2.231094013201564,1.7926689691241453,0.0,0.0,0.0,0.0,0,1400.0,1400.0,7.0,7.0,0.0,0.0,4.5
1486488,2025-09-04T14:00:00+00:00,1756994400,,,Latvia U17,17960,Czech Republic U17,17947,0,3,10,2025,3.0,3.0,0.7034419462051358,2.381908499436541,0.0,0.0,0.0,0.0,0,1411.3315725811074,1400.0,30.0,7.0,0.0,0.0,4.5
1486489,2025-09-04T14:00:00+00:00,1756994400,,,France U20,10287,Spain U20,26086,2,0,10,2025,4.0,1.0,0.7052661065498389,2.3844737035858268,0.0,0.0,0.0,0.0,0,1390.5750112778453,1400.0,30.0,7.0,0.0,0.0,4.5
1486491,2025-09-04T14:30:00+00:00,1756996200,,Senta,Portugal U19,10343,Hungary U19,10365,3,1,10,2025,3.0,0.0,0.91832794771252,0.6495254600310871,0.0,0.0,0.0,0.0,0,1400.0,1400.0,7.0,7.0,0.0,0.0,4.5
1486490,2025-09-04T14:30:00+00:00,1756996200,,Kula,Serbia U19,10346,Montenegro U19,10374,4,0,10,2025,2.0,5.0,1.1444261313501791,1.7087167590184027,0.0,0.0,0.0,0.0,0,1400.0,1400.0,7.0,7.0,0.0,0.0,4.5
1436251,2025-09-04T15:00:00+00:00,1756998000,"Dominik Stary, Czechia",Prague,Saudi Arabia,23,FYR Macedonia,1105,2,1,10,2025,1.0,4.0,2.3654963853009274,1.266011733687915,0.0,0.0,0.0,0.0,0,1424.2868051550756,1434.858042309054,30.0,30.0,0.0,0.0,4.5
1486493,2025-09-04T15:00:00+00:00,1756998000,,,Albania U19,10354,Moldova U19,10373,0,1,10,2025,1.0,1.0,1.7123372292981256,1.696447247585335,0.0,0.0,0.0,0.0,0,1418.3243846055661,1410.0165501398476,30.0,30.0,0.0,0.0,4.5
1486492,2025-09-04T15:00:00+00:00,1756998000,,,Sweden U19,10380,Norway U19,10342,2,4,10,2025,2.0,0.0,1.59673684595211,1.7448995518619634,0.0,0.0,0.0,0.0,0,1400.0,1408.9086617329147,7.0,30.0,0.0,0.0,4.5
1486495,2025-09-04T15:30:00+00:00,1756999800,,,Norway U19,10342,Denmark U18,22428,3,4,10,2025,2.0,0.0,2.002091120455966,2.2050127400460435,0.0,0.0,0.0,0.0,0,1418.6523060162592,1420.2540690100625,0.020833333333333332,30.0,0.0,0.0,4.5
1486494,2025-09-04T15:30:00+00:00,1756999800,,,Ukraine U18,22343,Norway U18,21474,6,1,10,2025,4.0,1.0,1.05721731197244,1.4787184365731805,0.0,0.0,0.0,0.0,0,1400.0,1391.0988933620486,7.0,30.0,0.0,0.0,4.5
1352744,2025-09-04T16:00:00+00:00,1757001600,"Robert Hennessy, Ireland",Oslo,Norway,1090,Finland,1099,1,0,10,2025,0.0,4.0,1.5779066504278838,2.1816374442264097,0.0,0.0,0.0,0.0,0,1728.9771693459102,1432.2408508634662,30.0,30.0,0.0,0.0,4.5
1486496,2025-09-04T16:00:00+00:00,1757001600,,,Denmark U21,8189,Norway U21,8214,0,1,10,2025,1.0,3.0,1.8097061204619511,1.4471549840722109,0.0,0.0,0.0,0.0,0,1400.2712064588613,1410.0,30.0,30.0,0.0,0.0,4.5
1414162,2025-09-04T16:00:00+00:00,1757001600,"Aaron Wyn Jones, Wales",Gibraltar,Gibraltar,1093,Albania,778,0,1,10,2025,3.0,1.0,0.6495636021346087,1.7083670422174009,0.0,0.0,0.0,0.0,0,1374.5658297047048,1450.35445656511,30.0,30.0,0.0,0.0,4.5
1323280,2025-09-04T16:00:00+00:00,1757001600,D. Massa,Tbilisi,Georgia,1104,Türkiye,777,2,3,32,2024,4.0,3.0,1.09,0.7,6.0,2.0,13.0,14.0,1,1451.2338631145844,1494.05321785495,30.0,30.0,0.0,0.0,4.5
1323282,2025-09-04T16:00:00+00:00,1757001600,G. Kruashvili,Kaunas,Lithuania,1097,Malta,1112,1,1,32,2024,5.0,6.0,1.61,2.06,4.0,2.0,17.0,18.0,1,1393.3351150323501,1401.6161261711402,30.0,30.0,0.0,0.0,5.3
1414163,2025-09-04T16:30:00+00:00,1757003400,Mohammed Khled Al Hoish,Dubayy (Dubai),United Arab Emirates,1563,Syria,1565,3,1,10,2025,3.0,3.0,1.7326401301861811,1.2701309109459946,0.0,0.0,0.0,0.0,0,1439.7861503648585,1413.9258458910108,30.0,30.0,0.0,0.0,4.5
1431008,2025-09-04T17:00:00+00:00,1757005200,"Ilgiz Tantashev, Uzbekistan",Moscow,Russia,4,Jordan,1548,0,0,10,2025,2.0,3.0,1.5327505450255434,1.1990171205283642,0.0,0.0,0.0,0.0,0,1518.6052283655515,1405.4132335706854,30.0,30.0,0.0,0.0,3.7
1366281,2025-09-04T18:45:00+00:00,1757011500,S. Sozza,Rotterdam,Netherlands,1118,Poland,24,1,1,32,2024,2.0,2.0,0.72,0.25,7.0,4.0,11.0,11.0,1,1983.832157807294,1810.5033977985847,30.0,30.0,0.0,0.0,3.7
1366279,2025-09-04T18:45:00+00:00,1757011500,S. Gozubuyuk,Bratislava,Slovakia,773,Germany,25,2,0,32,2024,1.0,2.0,1.24,1.69,5.0,8.0,12.0,18.0,1,1626.9065027740298,1938.5180888224472,30.0,30.0,0.0,0.0,4.75
1323281,2025-09-04T18:45:00+00:00,1757011500,A. Treimanis,Luxembourg,Luxembourg,1102,Northern Ireland,771,1,3,32,2024,4.0,1.0,0.97,1.67,2.0,5.0,12.0,9.0,1,1409.711194507186,1446.3815218429806,30.0,30.0,0.0,0.0,3.75
1366280,2025-09-04T18:45:00+00:00,1757011500,S. Jovanovic,Sofia,Bulgaria,1103,Spain,9,0,3,32,2024,0.0,1.0,0.23,3.41,1.0,6.0,6.0,17.0,1,1401.8889641955723,2054.547303546126,30.0,30.0,0.0,0.0,3.4166666666666665
1323283,2025-09-04T18:45:00+00:00,1757011500,M. Krogh,Vaduz,Liechtenstein,1107,Belgium,1,0,6,32,2024,2.0,0.0,0.0,3.93,0.0,10.0,11.0,12.0,1,1361.453200908184,1984.766670629923,30.0,30.0,0.0,0.0,4.1
1100314,2025-09-04T23:30:00+00:00,1757028600,"Facundo Raul Tello Figueroa, Argentina",Montevideo,Uruguay,7,Peru,30,3,0,34,2026,2.0,2.0,1.2,1.2,4.5,4.0,12.0,12.0,0,1915.6264635442587,1729.6768630367947,30.0,30.0,0.0,0.0,3.5833333333333335
1100313,2025-09-04T23:30:00+00:00,1757028600,"Dario Herrera, Argentina",Barranquilla,Colombia,8,Bolivia,2381,3,0,34,2026,2.0,2.0,1.2,1.2,4.5,4.0,12.0,12.0,0,1966.2145940407972,1478.0957766230717,30.0,30.0,0.0,0.0,3.875
1100317,2025-09-04T23:30:00+00:00,1757028600,"Piero Maza, Chile",Buenos Aires,Argentina,26,Venezuela,2379,3,0,34,2026,2.0,2.0,1.2,1.2,4.5,4.0,12.0,12.0,0,2125.1810786856795,1747.2484866412049,30.0,30.0,0.0,0.0,4.5
1100316,2025-09-04T23:30:00+00:00,1757028600,"Raphael Claus, Brazil",Asunción,Paraguay,2380,Ecuador,2382,0,0,34,2026,2.0,2.0,1.2,1.2,4.5,4.0,12.0,12.0,0,1704.4414842566107,1820.850089079364,30.0,30.0,0.0,0.0,3.875
1100315,2025-09-05T00:30:00+00:00,1757032200,"Alexis Herrera, Venezuela",Rio de Janeiro,Brazil,6,Chile,2383,3,0,34,2026,2.0,2.0,1.2,1.2,4.5,4.0,12.0,12.0,0,1987.2218510386833,1706.141593487227,30.0,30.0,0.0,0.0,4.5
1486497,2025-09-05T08:00:00+00:00,1757059200,,,Armenia U19,10356,Uzbekistan U19,26531,1,2,10,2025,1.0,3.0,1.5389826160729074,0.9784297720889714,0.0,0.0,0.0,0.0,0,1400.0,1400.0,7.0,7.0,0.0,0.0,4.5
1396840,2025-09-05T09:45:00+00:00,1757065500,Don Robertson,Canberra,Australia,20,New Zealand,4673,1,0,10,2025,4.0,2.0,2.411120690058324,1.313759268851003,0.0,0.0,0.0,0.0,0,1843.6139868663386,1431.6655787472755,30.0,30.0,0.0,0.0,4.5
1486587,2025-09-05T13:00:00+00:00,1757077200,,Limoges,Saudi Arabia U18,27070,Japan U18,22431,1,3,10,2025,1.0,3.0,1.892338945678132,2.0906856024426075,0.0,0.0,0.0,0.0,0,1400.0,1400.0,7.0,7.0,0.0,0.0,4.5
1449841,2025-09-05T13:30:00+00:00,1757079000,Ryo Tanimoto,Surabaya,Indonesia,1571,Chinese Taipei,1557,6,0,10,2025,2.0,2.0,1.6961713090585169,1.9341571438357503,0.0,0.0,0.0,0.0,0,1397.1277172325072,1398.1981068999337,30.0,30.0,0.0,0.0,4.5
1486428,2025-09-05T14:00:00+00:00,1757080800,,,Latvia U19,10339,Malta U19,10372,3,0,10,2025,2.0,2.0,0.6436388949533174,1.9913825970949155,0.0,0.0,0.0,0.0,0,1388.8829744718662,1391.1006041165886,30.0,30.0,0.0,0.0,4.5
1486427,2025-09-05T14:00:00+00:00,1757080800,,,Moldova U18,22434,Romania U18,21477,1,1,10,2025,2.0,3.0,1.6038563199132456,2.258585971127561,0.0,0.0,0.0,0.0,0,1400.0,1399.4174336271915,7.0,30.0,0.0,0.0,4.5
1486498,2025-09-05T14:00:00+00:00,1757080800,,,Russia U21,8219,Saudi Arabia U23,10955,1,2,10,2025,2.0,1.0,1.6628039445816942,0.723709961611438,0.0,0.0,0.0,0.0,0,1390.0,1419.4570861250097,30.0,30.0,0.0,0.0,4.5
1486501,2025-09-05T14:00:00+00:00,1757080800,,,France U19,10334,Republic of Ireland U19,10377,4,1,10,2025,0.0,3.0,2.0523976607434,1.6841987669589291,0.0,0.0,0.0,0.0,0,1400.0,1400.0,7.0,7.0,0.0,0.0,4.5
1486502,2025-09-05T14:00:00+00:00,1757080800,,,ABFF U19,25809,Russia U19,10344,0,3,10,2025,2.0,1.0,0.590777018268354,0.9948600440295864,0.0,0.0,0.0,0.0,0,1400.0,1400.0,7.0,7.0,0.0,0.0,4.5
1486589,2025-09-05T15:00:00+00:00,1757084400,,,Finland U19,10333,Canada U19,27057,4,1,10,2025,2.0,0.0,1.5654840452871472,2.461380710711482,0.0,0.0,0.0,0.0,0,1419.4249887221547,1400.0,30.0,7.0,0.0,0.0,4.5
1486503,2025-09-05T16:00:00+00:00,1757088000,,,Albania U21,8177,Germany U21,8196,0,2,10,2025,1.0,1.0,1.6352005929910267,0.8124319303682339,0.0,0.0,0.0,0.0,0,1400.8382252963934,1410.0,30.0,30.0,0.0,0.0,4.5
1486505,2025-09-05T17:00:00+00:00,1757091600,,,Netherlands U18,22435,USA U18,22342,2,1,10,2025,4.0,1.0,2.321551833550376,2.083021720644925,0.0,0.0,0.0,0.0,0,1390.846244312232,1400.0,30.0,7.0,0.0,0.0,4.5
1486504,2025-09-05T17:00:00+00:00,1757091600,,,United States U20,10306,Morocco U20,11039,4,1,10,2025,2.0,2.0,2.3788992369887305,2.132846990830596,0.0,0.0,0.0,0.0,0,1400.0,1400.0,7.0,7.0,0.0,0.0,4.5
1486506,2025-09-05T17:00:00+00:00,1757091600,,Limoges,France U21,8194,Portugal U18,19073,0,2,10,2025,3.0,1.0,0.6574045476401722,2.2175990671818067,0.0,0.0,0.0,0.0,0,1410.0,1426.9389442128656,30.0,30.0,0.0,0.0,4.5
1352745,2025-09-05T18:00:00+00:00,1757095200,"Lothar D'hondt, Belgium",Bucharest,Romania,774,Canada,5529,0,3,10,2025,3.0,1.0,1.3283014930281098,1.2427818049549098,0.0,0.0,0.0,0.0,0,1616.9112095466862,1648.1556265439697,30.0,30.0,0.0,0.0,4.5
1486507,2025-09-05T18:30:00+00:00,1757097000,,Chesterfield,England U20,10309,Italy U20,10289,1,2,10,2025,4.0,0.0,2.447807233707361,0.9680167791663984,0.0,0.0,0.0,0.0,0,1400.0,1400.0,7.0,7.0,0.0,0.0,4.5
1323286,2025-09-05T18:45:00+00:00,1757097900,J. Gillett,Piraeus,Greece,1117,Belarus,1100,5,1,32,2024,1.0,2.0,4.13,1.04,11.0,7.0,7.0,12.0,1,1626.9672388526706,1398.2415988967089,30.0,30.0,0.0,0.0,4.125
1323289,2025-09-05T18:45:00+00:00,1757097900,M. Guida,Podgorica,Montenegro,1109,Czechia,770,0,2,32,2024,4.0,1.0,1.39,2.06,6.0,6.0,13.0,16.0,1,1418.0099242054257,1467.4887045836863,30.0,30.0,0.0,0.0,4.0625
1323288,2025-09-05T18:45:00+00:00,1757097900,J. Beaton,Chisinau,Moldova,1114,Israel,1116,0,4,32,2024,0.0,2.0,0.99,2.64,3.0,5.0,5.0,10.0,1,1415.2558525358288,1439.0480092966525,30.0,30.0,0.0,0.0,3.5
1366283,2025-09-05T18:45:00+00:00,1757097900,D. Makkelie,Wroclaw,Ukraine,772,France,2,0,2,32,2024,2.0,2.0,1.84,2.21,4.0,4.0,10.0,8.0,1,1815.1145906080558,2070.8289628686193,30.0,30.0,0.0,0.0,4.35
1323285,2025-09-05T18:45:00+00:00,1757097900,S. Marciniak,Basel,Switzerland,15,Kosovo,1111,4,0,32,2024,2.0,0.0,1.96,0.27,3.0,4.0,11.0,10.0,1,1928.9875488268967,1424.0100623669462,30.0,30.0,0.0,0.0,3.3125
1366284,2025-09-05T18:45:00+00:00,1757097900,J. Pinheiro,Bergamo,Italy,768,Estonia,1101,5,0,32,2024,1.0,3.0,5.23,0.7,12.0,3.0,9.0,14.0,1,1943.2232883992863,1383.8190554089929,30.0,30.0,0.0,0.0,3.7857142857142856
1366285,2025-09-05T18:45:00+00:00,1757097900,K. Tohver,Torshavn,Faroe Islands,1098,Croatia,3,0,1,32,2024,2.0,1.0,0.78,2.03,3.0,17.0,12.0,8.0,1,1381.111617328317,1967.6224499535704,30.0,30.0,0.0,0.0,5.3
1323284,2025-09-05T18:45:00+00:00,1757097900,J. Sanchez,Ljubljana,Slovenia,1091,Sweden,5,2,2,32,2024,2.0,2.0,0.46,1.04,1.0,4.0,19.0,21.0,1,1499.5339130379814,1804.556172914111,30.0,30.0,0.0,0.0,3.5833333333333335
1323287,2025-09-05T18:45:00+00:00,1757097900,S. van der Eijk,Reykjavík,Iceland,18,Azerbaijan,1096,5,0,32,2024,1.0,2.0,3.06,0.48,3.0,2.0,12.0,12.0,1,1442.3817647260394,1394.8237742589579,30.0,30.0,0.0,0.0,4.125
1366282,2025-09-05T18:45:00+00:00,1757097900,D. Siebert,Copenhagen,Denmark,21,Scotland,1108,0,0,32,2024,3.0,5.0,0.94,0.76,13.0,4.0,12.0,15.0,1,1872.8755534895777,1651.8968017646691,30.0,30.0,0.0,0.0,5.0625
1486508,2025-09-06T08:30:00+00:00,1757147400,,,Moldova U19,10373,Kosovo U19,20785,3,4,10,2025,2.0,3.0,1.81374986036512,0.7046547431151533,0.0,0.0,0.0,0.0,0,1420.2556232734848,1390.5750112778453,1.7291666666666667,30.0,0.0,0.0,4.5
1486512,2025-09-06T09:00:00+00:00,1757149200,,,Azerbaijan U19,10357,Faroe Islands U19,10362,2,1,10,2025,1.0,2.0,1.924591490116066,1.0353326466496675,0.0,0.0,0.0,0.0,0,1410.0,1400.0,30.0,7.0,0.0,0.0,4.5
1486487,2025-09-06T09:00:00+00:00,1757149200,,,North Macedonia U19,10341,Bosnia-Herzegovina U19,10359,2,1,10,2025,2.0,4.0,0.936081274257577,1.1313170425386805,0.0,0.0,0.0,0.0,0,1410.0,1390.0,1.7916666666666667,1.7916666666666667,0.0,0.0,4.5
1486510,2025-09-06T09:00:00+00:00,1757149200,,,Germany U17,17954,Venezuela U17,21213,2,0,10,2025,2.0,0.0,1.8857278618164328,2.41802036030252,0.0,0.0,0.0,0.0,0,1400.0,1428.574299097724,7.0,30.0,0.0,0.0,4.5
1486511,2025-09-06T09:00:00+00:00,1757149200,,,England U19,10332,Spain U19,10349,3,3,10,2025,2.0,0.0,1.750755368898094,0.7329999979325326,0.0,0.0,0.0,0.0,0,1400.0,1400.0,7.0,7.0,0.0,0.0,4.5
1486513,2025-09-06T11:15:00+00:00,1757157300,,,Scotland U19,10345,Kazakhstan U19,10367,1,2,10,2025,2.0,1.0,0.8511488051168339,0.52470368683594,0.0,0.0,0.0,0.0,0,1400.0,1400.0,7.0,7.0,0.0,0.0,4.5
1449847,2025-09-06T11:30:00+00:00,1757158200,,Colombo,Sri Lanka,5166,Maldives,1549,0,3,10,2025,0.0,2.0,0.5579354422853677,2.0776501911965126,0.0,0.0,0.0,0.0,0,1390.9629440767035,1389.6787509489475,30.0,30.0,0.0,0.0,4.5
1400029,2025-09-06T11:45:00+00:00,1757159100,,Kathmandu,Nepal,1545,Bangladesh,1560,0,0,10,2025,2.0,2.0,1.729992269655463,0.5008311864477453,0.0,0.0,0.0,0.0,0,1399.851316250178,1418.1889232003946,30.0,30.0,0.0,0.0,4.5
1486514,2025-09-06T12:00:00+00:00,1757160000,,,Denmark U18,22428,Norway U18,21474,4,1,10,2025,6.0,0.0,1.3857536447297951,0.7316103394536946,0.0,0.0,0.0,0.0,0,1430.2079668917852,1381.3550317683764,1.8541666666666667,1.8541666666666667,0.0,0.0,4.5
1486515,2025-09-06T13:00:00+00:00,1757163600,,,Italy U18,19071,United Arab Emirates U18,26530,1,0,10,2025,2.0,1.0,2.2168659828528696,0.8074979265783992,0.0,0.0,0.0,0.0,0,1419.4570861250097,1400.0,30.0,7.0,0.0,0.0,4.5
1486517,2025-09-06T13:00:00+00:00,1757163600,,,Croatia U19,10329,Czech Republic U19,10330,2,2,10,2025,4.0,6.0,2.32314368026942,0.5708192580616078,0.0,0.0,0.0,0.0,0,1400.0,1400.0,7.0,7.0,0.0,0.0,4.5
1486516,2025-09-06T13:00:00+00:00,1757163600,,Duisburg,Israel U17,18914,England U17,17949,1,2,10,2025,5.0,5.0,1.4719743595521928,2.0672819960856943,0.0,0.0,0.0,0.0,0,1400.0,1400.0,7.0,7.0,0.0,0.0,4.5
1323290,2025-09-06T13:00:00+00:00,1757163600,J. Weinberger,Riga,Latvia,1092,Serbia,14,0,1,32,2024,1.0,1.0,0.59,2.0,3.0,7.0,9.0,13.0,1,1399.7825509875124,1770.780597000236,30.0,30.0,0.0,0.0,3.9
1486520,2025-09-06T14:00:00+00:00,1757167200,,,Poland U17,17970,Romania U17,17973,2,0,10,2025,0.0,2.0,1.0156952344968802,1.0802874546006205,0.0,0.0,0.0,0.0,0,1400.0,1409.4249887221547,2.0,30.0,0.0,0.0,4.5
1486518,2025-09-06T14:00:00+00:00,1757167200,,,Norway U19,10342,Ukraine U18,22343,0,2,10,2025,3.0,1.0,0.6978075649766724,2.028824859250882,0.0,0.0,0.0,0.0,0,1408.6984081345365,1409.7438615936721,1.9375,1.9375,0.0,0.0,4.5
1486440,2025-09-06T14:00:00+00:00,1757167200,,,Cyprus U19,10360,Lithuania U19,10370,1,1,10,2025,2.0,2.0,1.1599752013833993,2.355978099731411,0.0,0.0,0.0,0.0,0,1400.0,1391.1170255281338,7.0,30.0,0.0,0.0,4.5
1486522,2025-09-06T14:00:00+00:00,1757167200,,,Bulgaria U19,10328,Slovakia U19,10347,1,3,10,2025,2.0,2.0,1.0530907166070786,1.7580521272500935,0.0,0.0,0.0,0.0,0,1400.0,1400.0,7.0,7.0,0.0,0.0,4.5
1486519,2025-09-06T14:00:00+00:00,1757167200,,,Slovenia U19,10348,Poland U19,10376,1,0,10,2025,2.0,0.0,1.404088500652941,1.7641373254703665,0.0,0.0,0.0,0.0,0,1400.0,1400.0,7.0,7.0,0.0,0.0,4.5
1486524,2025-09-06T15:00:00+00:00,1757170800,,,Ukraine U17,17983,Poland U18,21476,2,2,10,2025,5.0,1.0,1.3176819246161475,2.2279268957577143,0.0,0.0,0.0,0.0,0,1400.0,1399.9834506602879,7.0,30.0,0.0,0.0,4.5
1486526,2025-09-06T15:00:00+00:00,1757170800,,,South Korea U18,22592,Belgium U18,22425,3,2,10,2025,3.0,0.0,2.4036352451111616,2.2285572108109206,0.0,0.0,0.0,0.0,0,1400.0,1398.8993958834114,7.0,30.0,0.0,0.0,4.5
1486523,2025-09-06T15:00:00+00:00,1757170800,,,United Arab Emirates U19,22439,Iceland U19,10337,1,2,10,2025,5.0,1.0,2.118216737149182,0.944304867094083,0.0,0.0,0.0,0.0,0,1400.0,1400.0,7.0,7.0,0.0,0.0,4.5
1486527,2025-09-06T15:00:00+00:00,1757170800,,Subotica,Serbia U19,10346,Hungary U19,10365,3,1,10,2025,0.0,3.0,1.8798367519587988,1.2704989496697263,0.0,0.0,0.0,0.0,0,1410.0,1390.0,2.0208333333333335,2.0208333333333335,0.0,0.0,4.5
1486531,2025-09-06T15:00:00+00:00,1757170800,,,Croatia U18,22340,Qatar U17,21443,3,0,10,2025,3.0,1.0,0.8003483460757157,1.9792687601366523,0.0,0.0,0.0,0.0,0,1389.9917251272818,1400.0,30.0,7.0,0.0,0.0,4.5
1486529,2025-09-06T15:00:00+00:00,1757170800,,,Germany U19,10336,Italy U19,10338,3,1,10,2025,2.0,1.0,2.369720652789261,2.3820277403282093,0.0,0.0,0.0,0.0,0,1400.0,1400.0,7.0,7.0,0.0,0.0,4.5
1486530,2025-09-06T15:00:00+00:00,1757170800,,,England U18,21466,Morocco U18,19072,4,1,10,2025,0.0,3.0,1.5644421432603417,1.6797887983027235,0.0,0.0,0.0,0.0,0,1429.153755687768,1381.4018544634368,30.0,30.0,0.0,0.0,4.5
1486528,2025-09-06T15:00:00+00:00,1757170800,,Kula,Montenegro U19,10374,Portugal U19,10343,1,2,10,2025,2.0,3.0,1.2656826420296678,1.758453476227014,0.0,0.0,0.0,0.0,0,1390.0,1410.0,2.0208333333333335,2.0208333333333335,0.0,0.0,4.5
1486525,2025-09-06T15:00:00+00:00,1757170800,,,Sweden U17,17980,Switzerland U17,17981,5,0,10,2025,1.0,1.0,1.993207821423021,1.2380465708705453,0.0,0.0,0.0,0.0,0,1400.0,1400.0,7.0,7.0,0.0,0.0,4.5
1323291,2025-09-06T16:00:00+00:00,1757174400,M. Al-Emara,Birmingham,England,10,Andorra,1110,2,0,32,2024,1.0,1.0,1.97,0.1,8.0,0.0,10.0,8.0,1,1992.680159133213,1361.004283532567,30.0,30.0,0.0,0.0,3.9
1366286,2025-09-06T16:00:00+00:00,1757174400,A. Taylor,Yerevan,Armenia,1094,Portugal,27,0,5,32,2024,1.0,0.0,0.3,3.67,2.0,4.0,10.0,7.0,1,1367.4004017909465,1969.7669377465159,30.0,30.0,0.0,0.0,3.0555555555555554
1486533,2025-09-06T17:00:00+00:00,1757178000,,,Egypt,32,Tunisia,28,1,0,10,2025,1.0,1.0,2.037237879616548,1.848843638639282,0.0,0.0,0.0,0.0,0,1672.589354830172,1436.528479494933,30.0,30.0,0.0,0.0,4.5
1486532,2025-09-06T17:00:00+00:00,1757178000,,,Netherlands U19,10340,Ukraine U19,10352,3,1,10,2025,2.0,4.0,2.310782770153453,1.2410980812674093,0.0,0.0,0.0,0.0,0,1400.0,1400.0,7.0,7.0,0.0,0.0,4.5
1486534,2025-09-06T18:00:00+00:00,1757181600,,,Wales U19,10353,Austria U19,10326,2,2,10,2025,4.0,0.0,1.409173411991552,1.4710984726851684,0.0,0.0,0.0,0.0,0,1400.0,1400.0,7.0,7.0,0.0,0.0,4.5
1323294,2025-09-06T18:45:00+00:00,1757184300,E. Jorgji,Serravalle,San Marino,1115,Bosnia & Herzegovina,1113,0,6,32,2024,2.0,2.0,0.11,3.93,0.0,6.0,17.0,20.0,1,1337.1919951943216,1424.126600258876,30.0,30.0,0.0,0.0,4.375
1323292,2025-09-06T18:45:00+00:00,1757184300,H. Osmers,Dublin,Rep. Of Ireland,776,Hungary,769,2,2,32,2024,3.0,5.0,2.85,0.85,4.0,1.0,14.0,13.0,1,1442.9338848812624,1766.6445068733713,30.0,30.0,0.0,0.0,5.375
1323293,2025-09-06T18:45:00+00:00,1757184300,J. Kehlet,Linz,Austria,775,Cyprus,1106,1,0,32,2024,1.0,4.0,2.04,1.66,7.0,3.0,14.0,6.0,1,1856.6368740474593,1401.293008944597,30.0,30.0,0.0,0.0,4.3
1375498,2025-09-06T21:00:00+00:00,1757192400,"Reon Radix, Grenada",,USA,2384,South Korea,17,0,2,10,2025,2.0,0.0,1.5040877547291698,1.2064393709566106,0.0,0.0,0.0,0.0,0,1823.9964287560952,1838.6969866785805,30.0,30.0,0.0,0.0,4.5
1375499,2025-09-07T02:00:00+00:00,1757210400,"Rubiel Vazquez, USA",,Mexico,16,Japan,12,0,0,10,2025,0.0,2.0,0.8222381387141575,1.1246521266924234,0.0,0.0,0.0,0.0,0,1867.957120631561,1925.8058899219095,30.0,30.0,0.0,0.0,4.5
1486499,2025-09-07T09:00:00+00:00,1757235600,,,Moldova U18,22434,Romania U18,21477,0,2,10,2025,6.0,1.0,1.852004082610804,1.496536171602408,0.0,0.0,0.0,0.0,0,1399.9832324076428,1399.4342012195486,1.7916666666666667,1.7916666666666667,0.0,0.0,4.5
1486429,2025-09-07T09:00:00+00:00,1757235600,,,France U20,10287,Spain U20,26086,1,0,10,2025,2.0,1.0,2.114577919245998,2.148298828916843,0.0,0.0,0.0,0.0,0,1400.8462177367066,1389.7287935411387,2.7916666666666665,2.7916666666666665,0.0,0.0,4.5
1486500,2025-09-07T09:00:00+00:00,1757235600,,,Latvia U19,10339,Malta U19,10372,3,0,10,2025,0.0,0.0,1.207616435911962,2.390901250413934,0.0,0.0,0.0,0.0,0,1398.9468021170937,1381.036776471361,1.7916666666666667,1.7916666666666667,0.0,0.0,4.5
1486430,2025-09-07T10:00:00+00:00,1757239200,,,Romania U19,10378,Sweden U19,10380,1,1,10,2025,0.0,1.0,1.503782885492129,2.1280827002498084,0.0,0.0,0.0,0.0,0,1400.0,1390.2563557166554,3.0,2.7916666666666665,0.0,0.0,4.5
1486431,2025-09-07T10:00:00+00:00,1757239200,,,Netherlands U17,12514,Denmark U17,17948,5,3,10,2025,1.0,2.0,0.5587375281102369,2.359867482689347,0.0,0.0,0.0,0.0,0,1400.0,1400.0,7.0,7.0,0.0,0.0,4.5
1486432,2025-09-07T12:00:00+00:00,1757246400,,,Estonia U19,10361,Israel U19,10366,2,1,10,2025,3.0,1.0,1.2157491659780877,0.6896925814581365,0.0,0.0,0.0,0.0,0,1390.5584611379977,1400.0,30.0,7.0,0.0,0.0,4.5
1486583,2025-09-07T12:00:00+00:00,1757246400,,Limoges,Portugal U18,19073,Saudi Arabia U18,27070,1,0,10,2025,2.0,4.0,1.970559494913357,1.2564397247394576,0.0,0.0,0.0,0.0,0,1436.4517881317356,1390.0,1.7916666666666667,1.9583333333333333,0.0,0.0,4.5
1486433,2025-09-07T13:00:00+00:00,1757250000,,,Saudi Arabia U20,10301,Iraq U20,19626,2,1,10,2025,4.0,2.0,0.9457210759985896,0.6194266460372737,0.0,0.0,0.0,0.0,0,1400.0,1390.0,7.0,2.9791666666666665,0.0,0.0,4.5
1323295,2025-09-07T13:00:00+00:00,1757250000,G. Nyberg,Tbilisi,Georgia,1104,Bulgaria,1103,3,0,32,2024,2.0,4.0,2.44,0.59,4.0,1.0,3.0,18.0,1,1442.460101013579,1401.4325507620522,2.875,2.7604166666666665,0.0,0.0,4.055555555555555
1486434,2025-09-07T14:00:00+00:00,1757253600,,,Latvia U17,17960,Czech Republic U17,17947,0,2,10,2025,4.0,2.0,1.4644361702637383,2.456801901924346,0.0,0.0,0.0,0.0,0,1401.0055393004832,1410.3260332806242,3.0,3.0,0.0,0.0,4.5
1486435,2025-09-07T14:00:00+00:00,1757253600,,,Denmark U19,10331,Norway U19,10342,2,3,10,2025,1.0,1.0,0.5492035992650417,1.4139416483667686,0.0,0.0,0.0,0.0,0,1400.0,1398.7284986130996,3.1666666666666665,1.0,0.0,0.0,4.5
1486436,2025-09-07T15:00:00+00:00,1757257200,,,Georgia U19,10335,Greece U19,10364,0,0,10,2025,1.0,5.0,0.7035835429699773,0.559703059130126,0.0,0.0,0.0,0.0,0,1380.28774368332,1400.0,30.0,7.0,0.0,0.0,4.5
1486584,2025-09-07T15:00:00+00:00,1757257200,,,Canada U19,27057,Switzerland U19,10350,1,4,10,2025,3.0,2.0,1.75374596299109,2.495677581306321,0.0,0.0,0.0,0.0,0,1390.5585142891052,1400.0,2.0,7.0,0.0,0.0,4.5
1431009,2025-09-07T15:15:00+00:00,1757258100,Yousif Saeed Hasan,Doha,Qatar,1569,Russia,4,1,4,10,2025,0.0,6.0,1.1861619062854518,2.345730355421708,0.0,0.0,0.0,0.0,0,1392.8475781744824,1515.457875117541,4.0,2.9270833333333335,0.0,0.0,4.5
1323296,2025-09-07T16:00:00+00:00,1757260800,H. Fesnic,Skopje,FYR Macedonia,1105,Liechtenstein,1107,5,0,32,2024,2.0,1.0,1.73,0.11,7.0,2.0,11.0,15.0,1,1424.5538715037499,1360.9150544025135,3.0416666666666665,2.8854166666666665,0.0,0.0,4.25
1366287,2025-09-07T16:00:00+00:00,1757260800,E. Masiyev,Kaunas,Lithuania,1097,Netherlands,1118,2,3,32,2024,2.0,0.0,0.33,1.0,1.0,7.0,13.0,10.0,1,1393.573416568421,1979.2197968518926,3.0,2.8854166666666665,0.0,0.0,3.875
1486437,2025-09-07T16:00:00+00:00,1757260800,,Limoges,France U21,8194,Japan U18,22431,1,1,10,2025,2.0,0.0,1.546059567966288,0.8853587407788943,0.0,0.0,0.0,0.0,0,1400.48715608113,1410.0,1.9583333333333333,2.125,0.0,0.0,4.5
1486439,2025-09-07T17:00:00+00:00,1757264400,,,Morocco U20,11039,United States U20,10306,0,0,10,2025,3.0,2.0,1.1135373156089614,1.8565284247878129,0.0,0.0,0.0,0.0,0,1390.0,1410.0,2.0,2.0,0.0,0.0,4.5
1486438,2025-09-07T17:00:00+00:00,1757264400,,,Yemen U20,19633,Oman U20,19629,2,0,10,2025,2.0,0.0,0.6163229615048766,0.8277389788082918,0.0,0.0,0.0,0.0,0,1400.0,1410.0,7.0,3.1458333333333335,0.0,0.0,4.5
1323297,2025-09-07T18:45:00+00:00,1757270700,N. Walsh,Luxembourg,Luxembourg,1102,Slovakia,773,0,1,32,2024,3.0,3.0,0.83,0.99,4.0,4.0,14.0,14.0,1,1400.7627495310517,1644.0543057646125,3.0,3.0,0.0,0.0,4.7
1323298,2025-09-07T18:45:00+00:00,1757270700,R. Obrenovic,Chorzów,Poland,24,Finland,1099,3,1,32,2024,1.0,0.0,2.15,0.29,8.0,2.0,11.0,11.0,1,1815.115758753986,1429.1727784469954,3.0,3.1145833333333335,0.0,0.0,3.9166666666666665
1366289,2025-09-07T18:45:00+00:00,1757270700,M. Oliver,Konya,Türkiye,777,Spain,9,0,6,32,2024,2.0,2.0,0.42,3.14,8.0,4.0,6.0,9.0,1,1502.8269799559553,2055.003716979646,3.1145833333333335,3.0,0.0,0.0,4.05
1323299,2025-09-07T18:45:00+00:00,1757270700,R. M. Petrescu,Anderlecht,Belgium,1,Kazakhstan,1095,6,0,32,2024,0.0,2.0,3.35,0.17,11.0,1.0,6.0,10.0,1,1985.3048171355936,1367.55437162995,3.0,3.1979166666666665,0.0,0.0,3.5
1366288,2025-09-07T18:45:00+00:00,1757270700,E. Eskas,Cologne,Germany,25,Northern Ireland,771,3,1,32,2024,1.0,4.0,1.64,0.11,3.0,5.0,9.0,13.0,1,1921.3702858318645,1455.329966819115,3.0,3.0,0.0,0.0,5.071428571428571
1486521,2025-09-08T08:00:00+00:00,1757318400,,,Cyprus U19,10360,Lithuania U19,10370,2,1,10,2025,3.0,5.0,1.6746989015438123,1.8124690156169887,0.0,0.0,0.0,0.0,0,1399.7443831376677,1391.3726423904661,1.75,1.75,0.0,0.0,4.5
1486441,2025-09-08T08:30:00+00:00,1757320200,,,Albania U19,10354,Kosovo U19,20785,0,1,10,2025,1.0,1.0,2.24280532809994,2.2362684201967618,0.0,0.0,0.0,0.0,0,1408.085311471929,1401.4272158724339,3.7291666666666665,2.0,0.0,0.0,4.5
1486442,2025-09-08T09:00:00+00:00,1757322000,,,France U19,10334,Republic of Ireland U19,10377,1,0,10,2025,0.0,2.0,1.7005346756856885,2.101414939254404,0.0,0.0,0.0,0.0,0,1410.0,1390.0,2.7916666666666665,2.7916666666666665,0.0,0.0,4.5
1486443,2025-09-08T11:00:00+00:00,1757329200,,,ABFF U19,25809,Russia U19,10344,1,1,10,2025,2.0,3.0,1.7818028382387057,1.4090255812299146,0.0,0.0,0.0,0.0,0,1390.0,1410.0,2.875,2.875,0.0,0.0,4.5
1486444,2025-09-08T11:15:00+00:00,1757330100,,,Russia U21,8219,Saudi Arabia U23,10955,3,1,10,2025,0.0,3.0,2.041674025502316,0.8233421145621607,0.0,0.0,0.0,0.0,0,1380.8458173776871,1428.6112687473226,2.8854166666666665,2.8854166666666665,0.0,0.0,4.5
1486446,2025-09-08T12:00:00+00:00,1757332800,,,Armenia U19,10356,Uzbekistan U19,26531,0,1,10,2025,0.0,6.0,2.46445203542463,2.256127553652497,0.0,0.0,0.0,0.0,0,1390.0,1410.0,3.1666666666666665,3.1666666666666665,0.0,0.0,4.5
1486445,2025-09-08T12:00:00+00:00,1757332800,,,Slovenia U19,10348,Faroe Islands U19,10362,1,0,10,2025,2.0,2.0,0.6889967182652463,0.7986066436604558,0.0,0.0,0.0,0.0,0,1410.0,1390.28774368332,1.9166666666666667,2.125,0.0,0.0,4.5
1486447,2025-09-08T12:30:00+00:00,1757334600,,,Chile U20,16201,Saudi Arabia U20,10301,1,2,10,2025,3.0,2.0,1.8151956457801408,0.936330903170576,0.0,0.0,0.0,0.0,0,1400.0,1409.71225631668,7.0,0.9791666666666666,0.0,0.0,4.5
1414164,2025-09-08T13:00:00+00:00,1757336400,,,Malaysia,1538,Palestine,1562,1,0,10,2025,2.0,3.0,2.214273262089036,2.275893192238673,0.0,0.0,0.0,0.0,0,1452.154316809574,1364.58762342424,4.0,30.0,0.0,0.0,4.5
1440129,2025-09-08T13:30:00+00:00,1757338200,Hyung-Jin Ko,Surabaya,Indonesia,1571,Lebanon,1551,0,0,10,2025,4.0,0.0,1.1613765964678886,0.8059397868392373,0.0,0.0,0.0,0.0,0,1407.158525426184,1419.6227881376478,3.0,14.916666666666666,0.0,0.0,4.5
1449848,2025-09-08T16:00:00+00:00,1757347200,,Doha,Syria,1565,Kuwait,1570,2,2,10,2025,2.0,0.0,0.5629631234376784,1.9020730474521204,0.0,0.0,0.0,0.0,0,1404.6687937870022,1392.4079152913005,3.9791666666666665,30.0,0.0,0.0,4.5
1440130,2025-09-08T16:30:00+00:00,1757349000,Amin Mohamed Omar,Dubayy (Dubai),United Arab Emirates,1563,Bahrain,1547,1,0,10,2025,3.0,1.0,1.908060934660924,2.123591369424089,0.0,0.0,0.0,0.0,0,1449.043202468867,1407.51630232051,4.0,5.052083333333333,0.0,0.0,4.5
1486448,2025-09-08T16:30:00+00:00,1757349000,,,Switzerland U21,8226,Albania U21,8177,2,1,10,2025,4.0,2.0,0.9165164644812,2.3563725971894023,0.0,0.0,0.0,0.0,0,1390.0,1391.1018612650187,30.0,3.0208333333333335,0.0,0.0,4.5
1486449,2025-09-08T17:00:00+00:00,1757350800,,,Netherlands U18,22435,USA U18,22342,8,2,10,2025,3.0,4.0,2.39181254657493,2.1338245899208843,0.0,0.0,0.0,0.0,0,1401.109649635307,1389.736594676925,3.0,3.0,0.0,0.0,4.5
1396841,2025-09-08T17:15:00+00:00,1757351700,Martin Dohál,Hradec Kralove,Czechia,770,Saudi Arabia,23,1,1,10,2025,2.0,4.0,1.3200420118883127,2.1288827175426066,0.0,0.0,0.0,0.0,0,1476.0741408251758,1434.5909759603799,2.9375,4.09375,0.0,0.0,4.5
1366291,2025-09-08T18:45:00+00:00,1757357100,S. Vincic,Debrecen,Israel,1116,Italy,768,4,5,32,2024,2.0,2.0,2.08,2.31,4.0,4.0,15.0,12.0,1,1448.3642844015626,1943.9915480158636,3.0,3.0,0.0,0.0,3.8125
1323304,2025-09-08T18:45:00+00:00,1757357100,M. Al-Hakim,Gibraltar,Gibraltar,1093,Faroe Islands,1098,0,1,32,2024,3.0,1.0,0.4,2.19,3.0,7.0,11.0,13.0,1,1366.7132484871943,1380.4506828568003,4.114583333333333,3.0,0.0,0.0,3.7
1366292,2025-09-08T18:45:00+00:00,1757357100,F. Zwayer,Zagreb,Croatia,3,Montenegro,1109,4,0,32,2024,1.0,3.0,3.3,0.16,7.0,3.0,10.0,6.0,1,1968.283384425087,1409.4244879639361,3.0,3.0,0.0,0.0,4.136363636363637
1323302,2025-09-08T18:45:00+00:00,1757357100,N. Dabanovic,Zalaegerszeg,Belarus,1100,Scotland,1108,0,2,32,2024,2.0,1.0,0.72,2.3,2.0,2.0,14.0,10.0,1,1394.0140772492366,1657.518691551201,3.0,3.0,0.0,0.0,4.583333333333333
1366290,2025-09-08T18:45:00+00:00,1757357100,D. Rumsas,Piraeus,Greece,1117,Denmark,21,0,3,32,2024,1.0,1.0,0.29,2.23,3.0,3.0,14.0,14.0,1,1631.1947605001428,1867.2536637030457,3.0,3.0,0.0,0.0,3.642857142857143
1323301,2025-09-08T18:45:00+00:00,1757357100,F. Letexier,Basel,Switzerland,15,Slovenia,1091,3,0,32,2024,0.0,2.0,1.19,0.81,5.0,2.0,10.0,15.0,1,1930.0238349395545,1506.5876940034211,3.0,3.0,0.0,0.0,3.227272727272727
1323300,2025-09-08T18:45:00+00:00,1757357100,A. Lindhout,Pristina,Kosovo,1111,Sweden,5,2,0,32,2024,5.0,4.0,1.68,0.6,1.0,5.0,13.0,12.0,1,1422.9737762542884,1797.5023919486712,3.0,3.0,0.0,0.0,4.75
1486450,2025-09-08T19:00:00+00:00,1757358000,,,France U21,8194,Serbia U21,8222,3,0,10,2025,4.0,4.0,2.422350950416295,1.2896695131917513,0.0,0.0,0.0,0.0,0,1400.7608893385222,1400.0,1.125,7.0,0.0,0.0,4.5
1396842,2025-09-09T07:00:00+00:00,1757401200,Don Robertson,Auckland,New Zealand,4673,Australia,20,1,3,10,2025,2.0,0.0,1.356244241584012,0.9406249768166046,0.0,0.0,0.0,0.0,0,1429.957930115013,1845.3216354986012,3.8854166666666665,3.8854166666666665,0.0,0.0,4.5
1486452,2025-09-09T08:00:00+00:00,1757404800,,,Bulgaria U19,10328,Slovakia U19,10347,1,0,10,2025,3.0,2.0,1.4637001937179668,0.6076401284221469,0.0,0.0,0.0,0.0,0,1390.0,1410.0,2.75,2.75,0.0,0.0,4.5
1486451,2025-09-09T08:00:00+00:00,1757404800,,Murcia,Spain U19,10349,Ukraine U19,10352,3,1,10,2025,0.0,2.0,0.6046992082961067,0.6004565710219048,0.0,0.0,0.0,0.0,0,1400.0,1390.0,2.9583333333333335,2.625,0.0,0.0,4.5
1486453,2025-09-09T08:45:00+00:00,1757407500,,,Czech Republic U19,10330,Italy U19,10338,1,2,10,2025,1.0,4.0,0.6654819730920338,2.456000071861061,0.0,0.0,0.0,0.0,0,1400.0,1390.0,2.8229166666666665,2.7395833333333335,0.0,0.0,4.5
1486454,2025-09-09T09:00:00+00:00,1757408400,,,Scotland U19,10345,United Arab Emirates U19,22439,7,1,10,2025,1.0,0.0,2.2850994098538897,1.0245411577817842,0.0,0.0,0.0,0.0,0,1390.0,1390.0,2.90625,2.75,0.0,0.0,4.5
1486455,2025-09-09T09:00:00+00:00,1757408400,,,Poland U19,10376,Azerbaijan U19,10357,6,0,10,2025,3.0,0.0,0.9734532124576918,0.8684216572093284,0.0,0.0,0.0,0.0,0,1390.0,1419.71225631668,2.7916666666666665,3.0,0.0,0.0,4.5
1486459,2025-09-09T09:00:00+00:00,1757408400,,,Finland U19,10333,Switzerland U19,10350,1,0,10,2025,2.0,3.0,2.4853943058311967,2.243650252741528,0.0,0.0,0.0,0.0,0,1428.8664744330495,1409.7283190694907,3.75,1.75,0.0,0.0,4.5
1486457,2025-09-09T09:00:00+00:00,1757408400,,,Israel U17,18914,Venezuela U17,21213,1,0,10,2025,2.0,0.0,0.8925727413663624,1.2311292542409458,0.0,0.0,0.0,0.0,0,1390.0,1417.7537139662436,2.8333333333333335,3.0,0.0,0.0,4.5
1486456,2025-09-09T09:00:00+00:00,1757408400,,,Poland U17,17970,Norway U17,17969,4,2,10,2025,1.0,3.0,2.228166049396888,0.899648565332599,0.0,0.0,0.0,0.0,0,1410.2712064588613,1400.0,2.7916666666666665,7.0,0.0,0.0,4.5
1486458,2025-09-09T09:00:00+00:00,1757408400,,,Germany U17,17954,England U17,17949,5,7,10,2025,0.0,1.0,0.7962224064732002,1.374909275459421,0.0,0.0,0.0,0.0,0,1410.8205851314804,1410.0,3.0,2.8333333333333335,0.0,0.0,4.5
1486460,2025-09-09T09:00:00+00:00,1757408400,,,Croatia U18,22340,Italy U18,19071,0,0,10,2025,2.0,3.0,2.316341314981771,0.8781690610457518,0.0,0.0,0.0,0.0,0,1400.2797067832246,1428.8976508849444,2.75,2.8333333333333335,0.0,0.0,4.5
1486461,2025-09-09T09:30:00+00:00,1757410200,,,Poland U18,21476,South Korea U18,22592,1,0,10,2025,3.0,0.0,1.2713969350613477,1.7282066146366335,0.0,0.0,0.0,0.0,0,1399.983926988574,1409.9683221730595,2.7708333333333335,2.7708333333333335,0.0,0.0,4.5
1486463,2025-09-09T10:00:00+00:00,1757412000,,,England U18,21466,Canada U18,26529,3,2,10,2025,1.0,2.0,1.6172094596533295,0.6139708496493905,0.0,0.0,0.0,0.0,0,1437.7879348119832,1400.0,2.7916666666666665,7.0,0.0,0.0,4.5
1486462,2025-09-09T10:00:00+00:00,1757412000,,,Wales U19,10353,Belgium U19,10327,1,3,10,2025,0.0,2.0,1.46623787998286,1.9792901969043684,0.0,0.0,0.0,0.0,0,1400.0,1400.0,2.6666666666666665,7.0,0.0,0.0,4.5
1486464,2025-09-09T10:30:00+00:00,1757413800,,,England U19,10332,Netherlands U19,10340,4,1,10,2025,3.0,1.0,2.0676742478666146,1.905558290277628,0.0,0.0,0.0,0.0,0,1400.0,1410.0,3.0625,2.7291666666666665,0.0,0.0,4.5
1457380,2025-09-09T11:30:00+00:00,1757417400,,,Singapore,1546,Myanmar,1556,1,1,10,2025,1.0,2.0,1.880470858316152,1.3365514627601556,0.0,0.0,0.0,0.0,0,1399.0145390243297,1389.5640609298514,4.9375,30.0,0.0,0.0,4.5
1449849,2025-09-09T12:15:00+00:00,1757420100,,Colombo,Sri Lanka,5166,Maldives,1549,1,1,10,2025,3.0,3.0,2.4905968423039653,1.051402426070498,0.0,0.0,0.0,0.0,0,1380.9259821956207,1399.7157128300303,3.03125,3.03125,0.0,0.0,4.5
1486466,2025-09-09T13:00:00+00:00,1757422800,,,Hungary U19,10365,Montenegro U19,10374,2,1,10,2025,1.0,2.0,1.931428053980128,1.0128956888732552,0.0,0.0,0.0,0.0,0,1380.5750112778453,1380.5750112778453,2.9166666666666665,2.9166666666666665,0.0,0.0,4.5
1486465,2025-09-09T13:00:00+00:00,1757422800,,,Ukraine U17,17983,United Arab Emirates U18,26530,0,3,10,2025,6.0,4.0,1.9717618302605875,1.9513245963168024,0.0,0.0,0.0,0.0,0,1399.9995236717139,1390.5594352400653,2.9166666666666665,3.0,0.0,0.0,4.5
1486467,2025-09-09T14:00:00+00:00,1757426400,,,Qatar U17,21443,Belgium U18,22425,1,2,10,2025,3.0,0.0,1.8624406396315405,2.436605885335884,0.0,0.0,0.0,0.0,0,1389.7120183440572,1388.931073710352,2.9583333333333335,2.9583333333333335,0.0,0.0,4.5
1486470,2025-09-09T15:00:00+00:00,1757430000,,,Georgia U19,10335,Greece U19,10364,0,0,10,2025,3.0,1.0,0.5759941262749533,1.2259773972259935,0.0,0.0,0.0,0.0,0,1380.85450002419,1399.43324365913,2.0,2.0,0.0,0.0,4.5
1486471,2025-09-09T15:00:00+00:00,1757430000,,,Croatia U19,10329,Germany U19,10336,1,0,10,2025,0.0,4.0,2.0533849016331684,1.1428220519666707,0.0,0.0,0.0,0.0,0,1400.0,1410.0,3.0833333333333335,3.0,0.0,0.0,4.5
1486469,2025-09-09T15:00:00+00:00,1757430000,,,Iceland U19,10337,Kazakhstan U19,10367,4,1,10,2025,0.0,1.0,1.1625077748511,2.325900789253176,0.0,0.0,0.0,0.0,0,1410.0,1410.0,3.0,3.15625,0.0,0.0,4.5
1486468,2025-09-09T15:00:00+00:00,1757430000,,,Serbia U19,10346,Portugal U19,10343,6,5,10,2025,0.0,4.0,1.563245701121081,1.7885667603425075,0.0,0.0,0.0,0.0,0,1419.4249887221547,1419.4249887221547,3.0,3.0,0.0,0.0,4.5
1486472,2025-09-09T15:30:00+00:00,1757431800,,,Ukraine U18,22343,Denmark U18,22428,0,3,10,2025,1.0,1.0,0.5307328039182249,1.9083758691599744,0.0,0.0,0.0,0.0,0,1419.713771115109,1438.8110604439191,3.0625,3.1458333333333335,0.0,0.0,4.5
1486473,2025-09-09T15:30:00+00:00,1757431800,,,Norway U19,10342,Norway U18,21474,2,1,10,2025,3.0,2.0,1.6012282435678735,1.2084942644894263,0.0,0.0,0.0,0.0,0,1408.7650952014576,1372.7519382162425,2.0625,3.1458333333333335,0.0,0.0,4.5
1323306,2025-09-09T16:00:00+00:00,1757433600,G. Kikacheishvili,Yerevan,Armenia,1094,Rep. Of Ireland,776,2,1,32,2024,1.0,1.0,2.24,0.86,1.0,2.0,9.0,13.0,1,1366.7953773800941,1450.2478053721056,3.0,2.8854166666666665,0.0,0.0,3.875
1323305,2025-09-09T16:00:00+00:00,1757433600,V. Fotias,Baku,Azerbaijan,1096,Ukraine,772,1,1,32,2024,3.0,3.0,0.98,0.94,1.0,9.0,9.0,12.0,1,1386.184117632958,1811.381845457581,3.8854166666666665,3.8854166666666665,0.0,0.0,4.875
1367921,2025-09-09T16:00:00+00:00,1757433600,Oliver Reitala,Tallinn,Estonia,1101,Andorra,1110,0,0,10,2025,2.0,0.0,1.7736374036693312,1.267996023725284,0.0,0.0,0.0,0.0,0,1383.0507957924156,1360.4907792644397,3.8854166666666665,3.0,0.0,0.0,4.5
1431010,2025-09-09T17:00:00+00:00,1757437200,Feras Taweel,ʿAmmān (Amman),Jordan,1548,Dominican Republic,5532,3,0,10,2025,2.0,2.0,1.566270707467187,1.2673432861013127,0.0,0.0,0.0,0.0,0,1408.5605868186958,1414.3970258500335,5.0,30.0,0.0,0.0,4.5
1323310,2025-09-09T18:45:00+00:00,1757443500,C. Turpin,Belgrade,Serbia,14,England,10,0,5,32,2024,1.0,1.0,0.02,3.56,2.0,6.0,11.0,10.0,1,1772.8942188647775,1993.1936634013402,3.2395833333333335,3.1145833333333335,0.0,0.0,4.05
1352904,2025-09-09T18:45:00+00:00,1757443500,Robert Jones,Swansea,Wales,767,Canada,5529,0,1,10,2025,3.0,1.0,2.4601379637511127,1.0953634811630577,0.0,0.0,0.0,0.0,0,1755.0299269600653,1657.2587563434165,5.197916666666667,4.03125,0.0,0.0,4.5
1323303,2025-09-09T18:45:00+00:00,1757443500,B. Berke,Oslo,Norway,1090,Moldova,1114,11,1,32,2024,0.0,1.0,8.1,0.17,4.0,1.0,6.0,10.0,1,1732.045241762381,1405.9395774309187,5.114583333333333,4.0,0.0,0.0,3.625
1366294,2025-09-09T18:45:00+00:00,1757443500,E. Lambrechts,Budapest,Hungary,769,Portugal,27,2,3,32,2024,1.0,2.0,0.76,2.35,1.0,6.0,6.0,9.0,1,1759.330586382528,1970.3719621573682,3.0,3.1145833333333335,0.0,0.0,4.416666666666667
1323308,2025-09-09T18:45:00+00:00,1757443500,M. Jug,Nicosia,Cyprus,1106,Romania,774,2,2,32,2024,3.0,2.0,2.25,0.97,7.0,1.0,7.0,21.0,1,1399.937242526005,1607.8080797472394,3.0,4.03125,0.0,0.0,4.083333333333333
1366293,2025-09-09T18:45:00+00:00,1757443500,A. Nobre,Paris,France,2,Iceland,18,2,1,32,2024,3.0,2.0,3.77,0.8,3.0,2.0,12.0,13.0,1,2074.561708019094,1451.0214213520392,4.0,4.0,0.0,0.0,4.7
1323307,2025-09-09T18:45:00+00:00,1757443500,J. Manzano,Zenica,Bosnia & Herzegovina,1113,Austria,775,1,2,32,2024,2.0,5.0,1.84,1.81,3.0,2.0,16.0,21.0,1,1431.675365385007,1857.9926404660512,3.0,3.0,0.0,0.0,4.785714285714286
1323309,2025-09-09T18:45:00+00:00,1757443500,D. Sylwestrzak,Tirana,Albania,778,Latvia,1092,1,0,32,2024,0.0,3.0,1.67,1.65,2.0,4.0,10.0,11.0,1,1458.2070377826205,1397.668929122971,5.114583333333333,3.2395833333333335,0.0,0.0,3.75
1447026,2025-09-09T19:00:00+00:00,1757444400,Andrei Florin Chivulete,Ta'Qali,Malta,1112,San Marino,1115,3,1,10,2025,2.0,4.0,1.8439209218309311,0.5157215480219954,0.0,0.0,0.0,0.0,0,1401.3778246350694,1329.6432300681906,5.125,3.0104166666666665,0.0,0.0,4.5
1486475,2025-09-09T19:00:00+00:00,1757444400,,,Egypt,32,Tunisia,28,3,0,10,2025,4.0,3.0,1.4439296694718735,1.115787023027327,0.0,0.0,0.0,0.0,0,1676.677816878181,1432.440017446924,3.0833333333333335,3.0833333333333335,0.0,0.0,4.5
1100320,2025-09-09T23:00:00+00:00,1757458800,"Wilmar Roldan, Colombia",Guayaquil,Ecuador,2382,Argentina,26,1,0,34,2026,2.0,2.0,1.2,1.2,4.5,4.0,12.0,12.0,0,1817.6195700289263,2127.2204236358266,4.979166666666667,4.979166666666667,0.0,0.0,4.5
1100321,2025-09-09T23:30:00+00:00,1757460600,"Anderson Daronco, Brazil",Santiago de Chile,Chile,2383,Uruguay,7,0,0,34,2026,1.0,1.0,1.2,1.2,8.0,3.0,8.0,14.0,1,1702.8320533094886,1920.7329585729442,4.958333333333333,5.0,0.0,0.0,3.875
1375501,2025-09-09T23:30:00+00:00,1757460600,Bryan López,Columbus,USA,2384,Japan,12,2,0,10,2025,2.0,3.0,0.8841468339314136,1.4300744254863165,0.0,0.0,0.0,0.0,0,1814.4192925082893,1924.1560862120643,3.1041666666666665,2.8958333333333335,0.0,0.0,4.5
1100322,2025-09-09T23:30:00+00:00,1757460600,"Nicolas Ramirez, Argentina",Lima,Peru,30,Paraguay,2380,0,1,34,2026,0.0,1.0,1.2,1.2,6.0,7.0,6.0,12.0,1,1724.5703680081092,1707.6720033070483,5.0,5.0,0.0,0.0,3.625
1100319,2025-09-09T23:30:00+00:00,1757460600,"Wilton Pereira Sampaio, Brazil",Maturín,Venezuela,2379,Colombia,8,3,6,34,2026,2.0,2.0,1.2,1.2,4.5,4.0,12.0,12.0,0,1745.209141691058,1967.350491442836,5.0,5.0,0.0,0.0,4.1
1100318,2025-09-09T23:30:00+00:00,1757460600,"Cristian Garay, Chile",El Alto,Bolivia,2381,Brazil,6,1,0,34,2026,2.0,2.0,1.2,1.2,4.5,4.0,12.0,12.0,0,1476.959879221033,1990.5313912164218,5.0,4.958333333333333,0.0,0.0,3.875
1375500,2025-09-10T01:30:00+00:00,1757467800,"Guido Gonzalez, USA",Nashville,Mexico,16,South Korea,17,2,2,10,2025,3.0,2.0,0.8983656884992599,0.6069565817231464,0.0,0.0,0.0,0.0,0,1869.6069243414063,1848.2741229263863,2.9791666666666665,3.1875,0.0,0.0,4.5
1486476,2025-09-10T13:00:00+00:00,1757509200,,,Saudi Arabia U20,10301,Yemen U20,19633,3,1,10,2025,1.0,3.0,1.303247623499144,0.6258997986762753,0.0,0.0,0.0,0.0,0,1419.43278790048,1410.28774368332,2.0208333333333335,2.8333333333333335,0.0,0.0,4.5
1486477,2025-09-11T06:00:00+00:00,1757570400,,,Japan U17,12511,Wales U18,21481,0,1,10,2025,2.0,2.0,2.135131877031857,1.0324910825697975,0.0,0.0,0.0,0.0,0,1400.0,1391.6756153944339,7.0,30.0,0.0,0.0,4.5
1486478,2025-09-13T06:00:00+00:00,1757743200,,,Australia U17,12501,Wales U18,21481,2,1,10,2025,3.0,0.0,2.267667423521621,0.6577123652464893,0.0,0.0,0.0,0.0,0,1400.0,1401.9151646065816,7.0,2.0,0.0,0.0,4.5
1486585,2025-09-13T14:30:00+00:00,1757773800,,,North Macedonia U18,21472,Indonesia U18,27059,1,0,10,2025,2.0,2.0,2.070123121302992,1.3010437194291522,0.0,0.0,0.0,0.0,0,1390.0,1400.0,30.0,7.0,0.0,0.0,4.5
1486479,2025-09-14T19:00:00+00:00,1757876400,,,Paraguay U20,16202,Saudi Arabia U20,10301,1,1,10,2025,4.0,2.0,2.3879642575477344,0.91196289153239,0.0,0.0,0.0,0.0,0,1400.0,1429.1696331398832,7.0,4.25,0.0,0.0,4.5
1486480,2025-09-14T20:00:00+00:00,1757880000,,,Chile U20,16201,Korea Republic U20,10291,2,1,10,2025,2.0,2.0,1.0961094994837235,1.1813008612518272,0.0,0.0,0.0,0.0,0,1390.2794684162,1400.0,6.3125,7.0,0.0,0.0,4.5
1486481,2025-09-15T06:00:00+00:00,1757916000,,Niigata,Japan U17,12511,Australia U17,12501,4,0,10,2025,2.0,1.0,2.3846015255609645,2.011566441146413,0.0,0.0,0.0,0.0,0,1389.7604507878523,1410.0551223101202,4.0,2.0,0.0,0.0,4.5
1484971,2025-09-16T13:30:00+00:00,1758029400,,,North Macedonia U17,17967,Cyprus U17,17946,0,1,10,2025,0.0,1.0,1.6473757110602287,1.949874528372636,0.0,0.0,0.0,0.0,0,1400.0,1400.0,7.0,7.0,0.0,0.0,4.5
1484972,2025-09-17T14:00:00+00:00,1758117600,,,North Macedonia U18,21472,Hungary U18,22498,2,2,10,2025,1.0,2.0,2.0148362172220007,0.5959173159252886,0.0,0.0,0.0,0.0,0,1400.28774368332,1400.0,3.9791666666666665,7.0,0.0,0.0,4.5
1484973,2025-09-17T19:00:00+00:00,1758135600,,,Paraguay U20,16202,Colombia U20,10285,1,1,10,2025,2.0,0.0,1.4121190664495338,0.978157114717414,0.0,0.0,0.0,0.0,0,1400.8376024323495,1400.0,3.0,7.0,0.0,0.0,4.5
1484974,2025-09-18T11:00:00+00:00,1758193200,,,North Macedonia U17,17967,Cyprus U17,17946,0,3,10,2025,1.0,3.0,2.3331324661280624,1.8735291663796,0.0,0.0,0.0,0.0,0,1390.0,1410.0,1.8958333333333333,1.8958333333333333,0.0,0.0,4.5
1484975,2025-09-20T14:15:00+00:00,1758377700,,,Chile U20,16201,Nigeria U20,10295,1,1,10,2025,2.0,1.0,2.0204377083184246,1.410845033276391,0.0,0.0,0.0,0.0,0,1400.5591748275494,1400.0,5.760416666666667,7.0,0.0,0.0,4.5
1484976,2025-09-20T19:00:00+00:00,1758394800,,,Mexico U20,10293,Saudi Arabia U20,10301,2,1,10,2025,1.0,0.0,1.9800615259900567,2.352332604665292,0.0,0.0,0.0,0.0,0,1390.0,1428.3320307075337,30.0,6.0,0.0,0.0,4.5
1484977,2025-09-21T19:00:00+00:00,1758481200,,,Paraguay U20,16202,Japan U20,10290,2,2,10,2025,2.0,3.0,1.7776510253603657,1.9822218261601483,0.0,0.0,0.0,0.0,0,1400.8134943431228,1400.0,4.0,7.0,0.0,0.0,4.5
1484978,2025-09-21T21:00:00+00:00,1758488400,,,Ukraine U20,10305,Australia U20,21056,2,3,10,2025,0.0,3.0,1.672348492666693,2.2061123011628574,0.0,0.0,0.0,0.0,0,1400.0,1400.0,7.0,7.0,0.0,0.0,4.5
1484979,2025-09-23T12:30:00+00:00,1758630600,,,Mexico U20,10293,Colombia U20,10285,2,3,10,2025,3.0,4.0,2.152032513160329,1.560353985705373,0.0,0.0,0.0,0.0,0,1401.0988296919802,1400.0241080892267,2.7291666666666665,5.729166666666667,0.0,0.0,4.5
1484980,2025-09-23T14:00:00+00:00,1758636000,,,Slovenia U17,17979,Slovakia U17,17978,3,1,10,2025,1.0,5.0,0.6520343798851163,2.016931782559454,0.0,0.0,0.0,0.0,0,1400.0,1400.0,7.0,7.0,0.0,0.0,4.5
1484981,2025-09-23T16:00:00+00:00,1758643200,,,Australia U20,21056,Nigeria U20,10295,1,3,10,2025,2.0,1.0,0.8168146041943019,0.7281424625670474,0.0,0.0,0.0,0.0,0,1410.0,1400.0160943313824,1.7916666666666667,3.0729166666666665,0.0,0.0,4.5
1484982,2025-09-25T09:00:00+00:00,1758790800,,,Slovenia U17,17979,Slovakia U17,17978,0,0,10,2025,1.0,1.0,2.1477699970293567,1.959523717539912,0.0,0.0,0.0,0.0,0,1410.0,1390.0,1.7916666666666667,1.7916666666666667,0.0,0.0,4.5
1484983,2025-09-30T13:30:00+00:00,1759239000,,,Slovakia U18,21479,North Macedonia U18,21472,2,2,10,2025,1.0,1.0,1.457172879284976,1.6272086278404323,0.0,0.0,0.0,0.0,0,1390.0,1400.2794617562658,30.0,12.979166666666666,0.0,0.0,4.5
1484984,2025-10-02T09:00:00+00:00,1759395600,,,Slovakia U18,21479,North Macedonia U18,21472,1,0,10,2025,2.0,1.0,2.053226561442303,1.6103928718687248,0.0,0.0,0.0,0.0,0,1390.295780391727,1399.9836813645388,1.8125,1.8125,0.0,0.0,4.5
1484985,2025-10-04T00:00:00+00:00,1759536000,,,St. Kitts and Nevis,5536,Saint Martin,10984,5,0,10,2025,4.0,3.0,2.134228798635025,0.9263458076427796,0.0,0.0,0.0,0.0,0,1389.7368148603039,1410.5501711400996,30.0,30.0,0.0,0.0,4.5
1484986,2025-10-05T00:00:00+00:00,1759622400,,,St. Kitts and Nevis,5536,Saint Martin,10984,2,1,10,2025,1.0,1.0,2.1557238225871984,0.981184806707348,0.0,0.0,0.0,0.0,0,1400.3351558273853,1399.9518301730182,1.0,1.0,0.0,0.0,4.5
1484987,2025-10-05T23:00:00+00:00,1759705200,,,St. Vincent / Grenadines,5541,Cuba,2388,7,0,10,2025,3.0,5.0,0.5531998381796697,1.5576326859971716,0.0,0.0,0.0,0.0,0,1428.002907429255,1398.0746531545446,30.0,30.0,0.0,0.0,4.5
1486579,2025-10-07T22:30:00+00:00,1759876200,,,Uruguay U18,27068,Peru U18,27069,2,1,10,2025,2.0,2.0,1.2007690768962649,0.5376592767927004,0.0,0.0,0.0,0.0,0,1400.0,1400.0,7.0,30.0,0.0,0.0,4.5
1484988,2025-10-08T10:30:00+00:00,1759919400,,,Croatia U18,22340,Ukraine U18,22343,2,0,10,2025,0.0,4.0,1.550028262322263,1.0771279063786132,0.0,0.0,0.0,0.0,0,1401.1015396472553,1410.2628823867828,29.0625,28.791666666666668,0.0,0.0,4.5
1484989,2025-10-08T10:45:00+00:00,1759920300,,,Denmark U19,10331,Turkey U19,10351,5,1,10,2025,1.0,3.0,2.248065423159544,1.4154677765153685,0.0,0.0,0.0,0.0,0,1389.963403411642,1400.0,30.0,7.0,0.0,0.0,4.5
1484990,2025-10-08T13:00:00+00:00,1759928400,,,Wales U19,10353,Switzerland U19,10350,2,5,10,2025,2.0,2.0,0.9701632060952914,1.7625587233127211,0.0,0.0,0.0,0.0,0,1390.0,1400.2786030060424,29.125,29.166666666666668,0.0,0.0,4.5
1484991,2025-10-08T13:45:00+00:00,1759931100,,,Croatia U19,10329,Poland U19,10376,0,0,10,2025,2.0,2.0,1.6795007797216663,1.4841113301477518,0.0,0.0,0.0,0.0,0,1410.28774368332,1400.853108769656,28.947916666666668,29.197916666666668,0.0,0.0,4.5
1467364,2025-10-08T17:00:00+00:00,1759942800,,Gibraltar,Gibraltar,1093,New Caledonia,5163,0,2,10,2025,4.0,3.0,1.9852378831316368,1.0615356750638614,0.0,0.0,0.0,0.0,0,1357.1084377108505,1408.6595541092984,29.927083333333332,30.0,0.0,0.0,4.5
1484992,2025-10-08T22:00:00+00:00,1759960800,,,Grenada,5533,British Virgin Islands,8168,4,1,10,2025,1.0,0.0,1.2079502568651606,2.170874444031994,0.0,0.0,0.0,0.0,0,1394.1582949558192,1391.1213508329472,30.0,30.0,0.0,0.0,4.5
1484881,2025-10-09T00:00:00+00:00,1759968000,,,St. Vincent / Grenadines,5541,Cuba,2388,1,0,10,2025,2.0,0.0,1.439130304605383,1.3297171806887385,0.0,0.0,0.0,0.0,0,1437.1436273131394,1388.9339332706602,3.0416666666666665,3.0416666666666665,0.0,0.0,4.5
1484882,2025-10-09T10:00:00+00:00,1760004000,,,Netherlands U17,12514,United States U17,12522,2,0,10,2025,1.0,3.0,1.62379150519847,1.613331276013751,0.0,0.0,0.0,0.0,0,1410.0,1400.0,30.0,7.0,0.0,0.0,4.5
1484884,2025-10-09T11:00:00+00:00,1760007600,,,Spain U18,19074,Portugal U18,19073,1,2,10,2025,2.0,4.0,2.0934513395877445,2.4391265334126,0.0,0.0,0.0,0.0,0,1400.0,1445.122708062756,7.0,30.0,0.0,0.0,4.5
1484883,2025-10-09T11:00:00+00:00,1760007600,,,Turkey U18,19075,Romania U18,21477,0,0,10,2025,1.0,4.0,1.8708433754696865,1.7055550906890993,0.0,0.0,0.0,0.0,0,1400.0,1409.4500035942613,7.0,30.0,0.0,0.0,4.5
1486578,2025-10-09T11:00:00+00:00,1760007600,,,Uzbekistan U18,27067,Azerbaijan U18,27056,0,0,10,2025,2.0,2.0,0.5777107101113479,1.4557984825427317,0.0,0.0,0.0,0.0,0,1400.0,1400.0,7.0,7.0,0.0,0.0,4.5
1484885,2025-10-09T11:30:00+00:00,1760009400,,,Hungary U19,10365,Greece U19,10364,1,0,10,2025,2.0,0.0,1.125481087271288,1.4100373186990898,0.0,0.0,0.0,0.0,0,1390.5750112778453,1398.8990135386246,29.9375,29.854166666666668,0.0,0.0,4.5
1486586,2025-10-09T13:00:00+00:00,1760014800,,,Uruguay U18,27068,Peru U18,27069,0,1,10,2025,1.0,4.0,1.1449965909093107,2.4952024891601488,0.0,0.0,0.0,0.0,0,1410.0,1390.0,1.6041666666666667,1.6041666666666667,0.0,0.0,4.5
1484886,2025-10-09T13:00:00+00:00,1760014800,,Tashkent,Uzbekistan,1568,Kuwait,1570,2,0,10,2025,1.0,2.0,2.2690104910432067,1.891684138067712,0.0,0.0,0.0,0.0,0,1458.7625818815368,1392.7606653206165,30.0,30.0,0.0,0.0,4.5
1484887,2025-10-09T13:30:00+00:00,1760016600,,,Montenegro U19,10374,North Macedonia U19,10341,0,0,10,2025,1.0,5.0,1.6976602017462372,2.3666639903837,0.0,0.0,0.0,0.0,0,1370.5750112778453,1419.4249887221547,30.0,30.0,0.0,0.0,4.5
1484888,2025-10-09T13:45:00+00:00,1760017500,,,Portugal U19,10343,Sweden U19,10380,2,0,10,2025,0.0,3.0,0.974824689359451,0.8116919726912437,0.0,0.0,0.0,0.0,0,1409.4249887221547,1390.5367268432824,29.947916666666668,30.0,0.0,0.0,4.5
1485028,2025-10-09T13:45:00+00:00,1760017500,,,Norway U19,10342,Wales U18,21481,3,1,10,2025,1.0,1.0,1.7257554029642452,2.168581628848498,0.0,0.0,0.0,0.0,0,1417.732249605033,1391.8600422964614,29.927083333333332,26.322916666666668,0.0,0.0,4.5
1484889,2025-10-09T14:00:00+00:00,1760018400,,,Czech Republic U18,21465,Denmark U18,22428,0,0,10,2025,1.0,3.0,1.6301799821237932,1.3759178443390605,0.0,0.0,0.0,0.0,0,1400.303775098679,1448.2619491722453,30.0,29.9375,0.0,0.0,4.5
1484890,2025-10-09T15:00:00+00:00,1760022000,,,Saudi Arabia U19,22436,Bahrain U20,19624,3,0,10,2025,0.0,1.0,1.7804664596066089,0.512515228882493,0.0,0.0,0.0,0.0,0,1400.0,1390.0165501398476,7.0,30.0,0.0,0.0,4.5
1484891,2025-10-09T16:00:00+00:00,1760025600,,,Qatar U23,10954,Vietnam U23,10964,1,0,10,2025,3.0,2.0,0.6612593452066013,0.9474671509760332,0.0,0.0,0.0,0.0,0,1391.6105165791323,1409.9834506602879,30.0,30.0,0.0,0.0,4.5
1323312,2025-10-09T16:00:00+00:00,1760025600,S. Frappart,Helsinki,Finland,1099,Lithuania,1097,2,1,32,2024,2.0,1.0,1.24,0.72,5.0,1.0,21.0,13.0,1,1427.216345584487,1392.9092944510294,30.0,30.0,0.0,0.0,4.125
1484892,2025-10-09T16:00:00+00:00,1760025600,,,Côte d'Ivoire U20,11026,Algeria U20,11017,0,0,10,2025,1.0,5.0,0.770093720402744,0.735067357877649,0.0,0.0,0.0,0.0,0,1400.0,1409.4249887221547,7.0,30.0,0.0,0.0,4.5
1486580,2025-10-09T17:00:00+00:00,1760029200,,,Morocco B,27064,Egypt B,27055,2,0,10,2025,2.0,5.0,0.7715852761905624,2.048887036739812,0.0,0.0,0.0,0.0,0,1400.0,1400.0,7.0,7.0,0.0,0.0,4.5
1484893,2025-10-09T17:00:00+00:00,1760029200,,,England U18,21466,France U21,8194,1,0,10,2025,4.0,2.0,1.384327952184981,2.026895421246423,0.0,0.0,0.0,0.0,0,1446.7045790217278,1410.7389892179308,30.0,30.0,0.0,0.0,4.5
1484894,2025-10-09T17:30:00+00:00,1760031000,,,Liechtenstein U19,10369,Czech Republic U19,10330,0,7,10,2025,1.0,3.0,1.0591738989075288,1.647942623165976,0.0,0.0,0.0,0.0,0,1400.0,1389.71225631668,7.0,30.0,0.0,0.0,4.5
1337510,2025-10-09T18:00:00+00:00,1760032800,"Ishmael Barbara, Malta",Bucharest,Romania,774,Moldova,1114,2,1,10,2025,3.0,0.0,1.7567160289390875,1.0366960657735635,0.0,0.0,0.0,0.0,0,1602.4496893482806,1403.2853958291446,29.96875,29.96875,0.0,0.0,4.5
1323313,2025-10-09T18:45:00+00:00,1760035500,I. Frid,Vienna,Austria,775,San Marino,1115,10,0,32,2024,1.0,3.0,7.05,0.46,4.0,2.0,14.0,9.0,1,1859.5754551491082,1321.6790706981265,30.0,29.989583333333332,0.0,0.0,3.9
1323315,2025-10-09T18:45:00+00:00,1760035500,J. Alberola,Torshavn,Faroe Islands,1098,Montenegro,1109,4,0,32,2024,0.0,2.0,1.95,0.29,7.0,2.0,9.0,18.0,1,1390.0554936331441,1408.6539058978333,30.0,30.0,0.0,0.0,3.875
1366295,2025-10-09T18:45:00+00:00,1760035500,F. Glova,Zalaegerszeg,Belarus,1100,Denmark,21,0,6,32,2024,2.0,1.0,0.56,4.12,4.0,7.0,10.0,9.0,1,1390.41557367839,1871.3421626773163,30.0,30.0,0.0,0.0,4.1
1366296,2025-10-09T18:45:00+00:00,1760035500,D. Strukan,Ta'Qali,Malta,1112,Netherlands,1118,0,4,32,2024,5.0,2.0,0.35,3.24,1.0,6.0,15.0,6.0,1,1409.3419840051336,1979.8839189692842,29.989583333333332,30.0,0.0,0.0,5.125
1366297,2025-10-09T18:45:00+00:00,1760035500,F. Letexier,Prague,Czechia,770,Croatia,3,0,0,32,2024,0.0,2.0,0.7,0.69,5.0,6.0,17.0,8.0,1,1474.8858009610553,1969.0539664911898,30.0,30.0,0.0,0.0,3.227272727272727
1323314,2025-10-09T18:45:00+00:00,1760035500,L. Visser,Larnaca,Cyprus,1106,Bosnia & Herzegovina,1113,2,2,32,2024,2.0,4.0,2.83,1.64,3.0,5.0,16.0,19.0,1,1405.295632924964,1430.09255070195,30.0,30.0,0.0,0.0,5.5
1436809,2025-10-09T18:45:00+00:00,1760035500,"Eric Lambrechts, Belgium",Chorzów,Poland,24,New Zealand,4673,1,0,10,2025,1.0,4.0,2.1984558352568344,1.4764054281837504,0.0,0.0,0.0,0.0,0,1817.0721916164944,1428.2807381677262,30.0,30.0,0.0,0.0,4.5
1352905,2025-10-09T18:45:00+00:00,1760035500,"Urs Schnyder, Switzerland",London,England,10,Wales,767,3,0,10,2025,1.0,3.0,1.4911252198698102,1.0023191958095976,0.0,0.0,0.0,0.0,0,1997.5851607994675,1742.2878493449084,30.0,30.0,0.0,0.0,4.5
1323311,2025-10-09T18:45:00+00:00,1760035500,E. Eskas,Glasgow,Scotland,1108,Greece,1117,3,1,32,2024,2.0,4.0,1.35,1.38,4.0,4.0,12.0,19.0,1,1661.1171951220476,1627.1062615258722,30.0,30.0,0.0,0.0,5.071428571428571
1472255,2025-10-09T19:00:00+00:00,1760036400,,Rabat,Morocco,31,Bahrain,1547,1,0,10,2025,1.0,4.0,2.1928494570663704,0.5171645243623082,0.0,0.0,0.0,0.0,0,1945.9508296713652,1398.7058831925071,30.0,30.0,0.0,0.0,4.5
1486425,2025-10-09T19:30:00+00:00,1760038200,,,Algeria B,27054,Palestine,1562,3,0,10,2025,1.0,2.0,1.4548454001944382,1.094917774003087,0.0,0.0,0.0,0.0,0,1400.0,1357.0559504874668,7.0,30.0,0.0,0.0,4.5
1484895,2025-10-10T08:00:00+00:00,1760083200,,,China PR U23,10932,Thailand U23,10960,3,1,10,2025,4.0,3.0,2.455062325674084,1.0368182276877826,0.0,0.0,0.0,0.0,0,1381.1179251528356,1400.0,30.0,7.0,0.0,0.0,4.5
1484896,2025-10-10T09:00:00+00:00,1760086800,,,Albania U19,10354,Republic of Ireland U19,10377,2,1,10,2025,0.0,1.0,1.0789709037376811,1.7719728251049571,0.0,0.0,0.0,0.0,0,1397.8936995313518,1380.5750112778453,30.0,30.0,0.0,0.0,4.5
1396843,2025-10-10T10:20:00+00:00,1760091600,"Ko Hyung-jin, South Korea",Suita,Japan,12,Paraguay,2380,2,2,10,2025,1.0,5.0,1.0489709425505325,1.8402187579763325,0.0,0.0,0.0,0.0,0,1911.0986087743422,1718.1579941811606,30.0,30.0,0.0,0.0,4.5
1484897,2025-10-10T11:00:00+00:00,1760094000,,,England U20,10309,Switzerland U20,25281,0,1,10,2025,0.0,3.0,0.5982550624830874,1.1417036634743618,0.0,0.0,0.0,0.0,0,1390.0,1400.0,30.0,7.0,0.0,0.0,4.5
1449843,2025-10-10T11:00:00+00:00,1760094000,"Abdulrahman Al-Jassim, Qatar",Seoul,South Korea,17,Brazil,6,0,5,10,2025,3.0,3.0,0.5870152017935133,1.0807069964797384,0.0,0.0,0.0,0.0,0,1848.8873598568714,1971.5201312537083,30.0,30.0,0.0,0.0,4.1
1466665,2025-10-10T12:45:00+00:00,1760100300,,Kuala Lumpur,Uruguay,7,Dominican Republic,5532,1,0,10,2025,2.0,1.0,2.394823434727101,1.2602223558202552,0.0,0.0,0.0,0.0,0,1915.1719593246962,1404.2290554309293,30.0,30.0,0.0,0.0,4.5
1484898,2025-10-10T13:00:00+00:00,1760101200,,,Indonesia U23,10936,India U23,10935,1,2,10,2025,2.0,3.0,1.066225596256167,1.3578720450442694,0.0,0.0,0.0,0.0,0,1400.0,1390.5584611379977,7.0,30.0,0.0,0.0,4.5
1484899,2025-10-10T13:10:00+00:00,1760101800,,,UAE U23,10184,Jordan U23,10938,0,2,10,2025,3.0,3.0,0.9057528532183046,1.7674204867362466,0.0,0.0,0.0,0.0,0,1380.28774368332,1409.9919564458091,30.0,30.0,0.0,0.0,4.5
1484900,2025-10-10T14:00:00+00:00,1760104800,,,Lithuania U19,10370,Estonia U19,10361,1,2,10,2025,4.0,1.0,0.8218720802241597,0.9733313924350526,0.0,0.0,0.0,0.0,0,1381.6135538353274,1400.8301435971896,30.0,30.0,0.0,0.0,4.5
1484901,2025-10-10T14:00:00+00:00,1760104800,,,Bosnia-Herzegovina U19,10359,Georgia U19,10335,2,1,10,2025,4.0,1.0,0.556721271391694,2.1414394544622786,0.0,0.0,0.0,0.0,0,1380.5750112778453,1381.3887301446955,30.0,30.0,0.0,0.0,4.5
1323316,2025-10-10T14:00:00+00:00,1760104800,P. Raczkowski,Astana,Kazakhstan,1095,Liechtenstein,1107,4,0,32,2024,2.0,2.0,1.99,0.42,9.0,1.0,12.0,15.0,1,1366.999199085916,1352.7265136682367,30.0,30.0,0.0,0.0,4.375
1484902,2025-10-10T14:30:00+00:00,1760106600,,,Saudi Arabia U23,10955,Korea Republic U23,10177,4,0,10,2025,3.0,0.0,1.4375976853899246,1.6519284691814289,0.0,0.0,0.0,0.0,0,1417.245065144449,1399.4249887221547,30.0,30.0,0.0,0.0,4.5
1484903,2025-10-10T14:30:00+00:00,1760106600,,,Italy U19,10338,Scotland U19,10345,1,1,10,2025,0.0,3.0,0.6828585527873432,2.490340152238306,0.0,0.0,0.0,0.0,0,1400.28774368332,1400.0,30.0,30.0,0.0,0.0,4.5
1484905,2025-10-10T15:00:00+00:00,1760108400,,,Serbia U19,10346,Russia U19,10344,3,2,10,2025,1.0,2.0,2.110315737009401,1.623788260980494,0.0,0.0,0.0,0.0,0,1429.4249887221547,1409.4249887221547,30.0,30.0,0.0,0.0,4.5
1484904,2025-10-10T15:00:00+00:00,1760108400,,,Slovakia U19,10347,Finland U19,10333,1,3,10,2025,5.0,2.0,1.415451765130696,2.391212581835985,0.0,0.0,0.0,0.0,0,1399.4249887221547,1438.3161904964977,30.0,30.0,0.0,0.0,4.5
1484906,2025-10-10T15:00:00+00:00,1760108400,,,Albania U21,8177,San Marino U21,8220,2,0,10,2025,1.0,6.0,1.1380564981275425,0.7819923836314158,0.0,0.0,0.0,0.0,0,1381.0701472548012,1400.0,30.0,7.0,0.0,0.0,4.5
1484908,2025-10-10T16:00:00+00:00,1760112000,,,Malta U19,10372,ABFF U19,25809,1,3,10,2025,1.0,3.0,1.9257554068402536,1.8660119681571905,0.0,0.0,0.0,0.0,0,1371.551812323013,1390.5750112778453,30.0,30.0,0.0,0.0,4.5
1469289,2025-10-10T16:00:00+00:00,1760112000,,Istanbul,Bolivia,2381,Jordan,1548,1,0,10,2025,2.0,3.0,1.6545606222681823,2.188127401496488,0.0,0.0,0.0,0.0,0,1495.9711391837463,1418.7285572378,30.0,30.0,0.0,0.0,4.5
1484907,2025-10-10T16:00:00+00:00,1760112000,,,Romania U21,8218,Serbia U21,8222,0,1,10,2025,4.0,1.0,0.6871413697719668,2.052036385904924,0.0,0.0,0.0,0.0,0,1400.0,1390.0219001205915,7.0,30.0,0.0,0.0,4.5
1484909,2025-10-10T16:45:00+00:00,1760114700,,,Belarus U21,8182,Russia U21,8219,2,0,10,2025,3.0,2.0,2.2548994634435484,1.1626437698746612,0.0,0.0,0.0,0.0,0,1410.0,1392.2120209805607,30.0,30.0,0.0,0.0,4.5
1367144,2025-10-10T17:00:00+00:00,1760115600,,Volgograd,Russia,4,Iran,22,2,1,10,2025,0.0,1.0,2.165889265787192,2.478336105476628,0.0,0.0,0.0,0.0,0,1522.0684190137567,1870.39337269189,30.0,30.0,0.0,0.0,4.5
1323317,2025-10-10T18:45:00+00:00,1760121900,G. Nyberg,Belfast,Northern Ireland,771,Slovakia,773,2,0,32,2024,2.0,0.0,0.57,1.07,6.0,4.0,14.0,12.0,1,1454.0499803994219,1648.009045265795,30.0,30.0,0.0,0.0,4.055555555555555
1323320,2025-10-10T18:45:00+00:00,1760121900,S. Jablonski,Reykjavík,Iceland,18,Ukraine,772,3,5,32,2024,1.0,4.0,1.11,0.78,4.0,2.0,11.0,13.0,1,1450.4839581562169,1802.9740790253873,30.0,30.0,0.0,0.0,4.7
1323318,2025-10-10T18:45:00+00:00,1760121900,M. Guida,Pristina,Kosovo,1111,Slovenia,1091,0,0,32,2024,2.0,2.0,0.54,0.92,2.0,4.0,10.0,12.0,1,1440.8982643772588,1504.9805362982427,30.0,30.0,0.0,0.0,4.0625
1323321,2025-10-10T18:45:00+00:00,1760121900,H. U. Meler,Gent,Belgium,1,FYR Macedonia,1105,0,0,32,2024,3.0,2.0,3.24,0.05,13.0,2.0,15.0,8.0,1,1985.8599896796277,1432.7424122380266,30.0,30.0,0.0,0.0,4.25
1366298,2025-10-10T18:45:00+00:00,1760121900,N. Minakovic,Sinsheim,Germany,25,Luxembourg,1102,4,0,32,2024,0.0,1.0,3.35,0.16,7.0,0.0,10.0,5.0,1,1922.6502722515577,1396.8080100298691,30.0,30.0,0.0,0.0,3.625
1366299,2025-10-10T18:45:00+00:00,1760121900,R. Saggi,Paris,France,2,Azerbaijan,1096,3,0,32,2024,1.0,2.0,3.23,0.14,10.0,0.0,8.0,14.0,1,2075.0991712149166,1394.5918840651518,30.0,30.0,0.0,0.0,4.3
1323319,2025-10-10T18:45:00+00:00,1760121900,A. Taylor,Solna,Sweden,5,Switzerland,15,0,2,32,2024,1.0,1.0,1.28,2.59,4.0,9.0,13.0,10.0,1,1779.5779038257008,1931.630992644733,30.0,30.0,0.0,0.0,3.0555555555555554
1484910,2025-10-10T19:00:00+00:00,1760122800,,,Spain U21,8224,Norway U21,8214,4,1,10,2025,3.0,3.0,1.238036923360386,0.6028739412402757,0.0,0.0,0.0,0.0,0,1389.7287935411387,1419.720055976604,30.0,30.0,0.0,0.0,4.5
1484911,2025-10-10T23:00:00+00:00,1760137200,,Santiago,Chile,2383,Peru,30,2,1,10,2025,1.0,1.0,2.088962247281172,0.6170730417011472,0.0,0.0,0.0,0.0,0,1708.3930525577366,1714.084377133997,30.0,30.0,0.0,0.0,4.5
1396844,2025-10-10T23:30:00+00:00,1760139000,,Montreal,Canada,5529,Australia,20,0,1,10,2025,4.0,2.0,1.142250158631149,2.153091043380579,0.0,0.0,0.0,0.0,0,1670.0008339585734,1846.9988274458879,30.0,30.0,0.0,0.0,4.5
1466666,2025-10-11T00:00:00+00:00,1760140800,,Miami Garden,Argentina,26,Venezuela,2379,1,0,10,2025,2.0,1.0,1.318975019445806,1.4207662301734978,0.0,0.0,0.0,0.0,0,2110.1010432181683,1740.8538747170717,30.0,30.0,0.0,0.0,4.5
1402649,2025-10-11T00:30:00+00:00,1760142600,,Austin,USA,2384,Ecuador,2382,1,1,10,2025,2.0,1.0,2.1826606614340616,2.018073538021873,0.0,0.0,0.0,0.0,0,1827.4767699460115,1834.7389504465846,30.0,30.0,0.0,0.0,4.5
1484912,2025-10-11T09:00:00+00:00,1760173200,,,England U19,10332,Belgium U19,10327,4,1,10,2025,1.0,5.0,0.6373814728493452,2.3750427669783463,0.0,0.0,0.0,0.0,0,1410.28774368332,1410.0,30.0,30.0,0.0,0.0,4.5
1486581,2025-10-11T09:00:00+00:00,1760173200,,,Poland U18,21476,Ireland U18,27060,2,0,10,2025,3.0,2.0,2.0786951055660854,1.3886732207702552,0.0,0.0,0.0,0.0,0,1410.2712219004936,1400.0,30.0,7.0,0.0,0.0,4.5
1484913,2025-10-11T10:30:00+00:00,1760178600,,,Croatia U18,22340,Norway U19,10342,3,0,10,2025,2.0,0.0,0.8589629556559051,1.6257368390613287,0.0,0.0,0.0,0.0,0,1411.365163191596,1426.988961009792,3.0,1.8645833333333333,0.0,0.0,4.5
1484916,2025-10-11T11:00:00+00:00,1760180400,,,Portugal U18,19073,Romania U18,21477,1,1,10,2025,2.0,1.0,1.8355777554535424,1.1312444738958831,0.0,0.0,0.0,0.0,0,1453.831225185972,1409.1780776804815,2.0,2.0,0.0,0.0,4.5
1484915,2025-10-11T11:00:00+00:00,1760180400,,,Switzerland U18,22341,Netherlands U18,22435,3,3,10,2025,3.0,3.0,0.8588239079291378,2.4253586952258432,0.0,0.0,0.0,0.0,0,1400.2960185560382,1410.782423669688,30.0,30.0,0.0,0.0,4.5
1484914,2025-10-11T11:00:00+00:00,1760180400,,,Turkey U18,19075,Spain U18,19074,1,3,10,2025,1.0,0.0,2.4944095565164464,2.247495986333464,0.0,0.0,0.0,0.0,0,1400.2719259137798,1391.291482876784,2.0,2.0,0.0,0.0,4.5
1484917,2025-10-11T12:00:00+00:00,1760184000,,,Moldova U19,10373,Bulgaria U19,10328,1,0,10,2025,1.0,3.0,2.438280960321945,2.1846846410554748,0.0,0.0,0.0,0.0,0,1409.4034186788963,1400.5750112778453,30.0,30.0,0.0,0.0,4.5
1485029,2025-10-11T13:00:00+00:00,1760187600,,,Ukraine U18,22343,Wales U18,21481,1,0,10,2025,4.0,2.0,2.358921481400684,0.8233394642610559,0.0,0.0,0.0,0.0,0,1399.9992588424423,1382.6033308917024,3.1041666666666665,1.96875,0.0,0.0,4.5
1484918,2025-10-11T13:00:00+00:00,1760187600,,,USA U19,25282,Northern Ireland U19,10375,4,0,10,2025,3.0,2.0,0.8826187730788888,1.778304487868538,0.0,0.0,0.0,0.0,0,1400.0,1400.0,7.0,7.0,0.0,0.0,4.5
1323322,2025-10-11T13:00:00+00:00,1760187600,G. Kabakov,Riga,Latvia,1092,Andorra,1110,2,2,32,2024,1.0,3.0,1.52,0.47,5.0,1.0,7.0,13.0,1,1389.393933844784,1361.1391976862392,30.0,30.0,0.0,0.0,3.7
1484920,2025-10-11T13:00:00+00:00,1760187600,,,Romania U19,10378,Cyprus U19,10360,3,1,10,2025,2.0,2.0,2.100882098315692,1.0437897096297504,0.0,0.0,0.0,0.0,0,1399.719628873373,1409.5034716928064,30.0,30.0,0.0,0.0,4.5
1484921,2025-10-11T13:00:00+00:00,1760187600,,,France U19,10334,Switzerland U19,10350,5,3,10,2025,1.0,5.0,2.401576102195204,2.4607205306235502,0.0,0.0,0.0,0.0,0,1419.4249887221547,1409.9828473095117,30.0,3.0,0.0,0.0,4.5
1484919,2025-10-11T13:00:00+00:00,1760187600,,,Sweden U19,10380,Turkey U19,10351,2,4,10,2025,0.0,2.0,2.482130404468293,1.789711431366439,0.0,0.0,0.0,0.0,0,1381.0798397644098,1389.7112038575121,1.96875,3.09375,0.0,0.0,4.5
1484922,2025-10-11T13:45:00+00:00,1760190300,,,Denmark U19,10331,Poland U19,10376,0,1,10,2025,1.0,1.0,2.3894973157093298,1.5782099022180645,0.0,0.0,0.0,0.0,0,1400.25219955413,1401.124592663806,3.125,3.0,0.0,0.0,4.5
1484923,2025-10-11T15:00:00+00:00,1760194800,,,Tunisia U23,20562,Iraq U23,10192,3,1,10,2025,2.0,2.0,2.14414275934928,1.2282334753503392,0.0,0.0,0.0,0.0,0,1400.0,1419.7044509179902,7.0,30.0,0.0,0.0,4.5
1323324,2025-10-11T16:00:00+00:00,1760198400,S. Marciniak,Oslo,Norway,1090,Israel,1116,5,0,32,2024,0.0,1.0,2.51,0.19,5.0,1.0,10.0,11.0,1,1734.699423364155,1447.2738171238243,30.0,30.0,0.0,0.0,3.3125
1323323,2025-10-11T16:00:00+00:00,1760198400,C. Kavanagh,Budapest,Hungary,769,Armenia,1094,2,0,32,2024,0.0,1.0,1.62,0.45,10.0,1.0,9.0,10.0,1,1754.753712296687,1379.1521803857845,30.0,30.0,0.0,0.0,4.083333333333333
1484924,2025-10-11T16:00:00+00:00,1760198400,,,Netherlands U19,10340,Wales U19,10353,0,2,10,2025,1.0,3.0,0.8673070364663844,1.130055409567349,0.0,0.0,0.0,0.0,0,1399.71225631668,1380.2957556965307,30.0,3.125,0.0,0.0,4.5
1484925,2025-10-11T16:00:00+00:00,1760198400,,,Croatia U19,10329,Portugal U19,10343,2,2,10,2025,1.0,3.0,1.6284957304407166,1.1925025702649228,0.0,0.0,0.0,0.0,0,1410.0162597891701,1418.8818758010273,3.09375,2.09375,0.0,0.0,4.5
1484926,2025-10-11T17:00:00+00:00,1760202000,,,Netherlands U17,12514,Portugal U17,17971,3,2,10,2025,2.0,1.0,1.7197442702985606,0.521008775704586,0.0,0.0,0.0,0.0,0,1419.71225631668,1390.0,2.2916666666666665,30.0,0.0,0.0,4.5
1366300,2025-10-11T18:45:00+00:00,1760208300,M. Lukjancukas,Elche,Spain,9,Georgia,1104,2,0,32,2024,1.0,0.0,3.54,0.01,10.0,0.0,12.0,8.0,1,2055.8033092880733,1451.2846916152498,30.0,30.0,0.0,0.0,3.625
1366301,2025-10-11T18:45:00+00:00,1760208300,I. Kruzliak,Lisbon,Portugal,27,Rep. Of Ireland,776,1,0,32,2024,2.0,5.0,3.74,0.1,9.0,0.0,30.0,2.0,1,1974.9488362432094,1437.8910023664153,30.0,30.0,0.0,0.0,4.3
1323325,2025-10-11T18:45:00+00:00,1760208300,L. M. Branco Godinho,Sofia,Bulgaria,1103,Türkiye,777,1,6,32,2024,2.0,1.0,0.53,1.84,5.0,8.0,11.0,4.0,1,1392.6079601603815,1502.027387647528,30.0,30.0,0.0,0.0,3.5833333333333335
1323326,2025-10-11T18:45:00+00:00,1760208300,I. Kovacs,Leskovac,Serbia,14,Albania,778,0,1,32,2024,2.0,3.0,1.24,0.54,4.0,2.0,19.0,14.0,1,1768.5027214666502,1466.4820330608075,30.0,30.0,0.0,0.0,4.416666666666667
1366302,2025-10-11T18:45:00+00:00,1760208300,S. Gozubuyuk,Tallinn,Estonia,1101,Italy,768,1,3,32,2024,4.0,3.0,0.77,2.65,0.0,8.0,22.0,9.0,1,1382.402377370616,1945.082015293602,30.0,30.0,0.0,0.0,4.75
1472938,2025-10-11T23:30:00+00:00,1760225400,,,Grenada,5533,Cuba,2388,2,0,10,2025,2.0,2.0,1.554256404739393,2.0629090096648426,0.0,0.0,0.0,0.0,0,1404.070886903642,1380.3126823486568,3.0625,2.9791666666666665,0.0,0.0,4.5
1400027,2025-10-12T01:00:00+00:00,1760230800,,Arlington,Mexico,16,Colombia,8,0,4,10,2025,2.0,1.0,1.940252481723072,2.462836609164196,0.0,0.0,0.0,0.0,0,1868.9936874109212,1971.7057584168224,30.0,30.0,0.0,0.0,4.5
1484929,2025-10-12T09:00:00+00:00,1760259600,,,Albania U19,10354,Republic of Ireland U19,10377,2,2,10,2025,0.0,2.0,2.0331443237112783,1.50534410749872,0.0,0.0,0.0,0.0,0,1407.3956400620152,1371.0730707471819,2.0,2.0,0.0,0.0,4.5
1484928,2025-10-12T09:00:00+00:00,1760259600,,,Czech Republic U18,21465,Denmark U18,22428,0,1,10,2025,3.0,3.0,1.60965625370611,1.65112426161162,0.0,0.0,0.0,0.0,0,1401.6754217582798,1446.8903025126444,2.7916666666666665,2.7916666666666665,0.0,0.0,4.5
1484927,2025-10-12T09:00:00+00:00,1760259600,,,Lithuania U19,10370,Estonia U19,10361,1,0,10,2025,4.0,2.0,1.5053688162407215,1.6941858471542712,0.0,0.0,0.0,0.0,0,1372.1660884312741,1410.2776090012428,1.7916666666666667,1.7916666666666667,0.0,0.0,4.5
1484930,2025-10-12T11:00:00+00:00,1760266800,,,Montenegro U19,10374,North Macedonia U19,10341,2,4,10,2025,0.0,2.0,2.374632711584619,2.318089081786809,0.0,0.0,0.0,0.0,0,1371.9718342579242,1418.0281657420758,2.8958333333333335,2.8958333333333335,0.0,0.0,4.5
1486582,2025-10-12T11:00:00+00:00,1760266800,,,Uzbekistan U18,27067,Azerbaijan U18,27056,3,1,10,2025,1.0,1.0,0.5675234143615546,1.553116479340508,0.0,0.0,0.0,0.0,0,1400.0,1400.0,3.0,3.0,0.0,0.0,4.5
1484931,2025-10-12T12:00:00+00:00,1760270400,,,Uzbekistan U20,21061,Kazakhstan U21,8202,1,0,10,2025,3.0,2.0,2.245877148132486,1.412142513102197,0.0,0.0,0.0,0.0,0,1400.0,1400.0,30.0,7.0,0.0,0.0,4.5
1484932,2025-10-12T13:00:00+00:00,1760274000,,,Hungary U19,10365,Greece U19,10364,0,4,10,2025,1.0,2.0,0.7347551888599069,1.4045145697254475,0.0,0.0,0.0,0.0,0,1400.8145494915402,1388.6594753249296,3.0625,3.0625,0.0,0.0,4.5
1323327,2025-10-12T13:00:00+00:00,1760274000,A. Aghayev,Serravalle,San Marino,1115,Cyprus,1106,0,4,32,2024,2.0,3.0,0.81,3.19,2.0,5.0,15.0,13.0,1,1320.813934632404,1406.0081362041503,2.7604166666666665,2.7604166666666665,0.0,0.0,3.9166666666666665
1484934,2025-10-12T13:00:00+00:00,1760274000,,,Bosnia-Herzegovina U19,10359,Georgia U19,10335,1,3,10,2025,3.0,1.0,1.6753354431042409,1.0547913759966128,0.0,0.0,0.0,0.0,0,1390.5984319466809,1371.36530947586,1.9583333333333333,1.9583333333333333,0.0,0.0,4.5
1484935,2025-10-12T14:00:00+00:00,1760277600,,,Liechtenstein U19,10369,Czech Republic U19,10330,0,9,10,2025,3.0,0.0,1.397841132205751,0.977978487864614,0.0,0.0,0.0,0.0,0,1389.7039814439618,1400.0082748727182,2.8541666666666665,2.8541666666666665,0.0,0.0,4.5
1323328,2025-10-12T16:00:00+00:00,1760284800,M. Barbu,Glasgow,Scotland,1108,Belarus,1100,2,1,32,2024,0.0,2.0,1.09,0.86,7.0,6.0,10.0,14.0,1,1670.1413967061644,1389.2344964722856,2.8854166666666665,2.8854166666666665,0.0,0.0,4.1
1323329,2025-10-12T16:00:00+00:00,1760284800,A. Colombo,Torshavn,Faroe Islands,1098,Czechia,770,2,1,32,2024,3.0,1.0,0.39,1.84,1.0,7.0,10.0,13.0,1,1400.5902882449282,1483.7866414956536,2.8854166666666665,2.8854166666666665,0.0,0.0,4.375
1366303,2025-10-12T16:00:00+00:00,1760284800,S. Vincic,Amsterdam,Netherlands,1118,Finland,1099,4,0,32,2024,0.0,2.0,2.86,0.67,12.0,1.0,8.0,13.0,1,1980.6061913408444,1436.232106078849,2.8854166666666665,3.0,0.0,0.0,3.8125
1351556,2025-10-12T17:00:00+00:00,1760288400,"Vitalijs Spasjonnikovs, Latvia",Ta'Qali,Malta,1112,Bosnia & Herzegovina,1113,1,4,10,2025,3.0,5.0,0.925654753196731,2.156774592764127,0.0,0.0,0.0,0.0,0,1408.6197116335734,1429.3800474227635,2.9270833333333335,2.9270833333333335,0.0,0.0,4.5
1486426,2025-10-12T17:00:00+00:00,1760288400,,,Bahrain,1547,Egypt B,27055,0,4,10,2025,3.0,1.0,1.5131570913326018,1.520875392124724,0.0,0.0,0.0,0.0,0,1397.8842113958744,1390.0,2.9166666666666665,3.0,0.0,0.0,4.5
1323331,2025-10-12T18:45:00+00:00,1760294700,D. Massa,Bucharest,Romania,774,Austria,775,1,0,32,2024,2.0,4.0,0.59,0.11,2.0,4.0,10.0,3.0,1,1607.2723348911622,1860.4405912148306,3.03125,3.0,0.0,0.0,4.5
1366305,2025-10-12T18:45:00+00:00,1760294700,O. Derevinskyi,Varaždin,Croatia,3,Gibraltar,1093,3,0,32,2024,2.0,2.0,3.98,0.01,18.0,0.0,7.0,7.0,1,1960.1531259565916,1348.581404601688,3.0,4.072916666666667,0.0,0.0,4.375
1366304,2025-10-12T18:45:00+00:00,1760294700,M. Oliver,Copenhagen,Denmark,21,Greece,1117,3,1,32,2024,1.0,3.0,1.42,1.44,7.0,6.0,12.0,14.0,1,1872.5232398834207,1618.0820599417555,3.0,3.0,0.0,0.0,4.05
1323330,2025-10-12T18:45:00+00:00,1760294700,O. Berka,Kaunas,Lithuania,1097,Poland,24,0,2,32,2024,2.0,2.0,0.39,1.28,4.0,8.0,21.0,13.0,1,1383.8935339566674,1818.999872951061,3.1145833333333335,3.0,0.0,0.0,3.9
1484936,2025-10-13T09:00:00+00:00,1760346000,,,Italy U19,10338,Scotland U19,10345,1,0,10,2025,0.0,2.0,1.0254153299503577,0.7026754937475315,0.0,0.0,0.0,0.0,0,1400.2794617562658,1400.0082819270542,2.7708333333333335,2.7708333333333335,0.0,0.0,4.5
1484937,2025-10-13T10:00:00+00:00,1760349600,,,Slovakia U19,10347,Finland U19,10333,1,3,10,2025,3.0,1.0,0.6292800368267839,2.068740306507533,0.0,0.0,0.0,0.0,0,1390.5397154999591,1447.2014637186933,2.7916666666666665,2.7916666666666665,0.0,0.0,4.5
1486563,2025-10-13T10:00:00+00:00,1760349600,,,Switzerland U18,22341,Ireland U18,27060,1,1,10,2025,0.0,1.0,1.108519575097113,1.0900969607336368,0.0,0.0,0.0,0.0,0,1400.5977499399035,1390.2955434369312,1.9583333333333333,2.0416666666666665,0.0,0.0,4.5
1466848,2025-10-13T12:45:00+00:00,1760359500,,Kuala Lumpur,Uzbekistan,1568,Uruguay,7,1,2,10,2025,2.0,0.0,2.2767232466799125,1.3912770229028015,0.0,0.0,0.0,0.0,0,1466.8854209574995,1916.1750181824818,3.9895833333333335,3.0,0.0,0.0,4.5
1484938,2025-10-13T13:00:00+00:00,1760360400,,,Indonesia U23,10936,India U23,10935,1,1,10,2025,4.0,1.0,2.3708537084449905,2.090716876662485,0.0,0.0,0.0,0.0,0,1389.7283175408081,1400.8301435971896,3.0,3.0,0.0,0.0,4.5
1485030,2025-10-13T13:00:00+00:00,1760360400,,,Croatia U18,22340,Wales U18,21481,1,0,10,2025,2.0,2.0,1.2954557669001765,1.881896691720584,0.0,0.0,0.0,0.0,0,1421.8145493652255,1373.1036079588548,2.1041666666666665,2.0,0.0,0.0,4.5
1484939,2025-10-13T13:15:00+00:00,1760361300,,,UAE U23,10184,Jordan U23,10938,1,1,10,2025,4.0,4.0,2.092339095087316,2.4684100606920003,0.0,0.0,0.0,0.0,0,1371.140622625355,1419.1390775037742,3.0034722222222223,3.0034722222222223,0.0,0.0,4.5
1484940,2025-10-13T15:00:00+00:00,1760367600,,,Qatar U23,10954,Vietnam U23,10964,3,2,10,2025,1.0,3.0,1.7108718380187715,2.051261303349781,0.0,0.0,0.0,0.0,0,1402.1388397445419,1399.4551274948783,3.9583333333333335,3.9583333333333335,0.0,0.0,4.5
1484941,2025-10-13T15:30:00+00:00,1760369400,,,Belarus U21,8182,Russia U21,8219,1,1,10,2025,1.0,2.0,2.3223908389724244,0.9705774836247378,0.0,0.0,0.0,0.0,0,1419.4884676777901,1382.7235533027706,2.9479166666666665,2.9479166666666665,0.0,0.0,4.5
1484942,2025-10-13T16:00:00+00:00,1760371200,,,Netherlands U18,22435,Poland U18,21476,1,2,10,2025,4.0,2.0,1.5725007203021957,2.2470245858414044,0.0,0.0,0.0,0.0,0,1410.4806922858227,1419.9756784635624,2.2083333333333335,2.2916666666666665,0.0,0.0,4.5
1484943,2025-10-13T16:00:00+00:00,1760371200,,,Malta U19,10372,ABFF U19,25809,0,8,10,2025,1.0,2.0,0.6543528934973988,2.3426311766834544,0.0,0.0,0.0,0.0,0,1362.0987975073992,1400.0280260934592,3.0,3.0,0.0,0.0,4.5
1339005,2025-10-13T16:00:00+00:00,1760371200,,Podgorica,Montenegro,1109,Liechtenstein,1107,2,1,10,2025,1.0,4.0,2.0813199213057985,1.183955432304543,0.0,0.0,0.0,0.0,0,1398.1191112860492,1343.1370836469912,3.8854166666666665,3.0833333333333335,0.0,0.0,4.5
1484944,2025-10-13T16:00:00+00:00,1760371200,,,Côte d'Ivoire U20,11026,Algeria U20,11017,0,1,10,2025,3.0,1.0,2.160841617014338,0.5583927595398792,0.0,0.0,0.0,0.0,0,1400.2712064588613,1409.1537822632934,4.0,4.0,0.0,0.0,4.5
1484945,2025-10-13T16:30:00+00:00,1760373000,,,Saudi Arabia U19,22436,Bahrain U20,19624,2,1,10,2025,1.0,3.0,1.5589921358752623,2.3908028280235403,0.0,0.0,0.0,0.0,0,1409.7127322742465,1380.303817865601,4.0625,4.0625,0.0,0.0,4.5
1486382,2025-10-13T17:00:00+00:00,1760374800,,,Algeria B,27054,Palestine,1562,0,1,10,2025,3.0,1.0,0.9323713140040106,1.3728220482818894,0.0,0.0,0.0,0.0,0,1408.7702272190777,1348.2857232683891,3.8958333333333335,3.8958333333333335,0.0,0.0,4.5
1323335,2025-10-13T18:45:00+00:00,1760381100,S. Gishamer,Wroclaw,Ukraine,772,Azerbaijan,1096,2,1,32,2024,3.0,1.0,2.34,0.4,7.0,1.0,12.0,7.0,1,1805.2977128390119,1394.2017565762642,3.0,3.0,0.0,0.0,3.9
1323333,2025-10-13T18:45:00+00:00,1760381100,F. Zwayer,Ljubljana,Slovenia,1091,Switzerland,15,0,0,32,2024,1.0,0.0,0.35,0.46,3.0,4.0,10.0,5.0,1,1503.1567350617145,1937.5140963330548,3.0,3.0,0.0,0.0,4.136363636363637
1366306,2025-10-13T18:45:00+00:00,1760381100,J. Manzano,Belfast,Northern Ireland,771,Germany,25,0,1,32,2024,4.0,2.0,1.15,1.0,4.0,5.0,18.0,14.0,1,1469.1168262800031,1923.5746978613547,3.0,3.0,0.0,0.0,4.785714285714286
1366307,2025-10-13T18:45:00+00:00,1760381100,O. Grinfeld,Reykjavík,Iceland,18,France,2,2,2,32,2024,1.0,1.0,0.82,2.5,0.0,9.0,16.0,12.0,1,1448.1603243425923,2075.4892987038043,3.0,3.0,0.0,0.0,3.7
1323336,2025-10-13T18:45:00+00:00,1760381100,J. Martinez,Skopje,FYR Macedonia,1105,Kazakhstan,1095,1,1,32,2024,1.0,5.0,2.7,1.57,7.0,2.0,20.0,15.0,1,1441.9469669769906,1376.5886291071615,3.0,3.1979166666666665,0.0,0.0,4.875
1323334,2025-10-13T18:45:00+00:00,1760381100,D. Makkelie,Gothenburg,Sweden,5,Kosovo,1111,0,1,32,2024,0.0,2.0,0.9,1.44,12.0,0.0,16.0,10.0,1,1773.694800137379,1442.722065613787,3.0,3.0,0.0,0.0,4.35
1323337,2025-10-13T18:45:00+00:00,1760381100,D. Siebert,Cardiff,Wales,767,Belgium,1,2,4,32,2024,2.0,1.0,0.92,3.44,6.0,5.0,10.0,6.0,1,1738.5478097145176,1976.6554349406638,4.0,3.0,0.0,0.0,5.0625
1323332,2025-10-13T18:45:00+00:00,1760381100,R. Obrenovic,Trnava,Slovakia,773,Luxembourg,1102,2,0,32,2024,1.0,4.0,1.18,0.34,5.0,4.0,13.0,7.0,1,1632.9421993852138,1395.883584420072,3.0,3.0,0.0,0.0,3.9166666666666665
1484946,2025-10-14T07:00:00+00:00,1760425200,,,Moldova U19,10373,Bulgaria U19,10328,0,2,10,2025,2.0,2.0,1.2571021829544111,2.288011354364138,0.0,0.0,0.0,0.0,0,1419.1493713631921,1390.8290585935495,2.7916666666666665,2.7916666666666665,0.0,0.0,4.5
1484947,2025-10-14T08:00:00+00:00,1760428800,,,China PR U23,10932,Thailand U23,10960,0,0,10,2025,2.0,1.0,0.6490063721833539,2.3282375787840985,0.0,0.0,0.0,0.0,0,1391.660860521981,1389.4570646308546,4.0,4.0,0.0,0.0,4.5
1484948,2025-10-14T09:00:00+00:00,1760432400,,,Romania U19,10378,Cyprus U19,10360,1,2,10,2025,6.0,2.0,1.0096719507469707,1.72039595669661,0.0,0.0,0.0,0.0,0,1410.0011560936196,1399.22194447256,2.8333333333333335,2.8333333333333335,0.0,0.0,4.5
1484949,2025-10-14T09:00:00+00:00,1760432400,,,Netherlands U19,10340,France U19,10334,2,3,10,2025,0.0,3.0,1.9957454035428903,1.896880606946772,0.0,0.0,0.0,0.0,0,1389.1539855730337,1429.153288932963,2.7083333333333335,2.8333333333333335,0.0,0.0,4.5
1484950,2025-10-14T10:00:00+00:00,1760436000,,,Serbia U19,10346,Russia U19,10344,1,4,10,2025,3.0,2.0,2.2467344684304886,1.2516486388123094,0.0,0.0,0.0,0.0,0,1438.8499774443094,1400.0,3.7916666666666665,3.7916666666666665,0.0,0.0,4.5
1484952,2025-10-14T10:00:00+00:00,1760436000,,,England U19,10332,Wales U19,10353,7,0,10,2025,0.0,0.0,0.9392094258249726,2.461626227824805,0.0,0.0,0.0,0.0,0,1420.2794617562658,1390.854026440177,3.0416666666666665,2.75,0.0,0.0,4.5
1484951,2025-10-14T10:00:00+00:00,1760436000,,,Poland U19,10376,Turkey U19,10351,1,0,10,2025,3.0,0.0,1.9154036965892367,1.5615798796286768,0.0,0.0,0.0,0.0,0,1411.099483224457,1399.4628243248565,2.84375,2.875,0.0,0.0,4.5
1484953,2025-10-14T10:30:00+00:00,1760437800,,,Croatia U19,10329,Sweden U19,10380,1,0,10,2025,3.0,5.0,2.289779198243356,1.5558423291582923,0.0,0.0,0.0,0.0,0,1410.271377360674,1371.3282192970655,2.7708333333333335,2.8958333333333335,0.0,0.0,4.5
1449844,2025-10-14T10:30:00+00:00,1760437800,"Jong-Hyeok Kim, South Korea",Tokyo,Japan,12,Brazil,6,3,2,10,2025,1.0,2.0,1.5210142874963757,1.6279367774126772,0.0,0.0,0.0,0.0,0,1906.0535829987227,1978.1301026104247,4.006944444444445,3.9791666666666665,0.0,0.0,4.5
1484955,2025-10-14T11:00:00+00:00,1760439600,,,Romania U18,21477,Spain U18,19074,2,3,10,2025,3.0,2.0,0.8963941857206617,0.9262395558947284,0.0,0.0,0.0,0.0,0,1410.45626862721,1401.5499032567238,3.0,3.0,0.0,0.0,4.5
1484954,2025-10-14T11:00:00+00:00,1760439600,,,Turkey U18,19075,Portugal U18,19073,0,1,10,2025,1.0,4.0,2.47472309463501,2.305830701905736,0.0,0.0,0.0,0.0,0,1390.0135055338399,1452.5530342392435,3.0,3.0,0.0,0.0,4.5
1449845,2025-10-14T11:00:00+00:00,1760439600,"Yusuke Araki, Japan",Seoul,South Korea,17,Paraguay,2380,2,0,10,2025,1.0,5.0,2.069721401570696,0.7966713577798832,0.0,0.0,0.0,0.0,0,1842.277388500155,1723.20301995678,4.0,4.027777777777778,0.0,0.0,4.5
1484956,2025-10-14T12:00:00+00:00,1760443200,,,Uzbekistan U20,21061,Kazakhstan U21,8202,3,1,10,2025,0.0,6.0,1.948117831730238,1.0353854342769346,0.0,0.0,0.0,0.0,0,1410.0,1390.0,2.0,2.0,0.0,0.0,4.5
1484957,2025-10-14T12:00:00+00:00,1760443200,,,USA U19,25282,Belgium U19,10327,2,2,10,2025,1.0,1.0,2.361765614194054,0.8253014941719596,0.0,0.0,0.0,0.0,0,1410.0,1400.0082819270542,2.9583333333333335,3.125,0.0,0.0,4.5
1484958,2025-10-14T13:45:00+00:00,1760449500,,,Ukraine U18,22343,Norway U19,10342,0,2,10,2025,1.0,1.0,1.963345204758964,0.8455876122023824,0.0,0.0,0.0,0.0,0,1409.4989817752898,1416.5395748361625,3.03125,3.1354166666666665,0.0,0.0,4.5
1484959,2025-10-14T13:45:00+00:00,1760449500,,,Portugal U19,10343,Denmark U19,10331,2,4,10,2025,3.0,1.0,1.8415891811950784,1.4053514397641702,0.0,0.0,0.0,0.0,0,1418.6267582295234,1390.277308993479,2.90625,3.0,0.0,0.0,4.5
1484960,2025-10-14T14:30:00+00:00,1760452200,,,Saudi Arabia U23,10955,Korea Republic U23,10177,2,0,10,2025,2.0,1.0,0.9441607725936736,1.610077813571494,0.0,0.0,0.0,0.0,0,1426.7326114064417,1389.937442460162,4.0,4.0,0.0,0.0,4.5
1484961,2025-10-14T15:00:00+00:00,1760454000,,,Tunisia U23,20562,Iraq U23,10192,3,0,10,2025,2.0,3.0,0.8849167347657874,2.187801681740299,0.0,0.0,0.0,0.0,0,1410.5665324047798,1409.1379185132105,3.0,3.0,0.0,0.0,4.5
1484962,2025-10-14T15:00:00+00:00,1760454000,,Dubai,Iran,22,Tanzania,1489,2,0,10,2025,4.0,3.0,0.6422400580711607,2.133896080792492,0.0,0.0,0.0,0.0,0,1852.7667015395325,1407.5280978140456,3.9166666666666665,30.0,0.0,0.0,4.5
1486564,2025-10-14T15:00:00+00:00,1760454000,,,Kuwait,1570,Morocco B,27064,0,1,10,2025,2.0,3.0,0.5616853841385336,1.5416731120976197,0.0,0.0,0.0,0.0,0,1384.6378262446538,1410.0,5.083333333333333,4.916666666666667,0.0,0.0,4.5
1323340,2025-10-14T16:00:00+00:00,1760457600,I. Pajac,Tallinn,Estonia,1101,Moldova,1114,1,1,32,2024,2.0,3.0,0.74,0.84,3.0,4.0,15.0,11.0,1,1381.6479260847632,1398.462750286263,2.8854166666666665,4.916666666666667,0.0,0.0,4.416666666666667
1484963,2025-10-14T16:00:00+00:00,1760457600,,,Switzerland U19,10350,Northern Ireland U19,10375,2,2,10,2025,2.0,4.0,1.7690387375825798,1.153602482875158,0.0,0.0,0.0,0.0,0,1400.2545470987034,1390.0,3.125,3.125,0.0,0.0,4.5
1352746,2025-10-14T16:00:00+00:00,1760457600,"Horatiu Fesnic, Romania",Oslo,Norway,1090,New Zealand,4673,1,1,10,2025,2.0,4.0,1.0821730311565,1.6576412506867086,0.0,0.0,0.0,0.0,0,1737.9093094925454,1426.3530568331596,3.0,4.885416666666667,0.0,0.0,4.5
1484964,2025-10-14T16:30:00+00:00,1760459400,,,Netherlands U21,8211,Lithuania U21,8206,2,0,10,2025,0.0,1.0,1.940842690525337,2.4626111837340225,0.0,0.0,0.0,0.0,0,1390.0,1400.0,30.0,7.0,0.0,0.0,4.5
1469296,2025-10-14T17:00:00+00:00,1760461200,"Lukas Fahndrich, Switzerland",Tirana,Albania,778,Jordan,1548,4,2,10,2025,2.0,2.0,0.8175188048831781,1.5949093535175842,0.0,0.0,0.0,0.0,0,1483.49214194575,1410.9158583477044,2.9270833333333335,4.041666666666667,0.0,0.0,4.5
1435557,2025-10-14T17:00:00+00:00,1760461200,"Nikola Dabanovic, Montenegro",Moscow,Russia,4,Bolivia,2381,3,0,10,2025,0.0,4.0,1.851741570437475,1.5948148626515857,0.0,0.0,0.0,0.0,0,1539.6950901661141,1503.783838073842,4.0,4.041666666666667,0.0,0.0,4.5
1366310,2025-10-14T18:45:00+00:00,1760467500,C. Turpin,Udine,Italy,768,Israel,1116,3,0,32,2024,2.0,1.0,3.26,0.42,4.0,3.0,16.0,8.0,1,1945.8364665794547,1444.063930995434,3.0,3.1145833333333335,0.0,0.0,4.05
1366309,2025-10-14T18:45:00+00:00,1760467500,S. Jovanovic,Lisbon,Portugal,27,Hungary,769,2,2,32,2024,2.0,2.0,2.33,2.27,5.0,4.0,20.0,17.0,1,1975.8179765708378,1756.817763751221,3.0,3.1145833333333335,0.0,0.0,3.4166666666666665
1323342,2025-10-14T18:45:00+00:00,1760467500,A. Sidiropoulos,Riga,Latvia,1092,England,10,0,5,32,2024,4.0,1.0,0.47,2.9,2.0,9.0,11.0,5.0,1,1388.582485227022,2001.3252004298583,3.2395833333333335,5.0,0.0,0.0,4.1
1323341,2025-10-14T18:45:00+00:00,1760467500,A. Papapetrou,Encamp,Andorra,1110,Serbia,14,1,3,32,2024,4.0,1.0,0.02,2.27,0.0,10.0,4.0,21.0,1,1361.950646304001,1751.4926125817076,3.2395833333333335,3.0,0.0,0.0,4.083333333333333
1323338,2025-10-14T18:45:00+00:00,1760467500,R. M. Petrescu,Kocaeli,Türkiye,777,Georgia,1104,4,1,32,2024,1.0,1.0,1.24,0.85,7.0,6.0,14.0,16.0,1,1508.9781931431955,1450.6868935886926,3.0,3.0,0.0,0.0,3.5
1366308,2025-10-14T18:45:00+00:00,1760467500,W. Delajod,Valladolid,Spain,9,Bulgaria,1103,4,0,32,2024,2.0,2.0,2.99,0.4,11.0,0.0,7.0,6.0,1,2056.4011073146307,1385.657154664714,3.0,3.0,0.0,0.0,3.7
1323339,2025-10-14T18:45:00+00:00,1760467500,B. Bastien,Dublin,Rep. Of Ireland,776,Armenia,1094,1,0,32,2024,4.0,0.0,2.14,0.11,6.0,0.0,12.0,6.0,1,1437.0218620387868,1377.0881289312504,3.0,3.1145833333333335,0.0,0.0,3.7
1457376,2025-10-15T00:00:00+00:00,1760486400,,Fort Lauderdale,Puerto Rico,5539,Argentina,26,0,6,10,2025,3.0,2.0,2.0755565055112912,2.007812745024216,0.0,0.0,0.0,0.0,0,1380.7664126811994,2112.2337925261004,30.0,4.0,0.0,0.0,4.5
1396845,2025-10-15T00:30:00+00:00,1760488200,"Guido Gonzales Jr, USA",Harrison,Canada,5529,Colombia,8,0,0,10,2025,2.0,5.0,1.1523104273693598,2.176657945837836,0.0,0.0,0.0,0.0,0,1664.6959307237785,1978.8326827139788,4.041666666666667,2.9791666666666665,0.0,0.0,4.5
1405465,2025-10-15T01:00:00+00:00,1760490000,"Pierre Luce Lauziere, Canada",Commerce City,USA,2384,Australia,20,2,1,10,2025,0.0,3.0,2.4184757010860944,0.5583968973479716,0.0,0.0,0.0,0.0,0,1827.6857618675076,1852.3037306806827,4.020833333333333,4.0625,0.0,0.0,4.5
1436252,2025-10-15T02:30:00+00:00,1760495400,,Guadalajara,Mexico,16,Ecuador,2382,1,1,10,2025,2.0,5.0,0.5743715444022375,1.3463538779934998,0.0,0.0,0.0,0.0,0,1861.8667631137648,1834.5299585250884,3.0625,4.083333333333333,0.0,0.0,4.5
1486565,2025-10-21T13:00:00+00:00,1761051600,,,Uruguay U18,27068,Colombia U17,20527,1,0,10,2025,4.0,1.0,1.870521544627022,2.000291310041609,0.0,0.0,0.0,0.0,0,1399.4249887221547,1419.4249887221547,12.0,30.0,0.0,0.0,4.5
1485031,2025-10-22T10:00:00+00:00,1761127200,,,Hungary U18,22498,Bosnia & Herzegovina U18,21461,1,0,10,2025,3.0,0.0,0.6188791230965154,0.8465747316091876,0.0,0.0,0.0,0.0,0,1400.0082819270542,1400.0,30.0,7.0,0.0,0.0,4.5
1486566,2025-10-23T13:00:00+00:00,1761224400,,,Uruguay U18,27068,Colombia U17,20527,1,1,10,2025,3.0,4.0,1.0731401107080447,0.5510799125151569,0.0,0.0,0.0,0.0,0,1410.0,1408.8499774443094,2.0,2.0,0.0,0.0,4.5
1484965,2025-10-25T11:30:00+00:00,1761391800,,,Venezuela U17,21213,Morocco U17,21302,3,3,10,2025,0.0,2.0,0.9078093836925148,0.5034007739760811,0.0,0.0,0.0,0.0,0,1406.9565926408268,1419.4249887221547,30.0,30.0,0.0,0.0,4.5
1486567,2025-10-26T09:00:00+00:00,1761469200,,,Malawi U17,27063,South Africa U17,21300,0,3,10,2025,0.0,3.0,0.6741999506697192,1.284173094936164,0.0,0.0,0.0,0.0,0,1400.0,1400.0,7.0,7.0,0.0,0.0,4.5
1484966,2025-10-27T13:00:00+00:00,1761570000,,,United Arab Emirates U18,26530,Canada W U17,12504,0,2,10,2025,4.0,1.0,2.333114647657468,1.9394930766597969,0.0,0.0,0.0,0.0,0,1400.831075983325,1400.0,30.0,7.0,0.0,0.0,4.5
1484967,2025-10-27T15:00:00+00:00,1761577200,,,Côte d'Ivoire U17,25818,Indonesia U17,22502,0,0,10,2025,2.0,1.0,0.522280054116852,2.451478785941325,0.0,0.0,0.0,0.0,0,1400.0,1400.0,7.0,7.0,0.0,0.0,4.5
1486568,2025-10-28T15:00:00+00:00,1761663600,,,Germany U18,23258,Luxembourg U18,27062,3,0,10,2025,4.0,4.0,1.855591523911,1.1888309858306014,0.0,0.0,0.0,0.0,0,1399.696224901321,1400.0,30.0,7.0,0.0,0.0,4.5
1484968,2025-10-29T12:00:00+00:00,1761739200,,,Switzerland U18,22341,Morocco U17,21302,0,2,10,2025,1.0,0.0,2.17879573411835,2.418270361103861,0.0,0.0,0.0,0.0,0,1400.301315475734,1419.066273415146,16.083333333333332,4.020833333333333,0.0,0.0,4.5
1484969,2025-10-30T09:00:00+00:00,1761814800,,,England U16,22254,Wales U16,25283,5,1,10,2025,2.0,3.0,1.2921669865122638,0.7538511510071748,0.0,0.0,0.0,0.0,0,1400.0,1400.0,7.0,7.0,0.0,0.0,4.5
1484970,2025-10-30T13:00:00+00:00,1761829200,,,Germany U17,17954,Canada W U17,12504,2,1,10,2025,0.0,2.0,0.7366830312091295,0.8299065150263902,0.0,0.0,0.0,0.0,0,1400.7969668367557,1410.023920244007,30.0,3.0,0.0,0.0,4.5
1486569,2025-11-02T12:00:00+00:00,1762084800,,,Kosovo U20,27061,Qatar U20,10300,5,1,10,2025,1.0,1.0,1.930517288236352,1.292991979961135,0.0,0.0,0.0,0.0,0,1400.0,1400.0,7.0,7.0,0.0,0.0,4.5
1485027,2025-11-05T11:00:00+00:00,1762340400,,,Slovakia U18,21479,Hungary U18,22498,2,3,10,2025,2.0,0.0,1.3805787551699595,1.5738644648205533,0.0,0.0,0.0,0.0,0,1400.5745483509108,1410.0080435540322,30.0,14.041666666666666,0.0,0.0,4.5
1486570,2025-11-05T12:00:00+00:00,1762344000,,,Kosovo U20,27061,Qatar U20,10300,3,0,10,2025,2.0,4.0,1.044171456417919,0.8925573884304951,0.0,0.0,0.0,0.0,0,1410.0,1390.0,3.0,3.0,0.0,0.0,4.5
1486383,2025-11-09T22:00:00+00:00,1762725600,,,Saint Martin,10984,Anguilla,8150,1,2,10,2025,0.0,1.0,1.7581055735575395,1.344996338506337,0.0,0.0,0.0,0.0,0,1389.9628631677604,1379.2689107378303,30.0,30.0,0.0,0.0,4.5
1486571,2025-11-11T06:00:00+00:00,1762840800,,,Papua New Guinea U20,27065,Vanuatu,5170,1,1,10,2025,1.0,1.0,1.8411697893836028,1.5264233150830373,0.0,0.0,0.0,0.0,0,1400.0,1353.1395692947333,7.0,30.0,0.0,0.0,4.5
1486572,2025-11-12T07:30:00+00:00,1762932600,,,South Korea U22,27071,Uzbekistan U22,27066,2,0,10,2025,1.0,5.0,2.2825915012713573,2.3820236166074147,0.0,0.0,0.0,0.0,0,1400.0,1400.0,7.0,7.0,0.0,0.0,4.5
1486384,2025-11-12T09:00:00+00:00,1762938000,,,Russia U21,8219,Iran U23,10937,2,0,10,2025,1.0,2.0,1.0755766499735586,1.077685431716268,0.0,0.0,0.0,0.0,0,1383.7778005795262,1410.0241308799348,29.729166666666668,30.0,0.0,0.0,4.5
1486385,2025-11-12T11:35:00+00:00,1762947300,,,China U22,21464,Vietnam U22,21229,0,1,10,2025,2.0,0.0,1.3139073846634517,2.3843220841445776,0.0,0.0,0.0,0.0,0,1381.1326302204052,1400.0,30.0,7.0,0.0,0.0,4.5
1486386,2025-11-12T12:30:00+00:00,1762950600,,,Hungary U17,12509,Estonia U17,17950,0,1,10,2025,2.0,4.0,0.5695116780361036,1.0725960940839727,0.0,0.0,0.0,0.0,0,1400.0,1370.8876244499734,30.0,30.0,0.0,0.0,4.5
1486387,2025-11-12T13:00:00+00:00,1762952400,,,Kyrgyz Republic U23,10941,Bahrain U23,10928,2,1,10,2025,2.0,2.0,2.275134014578109,0.9654383354672664,0.0,0.0,0.0,0.0,0,1390.304293800157,1400.0,30.0,7.0,0.0,0.0,4.5
1486388,2025-11-12T14:00:00+00:00,1762956000,,,Saudi Arabia U23,10955,Tunisia U23,20562,4,2,10,2025,2.0,2.0,0.5054887280354672,1.1936558670735828,0.0,0.0,0.0,0.0,0,1435.6775030193917,1420.5254138233884,28.979166666666668,28.958333333333332,0.0,0.0,4.5
1484996,2025-11-12T16:30:00+00:00,1762965000,,,USA U19,25282,Germany U19,10336,2,1,10,2025,2.0,0.0,2.419249715542634,2.263270449322183,0.0,0.0,0.0,0.0,0,1409.7124944925013,1399.71225631668,29.1875,30.0,0.0,0.0,4.5
1484997,2025-11-12T16:45:00+00:00,1762965900,,,Tunisia,28,Mauritania,1491,1,1,10,2025,2.0,3.0,0.7659821498526747,0.6336441862012809,0.0,0.0,0.0,0.0,0,1428.5025314615646,1415.3931185402944,30.0,30.0,0.0,0.0,4.5
1436810,2025-11-12T17:00:00+00:00,1762966800,"Kamal Umudlu, Azerbaijan",Saint Petersburg,Russia,4,Peru,30,1,1,10,2025,3.0,3.0,1.247599703175876,0.9201341006387124,0.0,0.0,0.0,0.0,0,1548.6651464271176,1703.9205822952822,29.0,30.0,0.0,0.0,4.5
1486389,2025-11-12T19:00:00+00:00,1762974000,,,Wales U19,10353,Japan U19,18982,3,2,10,2025,5.0,3.0,1.810525256049413,1.149576251616071,0.0,0.0,0.0,0.0,0,1381.6989393446277,1400.0,29.375,7.0,0.0,0.0,4.5
1485014,2025-11-13T06:00:00+00:00,1763013600,,,Papua New Guinea,8175,Solomon Islands,5165,1,0,10,2025,3.0,1.0,0.5722948662190799,2.2533651821918586,0.0,0.0,0.0,0.0,0,1365.1092556256776,1400.7719020749428,30.0,30.0,0.0,0.0,4.5
1486390,2025-11-13T11:00:00+00:00,1763031600,,,Norway U19,10342,Denmark U18,22428,1,2,10,2025,2.0,3.0,2.474988711086969,1.084091944352841,0.0,0.0,0.0,0.0,0,1426.3369580122983,1455.5962110311625,29.885416666666668,30.0,0.0,0.0,4.5
1486391,2025-11-13T11:00:00+00:00,1763031600,,,Moldova U21,8209,Albania U21,8177,0,1,10,2025,2.0,3.0,2.3981780495555745,1.9139284759337905,0.0,0.0,0.0,0.0,0,1389.9834498601524,1391.6144537184728,30.0,30.0,0.0,0.0,4.5
1486392,2025-11-13T12:00:00+00:00,1763035200,,,India,1537,Bhutan,1540,6,1,10,2025,3.0,1.0,1.0528025512386203,2.011949448298238,0.0,0.0,0.0,0.0,0,1422.859584436168,1389.7207701949183,30.0,30.0,0.0,0.0,4.5
1484998,2025-11-13T12:00:00+00:00,1763035200,,,Hong Kong,4460,Cambodia,1543,1,1,10,2025,1.0,2.0,2.4156411101025226,1.8669097790054607,0.0,0.0,0.0,0.0,0,1413.4608205824354,1341.721287036752,30.0,30.0,0.0,0.0,4.5
1486412,2025-11-13T12:30:00+00:00,1763037000,,,Russia U18,25280,Jordan U20,19627,6,1,10,2025,3.0,1.0,1.5236722664911913,1.769073676511959,0.0,0.0,0.0,0.0,0,1400.0,1410.0,7.0,30.0,0.0,0.0,4.5
1484999,2025-11-13T12:30:00+00:00,1763037000,,Rangsit,Thailand,1564,Singapore,1546,3,2,10,2025,1.0,2.0,0.7739167485356799,2.2379826824254883,0.0,0.0,0.0,0.0,0,1410.7022997884496,1398.742599463435,30.0,30.0,0.0,0.0,4.5
1486396,2025-11-13T14:00:00+00:00,1763042400,,,Bangladesh,1560,Nepal,1545,2,2,10,2025,1.0,3.0,0.6146269571588234,0.990271493708812,0.0,0.0,0.0,0.0,0,1417.6616139988548,1400.3786254517177,30.0,30.0,0.0,0.0,4.5
1486395,2025-11-13T14:00:00+00:00,1763042400,,,Jordan U23,10938,Syria U23,10958,2,1,10,2025,3.0,2.0,1.204321033307523,0.7335317409029696,0.0,0.0,0.0,0.0,0,1417.7662933001538,1380.28774368332,30.0,30.0,0.0,0.0,4.5
1486394,2025-11-13T14:00:00+00:00,1763042400,,,Poland U18,21476,Norway U18,21474,1,1,10,2025,2.0,2.0,0.8958729812660753,1.4324501103279643,0.0,0.0,0.0,0.0,0,1429.7024588088689,1363.784783812667,30.0,30.0,0.0,0.0,4.5
1486397,2025-11-13T14:15:00+00:00,1763043300,,,Hungary U21,16500,Faroe Islands U21,8192,3,0,10,2025,1.0,3.0,0.6216633493691637,1.8823481165597709,0.0,0.0,0.0,0.0,0,1409.4415388620023,1400.0,30.0,7.0,0.0,0.0,4.5
1486398,2025-11-13T16:00:00+00:00,1763049600,,,Spain U17,12520,Czech Republic U17,17947,4,1,10,2025,1.0,3.0,2.224606959685965,0.8095326472770363,0.0,0.0,0.0,0.0,0,1400.0,1420.0578322344488,7.0,30.0,0.0,0.0,4.5
1486399,2025-11-13T16:30:00+00:00,1763051400,,,Algeria,1532,Zimbabwe,1522,3,1,10,2025,2.0,5.0,0.6710733872976746,1.74497135680511,0.0,0.0,0.0,0.0,0,1620.5616456834307,1382.080078598072,30.0,30.0,0.0,0.0,4.5
1485000,2025-11-13T17:00:00+00:00,1763053200,,,Netherlands U18,22435,Germany U18,23258,2,1,10,2025,2.0,5.0,2.250574827414201,1.3799134752604985,0.0,0.0,0.0,0.0,0,1400.7539119405162,1409.7049682492661,30.0,16.083333333333332,0.0,0.0,4.5
1450867,2025-11-13T17:00:00+00:00,1763053200,"Paweł Raczkowski, Poland",Karvina,Czechia,770,San Marino,1115,1,0,10,2025,1.0,3.0,1.8039890307950024,0.636448596099884,0.0,0.0,0.0,0.0,0,1471.4368007299338,1313.2180290323731,30.0,30.0,0.0,0.0,4.5
1323343,2025-11-13T17:00:00+00:00,1763053200,N. Dabanovic,Baku,Azerbaijan,1096,Iceland,18,0,2,32,2024,4.0,2.0,0.5,1.97,8.0,4.0,17.0,9.0,1,1392.4864281911707,1457.6341509737454,30.0,30.0,0.0,0.0,4.583333333333333
1323344,2025-11-13T17:00:00+00:00,1763053200,J. Sanchez,Yerevan,Armenia,1094,Hungary,769,0,1,32,2024,1.0,1.0,0.64,1.31,2.0,7.0,18.0,10.0,1,1368.7962508998944,1762.4005803838852,29.927083333333332,29.927083333333332,0.0,0.0,3.5833333333333335
1449846,2025-11-13T17:00:00+00:00,1763053200,"Miloš Savović, Montenegro",Skopje,FYR Macedonia,1105,Latvia,1092,0,0,10,2025,1.0,2.0,1.203948731463056,1.4623892768183069,0.0,0.0,0.0,0.0,0,1440.08768320731,1388.0115394407458,30.0,29.927083333333332,0.0,0.0,4.5
1431011,2025-11-13T17:00:00+00:00,1763053200,"Edgars Malcevs, Latvia",Kaunas,Lithuania,1097,Israel,1116,0,0,10,2025,0.0,3.0,1.807729414269028,1.9663867355755,0.0,0.0,0.0,0.0,0,1382.3829098711014,1443.0093662506567,30.0,29.927083333333332,0.0,0.0,4.5
1323345,2025-11-13T17:00:00+00:00,1763053200,M. Jug,Oslo,Norway,1090,Estonia,1101,4,1,32,2024,2.0,2.0,2.48,0.67,8.0,0.0,9.0,17.0,1,1730.7622855252062,1382.1315181211212,30.0,30.0,0.0,0.0,4.083333333333333
1366311,2025-11-13T19:45:00+00:00,1763063100,S. Vincic,Paris,France,2,Ukraine,772,4,0,32,2024,1.0,2.0,2.7,0.0,7.0,0.0,9.0,10.0,1,2066.0154720726514,1807.0130412241053,30.0,30.0,0.0,0.0,3.8125
1366313,2025-11-13T19:45:00+00:00,1763063100,M. Balakin,Chisinau,Moldova,1114,Italy,768,0,2,32,2024,3.0,0.0,0.22,2.92,1.0,13.0,13.0,8.0,1,1397.979158249905,1946.891031324232,30.0,30.0,0.0,0.0,4.1
1366312,2025-11-13T19:45:00+00:00,1763063100,G. Nyberg,Dublin,Rep. Of Ireland,776,Portugal,27,2,0,32,2024,3.0,2.0,1.17,2.66,5.0,9.0,5.0,6.0,1,1445.3137400701428,1970.2351599381736,30.0,30.0,0.0,0.0,4.055555555555555
1323347,2025-11-13T19:45:00+00:00,1763063100,I. Kruzliak,London,England,10,Serbia,14,2,0,32,2024,0.0,1.0,0.93,1.06,6.0,5.0,13.0,10.0,1,2001.8961462161346,1753.412781569486,30.0,30.0,0.0,0.0,4.3
1323346,2025-11-13T19:45:00+00:00,1763063100,H. Fesnic,Encamp,Andorra,1110,Albania,778,0,1,32,2024,3.0,2.0,0.07,0.84,1.0,3.0,18.0,7.0,1,1360.0304773162227,1491.4330911228922,30.0,30.0,0.0,0.0,4.25
1457377,2025-11-14T00:30:00+00:00,1763080200,,Toronto,Canada,5529,Ecuador,2382,0,0,10,2025,5.0,1.0,2.3192866352235426,0.8506818833959786,0.0,0.0,0.0,0.0,0,1671.8790964365767,1835.3151553450098,30.0,29.916666666666668,0.0,0.0,4.5
1485003,2025-11-14T10:20:00+00:00,1763115600,"Benjamin Abraham, Australia",Toyota,Japan,12,Ghana,1504,2,0,10,2025,1.0,0.0,2.3858004501652488,1.4244940212256292,0.0,0.0,0.0,0.0,0,1918.098855238788,1410.6156511919512,30.0,30.0,0.0,0.0,4.5
1486400,2025-11-14T11:00:00+00:00,1763118000,,,Primorje,14007,Slovenia U19,10348,0,2,10,2025,0.0,2.0,0.7380921259087398,1.1412146145499202,0.0,0.0,0.0,0.0,0,1400.0,1419.43324365913,7.0,30.0,0.0,0.0,4.5
1469290,2025-11-14T11:00:00+00:00,1763118000,"Ning Ma, China",Daejeon,South Korea,17,Bolivia,2381,2,0,10,2025,2.0,0.0,1.2753248323236333,1.6346736958657493,0.0,0.0,0.0,0.0,0,1848.9783212641914,1494.8137818128384,30.0,30.0,0.0,0.0,4.5
1486401,2025-11-14T12:30:00+00:00,1763123400,,,Hungary U17,12509,Estonia U17,17950,2,0,10,2025,0.0,1.0,1.3146387822395014,2.4176540235182093,0.0,0.0,0.0,0.0,0,1389.1640340340916,1381.7235904158817,2.0,2.0,0.0,0.0,4.5
1485006,2025-11-14T14:00:00+00:00,1763128800,,Cairo,Egypt B,27055,Algeria B,27054,3,2,10,2025,0.0,2.0,2.3368142684067688,2.204203404901313,0.0,0.0,0.0,0.0,0,1400.2268869013205,1397.046719494438,30.0,30.0,0.0,0.0,4.5
1486404,2025-11-14T15:00:00+00:00,1763132400,,,Kenya,1511,Equatorial Guinea,1521,0,1,10,2025,2.0,1.0,1.3183534740985414,2.0528594340862103,0.0,0.0,0.0,0.0,0,1442.2369745849405,1396.6080969332527,30.0,30.0,0.0,0.0,4.5
1486402,2025-11-14T15:00:00+00:00,1763132400,,,Uganda,1519,Chad,1523,2,1,10,2025,0.0,5.0,1.3355938357089183,0.9205789601799044,0.0,0.0,0.0,0.0,0,1404.612216878666,1382.2467206303347,30.0,30.0,0.0,0.0,4.5
1486403,2025-11-14T15:00:00+00:00,1763132400,,,Oman,1552,Sudan,1510,2,0,10,2025,2.0,2.0,1.6319552923469487,1.9263483688833536,0.0,0.0,0.0,0.0,0,1455.6091368073444,1400.5383141796817,30.0,30.0,0.0,0.0,4.5
1485008,2025-11-14T16:00:00+00:00,1763136000,,Al Ain,Uzbekistan,1568,Egypt,32,2,0,10,2025,1.0,1.0,2.2613204500582125,1.474012940428994,0.0,0.0,0.0,0.0,0,1465.4849384615356,1680.6153028635404,30.0,30.0,0.0,0.0,4.5
1486405,2025-11-14T16:00:00+00:00,1763136000,,,Comoros,1524,Namibia,1493,1,0,10,2025,2.0,2.0,2.186948804041579,2.165514093838935,0.0,0.0,0.0,0.0,0,1408.7254763800106,1399.7285712644166,30.0,30.0,0.0,0.0,4.5
1485004,2025-11-14T16:00:00+00:00,1763136000,"Hilary Hambaba, Zambia",Luanda,Angola,1529,Argentina,26,0,2,10,2025,4.0,1.0,0.6889968932955834,2.390601523422424,0.0,0.0,0.0,0.0,0,1398.6346875275888,2112.526184512628,30.0,30.0,0.0,0.0,4.5
1486406,2025-11-14T16:30:00+00:00,1763137800,,Jeddah,Saudi Arabia,23,Ivory Coast,1501,1,0,10,2025,1.0,3.0,1.2908300233138823,1.4204292024568692,0.0,0.0,0.0,0.0,0,1435.7793158245004,1658.92647932151,30.0,30.0,0.0,0.0,4.5
1485009,2025-11-14T16:45:00+00:00,1763138700,,Rades,Tunisia,28,Jordan,1548,3,2,10,2025,5.0,3.0,0.7607195248073135,2.4794213556487232,0.0,0.0,0.0,0.0,0,1428.1253911879064,1402.9749091705623,2.0,30.0,0.0,0.0,4.5
1323348,2025-11-14T17:00:00+00:00,1763139600,J. Weinberger,Helsinki,Finland,1099,Malta,1112,0,1,32,2024,2.0,2.0,3.1,0.11,9.0,1.0,15.0,9.0,1,1435.3973139952475,1399.2165319978403,30.0,30.0,0.0,0.0,3.9
1486573,2025-11-14T17:00:00+00:00,1763139600,,,Denmark U21,8189,USA U21,27072,1,1,10,2025,2.0,2.0,1.930581445451209,2.365770931005769,0.0,0.0,0.0,0.0,0,1390.5511504822573,1400.0,30.0,7.0,0.0,0.0,4.5
1485005,2025-11-14T17:00:00+00:00,1763139600,,Pardubice,Czech Republic U21,8188,Serbia U21,8222,1,2,10,2025,2.0,4.0,1.806114942806737,0.5853591695527784,0.0,0.0,0.0,0.0,0,1410.0,1400.3090139885255,30.0,30.0,0.0,0.0,4.5
1486408,2025-11-14T19:00:00+00:00,1763146800,,,Burkina Faso,1502,Niger,1505,3,2,10,2025,4.0,1.0,1.8872366797648816,0.638415369433053,0.0,0.0,0.0,0.0,0,1417.9712522878144,1417.5149369799346,30.0,30.0,0.0,0.0,4.5
1485809,2025-11-14T19:00:00+00:00,1763146800,,Cannes,Cannes,9932,Annecy,3012,1,2,66,2025,1.0,3.0,0.8654910278832308,0.6181920461792163,0.0,0.0,0.0,0.0,0,1456.018007466926,1419.9917180729458,30.0,30.0,0.0,0.0,4.5
1486407,2025-11-14T19:00:00+00:00,1763146800,,Tanger,Morocco,31,Mozambique,1512,1,0,10,2025,1.0,1.0,0.8617961709519024,1.3950706446076084,0.0,0.0,0.0,0.0,0,1946.772501467998,1396.9492270658022,30.0,30.0,0.0,0.0,4.5
1485869,2025-11-14T19:00:00+00:00,1763146800,,,Olympique de Villefontaine,27038,Grenoble,101,0,3,66,2025,1.0,1.0,0.6844106403876862,0.9737899358838272,0.0,0.0,0.0,0.0,0,1400.0,1409.7290308807624,7.0,30.0,0.0,0.0,4.5
1485011,2025-11-14T19:30:00+00:00,1763148600,,,England U20,10309,Japan U20,10290,1,1,10,2025,2.0,0.0,1.913173675762836,1.984793655052487,0.0,0.0,0.0,0.0,0,1380.28774368332,1400.0234142065588,30.0,30.0,0.0,0.0,4.5
1323350,2025-11-14T19:45:00+00:00,1763149500,A. Papapetrou,Gibraltar,Gibraltar,1093,Montenegro,1109,1,2,32,2024,2.0,1.0,0.26,3.79,1.0,9.0,14.0,14.0,1,1348.0067081565423,1406.5496807798504,30.0,30.0,0.0,0.0,4.083333333333333
1366315,2025-11-14T19:45:00+00:00,1763149500,M. Mariani,Warsaw,Poland,24,Netherlands,1118,1,1,32,2024,2.0,1.0,1.14,1.27,2.0,3.0,10.0,14.0,1,1820.510497036627,1981.440983424446,30.0,30.0,0.0,0.0,3.5
1366314,2025-11-14T19:45:00+00:00,1763149500,J. Brooks,Luxembourg,Luxembourg,1102,Germany,25,0,2,32,2024,3.0,2.0,0.46,1.45,4.0,4.0,11.0,10.0,1,1391.81377230246,1924.936924437515,30.0,30.0,0.0,0.0,4.625
1366316,2025-11-14T19:45:00+00:00,1763149500,A. Aghayev,Rijeka,Croatia,3,Faroe Islands,1098,3,1,32,2024,0.0,2.0,2.04,0.51,11.0,2.0,9.0,11.0,1,1960.7278224017373,1412.940129010648,30.0,30.0,0.0,0.0,3.9166666666666665
1323349,2025-11-14T19:45:00+00:00,1763149500,I. Kovacs,Kosice,Slovakia,773,Northern Ireland,771,1,0,32,2024,1.0,4.0,1.29,0.76,3.0,2.0,14.0,20.0,1,1637.012011502826,1467.7545997038428,30.0,30.0,0.0,0.0,4.416666666666667
1486409,2025-11-15T00:00:00+00:00,1763164800,,,Grenada,5533,US Virgin Islands,8172,4,1,10,2025,3.0,1.0,1.3890216146705998,1.2162624252332666,0.0,0.0,0.0,0.0,0,1413.3881346697663,1400.0,30.0,7.0,0.0,0.0,4.5
1485010,2025-11-15T02:30:00+00:00,1763173800,"Armando Villarrea, USA",Houston,Venezuela,2379,Australia,20,1,0,10,2025,2.0,1.0,0.6660794598514219,2.492854736671573,0.0,0.0,0.0,0.0,0,1738.7211254091396,1841.5963520069047,30.0,30.0,0.0,0.0,4.5
1485813,2025-11-15T04:00:00+00:00,1763179200,,,Magenta,3076,Mulhouse,3205,0,3,66,2025,2.0,1.0,0.879513964420628,2.028282922955202,0.0,0.0,0.0,0.0,0,1400.0,1410.0,7.0,30.0,0.0,0.0,4.5
1486574,2025-11-15T06:00:00+00:00,1763186400,,,Papua New Guinea U20,27065,Fiji,5160,0,1,10,2025,3.0,3.0,2.3584091712582413,1.0233499247641678,0.0,0.0,0.0,0.0,0,1398.6593678280938,1405.86718118385,4.0,30.0,0.0,0.0,4.5
1486575,2025-11-15T07:30:00+00:00,1763191800,,,Uzbekistan U22,27066,Vietnam U22,21229,1,0,10,2025,3.0,2.0,1.2729250352841734,1.121404764782884,0.0,0.0,0.0,0.0,0,1390.0,1409.457486630052,3.0,2.829861111111111,0.0,0.0,4.5
1486410,2025-11-15T09:00:00+00:00,1763197200,,,Bahrain U23,10928,Russia U21,8219,0,2,10,2025,2.0,4.0,1.161653287386481,1.1643232992848718,0.0,0.0,0.0,0.0,0,1389.721007563045,1394.5317969473801,2.8333333333333335,3.0,0.0,0.0,4.5
1486393,2025-11-15T10:00:00+00:00,1763200800,,,Russia U18,25280,Jordan U20,19627,1,0,10,2025,2.0,3.0,0.7126959682645233,2.135495938111517,0.0,0.0,0.0,0.0,0,1410.28774368332,1399.71225631668,1.8958333333333333,1.8958333333333333,0.0,0.0,4.5
1486411,2025-11-15T10:00:00+00:00,1763200800,,,Thailand U23,10960,India U23,10935,4,0,10,2025,3.0,0.0,1.5906223416296574,2.139002999602405,0.0,0.0,0.0,0.0,0,1389.5204941247673,1400.5107160654757,30.0,30.0,0.0,0.0,4.5
1486413,2025-11-15T11:30:00+00:00,1763206200,,,Germany U17,17954,Denmark U17,17948,0,1,10,2025,1.0,1.0,1.896762237848686,2.1004727214589627,0.0,0.0,0.0,0.0,0,1411.06247748609,1390.0,15.9375,30.0,0.0,0.0,4.5
1486576,2025-11-15T11:35:00+00:00,1763206500,,,China U22,21464,South Korea U22,27071,2,0,10,2025,1.0,5.0,0.9156951343306104,0.9248225675549876,0.0,0.0,0.0,0.0,0,1371.6751435903532,1410.0,3.0,3.170138888888889,0.0,0.0,4.5
1486414,2025-11-15T12:00:00+00:00,1763208000,,,UAE U23,10184,Singapore U23,10956,6,0,10,2025,1.0,1.0,1.9481323009544813,1.5968062871315216,0.0,0.0,0.0,0.0,0,1372.5134068289753,1400.0,30.0,7.0,0.0,0.0,4.5
1486415,2025-11-15T13:00:00+00:00,1763211600,,,Qatar U23,10954,Tunisia U23,20562,0,0,10,2025,4.0,2.0,1.4538466043339382,1.6865288489929704,0.0,0.0,0.0,0.0,0,1412.061597833012,1410.9612497312855,30.0,2.9583333333333335,0.0,0.0,4.5
1485007,2025-11-15T13:00:00+00:00,1763211600,,Port Elizabeth,South Africa,1531,Zambia,1507,3,1,10,2025,2.0,5.0,2.007891892945904,0.8816713583621401,0.0,0.0,0.0,0.0,0,1428.6764213225467,1405.5327119456142,30.0,30.0,0.0,0.0,4.5
1486416,2025-11-15T13:00:00+00:00,1763211600,,,Kyrgyz Republic U23,10941,Iran U23,10937,2,1,10,2025,0.0,3.0,2.069370966389327,0.5231529466192479,0.0,0.0,0.0,0.0,0,1400.583286237112,1399.2701345120809,3.0,3.1666666666666665,0.0,0.0,4.5
1485810,2025-11-15T13:00:00+00:00,1763211600,,,ASPTT Dijon,22040,Le Puy Foot,3069,0,1,66,2025,4.0,1.0,2.141070288469328,1.2811679706437815,0.0,0.0,0.0,0.0,0,1400.0,1453.300208640267,7.0,30.0,0.0,0.0,4.5
1485814,2025-11-15T13:00:00+00:00,1763211600,,,OCPAM,24546,Reims,93,0,1,66,2025,3.0,1.0,2.0790953782891584,0.715754489634123,0.0,0.0,0.0,0.0,0,1390.0,1423.953483007841,30.0,30.0,0.0,0.0,4.5
1486577,2025-11-15T13:00:00+00:00,1763211600,,,Indonesia U23,10936,Mali U23,20551,0,3,10,2025,2.0,2.0,0.7599968698934207,2.43670996883256,0.0,0.0,0.0,0.0,0,1390.047745072522,1410.0,30.0,30.0,0.0,0.0,4.5
1485870,2025-11-15T13:00:00+00:00,1763211600,,,Auby,27017,Amiens,87,0,3,66,2025,3.0,1.0,0.924865253386188,1.515455071824849,0.0,0.0,0.0,0.0,0,1400.0,1409.4651736000822,7.0,30.0,0.0,0.0,4.5
1486418,2025-11-15T14:00:00+00:00,1763215200,,,Lesotho,1518,Malawi,1495,0,0,10,2025,2.0,4.0,1.4734698679830418,2.2163113344131915,0.0,0.0,0.0,0.0,0,1383.2999606118324,1380.5766589156815,30.0,30.0,0.0,0.0,4.5
1485815,2025-11-15T14:00:00+00:00,1763215200,,,France Aizenay,22735,Estac Troyes,110,0,3,66,2025,0.0,1.0,2.127520626386837,1.5938467222579824,0.0,0.0,0.0,0.0,0,1390.0,1421.13163050249,30.0,30.0,0.0,0.0,4.5
1323351,2025-11-15T14:00:00+00:00,1763215200,D. Rumsas,Astana,Kazakhstan,1095,Belgium,1,1,1,32,2024,4.0,1.0,0.4,2.15,5.0,12.0,17.0,5.0,1,1378.447912876842,1980.7057071522374,30.0,30.0,0.0,0.0,3.642857142857143
1486417,2025-11-15T14:00:00+00:00,1763215200,,Benghazi,Libya,1526,Mauritania,1491,1,0,10,2025,2.0,3.0,1.8796593118361768,1.7163728804545626,0.0,0.0,0.0,0.0,0,1448.3112502621539,1415.7702588139525,30.0,2.8854166666666665,0.0,0.0,4.5
1485872,2025-11-15T15:00:00+00:00,1763218800,,,US Chateau-Malo,27047,Bastia,1305,0,6,66,2025,5.0,0.0,0.779539028747845,1.5306830569291865,0.0,0.0,0.0,0.0,0,1400.0,1410.5603223215928,7.0,30.0,0.0,0.0,4.5
1485871,2025-11-15T15:00:00+00:00,1763218800,,,Lavaur,27030,Rodez,1301,1,3,66,2025,1.0,2.0,1.8979592535737,1.3880767980563689,0.0,0.0,0.0,0.0,0,1400.0,1408.0453508483743,7.0,30.0,0.0,0.0,4.5
1436253,2025-11-15T15:00:00+00:00,1763218800,"Firdavs Norsafarov, Uzbekistan",Sochi,Russia,4,Chile,2383,0,2,10,2025,2.0,2.0,1.2656653173472534,1.6446419694253371,0.0,0.0,0.0,0.0,0,1552.858300267368,1718.5568473964513,2.9166666666666665,30.0,0.0,0.0,4.5
1486420,2025-11-15T15:00:00+00:00,1763218800,,,Saudi Arabia U23,10955,Iraq U23,10192,0,1,10,2025,1.0,1.0,2.27244422665433,2.339494605141494,0.0,0.0,0.0,0.0,0,1445.2416671114945,1399.1790370946019,3.0416666666666665,30.0,0.0,0.0,4.5
1486421,2025-11-15T15:30:00+00:00,1763220600,,,Guinea,1509,Liberia,1525,2,0,10,2025,1.0,1.0,2.007310643174164,1.8686087569656955,0.0,0.0,0.0,0.0,0,1451.035587945829,1380.28774368332,30.0,30.0,0.0,0.0,4.5
1485820,2025-11-15T16:00:00+00:00,1763222400,,,Orvault SF,13616,Les Herbiers,1308,1,3,66,2025,3.0,2.0,1.6346160185761522,2.3022357205215624,0.0,0.0,0.0,0.0,0,1400.0,1418.5947746710817,7.0,30.0,0.0,0.0,4.5
1485873,2025-11-15T16:00:00+00:00,1763222400,,,Les Bleuets,27033,Concarneau,1300,0,3,66,2025,1.0,2.0,2.261421639678571,2.288344215942777,0.0,0.0,0.0,0.0,0,1400.0,1410.2794791558151,7.0,30.0,0.0,0.0,4.5
1485012,2025-11-15T16:00:00+00:00,1763222400,"Jarred Gillett, Australia",London,Brazil,6,Senegal,13,2,0,10,2025,5.0,1.0,2.251803289667756,2.14287244583649,0.0,0.0,0.0,0.0,0,1966.0848303703594,1833.9281412551165,30.0,30.0,0.0,0.0,4.5
1485821,2025-11-15T16:00:00+00:00,1763222400,,,Sarreguemines,3113,Furiani-Agliani,3181,5,3,66,2025,2.0,2.0,2.3535161468357355,0.7960833605521491,0.0,0.0,0.0,0.0,0,1409.71225631668,1400.0,30.0,30.0,0.0,0.0,4.5
1485822,2025-11-15T16:00:00+00:00,1763222400,,,Saint-Colomban Locminé,3224,Guingamp,90,1,2,66,2025,1.0,1.0,1.4469932002294472,1.1065809749263842,0.0,0.0,0.0,0.0,0,1400.0,1430.4762097325697,30.0,30.0,0.0,0.0,4.5
1486422,2025-11-15T16:00:00+00:00,1763222400,,,Kuwait,1570,Tanzania,1489,4,3,10,2025,2.0,5.0,2.131989780229044,1.666648370154153,0.0,0.0,0.0,0.0,0,1375.3665144150204,1406.0969375836228,30.0,30.0,0.0,0.0,4.5
1486423,2025-11-15T16:00:00+00:00,1763222400,,,Costa Rica U20,10308,United States U20,10306,1,2,10,2025,3.0,1.0,1.0731180048679505,1.72587570412552,0.0,0.0,0.0,0.0,0,1400.0,1409.4249887221547,7.0,30.0,0.0,0.0,4.5
1485838,2025-11-15T17:00:00+00:00,1763226000,,,Strasbourg Koenigshoffen,16416,Biesheim,3025,2,3,66,2025,0.0,1.0,2.3757108498881485,1.546728615007492,0.0,0.0,0.0,0.0,0,1400.0,1400.0,7.0,30.0,0.0,0.0,4.5
1366317,2025-11-15T17:00:00+00:00,1763226000,B. Bastien,Tbilisi,Georgia,1104,Spain,9,0,4,32,2024,0.0,1.0,0.45,3.32,4.0,6.0,9.0,9.0,1,1442.349085050045,2056.8133238537266,30.0,30.0,0.0,0.0,3.7
1485834,2025-11-15T17:00:00+00:00,1763226000,,,Orleans,103,Bayonne,10166,3,0,66,2025,3.0,4.0,1.7714073697491548,2.2445017960126457,0.0,0.0,0.0,0.0,0,1428.3317747401566,1380.5585142891052,30.0,30.0,0.0,0.0,4.5
1323352,2025-11-15T17:00:00+00:00,1763226000,N. Walsh,Bursa,Türkiye,777,Bulgaria,1103,2,0,32,2024,3.0,1.0,2.46,0.31,9.0,6.0,11.0,12.0,1,1517.316001681843,1385.2449381256179,30.0,30.0,0.0,0.0,4.7
1485825,2025-11-15T17:00:00+00:00,1763226000,,,Racing Besançon,9974,Thionville Lusitanos,22039,4,0,66,2025,1.0,3.0,1.389168913915661,0.6337391933101366,0.0,0.0,0.0,0.0,0,1400.0,1428.3166328568036,7.0,30.0,0.0,0.0,4.5
1323353,2025-11-15T17:00:00+00:00,1763226000,U. Schnyder,Limassol,Cyprus,1106,Austria,775,0,2,32,2024,2.0,0.0,0.39,2.18,6.0,3.0,13.0,15.0,1,1413.6040418041812,1844.21803949367,30.0,30.0,0.0,0.0,3.5
1485824,2025-11-15T17:00:00+00:00,1763226000,,,Bayeux,15116,Caen,88,3,2,66,2025,3.0,0.0,1.9382644455512303,0.7332592091767143,0.0,0.0,0.0,0.0,0,1400.0,1418.6338458662656,7.0,30.0,0.0,0.0,4.5
1485878,2025-11-15T17:00:00+00:00,1763226000,,,Le Cellier Mauves,27031,Laval,433,0,6,66,2025,2.0,0.0,1.3725568623149749,1.8494418377020665,0.0,0.0,0.0,0.0,0,1400.0,1418.3391170595833,7.0,30.0,0.0,0.0,4.5
1485829,2025-11-15T17:00:00+00:00,1763226000,,,Granville,3185,Dinan Léhon,9275,3,1,66,2025,3.0,2.0,1.9445298537890707,1.4197582914842857,0.0,0.0,0.0,0.0,0,1400.0,1399.4413075477282,7.0,30.0,0.0,0.0,4.5
1485881,2025-11-15T17:00:00+00:00,1763226000,,,Montreuil,27037,Bandrele,27018,1,0,66,2025,4.0,1.0,1.1362478912095768,1.6127442264803902,0.0,0.0,0.0,0.0,0,1400.0,1400.0,7.0,7.0,0.0,0.0,4.5
1485827,2025-11-15T17:00:00+00:00,1763226000,,Challans,Challans,3032,Pontivy GSI,3098,0,2,66,2025,0.0,2.0,2.432848174885233,2.402754146862496,0.0,0.0,0.0,0.0,0,1390.85450002419,1400.0,30.0,30.0,0.0,0.0,4.5
1485875,2025-11-15T17:00:00+00:00,1763226000,,,Atlas Paillade,27016,Bourg-en-bresse 01,430,0,2,66,2025,5.0,3.0,2.3084158707620137,1.3720016994476156,0.0,0.0,0.0,0.0,0,1400.0,1390.0,7.0,30.0,0.0,0.0,4.5
1485826,2025-11-15T17:00:00+00:00,1763226000,,,Cambrai,3160,Feignies-Aulnoye,3176,0,4,66,2025,2.0,4.0,1.593313188846058,1.6148478897428673,0.0,0.0,0.0,0.0,0,1400.0,1428.1397779471322,7.0,30.0,0.0,0.0,4.5
1485877,2025-11-15T17:00:00+00:00,1763226000,,,Lapalisse,27029,Poitiers,3097,1,2,66,2025,1.0,2.0,0.6468164251337492,1.568148050878575,0.0,0.0,0.0,0.0,0,1400.0,1390.0,7.0,30.0,0.0,0.0,4.5
1491684,2025-11-15T17:00:00+00:00,1763226000,,,Morocco B,27064,Djibouti,1535,6,0,10,2025,0.0,3.0,1.086763120601337,2.247627101078375,0.0,0.0,0.0,0.0,0,1419.2713118296333,1435.1531737124155,30.0,30.0,0.0,0.0,4.5
1485840,2025-11-15T17:00:00+00:00,1763226000,,,Yvetot,13636,Caen PTT,3158,2,1,66,2025,6.0,2.0,0.7977795137939323,1.1815506344973876,0.0,0.0,0.0,0.0,0,1400.0,1400.0,7.0,7.0,0.0,0.0,4.5
1485879,2025-11-15T17:00:00+00:00,1763226000,,,Montceau,3082,L'Etrat La Tour,27028,2,1,66,2025,2.0,2.0,2.048627328659593,0.7696771605110111,0.0,0.0,0.0,0.0,0,1400.0,1400.0,7.0,7.0,0.0,0.0,4.5
1485880,2025-11-15T17:00:00+00:00,1763226000,,,Montreal-la-Cluse,27036,Chalon,27020,0,3,66,2025,3.0,0.0,0.6825026023371603,1.635884415818086,0.0,0.0,0.0,0.0,0,1400.0,1400.0,7.0,7.0,0.0,0.0,4.5
1485836,2025-11-15T17:00:00+00:00,1763226000,,,Union Saint-Jean,9315,Angoulême,3011,1,0,66,2025,1.0,6.0,0.7155569253682708,1.7911275142744163,0.0,0.0,0.0,0.0,0,1409.7365628004732,1399.9764791426821,30.0,30.0,0.0,0.0,4.5
1485882,2025-11-15T17:00:00+00:00,1763226000,,,Stade Quimperlois,27046,Ancienne Château-Gontier,3145,0,9,66,2025,4.0,2.0,1.828066779972165,2.341966460099418,0.0,0.0,0.0,0.0,0,1400.0,1400.0,7.0,7.0,0.0,0.0,4.5
1485876,2025-11-15T17:00:00+00:00,1763226000,,,FC 2 Rives 82,27026,Mazeres,27035,0,1,66,2025,3.0,5.0,0.7629936117050786,1.9733983796853545,0.0,0.0,0.0,0.0,0,1400.0,1400.0,7.0,7.0,0.0,0.0,4.5
1485839,2025-11-15T17:00:00+00:00,1763226000,,,Trélissac,9246,PAU,1297,0,2,66,2025,2.0,2.0,2.4731348924131007,1.294688939888809,0.0,0.0,0.0,0.0,0,1409.7287935411387,1418.6113321702799,30.0,30.0,0.0,0.0,4.5
1323354,2025-11-15T17:00:00+00:00,1763226000,J. Xhaja,Vaduz,Liechtenstein,1107,Wales,767,0,1,32,2024,2.0,3.0,0.22,1.81,2.0,7.0,9.0,5.0,1,1334.70651415319,1734.497537502944,30.0,30.0,0.0,0.0,4.625
1485884,2025-11-15T18:00:00+00:00,1763229600,,,Premontre,27041,Chantilly,3162,0,3,66,2025,3.0,3.0,1.813936573461747,1.162709693925602,0.0,0.0,0.0,0.0,0,1400.0,1380.28774368332,7.0,30.0,0.0,0.0,4.5
1485842,2025-11-15T18:00:00+00:00,1763229600,,,Montmorillon,13739,Beaucouzé,19914,0,1,66,2025,1.0,0.0,1.375142044644608,2.046080788268645,0.0,0.0,0.0,0.0,0,1400.0,1400.0,7.0,7.0,0.0,0.0,4.5
1485812,2025-11-15T18:00:00+00:00,1763229600,,,Carnoux,19916,Pirae,8143,5,1,66,2025,1.0,2.0,2.201387649593725,1.999282114807143,0.0,0.0,0.0,0.0,0,1400.0,1390.0,30.0,30.0,0.0,0.0,4.5
1485841,2025-11-15T18:00:00+00:00,1763229600,,,Biars-Bretenoux,3024,Chateauroux,107,0,2,66,2025,5.0,1.0,0.7307470640857574,1.5717688226107134,0.0,0.0,0.0,0.0,0,1389.71225631668,1409.7287935411387,30.0,30.0,0.0,0.0,4.5
1485886,2025-11-15T18:00:00+00:00,1763229600,,,SS Allinges,27043,Istres,3267,1,2,66,2025,1.0,3.0,1.1703183784981055,1.7950857049284434,0.0,0.0,0.0,0.0,0,1400.0,1399.9834498601524,7.0,30.0,0.0,0.0,4.5
1485885,2025-11-15T18:00:00+00:00,1763229600,,,Seignosse Capbreton,27045,Marmande,13736,2,3,66,2025,0.0,0.0,1.2734577110836145,1.806709703590858,0.0,0.0,0.0,0.0,0,1400.0,1399.7372856155366,7.0,30.0,0.0,0.0,4.5
1485844,2025-11-15T19:00:00+00:00,1763233200,,,Avenir Sportif de Gouzon,13679,Chauvigny,3038,1,5,66,2025,4.0,1.0,0.8677140981696272,2.042745670040717,0.0,0.0,0.0,0.0,0,1400.0,1400.0,7.0,7.0,0.0,0.0,4.5
1485843,2025-11-15T19:00:00+00:00,1763233200,,,Auch,3014,Canet Roussillon,3030,1,4,66,2025,1.0,3.0,2.1289505439762912,0.7847709331603703,0.0,0.0,0.0,0.0,0,1390.0,1390.0,30.0,30.0,0.0,0.0,4.5
1485816,2025-11-15T19:30:00+00:00,1763235000,,Le Moule,Moulien,3203,Gosier,4394,2,3,66,2025,0.0,0.0,1.012791033040537,0.5776099145017879,0.0,0.0,0.0,0.0,0,1390.85450002419,1400.0,30.0,7.0,0.0,0.0,4.5
1486424,2025-11-15T19:30:00+00:00,1763235000,,,Basque Country,23263,Palestine,1562,3,0,10,2025,3.0,3.0,1.13721514979266,0.9225544951251023,0.0,0.0,0.0,0.0,0,1409.3600238630297,1360.0092309930287,30.0,30.0,0.0,0.0,4.5
1485845,2025-11-15T19:30:00+00:00,1763235000,,,Quetigny,13745,Saint Etienne,1063,1,3,66,2025,3.0,1.0,0.5639402197956422,2.276691991252047,0.0,0.0,0.0,0.0,0,1400.0,1390.3042793327827,7.0,30.0,0.0,0.0,4.5
1323356,2025-11-15T19:45:00+00:00,1763235900,E. Lambrechts,Geneva,Switzerland,15,Sweden,5,4,1,32,2024,1.0,4.0,2.16,0.77,4.0,3.0,13.0,18.0,1,1929.0307525127212,1756.285148867262,30.0,30.0,0.0,0.0,4.416666666666667
1323358,2025-11-15T19:45:00+00:00,1763235900,M. Oliver,Zenica,Bosnia & Herzegovina,1113,Romania,774,3,1,32,2024,5.0,2.0,1.75,1.18,4.0,1.0,15.0,16.0,1,1438.7832270584965,1623.494886612323,30.0,30.0,0.0,0.0,4.05
1323355,2025-11-15T19:45:00+00:00,1763235900,C. Turpin,Ljubljana,Slovenia,1091,Kosovo,1111,0,2,32,2024,3.0,1.0,0.29,0.94,4.0,7.0,11.0,9.0,1,1511.640078882048,1460.131716883904,30.0,30.0,0.0,0.0,4.05
1323357,2025-11-15T19:45:00+00:00,1763235900,J. Manzano,Piraeus,Greece,1117,Scotland,1108,3,2,32,2024,2.0,3.0,2.78,1.47,6.0,8.0,9.0,14.0,1,1614.3270120139582,1673.4536939603465,30.0,30.0,0.0,0.0,4.785714285714286
1366318,2025-11-15T19:45:00+00:00,1763235900,S. Jablonski,Copenhagen,Denmark,21,Belarus,1100,2,2,32,2024,0.0,5.0,3.38,0.86,13.0,3.0,4.0,15.0,1,1876.278287811218,1385.9221992181035,30.0,30.0,0.0,0.0,4.7
1457378,2025-11-15T22:00:00+00:00,1763244000,,,USA,2384,Paraguay,2380,2,1,10,2025,1.0,2.0,0.6140287731158267,1.690348102802349,0.0,0.0,0.0,0.0,0,1838.3931405412857,1716.5020871927436,30.0,30.0,0.0,0.0,4.5
1469291,2025-11-16T00:30:00+00:00,1763253000,,Fort Lauderdale,Colombia,8,New Zealand,4673,2,1,10,2025,1.0,1.0,0.6564431532121018,2.3465895031625044,0.0,0.0,0.0,0.0,0,1971.6495170011806,1433.5000808004988,30.0,30.0,0.0,0.0,4.5
1469292,2025-11-16T01:00:00+00:00,1763254800,,Torreon,Mexico,16,Uruguay,7,0,0,10,2025,2.0,0.0,2.085835020749061,1.3131439235567477,0.0,0.0,0.0,0.0,0,1861.0815662938435,1917.5755006784457,30.0,30.0,0.0,0.0,4.5
1486562,2025-11-16T10:00:00+00:00,1763287200,,,Spain U17,12520,Czech Republic U17,17947,2,1,10,2025,0.0,3.0,1.709632813905752,2.346106408944992,0.0,0.0,0.0,0.0,0,1410.5766703038432,1409.4811619306056,2.75,2.75,0.0,0.0,4.5
1486535,2025-11-16T11:00:00+00:00,1763290800,,,Poland U18,21476,Denmark U18,22428,4,1,10,2025,3.0,0.0,1.3583300479390397,2.302098055948405,0.0,0.0,0.0,0.0,0,1427.8276372196,1464.7560472837135,2.875,3.0,0.0,0.0,4.5
1485846,2025-11-16T12:00:00+00:00,1763294400,,,Reims Sainte-Anne,9303,Gazelec FC Ajaccio,100,2,1,66,2025,2.0,1.0,0.7746875982276733,0.8039340955218339,0.0,0.0,0.0,0.0,0,1400.28774368332,1400.0,30.0,7.0,0.0,0.0,4.5
1485898,2025-11-16T12:15:00+00:00,1763295300,,,Saint-Pauloise,13748,Dominicaine,27021,1,0,66,2025,1.0,0.0,2.2101164063538867,1.413440073743918,0.0,0.0,0.0,0.0,0,1400.0,1400.0,7.0,7.0,0.0,0.0,4.5
1485850,2025-11-16T13:00:00+00:00,1763298000,,,MJEP Cormontreuil,9290,Porto Portugais Amiens,3215,5,2,66,2025,1.0,2.0,0.9518556602602974,2.483279200982428,0.0,0.0,0.0,0.0,0,1400.0,1400.0,7.0,30.0,0.0,0.0,4.5
1485853,2025-11-16T13:00:00+00:00,1763298000,,,Olympique Marcquois,3090,OS Aire-Sur-La-Lys,13743,5,0,66,2025,2.0,2.0,0.5557295248326151,0.6658247286113355,0.0,0.0,0.0,0.0,0,1400.0,1400.0,7.0,7.0,0.0,0.0,4.5
1485855,2025-11-16T13:00:00+00:00,1763298000,,,Plédran,3213,Stade Plabennec,9311,0,2,66,2025,0.0,2.0,1.6611610905112149,2.403321094817712,0.0,0.0,0.0,0.0,0,1400.0,1400.0,7.0,30.0,0.0,0.0,4.5
1485892,2025-11-16T13:00:00+00:00,1763298000,,,SA Beaumont,27042,Aubervilliers,3148,4,7,66,2025,4.0,2.0,0.7860979950586451,2.413650748976988,0.0,0.0,0.0,0.0,0,1400.0,1399.9924189170385,7.0,30.0,0.0,0.0,4.5
1485848,2025-11-16T13:00:00+00:00,1763298000,,,Bassin d'Arcachon Sud,3249,Blagnac,3251,4,1,66,2025,0.0,2.0,2.015451667912468,2.493064377298873,0.0,0.0,0.0,0.0,0,1399.71225631668,1410.0,30.0,30.0,0.0,0.0,4.5
1485847,2025-11-16T13:00:00+00:00,1763298000,,,Avion,3017,Torcy,9967,0,2,66,2025,2.0,1.0,2.35357361950631,0.6121116258330546,0.0,0.0,0.0,0.0,0,1400.0,1390.0,7.0,30.0,0.0,0.0,4.5
1485849,2025-11-16T13:00:00+00:00,1763298000,,,Camon,13721,St Maur Lusitanos,3115,0,7,66,2025,3.0,0.0,0.6265688713623709,1.1188054957008065,0.0,0.0,0.0,0.0,0,1390.0,1400.0,30.0,7.0,0.0,0.0,4.5
1485887,2025-11-16T13:00:00+00:00,1763298000,,,ES Cappelle,27022,Abbeville,27015,2,3,66,2025,3.0,0.0,2.114972111288351,1.3562656516137828,0.0,0.0,0.0,0.0,0,1400.0,1400.0,7.0,7.0,0.0,0.0,4.5
1485859,2025-11-16T13:00:00+00:00,1763298000,,,Savigneux Montbrison,3299,Feurs,3177,3,5,66,2025,1.0,3.0,2.1032429117841955,1.0373736687402528,0.0,0.0,0.0,0.0,0,1400.0,1409.9917180729458,7.0,30.0,0.0,0.0,4.5
1485891,2025-11-16T13:00:00+00:00,1763298000,,,Pierrelatte,27040,Lyon Duchere,1295,0,2,66,2025,1.0,2.0,1.247115789995511,1.0959887412671991,0.0,0.0,0.0,0.0,0,1400.0,1409.71225631668,7.0,30.0,0.0,0.0,4.5
1485854,2025-11-16T13:00:00+00:00,1763298000,,,ASS Still Mutzig,25324,Raon l'Etape,3100,0,3,66,2025,1.0,2.0,0.7472065258161118,2.258132485169489,0.0,0.0,0.0,0.0,0,1409.4493258791604,1390.28774368332,30.0,30.0,0.0,0.0,4.5
1485852,2025-11-16T13:00:00+00:00,1763298000,,,Longuenesse,13780,Bondues,20599,0,2,66,2025,2.0,2.0,0.6074425527620251,1.2796909547292246,0.0,0.0,0.0,0.0,0,1400.0,1390.0,7.0,30.0,0.0,0.0,4.5
1485895,2025-11-16T13:30:00+00:00,1763299800,,,Le Poinconnet,27032,Romorantin,3220,0,2,66,2025,1.0,1.0,1.404514375127712,1.4546289908593508,0.0,0.0,0.0,0.0,0,1400.0,1418.882524258652,7.0,30.0,0.0,0.0,4.5
1485860,2025-11-16T13:30:00+00:00,1763299800,,,Saint-Renan,13626,Stade Briochin,3229,0,4,66,2025,1.0,3.0,2.2795413648408074,0.7792614282513037,0.0,0.0,0.0,0.0,0,1390.0,1413.023045709514,30.0,30.0,0.0,0.0,4.5
1485862,2025-11-16T14:00:00+00:00,1763301600,,,Saint-Amand,3105,Dieppe,9274,0,3,66,2025,0.0,2.0,1.0651220269855484,0.5713468814024212,0.0,0.0,0.0,0.0,0,1400.0,1410.0,7.0,30.0,0.0,0.0,4.5
1323359,2025-11-16T14:00:00+00:00,1763301600,E. Eskas,Budapest,Hungary,769,Rep. Of Ireland,776,2,3,32,2024,2.0,4.0,1.19,2.3,8.0,2.0,10.0,17.0,1,1764.2805392837217,1464.3846295048893,2.875,2.7604166666666665,0.0,0.0,5.071428571428571
1485861,2025-11-16T14:00:00+00:00,1763301600,,,Agde,9263,Montpellier,82,0,2,66,2025,1.0,2.0,1.6535800667952725,1.3616553554445754,0.0,0.0,0.0,0.0,0,1391.901625120119,1402.1189343958767,30.0,30.0,0.0,0.0,4.5
1366319,2025-11-16T14:00:00+00:00,1763301600,I. Peljto,Porto,Portugal,27,Armenia,1094,9,1,32,2024,0.0,1.0,5.8,0.62,7.0,1.0,7.0,10.0,1,1951.1642705034271,1366.9162920000579,2.7604166666666665,2.875,0.0,0.0,4.1
1485016,2025-11-16T14:00:00+00:00,1763301600,,,Norway U18,21474,Germany U18,23258,0,1,10,2025,0.0,3.0,1.3762048620271046,1.117573076467713,0.0,0.0,0.0,0.0,0,1365.6596054019358,1399.4473931243551,3.0,2.875,0.0,0.0,4.5
1485897,2025-11-16T14:45:00+00:00,1763304300,,Nancy,Nancy,102,GSA Tomblaine,27027,5,0,66,2025,0.0,3.0,1.176663332841688,0.7633973507039833,0.0,0.0,0.0,0.0,0,1399.9919627171712,1400.0,30.0,7.0,0.0,0.0,4.5
1485867,2025-11-16T14:45:00+00:00,1763304300,,,Boé Bon Encontre,20569,Bordeaux,78,0,1,66,2025,1.0,0.0,0.8309004024210978,2.261792292571786,0.0,0.0,0.0,0.0,0,1400.0,1410.5821831232756,7.0,30.0,0.0,0.0,4.5
1485868,2025-11-16T14:45:00+00:00,1763304300,,,Forbach,3180,RED Star FC 93,104,0,2,66,2025,2.0,1.0,2.4726357768271394,2.119964369734931,0.0,0.0,0.0,0.0,0,1400.0,1400.56721209952,7.0,30.0,0.0,0.0,4.5
1323362,2025-11-16T17:00:00+00:00,1763312400,R. De Burgos,Leskovac,Serbia,14,Latvia,1092,2,1,32,2024,0.0,2.0,1.99,1.5,13.0,3.0,8.0,17.0,1,1749.5520082033015,1389.4992866688958,2.8854166666666665,3.0,0.0,0.0,3.7
1323361,2025-11-16T17:00:00+00:00,1763312400,M. Guida,Tirana,Albania,778,England,10,0,2,32,2024,1.0,2.0,0.6,1.66,5.0,5.0,9.0,10.0,1,1497.8215966676696,2005.7569195823191,2.8854166666666665,2.8854166666666665,0.0,0.0,4.0625
1323360,2025-11-16T17:00:00+00:00,1763312400,A. Taylor,Warsaw,Ukraine,772,Iceland,18,2,0,32,2024,2.0,1.0,1.65,0.58,3.0,10.0,12.0,6.0,1,1803.3374211366227,1465.7807202934448,2.8854166666666665,3.0,0.0,0.0,3.0555555555555554
1366320,2025-11-16T17:00:00+00:00,1763312400,A. Treimanis,Baku,Azerbaijan,1096,France,2,1,3,32,2024,2.0,0.0,0.42,2.04,1.0,8.0,10.0,12.0,1,1384.3398588714713,2069.691092160134,3.0,2.8854166666666665,0.0,0.0,3.75
1366321,2025-11-16T19:45:00+00:00,1763322300,A. Hernandez,Milan,Italy,768,Norway,1090,1,4,32,2024,3.0,2.0,0.89,1.42,6.0,2.0,15.0,8.0,1,1947.7051758120247,1733.1319346141609,3.0,3.1145833333333335,0.0,0.0,3.5833333333333335
1323363,2025-11-16T19:45:00+00:00,1763322300,A. Lindhout,Chisinau,Israel,1116,Moldova,1114,4,1,32,2024,2.0,2.0,4.43,0.3,9.0,3.0,9.0,12.0,1,1441.2818944514756,1397.1650137621123,3.1145833333333335,3.0,0.0,0.0,4.75
1485015,2025-11-17T06:00:00+00:00,1763359200,,,Vanuatu,5170,Fiji,5160,2,0,10,2025,0.0,2.0,1.2953026646653656,2.2471423685907537,0.0,0.0,0.0,0.0,0,1354.4802014666395,1415.6597533961988,6.0,2.0,0.0,0.0,4.5
1486540,2025-11-17T14:00:00+00:00,1763388000,,,Egypt B,27055,Algeria B,27054,0,0,10,2025,1.0,1.0,1.4451135284530618,0.8881382055485463,0.0,0.0,0.0,0.0,0,1410.1353568816955,1387.138249514063,3.0,3.0,0.0,0.0,4.5
1486538,2025-11-17T14:00:00+00:00,1763388000,,,Madagascar,1490,Equatorial Guinea,1521,2,0,10,2025,4.0,1.0,1.8990449502840088,0.5461614284308942,0.0,0.0,0.0,0.0,0,1389.5479277213917,1407.9139028409004,30.0,2.9583333333333335,0.0,0.0,4.5
1486539,2025-11-17T15:00:00+00:00,1763391600,,,Chad,1523,Mozambique,1512,2,2,10,2025,2.0,4.0,0.9841639141297702,1.7242341689270326,0.0,0.0,0.0,0.0,0,1372.889563646328,1396.1391702099115,3.0,2.8333333333333335,0.0,0.0,4.5
1486536,2025-11-17T15:30:00+00:00,1763393400,,,Bahrain,1547,Somalia,8050,1,2,10,2025,2.0,2.0,2.320986807649265,1.473573409743839,0.0,0.0,0.0,0.0,0,1387.657324494554,1380.28774368332,30.0,30.0,0.0,0.0,4.5
1486537,2025-11-17T16:00:00+00:00,1763395200,,,Comoros,1524,Namibia,1493,4,0,10,2025,2.0,0.0,1.63249453505395,2.478115274052489,0.0,0.0,0.0,0.0,0,1418.466582500361,1389.9874651440662,3.0,3.0,0.0,0.0,4.5
1486542,2025-11-17T16:30:00+00:00,1763397000,,Doha,Qatar,1569,Zimbabwe,1522,1,2,10,2025,4.0,0.0,1.445509873925787,0.6782178788154736,0.0,0.0,0.0,0.0,0,1386.2370342782667,1378.0367548549073,30.0,4.0,0.0,0.0,4.5
1491685,2025-11-17T17:00:00+00:00,1763398800,,,Morocco B,27064,Djibouti,1535,7,0,10,2025,0.0,1.0,2.312159755363588,0.999424679746667,0.0,0.0,0.0,0.0,0,1429.7281104352844,1424.6963751067644,2.0,2.0,0.0,0.0,4.5
1352906,2025-11-17T17:00:00+00:00,1763398800,"Joonas Jaanovits, Estonia",Tampere,Finland,1099,Andorra,1110,4,0,10,2025,1.0,3.0,1.85303849903116,2.381489055978015,0.0,0.0,0.0,0.0,0,1424.359695469122,1353.6419717714452,3.0,3.8854166666666665,0.0,0.0,4.5
1486543,2025-11-17T17:00:00+00:00,1763398800,,Elbasani,Albania U21,8177,Ukraine U21,8228,2,0,10,2025,1.0,4.0,1.0371936561485935,1.5615125186240788,0.0,0.0,0.0,0.0,0,1401.5675099986775,1410.0,4.25,30.0,0.0,0.0,4.5
1486544,2025-11-17T17:00:00+00:00,1763398800,,,Norway U19,10342,Netherlands U18,22435,2,2,10,2025,3.0,2.0,1.7781947262083997,0.8447973958110486,0.0,0.0,0.0,0.0,0,1417.1771217597473,1411.0114870654272,4.25,4.0,0.0,0.0,4.5
1366324,2025-11-17T19:45:00+00:00,1763408700,H. U. Meler,Podgorica,Montenegro,1109,Croatia,3,2,3,32,2024,3.0,1.0,0.95,3.14,5.0,3.0,17.0,16.0,1,1414.880446570192,1961.5470360414995,3.0,3.0,0.0,0.0,4.25
1323366,2025-11-17T19:45:00+00:00,1763408700,S. Stegemann,Olomouc,Czechia,770,Gibraltar,1093,6,0,32,2024,0.0,1.0,2.88,0.0,12.0,1.0,9.0,9.0,1,1477.1736038691374,1339.6759423662008,4.114583333333333,3.0,0.0,0.0,3.625
1366322,2025-11-17T19:45:00+00:00,1763408700,F. Letexier,Leipzig,Germany,25,Slovakia,773,6,0,32,2024,1.0,0.0,3.28,0.86,8.0,3.0,11.0,3.0,1,1925.825091102725,1642.4924011049732,3.0,3.0,0.0,0.0,3.227272727272727
1323365,2025-11-17T19:45:00+00:00,1763408700,I. Pajac,Ta' Qali,Malta,1112,Poland,24,2,3,32,2024,2.0,2.0,2.15,1.32,4.0,9.0,7.0,6.0,1,1410.2541505239658,1824.8373448718974,3.1145833333333335,3.0,0.0,0.0,4.416666666666667
1323364,2025-11-17T19:45:00+00:00,1763408700,K. Tohver,Belfast,Northern Ireland,771,Luxembourg,1102,1,0,32,2024,4.0,6.0,1.34,0.55,5.0,2.0,11.0,18.0,1,1462.2742101016956,1390.9256056372499,3.0,3.0,0.0,0.0,5.3
1366323,2025-11-17T19:45:00+00:00,1763408700,L. M. Branco Godinho,Amsterdam,Netherlands,1118,Lithuania,1097,4,0,32,2024,0.0,2.0,3.2,0.47,5.0,3.0,10.0,10.0,1,1977.1141355891755,1384.1103816702825,3.0,4.114583333333333,0.0,0.0,3.5833333333333335
1486590,2025-11-18T07:30:00+00:00,1763451000,,,Vietnam U22,21229,South Korea U22,27071,0,1,10,2025,1.0,1.0,1.7811230558911728,0.5524599016644292,0.0,0.0,0.0,0.0,0,1398.898039898603,1398.9013743081246,3.0,2.829861111111111,0.0,0.0,4.5
1486545,2025-11-18T09:00:00+00:00,1763456400,,,Iran U23,10937,Bahrain U23,10928,1,0,10,2025,3.0,1.0,1.1214808954203683,1.2488222931006971,0.0,0.0,0.0,0.0,0,1389.3079298769478,1379.8594643635297,2.8333333333333335,3.0,0.0,0.0,4.5
1469293,2025-11-18T10:15:00+00:00,1763460900,,Tokyo,Japan,12,Bolivia,2381,3,0,10,2025,1.0,3.0,0.8797927372300371,1.9619086383171984,0.0,0.0,0.0,0.0,0,1919.1210596580765,1492.5098696537866,3.9965277777777777,3.96875,0.0,0.0,4.5
1485019,2025-11-18T11:00:00+00:00,1763463600,"Ahmad Alali, Kuwait",Seoul,South Korea,17,Ghana,1504,1,0,10,2025,0.0,1.0,0.8078627108514622,0.9724045793808292,0.0,0.0,0.0,0.0,0,1851.2822334232433,1409.5934467726627,4.0,4.027777777777778,0.0,0.0,4.5
1486546,2025-11-18T11:00:00+00:00,1763463600,,,Japan U19,18982,USA U19,25282,0,1,10,2025,2.0,0.0,1.8603139339648245,1.37930782748912,0.0,0.0,0.0,0.0,0,1389.473739766372,1419.424743959606,5.666666666666667,5.770833333333333,0.0,0.0,4.5
1485020,2025-11-18T11:00:00+00:00,1763463600,,,Wales U19,10353,Germany U19,10336,0,3,10,2025,2.0,2.0,1.2723388251787873,0.8586292244805511,0.0,0.0,0.0,0.0,0,1392.2251995782556,1390.0000068495751,5.666666666666667,5.770833333333333,0.0,0.0,4.5
1486591,2025-11-18T11:35:00+00:00,1763465700,,,China U22,21464,Uzbekistan U22,27066,0,0,10,2025,5.0,0.0,2.4659466878582426,2.159550392456801,0.0,0.0,0.0,0.0,0,1382.7737692822286,1400.559446731449,3.0,3.170138888888889,0.0,0.0,4.5
1486551,2025-11-18T11:50:00+00:00,1763466600,,,UAE U23,10184,Tunisia U23,20562,2,3,10,2025,3.0,0.0,2.413573825635736,0.5585264424973135,0.0,0.0,0.0,0.0,0,1383.302888185154,1410.9929201895998,2.9930555555555554,2.951388888888889,0.0,0.0,4.5
1491686,2025-11-18T12:45:00+00:00,1763469900,,,Oman U23,10950,Sudan,1510,0,0,10,2025,2.0,2.0,1.7019824308969485,0.5605411777347502,0.0,0.0,0.0,0.0,0,1409.4245126333599,1392.1102373606807,30.0,3.90625,0.0,0.0,4.5
1486592,2025-11-18T13:00:00+00:00,1763470800,,,Indonesia U23,10936,Mali U23,20551,2,2,10,2025,2.0,2.0,0.9385668175824576,1.1745495197894151,0.0,0.0,0.0,0.0,0,1380.6213866695718,1419.4263584029502,3.0,3.0,0.0,0.0,4.5
1486549,2025-11-18T13:00:00+00:00,1763470800,,,Kyrgyz Republic U23,10941,Russia U21,8219,0,8,10,2025,0.0,2.0,2.2415786712549384,0.8202138783982689,0.0,0.0,0.0,0.0,0,1410.545490872245,1404.3933401468955,3.0,3.1666666666666665,0.0,0.0,4.5
1486555,2025-11-18T13:30:00+00:00,1763472600,,,Qatar U23,10954,Saudi Arabia U23,10955,0,1,10,2025,0.0,1.0,0.9843357856025484,1.7877055368286718,0.0,0.0,0.0,0.0,0,1412.0299273746978,1433.9235916888708,3.0208333333333335,2.9375,0.0,0.0,4.5
1486553,2025-11-18T14:00:00+00:00,1763474400,,,Jordan U23,10938,Syria U23,10958,1,1,10,2025,1.0,2.0,1.5627178516263929,1.1117745537205408,0.0,0.0,0.0,0.0,0,1426.6917386660468,1371.362298317427,5.0,5.0,0.0,0.0,4.5
1486552,2025-11-18T14:00:00+00:00,1763474400,,,Denmark U17,17948,Germany U17,17954,0,1,10,2025,5.0,2.0,0.764086739735613,1.7045136812806323,0.0,0.0,0.0,0.0,0,1400.6054852735729,1400.4569922125172,3.1041666666666665,3.1041666666666665,0.0,0.0,4.5
1486554,2025-11-18T14:00:00+00:00,1763474400,,,Lesotho,1518,Malawi,1495,0,1,10,2025,4.0,2.0,2.1220076632669045,0.5795828789132644,0.0,0.0,0.0,0.0,0,1383.2215792934285,1380.6550402340854,3.0,3.0,0.0,0.0,4.5
1486550,2025-11-18T15:00:00+00:00,1763478000,,Seeb,Oman,1552,Ivory Coast,1501,0,2,10,2025,2.0,1.0,2.3630240206558426,0.7343045286190506,0.0,0.0,0.0,0.0,0,1464.0372136263454,1643.2620531141279,4.0,3.9375,0.0,0.0,4.5
1486556,2025-11-18T15:00:00+00:00,1763478000,,,Senegal,13,Kenya,1511,8,0,10,2025,1.0,0.0,2.213364926002257,0.5787550382337796,0.0,0.0,0.0,0.0,0,1827.558494097323,1430.9311686772928,2.9583333333333335,4.0,0.0,0.0,4.5
1491687,2025-11-18T15:00:00+00:00,1763478000,,,Iraq U23,10192,Singapore U23,10956,2,0,10,2025,1.0,0.0,2.087475350251498,1.854991620966331,0.0,0.0,0.0,0.0,0,1410.4971125172256,1389.2105186438214,3.0,3.125,0.0,0.0,4.5
1486548,2025-11-18T15:30:00+00:00,1763479800,,,Guinea,1509,Niger,1505,1,1,10,2025,0.0,0.0,0.9754820870490052,2.019207000874493,0.0,0.0,0.0,0.0,0,1459.0269868298367,1407.5280707827033,3.0,3.8541666666666665,0.0,0.0,4.5
1491689,2025-11-18T16:00:00+00:00,1763481600,,,Angola,1529,Zambia,1507,3,2,10,2025,1.0,2.0,0.7485534265837148,1.1500571429624615,0.0,0.0,0.0,0.0,0,1398.3116673161533,1396.1978579249972,4.0,3.125,0.0,0.0,4.5
1485021,2025-11-18T16:00:00+00:00,1763481600,,,Germany U18,23258,Denmark U18,22428,2,0,10,2025,1.0,2.0,1.4835978032823764,1.7454203961372443,0.0,0.0,0.0,0.0,0,1408.4779566054463,1453.6971467557878,2.0833333333333335,2.2083333333333335,0.0,0.0,4.5
1486557,2025-11-18T16:00:00+00:00,1763481600,,,Costa Rica U20,10308,United States U20,10306,0,4,10,2025,0.0,0.0,0.6921861131497553,2.4784427537974603,0.0,0.0,0.0,0.0,0,1390.2712064588613,1419.1537822632934,3.0,3.0,0.0,0.0,4.5
1486547,2025-11-18T16:00:00+00:00,1763481600,,,Burkina Faso,1502,Benin,1516,3,0,10,2025,6.0,7.0,0.8373670810130038,1.0331426357697708,0.0,0.0,0.0,0.0,0,1427.9581184850458,1394.410221195235,3.875,30.0,0.0,0.0,4.5
1491688,2025-11-18T16:00:00+00:00,1763481600,,,Kuwait,1570,Gambia,1492,2,2,10,2025,1.0,0.0,2.294737369261626,1.3026633284947893,0.0,0.0,0.0,0.0,0,1386.24870774618,1409.0207760129226,3.0,30.0,0.0,0.0,4.5
1486559,2025-11-18T16:30:00+00:00,1763483400,,Jeddah,Saudi Arabia,23,Algeria,1532,0,2,10,2025,0.0,4.0,1.999720657892181,2.4500012874226726,0.0,0.0,0.0,0.0,0,1451.4437420318825,1624.6049694265955,4.0,5.0,0.0,0.0,4.5
1340028,2025-11-18T17:00:00+00:00,1763485200,"Orel Grinfeeld, Israel",Limassol,Cyprus,1106,Estonia,1101,2,4,10,2025,3.0,1.0,0.8603214384626647,0.8399972960071691,0.0,0.0,0.0,0.0,0,1412.0569048346665,1379.7618690321665,3.0,5.0,0.0,0.0,4.5
1486593,2025-11-18T17:00:00+00:00,1763485200,,,Serbia U21,8222,USA U21,27072,1,0,10,2025,3.0,3.0,1.1063262383829682,0.8735907659869129,0.0,0.0,0.0,0.0,0,1410.5878706732342,1399.7281072786539,4.0,4.0,0.0,0.0,4.5
1485022,2025-11-18T17:00:00+00:00,1763485200,"Duje Strukan, Croatia",Pula,Faroe Islands,1098,Kazakhstan,1095,1,0,10,2025,5.0,4.0,1.7378946032476812,0.5500717757885105,0.0,0.0,0.0,0.0,0,1412.1209153708858,1387.8425210893113,3.8854166666666665,3.125,0.0,0.0,4.5
1436811,2025-11-18T17:00:00+00:00,1763485200,,Sochi,Chile,2383,Peru,30,2,1,10,2025,3.0,2.0,1.0617830027169193,0.6313690953137048,0.0,0.0,0.0,0.0,0,1724.1191218502242,1699.727428455032,3.0833333333333335,6.0,0.0,0.0,4.5
1486594,2025-11-18T17:30:00+00:00,1763487000,,,Catalonia Selection,27058,Palestine,1562,2,1,10,2025,1.0,0.0,0.6321527585859956,1.455722654815076,0.0,0.0,0.0,0.0,0,1400.0,1351.4201844989916,7.0,2.9166666666666665,0.0,0.0,4.5
1485018,2025-11-18T18:00:00+00:00,1763488800,,,Jordan,1548,Mali,1500,0,0,10,2025,1.0,1.0,0.9011694280056616,1.5473035755727078,0.0,0.0,0.0,0.0,0,1393.6975364474672,1657.91254920456,4.052083333333333,30.0,0.0,0.0,4.5
1486560,2025-11-18T19:00:00+00:00,1763492400,,Tanger,Morocco,31,Uganda,1519,4,0,10,2025,0.0,4.0,1.2057284851209988,1.022897236841419,0.0,0.0,0.0,0.0,0,1947.5825583238886,1413.9693738626727,4.0,4.166666666666667,0.0,0.0,4.5
1485023,2025-11-18T19:30:00+00:00,1763494200,"Jérôme Brisard, France",Lille,Brazil,6,Tunisia,28,1,1,10,2025,3.0,1.0,0.8778947968614947,1.064395888884426,0.0,0.0,0.0,0.0,0,1972.454477528153,1437.4027639110016,3.1458333333333335,4.114583333333333,0.0,0.0,4.5
1366325,2025-11-18T19:45:00+00:00,1763495100,S. Marciniak,Glasgow,Scotland,1108,Denmark,21,4,2,32,2024,1.0,3.0,1.67,2.49,2.0,9.0,15.0,12.0,1,1661.768131959852,1867.4004656041056,3.0,3.0,0.0,0.0,3.3125
1366326,2025-11-18T19:45:00+00:00,1763495100,F. Zwayer,Sevilla,Spain,9,Türkiye,777,2,2,32,2024,1.0,5.0,3.08,1.43,6.0,3.0,5.0,8.0,1,2057.378798757848,1523.6877887246874,3.1145833333333335,3.1145833333333335,0.0,0.0,4.136363636363637
1323370,2025-11-18T19:45:00+00:00,1763495100,J. Kehlet,Sofia,Bulgaria,1103,Georgia,1104,2,1,32,2024,1.0,2.0,0.78,1.49,0.0,4.0,7.0,9.0,1,1378.8731510827736,1441.7836101459234,3.1145833333333335,3.1145833333333335,0.0,0.0,4.3
1323367,2025-11-18T19:45:00+00:00,1763495100,D. Massa,Pristina,Kosovo,1111,Switzerland,15,1,1,32,2024,2.0,0.0,0.5,0.48,3.0,1.0,9.0,9.0,1,1471.603479881212,1934.4316156395735,3.0,3.0,0.0,0.0,4.5
1323372,2025-11-18T19:45:00+00:00,1763495100,M. Al-Emara,Bucharest,Romania,774,San Marino,1115,7,1,32,2024,0.0,4.0,5.25,0.21,6.0,0.0,7.0,18.0,1,1608.6285273703131,1307.4812258931695,3.0,5.114583333333333,0.0,0.0,3.9
1323371,2025-11-18T19:45:00+00:00,1763495100,J. Pinheiro,Vienna,Austria,775,Bosnia & Herzegovina,1113,1,1,32,2024,1.0,2.0,1.02,0.76,4.0,2.0,8.0,9.0,1,1845.7651764631846,1453.6495863005064,3.1145833333333335,3.0,0.0,0.0,3.7857142857142856
1323368,2025-11-18T19:45:00+00:00,1763495100,M. Mariani,Solna,Sweden,5,Slovenia,1091,1,1,32,2024,2.0,1.0,1.01,2.17,6.0,7.0,6.0,11.0,1,1750.8842857404097,1500.16831588474,3.0,3.0,0.0,0.0,3.5
1323374,2025-11-18T19:45:00+00:00,1763495100,D. Makkelie,Cardiff,Wales,767,FYR Macedonia,1105,7,1,32,2024,0.0,3.0,4.63,0.59,9.0,3.0,6.0,12.0,1,1736.3177086739395,1438.59993597916,3.1145833333333335,5.114583333333333,0.0,0.0,4.35
1323373,2025-11-18T19:45:00+00:00,1763495100,M. Al-Hakim,Liege,Belgium,1,Liechtenstein,1107,7,0,32,2024,0.0,1.0,3.37,0.01,15.0,0.0,9.0,10.0,1,1971.3110989397683,1332.8863429821945,3.2395833333333335,3.1145833333333335,0.0,0.0,3.7
1323369,2025-11-18T19:45:00+00:00,1763495100,D. Sylwestrzak,Zalaegerszeg,Belarus,1100,Greece,1117,0,0,32,2024,1.0,1.0,0.4,1.16,2.0,6.0,13.0,16.0,1,1394.8000214252158,1626.0125740144526,3.0,3.0,0.0,0.0,3.75
1457379,2025-11-19T00:00:00+00:00,1763510400,"Julio Cesar de Jesus Luna Guzman, Guatemala",Tampa,USA,2384,Uruguay,7,5,1,10,2025,5.0,1.0,0.948292631649236,2.111941740651779,0.0,0.0,0.0,0.0,0,1845.022020498728,1915.9636550856003,3.0833333333333335,2.9583333333333335,0.0,0.0,4.5
1469294,2025-11-19T01:30:00+00:00,1763515800,,Harrison,Ecuador,2382,New Zealand,4673,2,0,10,2025,3.0,3.0,1.821476584534015,1.5828303723641244,0.0,0.0,0.0,0.0,0,1830.9298759861801,1432.6361496483921,5.041666666666667,3.0416666666666665,0.0,0.0,4.5
1485025,2025-11-19T01:30:00+00:00,1763515800,"Tori Penso, USA",Flushing,Colombia,8,Australia,20,3,0,10,2025,1.0,1.0,1.4132933195138633,1.2754486896999444,0.0,0.0,0.0,0.0,0,1972.5134481532873,1828.7189685241076,3.0416666666666665,3.9583333333333335,0.0,0.0,4.1
1472256,2025-11-19T01:30:00+00:00,1763515800,"Joseph Dickerson, USA",San Antonio,Mexico,16,Paraguay,2380,1,2,10,2025,2.0,0.0,0.8419861038667666,1.8167036873562297,0.0,0.0,0.0,0.0,0,1862.6934118866889,1709.8732072353014,3.0208333333333335,3.1458333333333335,0.0,0.0,4.5
1469295,2025-11-19T01:30:00+00:00,1763515800,,,Canada,5529,Venezuela,2379,2,0,10,2025,1.0,4.0,2.017924993847912,1.6647920493578374,0.0,0.0,0.0,0.0,0,1676.2643757954063,1751.5985088919367,5.041666666666667,3.9583333333333335,0.0,0.0,4.5
1491690,2025-11-20T06:00:00+00:00,1763618400,,,Papua New Guinea,8175,Fiji,5160,2,0,10,2025,1.0,3.0,1.3069600730868387,2.157368033681973,0.0,0.0,0.0,0.0,0,1376.1321193023368,1403.9168415457814,7.0,3.0,0.0,0.0,4.5
1491691,2025-11-20T09:00:00+00:00,1763629200,,,Vanuatu,5170,Solomon Islands,5165,2,1,10,2025,4.0,1.0,0.7565076240254829,2.4625116666915354,0.0,0.0,0.0,0.0,0,1366.223113317057,1389.7490383982836,3.125,7.125,0.0,0.0,4.5
1491692,2025-11-21T13:00:00+00:00,1763730000,,,Bahrain,1547,Somalia,8050,0,1,10,2025,1.0,0.0,2.369303634815431,1.685362509634519,0.0,0.0,0.0,0.0,0,1377.4452427138647,1390.4998254640093,3.8958333333333335,3.8958333333333335,0.0,0.0,4.5
1491693,2025-11-22T07:00:00+00:00,1763794800,,,Fiji,5160,Solomon Islands,5165,1,1,10,2025,1.0,2.0,2.1327570011548045,0.742507298251996,0.0,0.0,0.0,0.0,0,1393.118833407618,1379.072940843156,2.0416666666666665,1.9166666666666667,0.0,0.0,4.5
1491694,2025-11-22T09:00:00+00:00,1763802000,,,Eswatini U20,11028,Mozambique U20,11040,2,0,10,2025,1.0,1.0,1.4558031509382834,2.333824378106084,0.0,0.0,0.0,0.0,0,1400.0,1400.0,7.0,7.0,0.0,0.0,4.5
1491695,2025-11-22T14:00:00+00:00,1763820000,,,Eswatini U20,11028,Lesotho U20,16197,0,2,10,2025,2.0,1.0,1.4391038644403595,1.933863955959349,0.0,0.0,0.0,0.0,0,1410.0,1400.0,0.20833333333333334,7.0,0.0,0.0,4.5
1491697,2025-11-23T10:00:00+00:00,1763892000,,,Mozambique U20,11040,Lesotho U20,16197,0,2,10,2025,3.0,2.0,1.3693997293903275,1.0812653717498482,0.0,0.0,0.0,0.0,0,1390.0,1410.28774368332,1.0416666666666667,0.8333333333333334,0.0,0.0,4.5
1491698,2025-11-26T12:00:00+00:00,1764158400,,,Argentina U20,10284,Uruguay U18,27068,4,0,10,2025,2.0,1.0,1.181111463054629,2.082995430004002,0.0,0.0,0.0,0.0,0,1400.0,1409.9668998109685,7.0,30.0,0.0,0.0,4.5
1486793,2025-11-28T18:30:00+00:00,1764354600,,,Concarneau,1300,Stade Briochin,3229,1,0,66,2025,1.0,0.0,1.7755063835556808,1.7672413972152947,0.0,0.0,0.0,0.0,0,1419.9836982637269,1422.361357424262,13.104166666666666,12.208333333333334,0.0,0.0,4.5
1486818,2025-11-28T19:00:00+00:00,1764356400,,,Sarreguemines,3113,Nancy,102,3,4,66,2025,1.0,2.0,1.4785694293502958,0.6855852053512703,0.0,0.0,0.0,0.0,0,1419.43278790048,1409.9921940487666,13.125,12.177083333333334,0.0,0.0,4.5
1486783,2025-11-28T19:00:00+00:00,1764356400,,Annecy,Annecy,3012,Grenoble,101,1,2,66,2025,5.0,2.0,1.013565457103708,2.1572626026472737,0.0,0.0,0.0,0.0,0,1431.0249376168294,1419.4490800315366,14.0,14.0,0.0,0.0,4.5
1486823,2025-11-29T12:30:00+00:00,1764419400,,,Torcy,9967,Reims,93,1,5,66,2025,2.0,2.0,0.8598382404293197,1.28684788806345,0.0,0.0,0.0,0.0,0,1400.28774368332,1432.9793224343057,12.979166666666666,13.979166666666666,0.0,0.0,4.5
1486789,2025-11-29T12:30:00+00:00,1764419400,,,Bogny,27019,St Maur Lusitanos,3115,0,3,66,2025,0.0,5.0,2.43159856031543,1.7710888352223253,0.0,0.0,0.0,0.0,0,1400.0,1409.71225631668,7.0,12.979166666666666,0.0,0.0,4.5
1486819,2025-11-29T12:30:00+00:00,1764419400,,,Sarre Union,3297,Sochaux,115,0,6,66,2025,2.0,4.0,0.8916649561515162,2.089987005644496,0.0,0.0,0.0,0.0,0,1399.71225631668,1437.2706629185432,30.0,30.0,0.0,0.0,4.5
1486798,2025-11-29T12:30:00+00:00,1764419400,,,Freyming,25336,Racing Besançon,9974,1,0,66,2025,1.0,3.0,0.7657316340043143,1.21234937875505,0.0,0.0,0.0,0.0,0,1389.71225631668,1410.8132183918779,30.0,13.8125,0.0,0.0,4.5
1486807,2025-11-29T12:30:00+00:00,1764419400,,,Montceau,3082,Montpellier,82,0,2,66,2025,1.0,4.0,0.7323641852885696,1.1206295326108269,0.0,0.0,0.0,0.0,0,1410.0,1411.8249413407457,13.8125,12.9375,0.0,0.0,4.5
1486812,2025-11-29T13:00:00+00:00,1764421200,,,Reims Sainte-Anne,9303,Amiens,87,0,4,66,2025,2.0,3.0,2.162939266947718,1.941615266266568,0.0,0.0,0.0,0.0,0,1410.2794617562658,1419.1928113818137,13.041666666666666,14.0,0.0,0.0,4.5
1486815,2025-11-29T13:00:00+00:00,1764421200,,,Union Saint-Jean,9315,Orleans,103,1,2,66,2025,2.0,1.0,1.5044879274036331,1.029060600759382,0.0,0.0,0.0,0.0,0,1419.4557188831861,1436.9653505697665,13.833333333333334,13.833333333333334,0.0,0.0,4.5
1486800,2025-11-29T13:00:00+00:00,1764421200,,,Croix Football IC,3043,Le Geldar,3194,2,1,66,2025,1.0,1.0,0.7784119346190739,1.243538952854438,0.0,0.0,0.0,0.0,0,1390.0,1390.0,30.0,30.0,0.0,0.0,4.5
1486790,2025-11-29T14:00:00+00:00,1764424800,,,Canet Roussillon,3030,Rodez,1301,1,0,66,2025,2.0,0.0,1.9980902629720327,0.5812357079313801,0.0,0.0,0.0,0.0,0,1400.0,1417.813828417417,13.791666666666666,13.958333333333334,0.0,0.0,4.5
1486801,2025-11-29T15:30:00+00:00,1764430200,,Laval,Laval,433,Saint-Pauloise,13748,6,0,66,2025,2.0,4.0,1.453085733268552,2.2039170764635694,0.0,0.0,0.0,0.0,0,1427.811764514467,1410.0,13.9375,13.135416666666666,0.0,0.0,4.5
1486782,2025-11-29T17:00:00+00:00,1764435600,,,Ancienne Château-Gontier,3145,Guingamp,90,0,4,66,2025,2.0,3.0,0.9826708934718478,0.9088639181906524,0.0,0.0,0.0,0.0,0,1410.0,1439.601276775121,14.0,14.041666666666666,0.0,0.0,4.5
1486791,2025-11-29T17:00:00+00:00,1764435600,,,Chalon,27020,Le Puy Foot,3069,0,1,66,2025,2.0,0.0,0.9484905904192928,0.5910812038488922,0.0,0.0,0.0,0.0,0,1410.0,1461.7780279932251,14.0,14.166666666666666,0.0,0.0,4.5
1486797,2025-11-29T17:00:00+00:00,1764435600,,,Vendée Fontenay,3130,Chateauroux,107,4,1,66,2025,1.0,3.0,1.3742342502052614,0.6134739631389956,0.0,0.0,0.0,0.0,0,1390.0,1419.1533078587797,30.0,13.958333333333334,0.0,0.0,4.5
1486804,2025-11-29T17:00:00+00:00,1764435600,,,Olympique Marcquois,3090,Bondues,20599,2,0,66,2025,1.0,1.0,2.3552946977076337,0.8704459077819395,0.0,0.0,0.0,0.0,0,1410.0,1400.28774368332,13.166666666666666,13.166666666666666,0.0,0.0,4.5
1486820,2025-11-29T17:00:00+00:00,1764435600,,,Selongey,3300,Bourg-en-bresse 01,430,2,3,66,2025,3.0,1.0,0.5062287863108497,2.2211402261407662,0.0,0.0,0.0,0.0,0,1400.0,1400.28774368332,7.0,14.0,0.0,0.0,4.5
1486787,2025-11-29T17:00:00+00:00,1764435600,,,Beauvais,3153,Dieppe,9274,1,2,66,2025,1.0,1.0,2.25665450802548,2.1364048532167774,0.0,0.0,0.0,0.0,0,1399.71225631668,1419.71225631668,30.0,13.125,0.0,0.0,4.5
1486803,2025-11-29T17:00:00+00:00,1764435600,,Lyon,Lyon Duchere,1295,Carnoux,19916,3,1,66,2025,0.0,0.0,2.48095963950296,1.1170719623591212,0.0,0.0,0.0,0.0,0,1419.43278790048,1409.71225631668,13.166666666666666,13.958333333333334,0.0,0.0,4.5
1486784,2025-11-29T17:00:00+00:00,1764435600,,,APM Metz,3245,Feignies-Aulnoye,3176,0,2,66,2025,1.0,3.0,1.857556964923055,2.39756240992416,0.0,0.0,0.0,0.0,0,1390.0,1437.3316163942893,30.0,14.0,0.0,0.0,4.5
1486781,2025-11-29T17:00:00+00:00,1764435600,,,Abbeville,27015,Dunkerque,1304,0,5,66,2025,2.0,1.0,2.3018899199546787,1.253139351915708,0.0,0.0,0.0,0.0,0,1410.0,1440.0428927061737,13.166666666666666,30.0,0.0,0.0,4.5
1486826,2025-11-29T17:00:00+00:00,1764435600,,,Yvetot,13636,Bayeux,15116,0,1,66,2025,4.0,3.0,1.2440709810806092,0.563283893685943,0.0,0.0,0.0,0.0,0,1410.0,1410.5358115504123,14.0,14.0,0.0,0.0,4.5
1486817,2025-11-29T17:00:00+00:00,1764435600,,,SA Mérignac,20581,PAU,1297,1,0,66,2025,2.0,2.0,2.40234429539728,0.5934446271625606,0.0,0.0,0.0,0.0,0,1410.0,1428.3557278443134,30.0,14.0,0.0,0.0,4.5
1486810,2025-11-29T17:00:00+00:00,1764435600,,,Stade Plabennec,9311,Les Herbiers,1308,1,2,66,2025,2.0,2.0,1.77908411296059,1.298465245368328,0.0,0.0,0.0,0.0,0,1410.0,1428.0600844582734,13.166666666666666,14.041666666666666,0.0,0.0,4.5
1486821,2025-11-29T17:00:00+00:00,1764435600,,,Seyssinet-Pariset,3227,Istres,3267,0,2,66,2025,5.0,0.0,1.3591661827125772,1.665544818770201,0.0,0.0,0.0,0.0,0,1400.0,1409.9839262114683,7.0,13.958333333333334,0.0,0.0,4.5
1486809,2025-11-29T18:00:00+00:00,1764439200,,,Périgny,13744,Beaucouzé,19914,3,1,66,2025,0.0,4.0,1.2691075291724392,1.831158018569089,0.0,0.0,0.0,0.0,0,1400.0,1410.0,7.0,14.0,0.0,0.0,4.5
1486806,2025-11-29T18:00:00+00:00,1764439200,,,Mazeres,27035,Bordeaux,78,3,4,66,2025,0.0,3.0,1.4548115132422914,1.1093865977744608,0.0,0.0,0.0,0.0,0,1410.0,1420.2776975594356,14.041666666666666,13.135416666666666,0.0,0.0,4.5
1486795,2025-11-29T19:30:00+00:00,1764444600,,,Saint Etienne,1063,Ecotay Moingt,27023,11,1,66,2025,4.0,1.0,1.8810649499848089,1.478107616692112,0.0,0.0,0.0,0.0,0,1400.583272185818,1400.0,14.0,7.0,0.0,0.0,4.5
1486796,2025-11-29T21:00:00+00:00,1764450000,,,Espoir Ste Luce,27235,Pontivy GSI,3098,0,4,66,2025,1.0,1.0,1.2740887389430875,1.019728659582655,0.0,0.0,0.0,0.0,0,1400.0,1409.7368321306994,7.0,14.166666666666666,0.0,0.0,4.5
1486794,2025-11-30T12:30:00+00:00,1764505800,,,MJEP Cormontreuil,9290,Chantilly,3162,1,2,66,2025,0.0,3.0,1.7749701834304674,0.836067732431184,0.0,0.0,0.0,0.0,0,1410.0,1390.85450002419,13.979166666666666,14.770833333333334,0.0,0.0,4.5
1486802,2025-11-30T14:00:00+00:00,1764511200,,,Les Sables-d'Olonne,3195,Plouvorn,3096,2,1,66,2025,2.0,3.0,1.7931537722772617,2.251450716287068,0.0,0.0,0.0,0.0,0,1400.0,1400.0,7.0,7.0,0.0,0.0,4.5
1486824,2025-11-30T15:00:00+00:00,1764514800,,,UF Touraine,9926,Estac Troyes,110,0,2,66,2025,2.0,3.0,1.390651773760461,2.3632257060353417,0.0,0.0,0.0,0.0,0,1400.0,1430.2379805397386,7.0,15.041666666666666,0.0,0.0,4.5
1491706,2025-12-03T17:30:00+00:00,1764783000,,,Liechtenstein U21,8205,North Macedonia U20,27260,0,3,10,2025,3.0,1.0,0.6188879189025436,1.6730086264010915,0.0,0.0,0.0,0.0,0,1400.0,1400.0,7.0,7.0,0.0,0.0,4.5
1491707,2025-12-05T14:30:00+00:00,1764945000,,,Honduras U19,27262,Nicaragua U19,27261,2,0,10,2025,1.0,1.0,2.4233606585742216,1.16721207286624,0.0,0.0,0.0,0.0,0,1400.0,1400.0,7.0,7.0,0.0,0.0,4.5
1491708,2025-12-05T14:30:00+00:00,1764945000,,,El Salvador U19,27255,Costa Rica U19,27253,2,4,10,2025,4.0,1.0,1.2612781648018816,0.776757422464391,0.0,0.0,0.0,0.0,0,1400.0,1400.0,7.0,7.0,0.0,0.0,4.5
1491710,2025-12-05T20:00:00+00:00,1764964800,,,Guatemala U19,27258,Puerto Rico U19,27256,4,0,10,2025,1.0,1.0,1.606253027404702,1.9583733874987352,0.0,0.0,0.0,0.0,0,1400.0,1400.0,7.0,7.0,0.0,0.0,4.5
1491709,2025-12-05T20:00:00+00:00,1764964800,,,Panama U19,27259,Cuba U19,27254,2,0,10,2025,1.0,2.0,0.7822622921694604,0.8715695871137012,0.0,0.0,0.0,0.0,0,1400.0,1400.0,7.0,7.0,0.0,0.0,4.5
1491712,2025-12-07T14:30:00+00:00,1765117800,,,Costa Rica U19,27253,Puerto Rico U19,27256,2,2,10,2025,2.0,0.0,0.7415990256015119,0.5674055451536,0.0,0.0,0.0,0.0,0,1410.0,1390.0,2.0,1.7708333333333333,0.0,0.0,4.5
1491711,2025-12-07T14:30:00+00:00,1765117800,,,Cuba U19,27254,Honduras U19,27262,1,6,10,2025,1.0,2.0,0.6878613909163271,0.8701383477834663,0.0,0.0,0.0,0.0,0,1390.0,1410.0,1.7708333333333333,2.0,0.0,0.0,4.5
1491713,2025-12-07T20:00:00+00:00,1765137600,,,Panama U19,27259,Nicaragua U19,27261,1,0,10,2025,3.0,1.0,0.6688637745376924,1.1736081334235804,0.0,0.0,0.0,0.0,0,1410.0,1390.0,2.0,2.2291666666666665,0.0,0.0,4.5
1491714,2025-12-07T20:00:00+00:00,1765137600,,,El Salvador U19,27255,Guatemala U19,27258,0,3,10,2025,4.0,3.0,0.997102215113128,1.5212007125422662,0.0,0.0,0.0,0.0,0,1390.0,1410.0,2.2291666666666665,2.0,0.0,0.0,4.5
1491715,2025-12-09T14:30:00+00:00,1765290600,,,Puerto Rico U19,27256,El Salvador U19,27255,2,2,10,2025,2.0,2.0,0.6170078660888056,1.1574388844168408,0.0,0.0,0.0,0.0,0,1390.5750112778453,1380.5750112778453,2.0,1.7708333333333333,0.0,0.0,4.5
1491716,2025-12-09T14:30:00+00:00,1765290600,,,Nicaragua U19,27261,Cuba U19,27254,2,1,10,2025,5.0,4.0,1.89593711119192,2.196339538401981,0.0,0.0,0.0,0.0,0,1380.5750112778453,1380.5750112778453,1.7708333333333333,2.0,0.0,0.0,4.5
1491718,2025-12-09T20:00:00+00:00,1765310400,,,Guatemala U19,27258,Costa Rica U19,27253,1,2,10,2025,2.0,0.0,1.7936706475526951,0.6022086138591476,0.0,0.0,0.0,0.0,0,1419.4249887221547,1409.4249887221547,2.0,2.2291666666666665,0.0,0.0,4.5
1491717,2025-12-09T20:00:00+00:00,1765310400,,,Panama U19,27259,Honduras U19,27262,3,0,10,2025,2.0,2.0,1.270598360687074,1.8680546796217712,0.0,0.0,0.0,0.0,0,1419.4249887221547,1419.4249887221547,2.0,2.2291666666666665,0.0,0.0,4.5
1491719,2025-12-10T11:00:00+00:00,1765364400,,,North Macedonia U18,21472,Montenegro U18,27263,2,1,10,2025,1.0,1.0,2.071765232116777,1.373785308325327,0.0,0.0,0.0,0.0,0,1389.704913405355,1400.0,30.0,7.0,0.0,0.0,4.5
1491721,2025-12-11T14:30:00+00:00,1765463400,,,El Salvador U19,27255,Cuba U19,27254,3,5,10,2025,0.0,1.0,0.6043388297958527,1.7592513031575272,0.0,0.0,0.0,0.0,0,1380.8627549611654,1370.5750112778453,2.0,2.0,0.0,0.0,4.5
1491723,2025-12-11T20:00:00+00:00,1765483200,,,Nicaragua U19,27261,Puerto Rico U19,27256,1,2,10,2025,4.0,2.0,1.7702968728475648,1.0290300019207133,0.0,0.0,0.0,0.0,0,1390.5750112778453,1390.2872675945252,2.2291666666666665,2.2291666666666665,0.0,0.0,4.5
1491724,2025-12-12T10:00:00+00:00,1765533600,,,North Macedonia U18,21472,Montenegro U18,27263,2,1,10,2025,0.0,3.0,2.44434944264174,1.003267520252568,0.0,0.0,0.0,0.0,0,1400.0011431220419,1389.7037702833131,1.9583333333333333,1.9583333333333333,0.0,0.0,4.5
1491725,2025-12-16T14:00:00+00:00,1765893600,,,South Africa,1531,Ghana B,27257,1,0,10,2025,3.0,1.0,2.215980899407424,1.1038867942582309,0.0,0.0,0.0,0.0,0,1438.0112753431638,1400.0,30.0,7.0,0.0,0.0,4.5
1491700,2025-12-16T15:00:00+00:00,1765897200,,,Congo DR,1508,Zambia,1507,2,0,10,2025,2.0,1.0,1.5630339960896,1.9608130291324937,0.0,0.0,0.0,0.0,0,1416.6589263400751,1386.2586974992498,30.0,27.958333333333332,0.0,0.0,4.5
1491701,2025-12-16T18:00:00+00:00,1765908000,,,Egypt,32,Nigeria,19,2,1,10,2025,3.0,2.0,1.2831590699849404,1.8248121064619067,0.0,0.0,0.0,0.0,0,1665.1096302010253,1662.2857074196857,30.0,30.0,0.0,0.0,4.5
1491703,2025-12-18T07:00:00+00:00,1766041200,,Fujieda,Spain U19,10349,Australia U20,21056,3,0,10,2025,4.0,4.0,1.3091576089847008,0.8502331415441624,0.0,0.0,0.0,0.0,0,1409.71225631668,1399.712719165851,30.0,30.0,0.0,0.0,4.5
1488834,2025-12-19T19:45:00+00:00,1766173500,R. Buquet,Guingamp,Guingamp,90,Laval,433,0,1,66,2025,2.0,2.0,2.3848540677857013,2.179795202643641,0.0,0.0,0.0,0.0,0,1448.7513390921824,1437.2995493844357,20.114583333333332,20.177083333333332,0.0,0.0,4.5
1488838,2025-12-19T19:45:00+00:00,1766173500,B. Lepaysant,Perigny,Périgny,13744,Le Mans,1298,1,2,66,2025,2.0,5.0,1.500829036838648,1.2992922194581953,0.0,0.0,0.0,0.0,0,1410.28774368332,1420.8117624615766,20.072916666666668,30.0,0.0,0.0,4.5
1488835,2025-12-19T19:45:00+00:00,1766173500,B. Roffet,Croix,Croix Football IC,3043,Reims,93,0,4,66,2025,3.0,1.0,0.9638030329655798,0.9868100611489804,0.0,0.0,0.0,0.0,0,1400.0,1442.0411502823695,20.28125,20.302083333333332,0.0,0.0,4.5
1488830,2025-12-19T19:45:00+00:00,1766173500,A. Souifi,Perpignan,Canet Roussillon,3030,Montpellier,82,0,1,66,2025,1.0,1.0,0.8768397749952248,1.328596239169844,0.0,0.0,0.0,0.0,0,1410.5122743780607,1421.7724157897171,20.239583333333332,20.302083333333332,0.0,0.0,4.5
1488839,2025-12-19T20:00:00+00:00,1766174400,G. Paradis,Lens,Lens,116,Feignies-Aulnoye,3176,3,1,66,2025,2.0,2.0,2.2900694437259173,1.03665472053409,0.0,0.0,0.0,0.0,0,1400.0,1445.9776685829809,7.0,20.125,0.0,0.0,4.5
1491704,2025-12-20T04:30:00+00:00,1766205000,,Fujieda,Japan U18,22431,Spain U19,10349,2,4,10,2025,0.0,1.0,1.932925164532446,2.260921620600935,0.0,0.0,0.0,0.0,0,1409.7262667426078,1419.4245259442005,30.0,1.8958333333333333,0.0,0.0,4.5
1488828,2025-12-20T14:30:00+00:00,1766241000,B. Dechepy,Biesheim,Biesheim,3025,Metz,112,0,3,66,2025,1.0,2.0,1.6926855259068292,1.7886966097071737,0.0,0.0,0.0,0.0,0,1410.0,1409.4491015560832,30.0,30.0,0.0,0.0,4.5
1488843,2025-12-20T14:30:00+00:00,1766241000,R. Landry,Lorient,Gosier,4394,Lorient,97,0,7,66,2025,1.0,1.0,0.7044481280425283,2.2992887266037094,0.0,0.0,0.0,0.0,0,1409.7368321306994,1411.5896685020853,30.0,30.0,0.0,0.0,4.5
1488844,2025-12-20T14:30:00+00:00,1766241000,M. Lesage,,St Maur Lusitanos,3115,Lille,79,0,1,66,2025,2.0,2.0,1.0718456000706296,1.4443791394625178,0.0,0.0,0.0,0.0,0,1419.43278790048,1421.6743442801153,21.083333333333332,30.0,0.0,0.0,4.5
1488831,2025-12-20T14:30:00+00:00,1766241000,S. Zolota,Saint-Avold,Freyming,25336,Chantilly,3162,0,3,66,2025,1.0,1.0,2.32426242730429,0.8524406219557021,0.0,0.0,0.0,0.0,0,1400.3188451974854,1401.4049947153,21.083333333333332,20.083333333333332,0.0,0.0,4.5
1488847,2025-12-20T14:30:00+00:00,1766241000,E. Rosier,Marcq en Baroeul,Olympique Marcquois,3090,Estac Troyes,110,1,3,66,2025,2.0,1.0,2.1118268945789618,1.322424970369772,0.0,0.0,0.0,0.0,0,1419.7205315838,1439.3698522875713,20.895833333333332,19.979166666666668,0.0,0.0,4.5
1488827,2025-12-20T14:30:00+00:00,1766241000,F. Benchabane,Bayeux,Bayeux,15116,Blois,3026,2,1,66,2025,1.0,5.0,2.1264968391494987,1.8660700714536973,0.0,0.0,0.0,0.0,0,1420.5203896665305,1400.0,20.895833333333332,7.0,0.0,0.0,4.5
1488846,2025-12-20T17:00:00+00:00,1766250000,F. Batta,Lyon,Lyon Duchere,1295,Toulouse,96,1,2,66,2025,2.0,0.0,1.0724510380798238,0.7854069674764381,0.0,0.0,0.0,0.0,0,1429.1530814891305,1411.0929518163466,21.0,30.0,0.0,0.0,4.5
1488851,2025-12-20T17:00:00+00:00,1766250000,A. Petit,Raon L Etape,Raon l'Etape,3100,Paris FC,114,0,3,66,2025,1.0,1.0,2.131020298970616,0.8257272693105524,0.0,0.0,0.0,0.0,0,1400.8386998540125,1410.2794617562658,30.0,30.0,0.0,0.0,4.5
1488854,2025-12-20T17:00:00+00:00,1766250000,M. Leleu,Bethune,Stade Béthunois,18153,Sochaux,115,2,4,66,2025,3.0,4.0,0.8735039498453425,2.0703021617967896,0.0,0.0,0.0,0.0,0,1400.0,1446.1938364114721,7.0,21.1875,0.0,0.0,4.5
1488852,2025-12-20T17:00:00+00:00,1766250000,T. Leprodhomme,Pontivy,Pontivy GSI,3098,Bastia,1305,0,1,66,2025,1.0,2.0,2.2986450816969937,1.622738843478941,0.0,0.0,0.0,0.0,0,1419.456656919568,1420.2564653800628,20.833333333333332,30.0,0.0,0.0,4.5
1488853,2025-12-20T20:00:00+00:00,1766260800,J. Stinat,Nantes,Vendée Fontenay,3130,Paris Saint Germain,85,0,4,66,2025,1.0,3.0,1.0233449342448735,0.7546727583794914,0.0,0.0,0.0,0.0,0,1400.8371358477216,1503.0652540653414,21.125,30.0,0.0,0.0,4.5
1491705,2025-12-21T02:00:00+00:00,1766282400,,,Japan U18,22431,Australia U20,21056,2,0,10,2025,2.0,2.0,1.050157224982126,0.9039495000422572,0.0,0.0,0.0,0.0,0,1400.0053326036493,1390.0004495383305,0.8958333333333334,2.7916666666666665,0.0,0.0,4.5
1488825,2025-12-21T13:45:00+00:00,1766324700,R. Lissorgue,Auxerre,Auxerre,108,Monaco,91,1,2,66,2025,2.0,1.0,2.430615771747463,1.4618442823266116,0.0,0.0,0.0,0.0,0,1400.5598548167561,1421.1085732413478,30.0,30.0,0.0,0.0,4.5
1488848,2025-12-21T13:45:00+00:00,1766324700,S. Frappart,Bourg-en-Bresse,Bourg-en-bresse 01,430,Marseille,81,0,6,66,2025,0.0,1.0,0.5623679006750977,1.184572778831532,0.0,0.0,0.0,0.0,0,1410.2794617562658,1420.2707319450626,21.864583333333332,30.0,0.0,0.0,4.125
1488855,2025-12-21T13:45:00+00:00,1766324700,B. Bastien,Strasbourg,Strasbourg,95,Dunkerque,1304,2,1,66,2025,1.0,1.0,1.238265944671498,0.7635636305765807,0.0,0.0,0.0,0.0,0,1429.4321402335436,1449.1803374864446,30.0,21.864583333333332,0.0,0.0,3.7
1488849,2025-12-21T13:45:00+00:00,1766324700,G. Angoula,Nice,Nice,84,Saint Etienne,1063,2,1,66,2025,4.0,4.0,2.305793570061927,0.7106772803600485,0.0,0.0,0.0,0.0,0,1410.899462277126,1410.5664842785866,30.0,21.760416666666668,0.0,0.0,4.5
1488832,2025-12-21T13:45:00+00:00,1766324700,P. Gaillouste,Concarneau,Concarneau,1300,Nantes,83,3,5,66,2025,2.0,2.0,1.0747880251334505,1.6822516673282784,0.0,0.0,0.0,0.0,0,1430.0521317271596,1401.9314088971898,22.802083333333332,30.0,0.0,0.0,4.5
1488840,2025-12-21T16:30:00+00:00,1766334600,H. Ben El Hadj Salem,Espaly-Saint Marcel,Le Puy Foot,3069,Bordeaux,78,1,0,66,2025,1.0,2.0,2.039188061380622,0.6362244473048422,0.0,0.0,0.0,0.0,0,1470.2986723767108,1429.9819679009593,21.979166666666668,21.9375,0.0,0.0,4.5
1488850,2025-12-21T16:30:00+00:00,1766334600,T. Leonard,,Orleans,103,Dieppe,9274,3,0,66,2025,0.0,2.0,1.001351170835041,1.0474933456909752,0.0,0.0,0.0,0.0,0,1446.4618090902986,1429.1372450388346,22.145833333333332,21.979166666666668,0.0,0.0,4.5
1488842,2025-12-21T16:30:00+00:00,1766334600,A. Perreau Niel,Rennes,Rennes,94,Les Sables-d'Olonne,3195,3,0,66,2025,3.0,0.0,2.193111887949595,1.3518868419822785,0.0,0.0,0.0,0.0,0,1421.5575874024416,1410.0,30.0,21.104166666666668,0.0,0.0,4.5
1489467,2025-12-21T16:30:00+00:00,1766334600,P. Legat,,Montreuil,27037,Chauvigny,3038,2,1,66,2025,2.0,4.0,0.6806100686062546,2.19032425042178,0.0,0.0,0.0,0.0,0,1410.0,1410.0,30.0,30.0,0.0,0.0,4.5
1488826,2025-12-21T16:30:00+00:00,1766334600,A. Taleb,Arcachon,Bassin d'Arcachon Sud,3249,Hauts Lyonnais,3187,0,1,66,2025,4.0,1.0,2.3745838108217425,1.507011014469961,0.0,0.0,0.0,0.0,0,1410.0082748727182,1420.0,30.0,30.0,0.0,0.0,4.5
1488837,2025-12-21T16:30:00+00:00,1766334600,A. Valnet,Le Havre,Le Havre,111,Amiens,87,0,2,66,2025,4.0,2.0,1.829654952950116,1.5831368690845875,0.0,0.0,0.0,0.0,0,1400.5345878869746,1428.9363208254813,30.0,22.145833333333332,0.0,0.0,4.5
1488845,2025-12-21T20:00:00+00:00,1766347200,J. Pignard,Lyon,Lyon,80,Saint-Cyr Collonges,18148,3,0,66,2025,0.0,1.0,2.3391910040914183,0.730972618105074,0.0,0.0,0.0,0.0,0,1441.5975878869074,1389.9917180729458,30.0,30.0,0.0,0.0,4.5
1485026,2025-12-21T20:30:00+00:00,1766349000,,,Peru,30,Bolivia,2381,2,0,10,2025,3.0,1.0,1.3399861542721392,1.6707354701067796,0.0,0.0,0.0,0.0,0,1690.4283266898176,1490.929519258559,30.0,30.0,0.0,0.0,4.5
1501830,2026-01-01T13:00:00+00:00,1767272400,,,Jordan U23,10938,Japan U23,10176,1,1,10,2026,2.0,2.0,1.2,1.2,4.5,4.0,12.0,12.0,0,1425.1125566468463,1390.0,30.0,30.0,0.0,0.0,4.5
1503634,2026-01-07T12:00:00+00:00,1767787200,,,UAE U20,19632,Iraq U20,19626,0,1,10,2026,2.0,2.0,1.2,1.2,4.5,4.0,12.0,12.0,0,1400.0,1380.28774368332,7.0,30.0,0.0,0.0,4.5
1503635,2026-01-10T12:00:00+00:00,1768046400,,,UAE U20,19632,Iraq U20,19626,0,2,10,2026,2.0,2.0,1.2,1.2,4.5,4.0,12.0,12.0,0,1389.43324365913,1390.85450002419,3.0,3.0,0.0,0.0,4.5
1495628,2026-01-10T14:30:00+00:00,1768055400,A. Perreau Niel,Reims,Montreuil,27037,Amiens,87,2,4,66,2025,7.0,1.0,1.2223039734242591,1.358369699707973,0.0,0.0,0.0,0.0,0,1420.0,1438.1206693031963,19.916666666666668,19.916666666666668,0.0,0.0,4.5
1495619,2026-01-10T14:30:00+00:00,1768055400,B. Millot,Bastia,Bastia,1305,Estac Troyes,110,0,2,66,2025,4.0,1.0,0.9782058682034572,0.7434798458676064,0.0,0.0,0.0,0.0,0,1430.2334450827473,1448.804901579218,20.895833333333332,21.0,0.0,0.0,4.5
1495630,2026-01-10T14:30:00+00:00,1768055400,S. Frappart,,Orleans,103,Monaco,91,1,3,66,2025,3.0,2.0,0.8385871366496345,1.6705312726452617,0.0,0.0,0.0,0.0,0,1455.9635809215665,1430.5178222390937,19.916666666666668,20.03125,0.0,0.0,4.125
1495622,2026-01-10T17:00:00+00:00,1768064400,J. Brisard,,Hauts Lyonnais,3187,Lorient,97,1,3,66,2025,3.0,1.0,1.5288779127986452,2.2894518191815934,0.0,0.0,0.0,0.0,0,1429.712494289629,1421.5363400900264,20.020833333333332,21.104166666666668,0.0,0.0,4.375
1495623,2026-01-10T17:00:00+00:00,1768064400,A. Petit,Fos-sur-Mer,Istres,3267,Laval,433,0,2,66,2025,2.0,1.0,1.0932083928318097,1.049832739000042,0.0,0.0,0.0,0.0,0,1419.6966447865366,1447.6290390749407,30.0,21.885416666666668,0.0,0.0,4.5
1495618,2026-01-10T17:00:00+00:00,1768064400,M. Vernice,Avranches,Avranches,1303,Strasbourg,95,0,6,66,2025,0.0,2.0,1.068949264963726,1.8062267316762288,0.0,0.0,0.0,0.0,0,1390.28774368332,1439.9999277088361,30.0,20.135416666666668,0.0,0.0,4.5
1501806,2026-01-11T10:00:00+00:00,1768125600,,Murcia,Portugal U17,17971,Germany U17,17954,2,1,10,2026,2.0,2.0,1.2,1.2,4.5,4.0,12.0,12.0,0,1380.853108769656,1410.461266186117,30.0,30.0,0.0,0.0,4.5
1502444,2026-01-11T10:00:00+00:00,1768125600,,,Turkey U19,10351,Uzbekistan U18,27067,3,2,10,2026,2.0,2.0,1.2,1.2,4.5,4.0,12.0,12.0,0,1389.7976291081204,1410.0,30.0,30.0,0.0,0.0,4.5
1495632,2026-01-11T13:00:00+00:00,1768136400,R. Lissorgue,,Sochaux,115,Lens,116,0,3,66,2025,5.0,1.0,2.1135514494647207,1.6867110269065273,0.0,0.0,0.0,0.0,0,1454.8720503587913,1411.3156724428388,21.833333333333332,22.708333333333332,0.0,0.0,4.5
1495627,2026-01-11T17:00:00+00:00,1768150800,W. Delajod,Metz,Metz,112,Montpellier,82,0,4,66,2025,1.0,2.0,0.8934502234939716,1.313129530308793,0.0,0.0,0.0,0.0,0,1419.4649576746037,1431.448436291723,22.104166666666668,22.885416666666668,0.0,0.0,3.7
1495621,2026-01-11T17:00:00+00:00,1768150800,J. Pignard,Beauvais,Chantilly,3162,Rennes,94,1,3,66,2025,1.0,1.0,0.8292308273758258,1.998193170891463,0.0,0.0,0.0,0.0,0,1411.373732921035,1431.2250559459846,22.104166666666668,21.020833333333332,0.0,0.0,4.5
1495626,2026-01-11T20:00:00+00:00,1768161600,C. Turpin,,Lille,79,Lyon,80,1,2,66,2025,0.0,2.0,2.3064498128902606,1.377735041689614,0.0,0.0,0.0,0.0,0,1431.6098279964583,1450.123079293763,22.229166666666668,21.0,0.0,0.0,4.05
1495631,2026-01-12T20:10:00+00:00,1768248600,"Ruddy Buquet, France",Paris,Paris Saint Germain,85,Paris FC,114,0,1,66,2025,1.0,3.0,2.1892449838636185,2.4469696697764545,0.0,0.0,0.0,0.0,0,1510.204962950146,1420.0078016432683,23.006944444444443,23.131944444444443,0.0,0.0,4.5
1495620,2026-01-13T20:00:00+00:00,1768334400,"Gael Angoula, France",Caen,Bayeux,15116,Marseille,81,0,9,66,2025,2.0,5.0,0.7181465010854529,1.3872187070798505,0.0,0.0,0.0,0.0,0,1429.930451189865,1429.9832393180507,24.229166666666668,23.260416666666668,0.0,0.0,4.5
1502445,2026-01-14T10:00:00+00:00,1768384800,,,Turkey U19,10351,Uzbekistan U18,27067,0,2,10,2026,2.0,2.0,1.2,1.2,4.5,4.0,12.0,12.0,0,1400.378445634684,1399.4191834734363,3.0,3.0,0.0,0.0,4.5
1507576,2026-01-14T10:30:00+00:00,1768386600,,,Spain U18,19074,Italy U18,19071,1,0,10,2026,2.0,2.0,1.2,1.2,4.5,4.0,12.0,12.0,0,1411.8061929221806,1428.0758180209136,30.0,30.0,0.0,0.0,4.5
1505759,2026-01-14T13:00:00+00:00,1768395600,,,Italy U19,10338,Spain U19,10349,0,1,10,2026,2.0,2.0,1.2,1.2,4.5,4.0,12.0,12.0,0,1410.2716565749477,1429.145460083159,30.0,25.354166666666668,0.0,0.0,4.5
1501807,2026-01-14T15:00:00+00:00,1768402800,,Murcia,Germany U17,17954,Portugal U17,17971,3,1,10,2026,2.0,2.0,1.2,1.2,4.5,4.0,12.0,12.0,0,1399.611131893367,1391.703243062406,3.2083333333333335,3.2083333333333335,0.0,0.0,4.5
1506411,2026-01-17T04:00:00+00:00,1768622400,,,Fiji U19,24054,Australia U17,12501,0,2,10,2026,2.0,2.0,1.2,1.2,4.5,4.0,12.0,12.0,0,1400.0,1399.4716581608463,7.0,30.0,0.0,0.0,4.5
1501808,2026-01-18T03:00:00+00:00,1768705200,,,Canada,5529,Guatemala,5161,1,0,10,2026,2.0,2.0,1.2,1.2,4.5,4.0,12.0,12.0,0,1688.3993129325256,1405.7970635104386,30.0,30.0,0.0,0.0,4.5
1501809,2026-01-18T21:00:00+00:00,1768770000,,Tarija,Bolivia,2381,Panama,11,1,1,10,2026,2.0,2.0,1.2,1.2,4.5,4.0,12.0,12.0,0,1486.1139174787397,1592.6604860694804,28.020833333333332,30.0,0.0,0.0,4.5
1508955,2026-01-18T21:00:00+00:00,1768770000,,,Grenada,5533,Jamaica,2385,0,1,10,2026,2.0,2.0,1.2,1.2,4.5,4.0,12.0,12.0,0,1423.0029837938387,1518.2659838459908,30.0,30.0,0.0,0.0,4.5
1510041,2026-01-20T00:00:00+00:00,1768867200,,,Trinidad and Tobago U20,11012,St. Vincent / Gren. U20,11010,6,0,10,2026,2.0,2.0,1.2,1.2,4.5,4.0,12.0,12.0,0,1400.0,1400.0,7.0,7.0,0.0,0.0,4.5
1508956,2026-01-20T07:00:00+00:00,1768892400,,,Solomon Islands U19,24059,Australia U17,12501,2,5,10,2026,2.0,2.0,1.2,1.2,4.5,4.0,12.0,12.0,0,1400.0,1409.4868650496599,7.0,3.125,0.0,0.0,4.5
1510042,2026-01-20T11:00:00+00:00,1768906800,,,Turkey U17,17982,North Macedonia U17,17967,1,0,10,2026,2.0,2.0,1.2,1.2,4.5,4.0,12.0,12.0,0,1371.7033327164818,1380.5750112778453,30.0,30.0,0.0,0.0,4.5
1511776,2026-01-20T17:00:00+00:00,1768928400,,,Spain U17,12520,Italy U17,12510,2,0,10,2026,2.0,2.0,1.2,1.2,4.5,4.0,12.0,12.0,0,1420.5451391427212,1410.0,30.0,30.0,0.0,0.0,4.5
1510046,2026-01-21T12:30:00+00:00,1768998600,,,Qatar U17,21443,Rangers U17,27409,2,1,10,2026,2.0,2.0,1.2,1.2,4.5,4.0,12.0,12.0,0,1379.6895409885112,1400.0,30.0,7.0,0.0,0.0,4.5
1510043,2026-01-21T22:00:00+00:00,1769032800,,,Grenada U20,10999,St. Vincent / Gren. U20,11010,0,2,10,2026,2.0,2.0,1.2,1.2,4.5,4.0,12.0,12.0,0,1400.0,1390.0,7.0,1.9166666666666667,0.0,0.0,4.5
1511730,2026-01-22T11:00:00+00:00,1769079600,,,Spain U17,12520,Italy U17,12510,3,0,10,2026,2.0,2.0,1.2,1.2,4.5,4.0,12.0,12.0,0,1430.2417188053028,1400.3034203374184,1.75,1.75,0.0,0.0,4.5
1510044,2026-01-22T11:00:00+00:00,1769079600,,,Turkey U17,17982,North Macedonia U17,17967,2,1,10,2026,2.0,2.0,1.2,1.2,4.5,4.0,12.0,12.0,0,1381.95862466854,1370.319719325787,2.0,2.0,0.0,0.0,4.5
1501810,2026-01-23T01:00:00+00:00,1769130000,G. J. Gonzalez,Panama City,Panama,11,Mexico,16,0,1,10,2026,2.0,2.0,1.2,1.2,4.5,4.0,12.0,12.0,0,1589.6864790030322,1848.558195085114,4.166666666666667,30.0,0.0,0.0,4.5
1510045,2026-01-24T00:00:00+00:00,1769212800,,,Trinidad and Tobago U20,11012,Grenada U20,10999,1,1,10,2026,2.0,2.0,1.2,1.2,4.5,4.0,12.0,12.0,0,1410.0,1389.71225631668,4.0,2.0833333333333335,0.0,0.0,4.5
1508957,2026-01-24T05:00:00+00:00,1769230800,,,Solomon Islands U19,24059,Australia U17,12501,1,3,10,2026,2.0,2.0,1.2,1.2,4.5,4.0,12.0,12.0,0,1390.2729860841769,1419.213878965483,3.9166666666666665,3.9166666666666665,0.0,0.0,4.5
1501811,2026-01-25T19:30:00+00:00,1769369400,C. A. Betancur Gutierrez,Santa Cruz,Bolivia,2381,Mexico,16,0,1,10,2026,2.0,2.0,1.2,1.2,4.5,4.0,12.0,12.0,0,1489.087924545188,1852.2360731572755,6.9375,2.7708333333333335,0.0,0.0,4.5
1514473,2026-01-26T10:30:00+00:00,1769423400,,,Qatar U17,21443,PSG U17,27431,2,2,10,2026,2.0,2.0,1.2,1.2,4.5,4.0,12.0,12.0,0,1390.2734579901335,1400.0,4.916666666666667,7.0,0.0,0.0,4.5
1514069,2026-01-26T12:30:00+00:00,1769430600,,,Uzbekistan,1568,China,1566,2,2,10,2026,2.0,2.0,1.2,1.2,4.5,4.0,12.0,12.0,0,1480.9906111240507,1382.1776472437962,30.0,30.0,0.0,0.0,4.5
1514070,2026-01-30T13:00:00+00:00,1769778000,,,Uzbekistan,1568,FC Urartu,2276,4,2,10,2026,2.0,2.0,1.2,1.2,4.5,4.0,12.0,12.0,0,1478.2208257389025,1400.0,4.020833333333333,7.0,0.0,0.0,4.5
1506882,2026-02-03T19:30:00+00:00,1770147000,W. Delajod,Reims,Reims,93,Le Mans,1298,3,0,66,2025,3.0,0.0,1.6228244374600058,0.5457365282281481,0.0,0.0,0.0,0.0,0,1450.8369801348647,1430.5089494585825,30.0,30.0,0.0,0.0,3.7
1506880,2026-02-03T20:10:00+00:00,1770149400,T. Leonard,Marseille,Marseille,81,Rennes,94,3,0,66,2025,4.0,1.0,1.3484494960418525,0.7793906998422235,0.0,0.0,0.0,0.0,0,1439.9817199535992,1440.6543098912778,21.006944444444443,23.131944444444443,0.0,0.0,4.5
1506881,2026-02-04T19:30:00+00:00,1770233400,R. Lissorgue,Nice,Nice,84,Montpellier,82,3,2,66,2025,2.0,2.0,1.5906866317663546,2.355721712713973,0.0,0.0,0.0,0.0,0,1420.8898784028638,1441.103660760665,30.0,24.104166666666668,0.0,0.0,4.5
1506879,2026-02-04T19:30:00+00:00,1770233400,R. Buquet,Lyon,Lyon,80,Laval,433,2,0,66,2025,3.0,1.0,0.8887920198807469,1.944010802001056,0.0,0.0,0.0,0.0,0,1459.5907288332842,1456.8268078040621,23.979166666666668,25.104166666666668,0.0,0.0,4.5
1506878,2026-02-04T19:30:00+00:00,1770233400,M. Vernice,Lorient,Lorient,97,Paris FC,114,2,0,66,2025,1.0,4.0,2.417908550248812,1.0066335133835158,0.0,0.0,0.0,0.0,0,1431.7716252930468,1432.5470928912825,25.104166666666668,22.97222222222222,0.0,0.0,4.5
1506884,2026-02-04T19:30:00+00:00,1770233400,H. Ben El Hadj Salem,Toulouse,Toulouse,96,Amiens,87,1,0,66,2025,4.0,2.0,1.846234091664349,1.316950489176217,0.0,0.0,0.0,0.0,0,1421.6122964528226,1447.5995869116036,30.0,25.208333333333332,0.0,0.0,4.5
1506885,2026-02-04T20:00:00+00:00,1770235200,G. Angoula,Troyes,Estac Troyes,110,Lens,116,2,4,66,2025,0.0,0.0,1.8141891592655857,2.3019711777438614,0.0,0.0,0.0,0.0,0,1458.2708806010482,1422.5627991342687,25.229166666666668,24.291666666666668,0.0,0.0,4.5
1517962,2026-02-05T08:00:00+00:00,1770278400,,,China PR U20,17262,Uzbekistan U20,21061,1,0,10,2026,2.0,2.0,1.2,1.2,4.5,4.0,12.0,12.0,0,1400.0,1419.4249887221547,30.0,30.0,0.0,0.0,4.5
1518741,2026-02-05T13:30:00+00:00,1770298200,,,Qatar U20,10300,UAE U20,19632,3,1,10,2026,2.0,2.0,1.2,1.2,4.5,4.0,12.0,12.0,0,1380.5750112778453,1379.474150477448,30.0,26.0625,0.0,0.0,4.5
1506883,2026-02-05T20:00:00+00:00,1770321600,J. Stinat,Strasbourg,Strasbourg,95,Monaco,91,3,1,66,2025,0.0,1.0,1.860064112615472,1.6810545246840498,0.0,0.0,0.0,0.0,0,1448.5787811043806,1441.2489033607546,26.125,26.229166666666668,0.0,0.0,4.5
1519251,2026-02-08T13:30:00+00:00,1770557400,,,Qatar U20,10300,UAE U20,19632,0,0,10,2026,2.0,2.0,1.2,1.2,4.5,4.0,12.0,12.0,0,1390.543326063025,1369.5058356922682,3.0,3.0,0.0,0.0,4.5
1519252,2026-02-09T08:00:00+00:00,1770624000,,,China PR U20,17262,Uzbekistan U20,21061,1,1,10,2026,2.0,2.0,1.2,1.2,4.5,4.0,12.0,12.0,0,1410.5585142891052,1408.8664744330495,4.0,4.0,0.0,0.0,4.5
1522224,2026-02-10T11:00:00+00:00,1770721200,,,Portugal U18,19073,Austria U18,21460,1,0,10,2026,2.0,2.0,1.2,1.2,4.5,4.0,12.0,12.0,0,1460.7721942519113,1381.1179251528356,30.0,30.0,0.0,0.0,4.5
1520588,2026-02-10T14:00:00+00:00,1770732000,,,Turkey U19,10351,Greece U19,10364,0,0,10,2026,2.0,2.0,1.2,1.2,4.5,4.0,12.0,12.0,0,1390.3508359204309,1399.009183817617,27.166666666666668,30.0,0.0,0.0,4.5
1515772,2026-02-10T17:00:00+00:00,1770742800,,,Luxembourg U18,27062,Turkey U18,19075,2,1,10,2026,2.0,2.0,1.2,1.2,4.5,4.0,12.0,12.0,0,1389.991256652055,1381.794345521172,30.0,30.0,0.0,0.0,4.5
1521150,2026-02-11T11:00:00+00:00,1770807600,,,Belgium U17,17942,Czech Republic U17,17947,1,2,10,2026,2.0,2.0,1.2,1.2,4.5,4.0,12.0,12.0,0,1400.0,1399.5126930917277,7.0,30.0,0.0,0.0,4.5
1522227,2026-02-11T14:00:00+00:00,1770818400,,,Republic of Ireland U17,17972,Hungary U17,12509,1,0,10,2026,2.0,2.0,1.2,1.2,4.5,4.0,12.0,12.0,0,1399.1634380133285,1398.949913584095,30.0,30.0,0.0,0.0,4.5
1522226,2026-02-11T14:00:00+00:00,1770818400,,,Ukraine U17,17983,Greece U17,17956,3,1,10,2026,2.0,2.0,1.2,1.2,4.5,4.0,12.0,12.0,0,1389.7278829284542,1400.0,30.0,7.0,0.0,0.0,4.5
1517963,2026-02-11T14:00:00+00:00,1770818400,,,Switzerland U17,17981,Netherlands U17,12514,3,3,10,2026,2.0,2.0,1.2,1.2,4.5,4.0,12.0,12.0,0,1390.0,1428.859147547024,30.0,30.0,0.0,0.0,4.5
1520589,2026-02-12T14:00:00+00:00,1770904800,,,Croatia U19,10329,Greece U19,10364,2,0,10,2026,2.0,2.0,1.2,1.2,4.5,4.0,12.0,12.0,0,1419.155173767637,1398.760028109285,30.0,2.0,0.0,0.0,4.5
1515773,2026-02-12T17:00:00+00:00,1770915600,,,Luxembourg U18,27062,Turkey U18,19075,0,1,10,2026,2.0,2.0,1.2,1.2,4.5,4.0,12.0,12.0,0,1399.7553743481012,1372.0302278251258,2.0,2.0,0.0,0.0,4.5
1518742,2026-02-13T11:00:00+00:00,1770980400,,,Portugal U17,17971,Spain U17,12520,1,1,10,2026,2.0,2.0,1.2,1.2,4.5,4.0,12.0,12.0,0,1381.93081110322,1439.382151729351,29.833333333333332,22.0,0.0,0.0,4.5
1522481,2026-02-13T11:30:00+00:00,1770982200,,,Singapore U20,25108,Jordan U20,19627,0,2,10,2026,2.0,2.0,1.2,1.2,4.5,4.0,12.0,12.0,0,1400.0,1390.0165493397121,7.0,30.0,0.0,0.0,4.5
1520590,2026-02-13T14:00:00+00:00,1770991200,,,Turkey U19,10351,Latvia U19,10339,0,0,10,2026,2.0,2.0,1.2,1.2,4.5,4.0,12.0,12.0,0,1390.5999916287628,1408.4317662654416,3.0,30.0,0.0,0.0,4.5
1521151,2026-02-13T15:00:00+00:00,1770994800,,,Portugal U18,19073,Austria U18,21460,1,1,10,2026,2.0,2.0,1.2,1.2,4.5,4.0,12.0,12.0,0,1468.5189014218133,1373.3712179829336,3.1666666666666665,3.1666666666666665,0.0,0.0,4.5
1518743,2026-02-13T16:00:00+00:00,1770998400,,,Germany U17,17954,Finland U17,17952,7,0,10,2026,2.0,2.0,1.2,1.2,4.5,4.0,12.0,12.0,0,1409.383563852553,1435.8968479254133,30.0,30.0,0.0,0.0,4.5
1522482,2026-02-14T10:00:00+00:00,1771063200,,,Republic of Ireland U17,17972,Hungary U17,12509,1,2,10,2026,2.0,2.0,1.2,1.2,4.5,4.0,12.0,12.0,0,1409.1572922870055,1388.956059310418,2.8333333333333335,2.8333333333333335,0.0,0.0,4.5
1518744,2026-02-15T11:00:00+00:00,1771153200,,,Portugal U17,17971,Finland U17,17952,5,0,10,2026,2.0,2.0,1.2,1.2,4.5,4.0,12.0,12.0,0,1383.5694851514706,1425.1352121362047,2.0,1.7916666666666667,0.0,0.0,4.5
1520591,2026-02-15T14:00:00+00:00,1771164000,,,Croatia U19,10329,Latvia U19,10339,4,2,10,2026,2.0,2.0,1.2,1.2,4.5,4.0,12.0,12.0,0,1428.5688276338042,1407.9189767105465,3.0,2.0,0.0,0.0,4.5
1501814,2026-02-15T16:00:00+00:00,1771171200,,,Spain U17,12520,Germany U17,17954,3,2,10,2026,2.0,2.0,1.2,1.2,4.5,4.0,12.0,12.0,0,1437.7434776811006,1420.1451996417616,2.2083333333333335,2.0,0.0,0.0,4.5
1525436,2026-02-16T09:00:00+00:00,1771232400,,,Croatia U17,17945,Ukraine U17,17983,0,0,10,2026,2.0,2.0,1.2,1.2,4.5,4.0,12.0,12.0,0,1400.0,1400.0234521079728,7.0,4.791666666666667,0.0,0.0,4.5
1522483,2026-02-16T11:30:00+00:00,1771241400,,,Singapore U20,25108,Jordan U20,19627,1,2,10,2026,2.0,2.0,1.2,1.2,4.5,4.0,12.0,12.0,0,1389.7127322512356,1400.3038170884765,3.0,3.0,0.0,0.0,4.5
1525443,2026-02-17T12:00:00+00:00,1771329600,,,Bosnia-Herzegovina U19,10359,Montenegro U18,27263,0,0,10,2026,2.0,2.0,1.2,1.2,4.5,4.0,12.0,12.0,0,1380.0454229551094,1380.0000657456378,30.0,30.0,0.0,0.0,4.5
1525438,2026-02-17T12:30:00+00:00,1771331400,,,Cyprus U19,10360,Israel U19,10366,0,3,10,2026,2.0,2.0,1.2,1.2,4.5,4.0,12.0,12.0,0,1409.53209561638,1389.7283175408081,30.0,30.0,0.0,0.0,4.5
1525488,2026-02-17T13:30:00+00:00,1771335000,,,Italy U18,19071,Ukraine U18,22343,2,2,10,2026,2.0,2.0,1.2,1.2,4.5,4.0,12.0,12.0,0,1417.6078825536758,1399.701598599154,30.0,30.0,0.0,0.0,4.5
1525444,2026-02-17T14:00:00+00:00,1771336800,,,Spain U19,10349,Norway U19,10342,4,1,10,2026,2.0,2.0,1.2,1.2,4.5,4.0,12.0,12.0,0,1438.6027620808177,1416.999679154687,30.0,30.0,0.0,0.0,4.5
1520592,2026-02-17T14:00:00+00:00,1771336800,,,Czech Republic U19,10330,Turkey U19,10351,1,2,10,2026,2.0,2.0,1.2,1.2,4.5,4.0,12.0,12.0,0,1409.7117803947895,1391.112781183658,30.0,4.0,0.0,0.0,4.5
1525489,2026-02-17T14:30:00+00:00,1771338600,,,Luxembourg U17,17963,Malta U17,17964,2,0,10,2026,2.0,2.0,1.2,1.2,4.5,4.0,12.0,12.0,0,1400.0,1400.0,7.0,7.0,0.0,0.0,4.5
1525440,2026-02-18T10:00:00+00:00,1771408800,,,Scotland U17,17976,Norway U17,17969,0,2,10,2026,2.0,2.0,1.2,1.2,4.5,4.0,12.0,12.0,0,1400.0,1390.2955429928736,7.0,30.0,0.0,0.0,4.5
1518745,2026-02-18T11:00:00+00:00,1771412400,,,Finland U17,17952,Spain U17,12520,0,7,10,2026,2.0,2.0,1.2,1.2,4.5,4.0,12.0,12.0,0,1413.9445295668174,1447.2373912565508,3.0,2.7916666666666665,0.0,0.0,4.5
1501812,2026-02-18T11:00:00+00:00,1771412400,,,Portugal U17,17971,Germany U17,17954,1,0,10,2026,2.0,2.0,1.2,1.2,4.5,4.0,12.0,12.0,0,1394.760167720858,1410.6512860663113,3.0,2.7916666666666665,0.0,0.0,4.5
1521153,2026-02-18T13:00:00+00:00,1771419600,,,Poland U17,17970,Estonia U17,17950,2,0,10,2026,2.0,2.0,1.2,1.2,4.5,4.0,12.0,12.0,0,1419.9756634659877,1371.9377108658784,30.0,30.0,0.0,0.0,4.5
1525490,2026-02-18T14:00:00+00:00,1771423200,,,Italy U17,12510,France U17,12507,2,0,10,2026,2.0,2.0,1.2,1.2,4.5,4.0,12.0,12.0,0,1391.16298741337,1400.0,27.125,7.0,0.0,0.0,4.5
1525442,2026-02-18T16:00:00+00:00,1771430400,,,Northern Ireland U17,17968,Sweden U17,17980,2,1,10,2026,2.0,2.0,1.2,1.2,4.5,4.0,12.0,12.0,0,1400.0,1410.0,7.0,30.0,0.0,0.0,4.5
1525439,2026-02-19T10:00:00+00:00,1771495200,,,Spain U19,10349,Norway U19,10342,2,0,10,2026,2.0,2.0,1.2,1.2,4.5,4.0,12.0,12.0,0,1447.9817754492726,1407.6206657862322,1.8333333333333333,1.8333333333333333,0.0,0.0,4.5
1525437,2026-02-19T10:00:00+00:00,1771495200,,,Bosnia-Herzegovina U19,10359,Montenegro U18,27263,1,1,10,2026,2.0,2.0,1.2,1.2,4.5,4.0,12.0,12.0,0,1380.044117469687,1380.0013712310601,1.9166666666666667,1.9166666666666667,0.0,0.0,4.5
1523960,2026-02-19T10:00:00+00:00,1771495200,,,Italy U18,19071,Ukraine U18,22343,0,1,10,2026,2.0,2.0,1.2,1.2,4.5,4.0,12.0,12.0,0,1417.0929541109408,1400.216527041889,1.8541666666666667,1.8541666666666667,0.0,0.0,4.5
1525491,2026-02-19T10:00:00+00:00,1771495200,,,Luxembourg U17,17963,Malta U17,17964,3,0,10,2026,2.0,2.0,1.2,1.2,4.5,4.0,12.0,12.0,0,1410.0,1390.0,1.8125,1.8125,0.0,0.0,4.5
1520593,2026-02-19T11:00:00+00:00,1771498800,,,Croatia U19,10329,Czech Republic U19,10330,0,0,10,2026,2.0,2.0,1.2,1.2,4.5,4.0,12.0,12.0,0,1437.9751760126137,1399.1769689376472,3.875,1.875,0.0,0.0,4.5
1525445,2026-02-19T12:30:00+00:00,1771504200,,,Cyprus U19,10360,Israel U19,10366,1,1,10,2026,2.0,2.0,1.2,1.2,4.5,4.0,12.0,12.0,0,1398.962713568212,1400.2976995889762,2.0,2.0,0.0,0.0,4.5
1525446,2026-02-20T09:30:00+00:00,1771579800,,,Italy U17,12510,France U17,12507,1,2,10,2026,2.0,2.0,1.2,1.2,4.5,4.0,12.0,12.0,0,1401.4172822462178,1389.7457051671522,1.8125,1.8125,0.0,0.0,4.5
1525447,2026-02-20T15:00:00+00:00,1771599600,,,Estonia U17,17950,Sweden U17,17980,0,2,10,2026,2.0,2.0,1.2,1.2,4.5,4.0,12.0,12.0,0,1363.311610463816,1399.71225631668,2.0833333333333335,1.9583333333333333,0.0,0.0,4.5
1525448,2026-02-20T15:00:00+00:00,1771599600,,,Dominican Republic U23,17871,Las Vegas Lights,3998,0,1,10,2026,2.0,2.0,1.2,1.2,4.5,4.0,12.0,12.0,0,1400.5750112778453,1400.0,30.0,7.0,0.0,0.0,4.5
1521154,2026-02-21T10:00:00+00:00,1771668000,,,Poland U17,17970,Scotland U17,17976,4,2,10,2026,2.0,2.0,1.2,1.2,4.5,4.0,12.0,12.0,0,1428.6017638680503,1389.7207558907883,2.875,3.0,0.0,0.0,4.5
1525449,2026-02-21T14:00:00+00:00,1771682400,,,Northern Ireland U17,17968,Norway U17,17969,1,1,10,2026,2.0,2.0,1.2,1.2,4.5,4.0,12.0,12.0,0,1410.28774368332,1400.5747871020853,2.9166666666666665,3.1666666666666665,0.0,0.0,4.5
1522228,2026-02-21T23:00:00+00:00,1771714800,,,Martinique,8117,Jamaica,2385,0,2,10,2026,2.0,2.0,1.2,1.2,4.5,4.0,12.0,12.0,0,1400.0,1525.5908004096361,30.0,30.0,0.0,0.0,4.5
1521155,2026-02-23T16:00:00+00:00,1771862400,,,Sweden U17,17980,Poland U17,17970,1,1,10,2026,2.0,2.0,1.2,1.2,4.5,4.0,12.0,12.0,0,1408.6683781445652,1437.4873268464105,3.0416666666666665,2.25,0.0,0.0,4.5
1528265,2026-02-24T13:00:00+00:00,1771938000,,,Georgia U17,17953,North Macedonia U17,17967,0,0,10,2026,2.0,2.0,1.2,1.2,4.5,4.0,12.0,12.0,0,1400.0,1360.6545886943907,7.0,30.0,0.0,0.0,4.5
1527852,2026-02-24T19:30:00+00:00,1771961400,,,Egypt U19,27551,Iraq U19,27552,1,1,10,2026,2.0,2.0,1.2,1.2,4.5,4.0,12.0,12.0,0,1400.0,1400.0,7.0,7.0,0.0,0.0,4.5
1502468,2026-02-26T02:00:00+00:00,1772071200,,,Mexico,16,Iceland,18,4,0,10,2026,2.0,2.0,1.2,1.2,4.5,4.0,12.0,12.0,0,1854.4366455715333,1463.2746380046324,30.0,30.0,0.0,0.0,4.5
1528266,2026-02-26T12:00:00+00:00,1772107200,,,North Macedonia U18,21472,Bulgaria U19,10328,1,2,10,2026,2.0,2.0,1.2,1.2,4.5,4.0,12.0,12.0,0,1409.7048476597172,1401.6423822012914,30.0,30.0,0.0,0.0,4.5
1528267,2026-02-26T13:00:00+00:00,1772110800,,,Georgia U17,17953,North Macedonia U17,17967,2,1,10,2026,2.0,2.0,1.2,1.2,4.5,4.0,12.0,12.0,0,1398.8723643592293,1361.7822243351613,2.0,2.0,0.0,0.0,4.5
1528268,2026-02-28T12:00:00+00:00,1772280000,,,Bulgaria U19,10328,North Macedonia U18,21472,2,0,10,2026,2.0,2.0,1.2,1.2,4.5,4.0,12.0,12.0,0,1411.874396965716,1399.4728328952926,2.0,2.0,0.0,0.0,4.5
1527853,2026-02-28T19:30:00+00:00,1772307000,,,Egypt U19,27551,Iraq U19,27552,1,0,10,2026,2.0,2.0,1.2,1.2,4.5,4.0,12.0,12.0,0,1400.0,1400.0,4.0,4.0,0.0,0.0,4.5
1528802,2026-03-03T20:00:00+00:00,1772568000,,Montevideo,Uruguay U17,21212,Argentina U17,12500,1,2,10,2026,2.0,2.0,1.2,1.2,4.5,4.0,12.0,12.0,0,1400.0,1400.0,7.0,7.0,0.0,0.0,4.5
1519247,2026-03-03T20:00:00+00:00,1772568000,E. Wattellier,Strasbourg,Strasbourg,95,Reims,93,2,1,66,2025,1.0,2.0,2.4500749159068294,0.9200149664826288,0.0,0.0,0.0,0.0,0,1458.3678415586078,1460.252559105975,26.0,28.020833333333332,0.0,0.0,4.5
1536892,2026-03-05T13:30:00+00:00,1772717400,,Montevideo,Uruguay U17,21212,Argentina U17,12500,1,2,10,2026,2.0,2.0,1.2,1.2,4.5,4.0,12.0,12.0,0,1390.0,1410.0,1.7291666666666667,1.7291666666666667,0.0,0.0,4.5
1536893,2026-03-07T19:30:00+00:00,1772911800,,,Uruguay U17,21212,Ecuador U17,12506,0,1,10,2026,2.0,2.0,1.2,1.2,4.5,4.0,12.0,12.0,0,1380.5750112778453,1400.0,2.25,7.0,0.0,0.0,4.5
1536894,2026-03-08T12:30:00+00:00,1772973000,,Choa Chu Kang,Singapore U19,19154,Maldives U20,25102,3,4,10,2026,2.0,2.0,1.2,1.2,4.5,4.0,12.0,12.0,0,1400.0,1400.0,7.0,7.0,0.0,0.0,4.5
1536895,2026-03-10T13:00:00+00:00,1773147600,,,Uruguay U17,21212,Ecuador U17,12506,1,0,10,2026,2.0,2.0,1.2,1.2,4.5,4.0,12.0,12.0,0,1371.1335255669505,1409.4414857108948,2.7291666666666665,2.7291666666666665,0.0,0.0,4.5
1536896,2026-03-11T12:30:00+00:00,1773232200,,Singapore,Singapore U19,19154,Maldives U20,25102,6,2,10,2026,2.0,2.0,1.2,1.2,4.5,4.0,12.0,12.0,0,1390.0,1410.0,3.0,3.0,0.0,0.0,4.5
1536897,2026-03-11T17:00:00+00:00,1773248400,,Skopje,North Macedonia U20,27260,Liechtenstein U21,8205,1,0,10,2026,2.0,2.0,1.2,1.2,4.5,4.0,12.0,12.0,0,1410.0,1390.0,30.0,30.0,0.0,0.0,4.5
1528269,2026-03-15T20:00:00+00:00,1773604800,,Santa Cruz,Bolivia,2381,Trinidad and Tobago,5168,3,0,10,2026,2.0,2.0,1.2,1.2,4.5,4.0,12.0,12.0,0,1486.8873521309301,1419.9097064403945,30.0,30.0,0.0,0.0,4.5
1536898,2026-03-16T19:00:00+00:00,1773687600,,,Chile U17,12505,Japan U17,12511,2,1,10,2026,2.0,2.0,1.2,1.2,4.5,4.0,12.0,12.0,0,1380.8384046739754,1400.343914937126,30.0,30.0,0.0,0.0,4.5
1536899,2026-03-17T13:00:00+00:00,1773752400,,,Argentina U17,12500,Chile U17,12505,6,1,10,2026,2.0,2.0,1.2,1.2,4.5,4.0,12.0,12.0,0,1419.4249887221547,1391.3992292999153,11.979166666666666,0.75,0.0,0.0,4.5
1536900,2026-03-20T13:00:00+00:00,1774011600,,,Argentina U17,12500,Japan U17,12511,2,1,10,2026,2.0,2.0,1.2,1.2,4.5,4.0,12.0,12.0,0,1428.6200875388947,1389.7830903111862,3.0,3.75,0.0,0.0,4.5
1536901,2026-03-25T07:00:00+00:00,1774422000,,,Vietnam U23,10964,Korea DPR U23,10939,1,1,10,2026,2.0,2.0,1.2,1.2,4.5,4.0,12.0,12.0,0,1389.5323694064082,1400.0,30.0,7.0,0.0,0.0,4.5
1537178,2026-03-25T10:00:00+00:00,1774432800,,,Uzbekistan U19,26531,Japan U19,18982,0,1,10,2026,2.0,2.0,1.2,1.2,4.5,4.0,12.0,12.0,0,1419.4249887221547,1380.333669839359,30.0,30.0,0.0,0.0,4.5
1536902,2026-03-25T11:35:00+00:00,1774438500,,,China PR U23,10932,Thailand U23,10960,2,2,10,2026,2.0,2.0,1.2,1.2,4.5,4.0,12.0,12.0,0,1391.5974310280683,1399.8367126765615,30.0,30.0,0.0,0.0,4.5
1537177,2026-03-25T13:30:00+00:00,1774445400,,Yupia,Bhutan U23,26079,Tajikistan U23,10959,0,1,10,2026,2.0,2.0,1.2,1.2,4.5,4.0,12.0,12.0,0,1400.0,1399.7288056794027,7.0,30.0,0.0,0.0,4.5
1536904,2026-03-25T14:00:00+00:00,1774447200,,Antalya,Kyrgyzstan,1554,Equatorial Guinea,1521,0,1,10,2026,2.0,2.0,1.2,1.2,4.5,4.0,12.0,12.0,0,1368.9530569098088,1397.3857794116448,30.0,30.0,0.0,0.0,4.5
1537176,2026-03-25T18:00:00+00:00,1774461600,,Lisbon - Oeiras,Portugal U18,19073,Morocco U18,19072,3,1,10,2026,2.0,2.0,1.2,1.2,4.5,4.0,12.0,12.0,0,1465.8467998045023,1372.7676753392216,30.0,30.0,0.0,0.0,4.5
1537175,2026-03-25T21:00:00+00:00,1774472400,,Guadalajara,Congo DR,1508,Bermuda,5158,2,0,10,2026,2.0,2.0,1.2,1.2,4.5,4.0,12.0,12.0,0,1425.7861635890429,1400.396612204718,30.0,30.0,0.0,0.0,4.5
1537174,2026-03-26T11:00:00+00:00,1774522800,,Lisbon - Oeiras,Iceland U19,10337,USA U18,22342,1,2,10,2026,2.0,2.0,1.2,1.2,4.5,4.0,12.0,12.0,0,1420.0,1380.0638206425442,30.0,30.0,0.0,0.0,4.5
1536905,2026-03-26T12:00:00+00:00,1774526400,,Hanoi,Vietnam,1542,Bangladesh,1560,3,0,10,2026,2.0,2.0,1.2,1.2,4.5,4.0,12.0,12.0,0,1388.0371695644824,1417.1645795060067,30.0,30.0,0.0,0.0,4.5
1537173,2026-03-26T14:00:00+00:00,1774533600,,Antalya,Kyrgyz Republic U23,10941,Serbia U21,8222,2,2,10,2026,2.0,2.0,1.2,1.2,4.5,4.0,12.0,12.0,0,1400.3684362450795,1420.2754033099188,30.0,30.0,0.0,0.0,4.5
1514459,2026-03-26T15:00:00+00:00,1774537200,,Chisinau,Moldova,1114,Lithuania,1097,0,2,10,2026,2.0,2.0,1.2,1.2,4.5,4.0,12.0,12.0,0,1388.42801889792,1383.472921663526,30.0,30.0,0.0,0.0,4.5
1507579,2026-03-26T17:00:00+00:00,1774544400,"Milos Milanovic, Serbia",Nicosia,Cyprus,1106,Belarus,1100,0,1,10,2026,2.0,2.0,1.2,1.2,4.5,4.0,12.0,12.0,0,1401.1300468556497,1400.620030439921,30.0,30.0,0.0,0.0,4.5
1502469,2026-03-26T17:00:00+00:00,1774544400,"Julian Weinberger, Austria",Tbilisi,Georgia,1104,Israel,1116,2,2,10,2026,2.0,2.0,1.2,1.2,4.5,4.0,12.0,12.0,0,1429.99243447883,1450.0188893156678,30.0,30.0,0.0,0.0,4.5
1487922,2026-03-26T17:00:00+00:00,1774544400,F. Letexier,Istanbul,Türkiye,777,Romania,774,1,0,32,2024,2.0,1.0,1.2,1.2,9.0,3.0,7.0,12.0,1,1532.8023922874327,1611.6312258546452,30.0,30.0,0.0,0.0,3.227272727272727
1536906,2026-03-26T18:30:00+00:00,1774549800,,,Hungary U21,16500,Israel U21,8200,0,1,10,2026,2.0,2.0,1.2,1.2,4.5,4.0,12.0,12.0,0,1419.1698564028104,1390.0,30.0,30.0,0.0,0.0,4.5
1537639,2026-03-26T19:00:00+00:00,1774551600,,,Morocco U23,10179,Côte d'Ivoire U20,11026,0,0,10,2026,2.0,2.0,1.2,1.2,4.5,4.0,12.0,12.0,0,1400.28774368332,1390.5268118541196,30.0,30.0,0.0,0.0,4.5
1487925,2026-03-26T19:45:00+00:00,1774554300,D. Makkelie,Bergamo,Italy,768,Northern Ireland,771,2,0,32,2024,1.0,0.0,1.2,1.2,12.0,3.0,11.0,8.0,1,1932.210687621204,1470.2490211073493,30.0,30.0,0.0,0.0,4.35
1487926,2026-03-26T19:45:00+00:00,1774554300,A. Taylor,Warsaw,Poland,24,Albania,778,2,1,32,2024,2.0,3.0,1.2,1.2,6.0,2.0,20.0,12.0,1,1826.5214534020383,1496.8019137225538,30.0,30.0,0.0,0.0,3.0555555555555554
1487928,2026-03-26T19:45:00+00:00,1774554300,J. Pinheiro,Valencia,Ukraine,772,Sweden,5,1,3,32,2024,2.0,1.0,1.2,1.2,9.0,3.0,12.0,10.0,1,1805.843503425435,1744.705176937369,30.0,30.0,0.0,0.0,3.7857142857142856
1487927,2026-03-26T19:45:00+00:00,1774554300,E. Eskas,Bratislava,Slovakia,773,Kosovo,1111,3,4,32,2024,2.0,3.0,1.2,1.2,7.0,3.0,14.0,16.0,1,1639.2185165252813,1480.3011607972285,30.0,30.0,0.0,0.0,5.071428571428571
1487924,2026-03-26T19:45:00+00:00,1774554300,F. Zwayer,Copenhagen,Denmark,21,FYR Macedonia,1105,4,0,32,2024,0.0,2.0,1.2,1.2,11.0,2.0,10.0,8.0,1,1852.0881638265773,1435.5465094946069,30.0,30.0,0.0,0.0,4.136363636363637
1501815,2026-03-26T20:00:00+00:00,1774555200,"Ismail Elfath, USA",Foxborough,Brazil,6,France,2,1,2,10,2026,2.0,2.0,1.2,1.2,4.5,4.0,12.0,12.0,0,1963.333269425643,2070.070695221401,30.0,30.0,0.0,0.0,3.5833333333333335
1512757,2026-03-26T23:30:00+00:00,1774567800,"Rubiel Vazquez, USA",Orlando,Colombia,8,Croatia,3,1,2,10,2026,2.0,2.0,1.2,1.2,4.5,4.0,12.0,12.0,0,1978.5958790861418,1962.3713350462663,30.0,30.0,0.0,0.0,4.5
1537172,2026-03-27T06:00:00+00:00,1774591200,,Cheonan,Japan U21,23539,USA U21,27072,0,2,10,2026,2.0,2.0,1.2,1.2,4.5,4.0,12.0,12.0,0,1400.0,1390.0405746419692,7.0,30.0,0.0,0.0,4.5
1527854,2026-03-27T12:30:00+00:00,1774614600,,Antalya,Iran,22,Nigeria,19,1,2,10,2026,2.0,2.0,1.2,1.2,4.5,4.0,12.0,12.0,0,1854.1978617699554,1652.3669846611435,30.0,30.0,0.0,0.0,4.5
1537171,2026-03-27T13:00:00+00:00,1774616400,,Tunis,Tunisia U20,11049,Mauritania U20,11038,3,2,10,2026,2.0,2.0,1.2,1.2,4.5,4.0,12.0,12.0,0,1419.4249887221547,1370.5750112778453,30.0,30.0,0.0,0.0,4.5
1537168,2026-03-27T13:00:00+00:00,1774616400,,,Kyrgyz Republic U20,21058,Jordan U23,10938,1,2,10,2026,2.0,2.0,1.2,1.2,4.5,4.0,12.0,12.0,0,1399.43278790048,1424.1053627007343,30.0,30.0,0.0,0.0,4.5
1537170,2026-03-27T13:30:00+00:00,1774618200,,,Russia U21,8219,Uzbekistan U23,10963,2,1,10,2026,2.0,2.0,1.2,1.2,4.5,4.0,12.0,12.0,0,1414.570394774061,1437.2568532004625,30.0,30.0,0.0,0.0,4.5
1537169,2026-03-27T14:00:00+00:00,1774620000,,,Argentina U20,10284,United States U20,10306,0,3,10,2026,2.0,2.0,1.2,1.2,4.5,4.0,12.0,12.0,0,1410.2867917694919,1428.3243846055661,30.0,30.0,0.0,0.0,4.5
1536908,2026-03-27T14:30:00+00:00,1774621800,,Riano,Italy U20,10289,England U20,10309,3,3,10,2026,2.0,2.0,1.2,1.2,4.5,4.0,12.0,12.0,0,1410.0,1380.8551717719595,30.0,30.0,0.0,0.0,4.5
1528271,2026-03-27T15:00:00+00:00,1774623600,,Rabat,Guinea,1509,Togo,1534,2,2,10,2026,2.0,2.0,1.2,1.2,4.5,4.0,12.0,12.0,0,1457.5554898208418,1420.8038104747823,30.0,30.0,0.0,0.0,4.5
1537167,2026-03-27T15:00:00+00:00,1774623600,,,Slovakia U18,21479,Serbia U18,22437,3,3,10,2026,2.0,2.0,1.2,1.2,4.5,4.0,12.0,12.0,0,1390.845999465729,1400.0,30.0,7.0,0.0,0.0,4.5
1537640,2026-03-27T15:00:00+00:00,1774623600,,Casablanca,Benin,1516,Liberia,1525,1,0,10,2026,2.0,2.0,1.2,1.2,4.5,4.0,12.0,12.0,0,1385.3728175456445,1372.2963447993125,30.0,30.0,0.0,0.0,4.5
1537165,2026-03-27T16:00:00+00:00,1774627200,,,Mexico U20,10293,Costa Rica U20,10308,1,0,10,2026,2.0,2.0,1.2,1.2,4.5,4.0,12.0,12.0,0,1391.0678968163702,1381.1006041165886,30.0,30.0,0.0,0.0,4.5
1537641,2026-03-27T16:00:00+00:00,1774627200,,Abidjan,Côte d'Ivoire U20,11026,Tunisia U23,20562,2,1,10,2026,2.0,2.0,1.2,1.2,4.5,4.0,12.0,12.0,0,1390.8076801644859,1420.1976201585908,0.875,30.0,0.0,0.0,4.5
1536909,2026-03-27T16:30:00+00:00,1774629000,A. Khudoyberganov,Krasnodar,Russia,4,Nicaragua,5164,3,1,10,2026,2.0,2.0,1.2,1.2,4.5,4.0,12.0,12.0,0,1547.296025813595,1378.4135881223558,30.0,30.0,0.0,0.0,4.5
1527857,2026-03-27T17:00:00+00:00,1774630800,T. Ketshabile,Durban,South Africa,1531,Panama,11,1,1,10,2026,2.0,2.0,1.2,1.2,4.5,4.0,12.0,12.0,0,1446.9215671848146,1586.0086009308707,30.0,30.0,0.0,0.0,4.5
1537643,2026-03-27T17:00:00+00:00,1774630800,,Algiers,Algeria U23,10186,Congo DR U23,17121,1,0,10,2026,2.0,2.0,1.2,1.2,4.5,4.0,12.0,12.0,0,1400.0,1400.0,7.0,7.0,0.0,0.0,4.5
1511731,2026-03-27T17:00:00+00:00,1774630800,"Mohammed Khled Hoish, Saudi Arabia",Vienna,Austria,775,Ghana,1504,5,1,10,2026,2.0,2.0,1.2,1.2,4.5,4.0,12.0,12.0,0,1837.6597828439048,1408.1348955082212,30.0,30.0,0.0,0.0,4.5
1527856,2026-03-27T17:00:00+00:00,1774630800,"Enea Jorgji, Albania",Podgorica,Montenegro,1109,Andorra,1110,2,0,10,2026,2.0,2.0,1.2,1.2,4.5,4.0,12.0,12.0,0,1414.0561475654251,1345.6497409098965,30.0,30.0,0.0,0.0,4.5
1527855,2026-03-27T17:30:00+00:00,1774632600,K. Saglam,Mardin,Jordan,1548,Costa Rica,29,2,2,10,2026,2.0,2.0,1.2,1.2,4.5,4.0,12.0,12.0,0,1400.1110850240996,1585.167606999628,30.0,30.0,0.0,0.0,4.5
1514461,2026-03-27T17:30:00+00:00,1774632600,A. Al Athbah,Jeddah,Saudi Arabia,23,Egypt,32,0,4,10,2026,2.0,2.0,1.2,1.2,4.5,4.0,12.0,12.0,0,1446.0523059879847,1675.0283529595674,30.0,30.0,0.0,0.0,4.5
1536907,2026-03-27T18:00:00+00:00,1774634400,,Casablanca,Libya,1526,Niger,1505,0,0,10,2026,2.0,2.0,1.2,1.2,4.5,4.0,12.0,12.0,0,1457.377374386983,1408.9995677916982,30.0,30.0,0.0,0.0,4.5
1527858,2026-03-27T19:00:00+00:00,1774638000,"Daniele Chiffi, Italy",Piraeus,Greece,1117,Paraguay,2380,0,1,10,2026,2.0,2.0,1.2,1.2,4.5,4.0,12.0,12.0,0,1620.1925649997474,1724.0084240368762,30.0,30.0,0.0,0.0,4.5
1527859,2026-03-27T19:30:00+00:00,1774639800,"Andrea Colombo, Italy",Genova,Algeria,1532,Guatemala,5161,7,0,10,2026,2.0,2.0,1.2,1.2,4.5,4.0,12.0,12.0,0,1629.9964054704933,1402.5116501609393,30.0,30.0,0.0,0.0,4.5
1503005,2026-03-27T19:45:00+00:00,1774640700,"Lawrence Visser, Belgium",Amsterdam,Netherlands,1118,Norway,1090,2,1,10,2026,2.0,2.0,1.2,1.2,4.5,4.0,12.0,12.0,0,1977.751595595932,1748.6264228049815,30.0,30.0,0.0,0.0,4.5
1502471,2026-03-27T19:45:00+00:00,1774640700,"Chris Kavanagh, England",Basel,Switzerland,15,Germany,25,3,4,10,2026,2.0,2.0,1.2,1.2,4.5,4.0,12.0,12.0,0,1925.733934723557,1929.098975682417,30.0,30.0,0.0,0.0,4.5
1502470,2026-03-27T19:45:00+00:00,1774640700,"Sven Jablonski, Germany",London,England,10,Uruguay,7,1,1,10,2026,2.0,2.0,1.2,1.2,4.5,4.0,12.0,12.0,0,2006.776602527435,1903.9497018683537,30.0,30.0,0.0,0.0,4.5
1536910,2026-03-27T20:00:00+00:00,1774641600,"Luís Godinho, Portugal",Villarreal,Spain,9,Serbia,14,3,0,10,2026,2.0,2.0,1.2,1.2,4.5,4.0,12.0,12.0,0,2048.2641951951027,1751.7877208607067,30.0,30.0,0.0,0.0,4.5
1522229,2026-03-27T20:15:00+00:00,1774642500,"José Luis Munuera Montero, Spain",Madrid,Morocco,31,Ecuador,2382,1,1,10,2026,2.0,2.0,1.2,1.2,4.5,4.0,12.0,12.0,0,1948.4683339361982,1832.7643580471151,30.0,30.0,0.0,0.0,4.5
1536911,2026-03-27T23:15:00+00:00,1774653300,D. Lopez,Buenos Aires,Argentina,26,Mauritania,1491,2,1,10,2026,2.0,2.0,1.2,1.2,4.5,4.0,12.0,12.0,0,2112.8492047240634,1406.7041346891233,30.0,30.0,0.0,0.0,4.5
1536912,2026-03-28T07:00:00+00:00,1774681200,,,Thailand U23,10960,Vietnam U23,10964,1,0,10,2026,2.0,2.0,1.2,1.2,4.5,4.0,12.0,12.0,0,1399.5996115331395,1389.8335609072349,2.8090277777777777,3.0,0.0,0.0,4.5
1537202,2026-03-28T07:00:00+00:00,1774681200,,Yiwu,China PR U20,17262,Australia U20,21056,1,0,10,2026,2.0,2.0,1.2,1.2,4.5,4.0,12.0,12.0,0,1410.5098138522592,1380.2883336511443,30.0,30.0,0.0,0.0,4.5
1537644,2026-03-28T09:30:00+00:00,1774690200,,,Hungary U17,12509,Moldova U17,17965,3,1,10,2026,2.0,2.0,1.2,1.2,4.5,4.0,12.0,12.0,0,1399.536843195628,1400.0,30.0,7.0,0.0,0.0,4.5
1537201,2026-03-28T10:00:00+00:00,1774692000,,,Wales U19,10353,USA U19,25282,0,4,10,2026,2.0,2.0,1.2,1.2,4.5,4.0,12.0,12.0,0,1382.1611542588719,1428.5648138866193,30.0,30.0,0.0,0.0,4.5
1536913,2026-03-28T11:35:00+00:00,1774697700,,,China PR U23,10932,Korea DPR U23,10939,1,1,10,2026,2.0,2.0,1.2,1.2,4.5,4.0,12.0,12.0,0,1391.8345321714903,1399.6988084991733,3.0,3.1909722222222223,0.0,0.0,4.5
1537200,2026-03-28T13:00:00+00:00,1774702800,,,Zambia U23,20563,Malawi,1495,0,0,10,2026,2.0,2.0,1.2,1.2,4.5,4.0,12.0,12.0,0,1400.0,1390.7289098226563,7.0,30.0,0.0,0.0,4.5
1537199,2026-03-28T13:30:00+00:00,1774704600,,Yupia,India U23,10935,Bhutan U23,26079,5,0,10,2026,2.0,2.0,1.2,1.2,4.5,4.0,12.0,12.0,0,1390.1944975136814,1389.9921944015864,30.0,3.0,0.0,0.0,4.5
1536916,2026-03-28T14:00:00+00:00,1774706400,A. Kyriakos,Serravalle,San Marino,1115,Faroe Islands,1098,1,2,10,2026,2.0,2.0,1.2,1.2,4.5,4.0,12.0,12.0,0,1304.4785274088374,1421.4232622007949,30.0,30.0,0.0,0.0,4.5
1536915,2026-03-28T14:00:00+00:00,1774706400,,Antalya,Kyrgyzstan,1554,Madagascar,1490,2,5,10,2026,2.0,2.0,1.2,1.2,4.5,4.0,12.0,12.0,0,1359.7695944429377,1400.0760511506473,3.0,30.0,0.0,0.0,4.5
1527860,2026-03-28T14:00:00+00:00,1774706400,"Ian McNabb, Northern Ireland",Milton Keynes,South Korea,17,Ivory Coast,1501,0,4,10,2026,2.0,2.0,1.2,1.2,4.5,4.0,12.0,12.0,0,1852.7407846876847,1648.5171419460646,30.0,30.0,0.0,0.0,4.5
1537198,2026-03-28T14:00:00+00:00,1774706400,,Lisbon - Oeiras,Portugal U18,19073,Iceland U19,10337,4,0,10,2026,2.0,2.0,1.2,1.2,4.5,4.0,12.0,12.0,0,1473.230072459136,1408.8555801344805,2.8333333333333335,2.125,0.0,0.0,4.5
1537197,2026-03-28T16:00:00+00:00,1774713600,,,Botswana,1520,Zimbabwe,1522,0,3,10,2026,2.0,2.0,1.2,1.2,4.5,4.0,12.0,12.0,0,1408.3991398426165,1388.2727340521476,30.0,30.0,0.0,0.0,4.5
1527861,2026-03-28T16:00:00+00:00,1774713600,,Paris,Senegal,13,Peru,30,2,0,10,2026,2.0,2.0,1.2,1.2,4.5,4.0,12.0,12.0,0,1829.409022178161,1695.2439284696368,30.0,30.0,0.0,0.0,4.5
1537645,2026-03-28T16:00:00+00:00,1774713600,,,Egypt U20,11027,Algeria U20,11017,2,2,10,2026,2.0,2.0,1.2,1.2,4.5,4.0,12.0,12.0,0,1410.5584611379977,1418.898176868035,30.0,30.0,0.0,0.0,4.5
1511777,2026-03-28T17:00:00+00:00,1774717200,"Shaun Evans, Australia",Glasgow,Scotland,1108,Japan,12,0,1,10,2026,2.0,2.0,1.2,1.2,4.5,4.0,12.0,12.0,0,1677.0804337373804,1920.7014100533042,30.0,30.0,0.0,0.0,4.5
1514071,2026-03-28T17:00:00+00:00,1774717200,"Rohit Saggi, Norway",Budapest,Hungary,769,Slovenia,1091,1,0,10,2026,2.0,2.0,1.2,1.2,4.5,4.0,12.0,12.0,0,1747.3016668931884,1506.3474246877806,30.0,30.0,0.0,0.0,4.5
1512760,2026-03-28T17:00:00+00:00,1774717200,J. Freemon,Toronto,Canada,5529,Iceland,18,2,2,10,2026,2.0,2.0,1.2,1.2,4.5,4.0,12.0,12.0,0,1691.684726282025,1461.3705958589826,30.0,30.0,0.0,0.0,4.5
1537196,2026-03-28T18:00:00+00:00,1774720800,,Ouagadougou,Burkina Faso,1502,Guinea-Bissau,1513,5,0,10,2026,2.0,2.0,1.2,1.2,4.5,4.0,12.0,12.0,0,1436.9955221346363,1368.3895578080683,30.0,30.0,0.0,0.0,4.5
1537195,2026-03-28T18:00:00+00:00,1774720800,,Lisbon - Oeiras,USA U18,22342,Morocco U18,19072,1,2,10,2026,2.0,2.0,1.2,1.2,4.5,4.0,12.0,12.0,0,1391.2082405080637,1365.384402684588,2.2916666666666665,3.0,0.0,0.0,4.5
1503003,2026-03-28T19:30:00+00:00,1774726200,"Esteban Ostojich, Uruguay",Atlanta,USA,2384,Belgium,1,2,5,10,2026,2.0,2.0,1.2,1.2,4.5,4.0,12.0,12.0,0,1857.0359737159745,1971.8055199928397,30.0,30.0,0.0,0.0,4.5
1537194,2026-03-28T22:00:00+00:00,1774735200,,Sao Jose dos Campos,Brazil U20,16200,Paraguay U20,16202,3,1,10,2026,2.0,2.0,1.2,1.2,4.5,4.0,12.0,12.0,0,1400.0,1400.790080136564,7.0,30.0,0.0,0.0,4.5
1512761,2026-03-29T00:00:00+00:00,1774742400,,,Haiti,2386,Tunisia,28,0,1,10,2026,2.0,2.0,1.2,1.2,4.5,4.0,12.0,12.0,0,1410.5208161655737,1446.5239720135114,30.0,30.0,0.0,0.0,4.5
1514464,2026-03-29T01:00:00+00:00,1774746000,"Walter Lopez, Guatemala",Mexico City,Mexico,16,Portugal,27,0,0,10,2026,2.0,2.0,1.2,1.2,4.5,4.0,12.0,12.0,0,1856.340687717183,1951.8335806467908,30.0,30.0,0.0,0.0,4.5
1537193,2026-03-29T08:00:00+00:00,1774771200,,Cheonan,Korea Republic U23,10177,Japan U21,23539,2,1,10,2026,2.0,2.0,1.2,1.2,4.5,4.0,12.0,12.0,0,1380.992550847212,1389.7134231857444,30.0,2.0833333333333335,0.0,0.0,4.5
1502472,2026-03-29T13:00:00+00:00,1774789200,"Vitalijs Spasjonnikovs, Latvia",Kaunas,Lithuania,1097,Georgia,1104,0,2,10,2026,2.0,2.0,1.2,1.2,4.5,4.0,12.0,12.0,0,1393.6155311574544,1430.5682046671816,2.9166666666666665,2.8333333333333335,0.0,0.0,4.5
1538299,2026-03-29T13:30:00+00:00,1774791000,,,Chile U20,16201,Peru U20,16203,2,1,10,2026,2.0,2.0,1.2,1.2,4.5,4.0,12.0,12.0,0,1400.543080496167,1400.0,30.0,7.0,0.0,0.0,4.5
1514832,2026-03-29T14:00:00+00:00,1774792800,D. Muntean,Yerevan,Armenia,1094,Belarus,1100,1,2,10,2026,2.0,2.0,1.2,1.2,4.5,4.0,12.0,12.0,0,1366.2469818566942,1410.6347098818273,30.0,2.875,0.0,0.0,4.5
1514465,2026-03-29T19:00:00+00:00,1774810800,V. Rivas,Landover,Colombia,8,France,2,1,3,10,2026,2.0,2.0,1.2,1.2,4.5,4.0,12.0,12.0,0,1968.1292383228,2077.091681529408,2.8125,2.9583333333333335,0.0,0.0,4.5
1537191,2026-03-30T09:00:00+00:00,1774861200,,,Slovakia U18,21479,Serbia U18,22437,1,1,10,2026,2.0,2.0,1.2,1.2,4.5,4.0,12.0,12.0,0,1391.109411831163,1399.736587634566,2.75,2.75,0.0,0.0,4.5
1537192,2026-03-30T09:00:00+00:00,1774861200,,,Uzbekistan U19,26531,Japan U19,18982,1,1,10,2026,2.0,2.0,1.2,1.2,4.5,4.0,12.0,12.0,0,1408.3045740493928,1391.4540845121207,4.958333333333333,4.958333333333333,0.0,0.0,4.5
1537190,2026-03-30T12:00:00+00:00,1774872000,,Manavgat,Russia U21,8219,Jordan U23,10938,1,2,10,2026,2.0,2.0,1.2,1.2,4.5,4.0,12.0,12.0,0,1425.2224370992976,1433.396420222185,2.9375,2.9583333333333335,0.0,0.0,4.5
1537188,2026-03-30T13:00:00+00:00,1774875600,,Tunis,Tunisia U20,11049,Mauritania U20,11038,3,0,10,2026,2.0,2.0,1.2,1.2,4.5,4.0,12.0,12.0,0,1428.0281657420758,1361.9718342579242,3.0,3.0,0.0,0.0,4.5
1537189,2026-03-30T13:30:00+00:00,1774877400,,Antalya,Albania U21,8177,Uzbekistan U23,10963,3,2,10,2026,2.0,2.0,1.2,1.2,4.5,4.0,12.0,12.0,0,1411.8101689254443,1426.604810875226,30.0,3.0,0.0,0.0,4.5
1538841,2026-03-30T14:00:00+00:00,1774879200,,Al Ahsa,Saudi Arabia U20,10301,Qatar U20,10300,1,1,10,2026,2.0,2.0,1.2,1.2,4.5,4.0,12.0,12.0,0,1417.2332010155535,1389.9385573429333,30.0,30.0,0.0,0.0,4.5
1538842,2026-03-30T15:00:00+00:00,1774882800,,Antalya,Kyrgyz Republic U23,10941,Serbia U21,8222,0,2,10,2026,2.0,2.0,1.2,1.2,4.5,4.0,12.0,12.0,0,1400.940778632278,1419.7030609227204,4.041666666666667,4.041666666666667,0.0,0.0,4.5
1537186,2026-03-30T16:00:00+00:00,1774886400,,,Mexico U20,10293,Costa Rica U20,10308,1,0,10,2026,2.0,2.0,1.2,1.2,4.5,4.0,12.0,12.0,0,1400.7810937479305,1371.3874071850282,3.0,3.0,0.0,0.0,4.5
1507580,2026-03-30T16:00:00+00:00,1774886400,"Marian Barbu, Romania",Nicosia,Cyprus,1106,Moldova,1114,3,2,10,2026,2.0,2.0,1.2,1.2,4.5,4.0,12.0,12.0,0,1391.1153674137431,1378.2854094039917,3.9583333333333335,4.041666666666667,0.0,0.0,4.5
1538301,2026-03-30T16:00:00+00:00,1774886400,,Algiers,Algeria U23,10186,Congo DR U23,17121,1,0,10,2026,2.0,2.0,1.2,1.2,4.5,4.0,12.0,12.0,0,1410.0,1390.0,2.9583333333333335,2.9583333333333335,0.0,0.0,4.5
1538300,2026-03-30T16:00:00+00:00,1774886400,,Abidjan,Côte d'Ivoire U20,11026,Tunisia U23,20562,3,0,10,2026,2.0,2.0,1.2,1.2,4.5,4.0,12.0,12.0,0,1401.6515787159367,1409.35372160714,3.0,3.0,0.0,0.0,4.5
1514833,2026-03-30T16:30:00+00:00,1774888200,,Venlo,Netherlands U21,8211,Belgium U21,8183,2,1,10,2026,2.0,2.0,1.2,1.2,4.5,4.0,12.0,12.0,0,1400.28774368332,1410.0,30.0,30.0,0.0,0.0,4.5
1538302,2026-03-30T17:00:00+00:00,1774890000,,,Morocco U23,10179,Côte d'Ivoire U20,11026,2,2,10,2026,2.0,2.0,1.2,1.2,4.5,4.0,12.0,12.0,0,1400.0068753729538,1411.8732279002638,3.9166666666666665,0.041666666666666664,0.0,0.0,4.5
1501816,2026-03-30T18:45:00+00:00,1774896300,"Stuart Attwell, England",Stuttgart,Germany,25,Ghana,1504,2,1,10,2026,2.0,2.0,1.2,1.2,4.5,4.0,12.0,12.0,0,1939.0021250464338,1406.5787854703938,2.9583333333333335,3.0729166666666665,0.0,0.0,4.5
1536917,2026-03-31T07:00:00+00:00,1774940400,,,Korea DPR U23,10939,Thailand U23,10960,3,1,10,2026,2.0,2.0,1.2,1.2,4.5,4.0,12.0,12.0,0,1399.472495080617,1409.318596008247,2.8090277777777777,3.0,0.0,0.0,4.5
1537181,2026-03-31T09:00:00+00:00,1774947600,,,Equatorial Guinea,1521,Madagascar,1490,1,1,10,2026,2.0,2.0,1.2,1.2,4.5,4.0,12.0,12.0,0,1406.5692418785159,1408.9211147130734,5.791666666666667,2.7916666666666665,0.0,0.0,4.5
1539014,2026-03-31T10:00:00+00:00,1774951200,,,Korea Republic U23,10177,USA U21,27072,1,4,10,2026,2.0,2.0,1.2,1.2,4.5,4.0,12.0,12.0,0,1391.2435050283782,1400.3271514562248,2.0833333333333335,4.166666666666667,0.0,0.0,4.5
1539015,2026-03-31T10:00:00+00:00,1774951200,,,India U17,20528,Korea Republic U17,12512,1,2,10,2026,2.0,2.0,1.2,1.2,4.5,4.0,12.0,12.0,0,1400.0,1400.0,7.0,7.0,0.0,0.0,4.5
1536918,2026-03-31T11:35:00+00:00,1774956900,,,China PR U23,10932,Vietnam U23,10964,1,0,10,2026,2.0,2.0,1.2,1.2,4.5,4.0,12.0,12.0,0,1392.0608455900467,1380.1145764321275,3.0,3.1909722222222223,0.0,0.0,4.5
1537185,2026-03-31T11:35:00+00:00,1774956900,,Yiwu,China PR U20,17262,Australia U20,21056,2,4,10,2026,2.0,2.0,1.2,1.2,4.5,4.0,12.0,12.0,0,1419.6421569407535,1371.15599056265,3.1909722222222223,3.1909722222222223,0.0,0.0,4.5
1537184,2026-03-31T12:00:00+00:00,1774958400,,Lisbon - Oeiras,Morocco U18,19072,Iceland U19,10337,2,1,10,2026,2.0,2.0,1.2,1.2,4.5,4.0,12.0,12.0,0,1376.126306771338,1400.687511137709,2.75,2.9166666666666665,0.0,0.0,4.5
1538305,2026-03-31T13:00:00+00:00,1774962000,,,Egypt U20,11027,Algeria U20,11017,0,0,10,2026,2.0,2.0,1.2,1.2,4.5,4.0,12.0,12.0,0,1410.7984513616975,1418.6581866443353,2.875,2.875,0.0,0.0,4.5
1537182,2026-03-31T13:00:00+00:00,1774962000,,Lisbon - Oeiras,Portugal U18,19073,USA U18,22342,1,1,10,2026,2.0,2.0,1.2,1.2,4.5,4.0,12.0,12.0,0,1481.3981414559075,1380.4663364213136,2.9583333333333335,2.7916666666666665,0.0,0.0,4.5
1538303,2026-03-31T13:00:00+00:00,1774962000,,Francistown,Botswana,1520,Malawi,1495,1,0,10,2026,2.0,2.0,1.2,1.2,4.5,4.0,12.0,12.0,0,1397.8205024191209,1390.9956899305123,2.875,3.0,0.0,0.0,4.5
1527862,2026-03-31T13:00:00+00:00,1774962000,,Antalya,Costa Rica,29,Iran,22,0,5,10,2026,2.0,2.0,1.2,1.2,4.5,4.0,12.0,12.0,0,1580.2936760854345,1838.9645532638476,3.8125,4.020833333333333,0.0,0.0,4.5
1537183,2026-03-31T13:30:00+00:00,1774963800,,Yupia,India U23,10935,Tajikistan U23,10959,0,1,10,2026,2.0,2.0,1.2,1.2,4.5,4.0,12.0,12.0,0,1400.1886747627123,1409.7366112778163,3.0,6.0,0.0,0.0,4.5
1537642,2026-03-31T13:45:00+00:00,1774964700,,Al Ain,UAE U23,10184,Oman U23,10950,3,1,10,2026,2.0,2.0,1.2,1.2,4.5,4.0,12.0,12.0,0,1374.098188216163,1408.9265798648223,30.0,30.0,0.0,0.0,4.5
1538304,2026-03-31T14:30:00+00:00,1774967400,,,Chile U20,16201,Peru U20,16203,1,1,10,2026,2.0,2.0,1.2,1.2,4.5,4.0,12.0,12.0,0,1410.527449395713,1390.0156311004541,2.0416666666666665,2.0416666666666665,0.0,0.0,4.5
1528275,2026-03-31T15:00:00+00:00,1774969200,,Casablanca,Liberia,1525,Libya,1526,2,2,10,2026,2.0,2.0,1.2,1.2,4.5,4.0,12.0,12.0,0,1362.6725383236612,1455.9938789383928,4.0,3.875,0.0,0.0,4.5
1536919,2026-03-31T15:00:00+00:00,1774969200,,Casablanca,Niger,1505,Togo,1534,0,1,10,2026,2.0,2.0,1.2,1.2,4.5,4.0,12.0,12.0,0,1410.3830632402885,1421.8576810491215,3.875,4.0,0.0,0.0,4.5
1514469,2026-03-31T16:00:00+00:00,1774972800,D. Strukan,Podgorica,Montenegro,1109,Slovenia,1091,2,3,10,2026,2.0,2.0,1.2,1.2,4.5,4.0,12.0,12.0,0,1422.11230620645,1502.3498233621265,3.9583333333333335,2.9583333333333335,0.0,0.0,5.125
1503006,2026-03-31T16:00:00+00:00,1774972800,J. Vergoote,Oslo,Norway,1090,Switzerland,15,0,0,10,2026,2.0,2.0,1.2,1.2,4.5,4.0,12.0,12.0,0,1744.4065637472938,1915.8307853595402,3.84375,3.84375,0.0,0.0,4.5
1527864,2026-03-31T16:00:00+00:00,1774972800,K. Athanassiou,Serravalle,San Marino,1115,Andorra,1110,0,0,10,2026,2.0,2.0,1.2,1.2,4.5,4.0,12.0,12.0,0,1297.722860198441,1337.5935822688716,3.0833333333333335,3.9583333333333335,0.0,0.0,4.5
1514468,2026-03-31T16:00:00+00:00,1774972800,B. Berke,,Serbia,14,Saudi Arabia,23,2,1,10,2026,2.0,2.0,1.2,1.2,4.5,4.0,12.0,12.0,0,1748.7157612541293,1441.8295880557305,3.8333333333333335,3.9375,0.0,0.0,3.625
1538306,2026-03-31T16:00:00+00:00,1774972800,,Francistown,Zimbabwe,1522,Zambia U23,20563,1,0,10,2026,2.0,2.0,1.2,1.2,4.5,4.0,12.0,12.0,0,1398.8513714756432,1399.733219892144,3.0,3.125,0.0,0.0,4.5
1514072,2026-03-31T17:00:00+00:00,1774976400,F. Badstubner,Budapest,Hungary,769,Greece,1117,0,0,10,2026,2.0,2.0,1.2,1.2,4.5,4.0,12.0,12.0,0,1751.2992682188426,1613.0947611580898,3.0,3.9166666666666665,0.0,0.0,4.5
1536922,2026-03-31T17:00:00+00:00,1774976400,R. Lutfullin,Saint Petersburg,Russia,4,Mali,1500,0,0,10,2026,2.0,2.0,1.2,1.2,4.5,4.0,12.0,12.0,0,1552.7850076301158,1651.4990006279277,4.020833333333333,30.0,0.0,0.0,4.5
1527863,2026-03-31T17:30:00+00:00,1774978200,A. Karaoglan,Antalya,Jordan,1548,Nigeria,19,2,2,10,2026,2.0,2.0,1.2,1.2,4.5,4.0,12.0,12.0,0,1404.9850159382931,1667.6002931672513,4.0,4.208333333333333,0.0,0.0,4.5
1528276,2026-03-31T17:30:00+00:00,1774978200,T. Ketshabile,Cape Town,South Africa,1531,Panama,11,1,2,10,2026,2.0,2.0,1.2,1.2,4.5,4.0,12.0,12.0,0,1450.7238344086056,1582.2063337070797,4.020833333333333,4.020833333333333,0.0,0.0,4.5
1512764,2026-03-31T17:30:00+00:00,1774978200,,,Haiti,2386,Iceland,18,1,1,10,2026,2.0,2.0,1.2,1.2,4.5,4.0,12.0,12.0,0,1401.5533769760416,1467.1734794486947,2.7291666666666665,3.0208333333333335,0.0,0.0,4.5
1522230,2026-03-31T18:00:00+00:00,1774980000,E. Wattellier,Lens,Morocco,31,Paraguay,2380,2,1,10,2026,2.0,2.0,1.2,1.2,4.5,4.0,12.0,12.0,0,1945.255991059444,1731.106227878534,3.90625,3.9583333333333335,0.0,0.0,4.5
1528277,2026-03-31T18:00:00+00:00,1774980000,G. Cuadra,Leganes,Peru,30,Honduras,4672,2,2,10,2026,2.0,2.0,1.2,1.2,4.5,4.0,12.0,12.0,0,1688.924363593591,1385.0787407499956,3.0833333333333335,30.0,0.0,0.0,4.5
1528274,2026-03-31T18:00:00+00:00,1774980000,,Casablanca,Guinea,1509,Benin,1516,0,1,10,2026,2.0,2.0,1.2,1.2,4.5,4.0,12.0,12.0,0,1456.5016192465025,1394.9966240212957,4.125,4.125,0.0,0.0,4.5
1528278,2026-03-31T18:30:00+00:00,1774981800,D. Elder,Liverpool,Scotland,1108,Ivory Coast,1501,0,1,10,2026,2.0,2.0,1.2,1.2,4.5,4.0,12.0,12.0,0,1673.1317072394645,1663.8002778100113,3.0625,3.1875,0.0,0.0,4.5
1528280,2026-03-31T18:30:00+00:00,1774981800,L. Pairetto,Turin,Algeria,1532,Uruguay,7,0,0,10,2026,2.0,2.0,1.2,1.2,4.5,4.0,12.0,12.0,0,1634.247790793704,1906.825809527729,3.9583333333333335,3.9479166666666665,0.0,0.0,4.5
1537646,2026-03-31T18:45:00+00:00,1774982700,J. Martinez,Valencia,Ukraine,772,Albania,778,1,0,10,2026,2.0,2.0,1.2,1.2,4.5,4.0,12.0,12.0,0,1794.101742117657,1494.1952550290946,4.958333333333333,4.958333333333333,0.0,0.0,4.875
1511732,2026-03-31T18:45:00+00:00,1774982700,S. van der Eijk,Vienna,Austria,775,South Korea,17,1,0,10,2026,2.0,2.0,1.2,1.2,4.5,4.0,12.0,12.0,0,1839.2158928817323,1837.457648823738,4.072916666666667,3.1979166666666665,0.0,0.0,4.125
1538307,2026-03-31T18:45:00+00:00,1774982700,I. A. Griffith,Dublin,Rep. Of Ireland,776,FYR Macedonia,1105,0,0,10,2026,2.0,2.0,1.2,1.2,4.5,4.0,12.0,12.0,0,1481.3635018954226,1433.8797072126197,30.0,4.958333333333333,0.0,0.0,4.5
1538309,2026-03-31T18:45:00+00:00,1774982700,R. Hennessey,Cardiff,Wales,767,Northern Ireland,771,1,1,10,2026,2.0,2.0,1.2,1.2,4.5,4.0,12.0,12.0,0,1739.3711351584925,1468.9406161045122,30.0,4.958333333333333,0.0,0.0,4.5
1538308,2026-03-31T18:45:00+00:00,1774982700,O. Berka,Bratislava,Slovakia,773,Romania,774,2,0,10,2026,2.0,2.0,1.2,1.2,4.5,4.0,12.0,12.0,0,1624.938881304824,1599.4004967367493,4.958333333333333,5.072916666666667,0.0,0.0,3.9
1537580,2026-03-31T18:45:00+00:00,1774982700,M. Oliver,Pristina,Kosovo,1111,Türkiye,777,0,1,32,2024,3.0,5.0,1.2,1.2,3.0,2.0,12.0,10.0,1,1494.5807960176858,1545.0331214053285,4.958333333333333,5.072916666666667,0.0,0.0,4.05
1503007,2026-03-31T18:45:00+00:00,1774982700,S. Stegemann,Eindhoven,Netherlands,1118,Ecuador,2382,1,1,10,2026,2.0,2.0,1.2,1.2,4.5,4.0,12.0,12.0,0,1981.9714546536197,1835.9767009238692,3.9583333333333335,3.9375,0.0,0.0,3.625
1537581,2026-03-31T18:45:00+00:00,1774982700,S. Vincic,Solna,Sweden,5,Poland,24,3,2,32,2024,2.0,3.0,1.52,1.36,2.0,9.0,15.0,15.0,1,1756.446938245147,1829.1281120954975,4.958333333333333,4.958333333333333,0.0,0.0,3.8125
1502473,2026-03-31T18:45:00+00:00,1774982700,N. Walsh,London,England,10,Japan,12,0,1,10,2026,2.0,2.0,1.2,1.2,4.5,4.0,12.0,12.0,0,2003.9004948680597,1924.6501365512202,3.9583333333333335,3.0729166666666665,0.0,0.0,4.7
1528279,2026-03-31T19:00:00+00:00,1774983600,A. Bouh,Diamniadio,Senegal,13,Gambia,1492,3,1,10,2026,2.0,2.0,1.2,1.2,4.5,4.0,12.0,12.0,0,1835.7285870542069,1408.3662801540104,3.125,30.0,0.0,0.0,4.5
1511778,2026-03-31T19:00:00+00:00,1774983600,G. Kabakov,Cornella de Llobregat,Spain,9,Egypt,32,0,0,10,2026,2.0,2.0,1.2,1.2,4.5,4.0,12.0,12.0,0,2051.33615480168,1679.2510708918217,3.9583333333333335,4.0625,0.0,0.0,3.7
1537180,2026-03-31T19:00:00+00:00,1774983600,,,Brazil U20,16200,Paraguay U20,16202,3,1,10,2026,2.0,2.0,1.2,1.2,4.5,4.0,12.0,12.0,0,1410.0227402951107,1390.7673398414533,2.875,2.875,0.0,0.0,4.5
1537179,2026-03-31T19:00:00+00:00,1774983600,,Ouagadougou,Burkina Faso,1502,Guinea-Bissau,1513,1,1,10,2026,2.0,2.0,1.2,1.2,4.5,4.0,12.0,12.0,0,1445.046154689768,1360.3389252529366,3.0416666666666665,3.0416666666666665,0.0,0.0,4.5
1503004,2026-03-31T23:00:00+00:00,1774998000,S. Jablonski,,USA,2384,Portugal,27,0,2,10,2026,2.0,2.0,1.2,1.2,4.5,4.0,12.0,12.0,0,1850.2241760875704,1949.15225499151,3.1458333333333335,2.9166666666666665,0.0,0.0,4.7
1536923,2026-03-31T23:30:00+00:00,1774999800,A. Herrera,Buenos Aires,Argentina,26,Zambia,1507,5,0,10,2026,2.0,2.0,1.2,1.2,4.5,4.0,12.0,12.0,0,2113.186706468587,1377.131460250282,4.010416666666667,30.0,0.0,0.0,4.5
1512765,2026-03-31T23:30:00+00:00,1774999800,K. Herrera,,Canada,5529,Tunisia,28,0,0,10,2026,2.0,2.0,1.2,1.2,4.5,4.0,12.0,12.0,0,1685.8818426923128,1455.4914112030435,3.2708333333333335,2.9791666666666665,0.0,0.0,4.5
1501817,2026-04-01T00:00:00+00:00,1775001600,A. Villarreal,,Brazil,6,Croatia,3,3,1,10,2026,2.0,2.0,1.2,1.2,4.5,4.0,12.0,12.0,0,1956.3122831176356,1972.8379758096082,5.166666666666667,5.020833333333333,0.0,0.0,4.5
1514471,2026-04-01T01:00:00+00:00,1775005200,R. Mendoza,,Mexico,16,Belgium,1,1,1,10,2026,2.0,2.0,1.2,1.2,4.5,4.0,12.0,12.0,0,1859.0220133724638,1978.6173176212437,3.0,3.2291666666666665,0.0,0.0,4.5
1542229,2026-04-21T17:30:00+00:00,1776792600,,Pozoblanco,Spain U17,12520,Ukraine U17,17983,4,0,10,2026,2.0,2.0,1.2,1.2,4.5,4.0,12.0,12.0,0,1456.2820679167774,1400.0227771020461,30.0,30.0,0.0,0.0,4.5
1530105,2026-04-21T19:10:00+00:00,1776798600,W. Delajod,Lens,Lens,116,Toulouse,96,4,1,66,2025,3.0,2.0,1.78843993018033,1.4488498976145192,0.0,0.0,0.0,0.0,0,1433.5869568364635,1432.3588790261163,30.0,30.0,0.0,0.0,3.7
1530106,2026-04-22T19:00:00+00:00,1776884400,F. Letexier,Strasbourg,Strasbourg,95,Nice,84,0,2,66,2025,2.0,2.0,1.06093565030762,1.337040243356656,0.0,0.0,0.0,0.0,0,1468.4220875581257,1431.4710222691808,30.0,30.0,0.0,0.0,3.227272727272727
1542228,2026-04-23T09:00:00+00:00,1776934800,,Pozoblanco,Spain U17,12520,Ukraine U17,17983,3,1,10,2026,2.0,2.0,1.2,1.2,4.5,4.0,12.0,12.0,0,1464.6768011626589,1391.6280438561646,1.6458333333333333,1.6458333333333333,0.0,0.0,4.5
1543815,2026-04-30T10:00:00+00:00,1777543200,,,Serbia U18,22437,North Macedonia U18,21472,3,0,10,2026,2.0,2.0,1.2,1.2,4.5,4.0,12.0,12.0,0,1399.4883285762448,1389.8296270843668,30.0,30.0,0.0,0.0,4.5
1545252,2026-05-11T14:30:00+00:00,1778509800,,,Qatar U23,10954,Oman U23,10950,2,1,10,2026,2.0,2.0,1.2,1.2,4.5,4.0,12.0,12.0,0,1402.6592449241737,1397.9274825397263,30.0,30.0,0.0,0.0,4.5
1545031,2026-05-12T07:30:00+00:00,1778571000,,,Afghanistan U20,25089,Turkmenistan U20,25112,1,3,10,2026,2.0,2.0,1.2,1.2,4.5,4.0,12.0,12.0,0,1380.28774368332,1409.71225631668,30.0,30.0,0.0,0.0,4.5
1545032,2026-05-12T12:00:00+00:00,1778587200,,,Uzbekistan U20,21061,Kyrgyz Republic U20,21058,2,0,10,2026,2.0,2.0,1.2,1.2,4.5,4.0,12.0,12.0,0,1408.9151748698955,1390.1417303790292,30.0,30.0,0.0,0.0,4.5
1545033,2026-05-13T07:30:00+00:00,1778657400,,Hisor,Tajikistan U20,21060,Turkmenistan U20,25112,2,1,10,2026,2.0,2.0,1.2,1.2,4.5,4.0,12.0,12.0,0,1400.28774368332,1418.8673697795948,30.0,1.0,0.0,0.0,4.5
1544802,2026-05-13T10:00:00+00:00,1778666400,,,Turkey U18,19075,Hungary U18,22498,2,1,10,2026,2.0,2.0,1.2,1.2,4.5,4.0,12.0,12.0,0,1382.8265321325912,1419.736592439214,30.0,30.0,0.0,0.0,4.5
1545034,2026-05-13T12:00:00+00:00,1778673600,,Hisor,Afghanistan U20,25089,Uzbekistan U20,21061,0,2,10,2026,2.0,2.0,1.2,1.2,4.5,4.0,12.0,12.0,0,1371.1326302204052,1418.3753569699059,1.1875,1.0,0.0,0.0,4.5
1545253,2026-05-13T14:30:00+00:00,1778682600,,,Qatar U23,10954,Oman U23,10950,1,3,10,2026,2.0,2.0,1.2,1.2,4.5,4.0,12.0,12.0,0,1412.523062274667,1388.063665189233,2.0,2.0,0.0,0.0,4.5
1545275,2026-05-14T16:00:00+00:00,1778774400,,,Egypt U19,27551,Oman U19,27755,2,1,10,2026,2.0,2.0,1.2,1.2,4.5,4.0,12.0,12.0,0,1410.0,1400.0,30.0,7.0,0.0,0.0,4.5
1545254,2026-05-15T07:30:00+00:00,1778830200,,Tursunzoda,Kyrgyz Republic U20,21058,Turkmenistan U20,25112,2,1,10,2026,2.0,2.0,1.2,1.2,4.5,4.0,12.0,12.0,0,1380.681548279019,1408.333114332304,2.8125,2.0,0.0,0.0,4.5
1545255,2026-05-15T12:00:00+00:00,1778846400,,Tursunzoda,Tajikistan U20,21060,Afghanistan U20,25089,2,0,10,2026,2.0,2.0,1.2,1.2,4.5,4.0,12.0,12.0,0,1410.821999130611,1362.4840663959783,2.1875,2.0,0.0,0.0,4.5
1537647,2026-05-16T16:00:00+00:00,1778947200,S. Galia,Murcia,Rep. Of Ireland,776,Grenada,5533,5,0,10,2026,2.0,2.0,1.2,1.2,4.5,4.0,12.0,12.0,0,1480.0052545899748,1415.6781672301934,30.0,30.0,0.0,0.0,4.5
1545256,2026-05-17T07:30:00+00:00,1779003000,,Hisor,Kyrgyz Republic U20,21058,Afghanistan U20,25089,0,0,10,2026,2.0,2.0,1.2,1.2,4.5,4.0,12.0,12.0,0,1391.4757481639522,1353.86643613167,2.0,1.8125,0.0,0.0,4.5
1545257,2026-05-17T12:00:00+00:00,1779019200,,Hisor,Tajikistan U20,21060,Uzbekistan U20,21061,0,3,10,2026,2.0,2.0,1.2,1.2,4.5,4.0,12.0,12.0,0,1419.4396293949192,1427.0239207943328,2.0,4.0,0.0,0.0,4.5
1545276,2026-05-17T16:00:00+00:00,1779033600,,,Egypt U19,27551,Oman U19,27755,2,1,10,2026,2.0,2.0,1.2,1.2,4.5,4.0,12.0,12.0,0,1419.71225631668,1390.28774368332,3.0,3.0,0.0,0.0,4.5
1545258,2026-05-19T07:30:00+00:00,1779175800,,Tursunzoda,Turkmenistan U20,25112,Uzbekistan U20,21061,0,2,10,2026,2.0,2.0,1.2,1.2,4.5,4.0,12.0,12.0,0,1397.5389144473706,1436.8056620075154,4.0,1.8125,0.0,0.0,4.5
1545259,2026-05-19T12:00:00+00:00,1779192000,,Tursunzoda,Tajikistan U20,21060,Kyrgyz Republic U20,21058,0,1,10,2026,2.0,2.0,1.2,1.2,4.5,4.0,12.0,12.0,0,1409.6578881817366,1390.3974734932015,2.0,2.1875,0.0,0.0,4.5
1545260,2026-05-20T11:00:00+00:00,1779274800,,Gyor,Hungary U17,12509,Austria U17,17939,3,3,10,2026,2.0,2.0,1.2,1.2,4.5,4.0,12.0,12.0,0,1409.5501739121498,1390.5750112778453,30.0,30.0,0.0,0.0,4.5
1548411,2026-05-21T11:30:00+00:00,1779363000,,,Singapore U19,19154,United Arab Emirates U19,22439,0,4,10,2026,2.0,2.0,1.2,1.2,4.5,4.0,12.0,12.0,0,1400.5750112778453,1380.0,30.0,30.0,0.0,0.0,4.5
1542551,2026-05-22T19:00:00+00:00,1779476400,J. Brisard,Paris - Saint-Denis,Lens,116,Nice,84,3,1,66,2025,2.0,2.0,2.102505257776875,1.068733379736705,0.0,0.0,0.0,0.0,0,1443.5516100629322,1442.530567550976,30.0,30.0,0.0,0.0,4.375
1528281,2026-05-23T02:00:00+00:00,1779501600,S. Brown,Puebla,Mexico,16,Ghana,1504,2,0,10,2026,2.0,2.0,1.2,1.2,4.5,4.0,12.0,12.0,0,1862.334435832276,1405.6871934826754,30.0,30.0,0.0,0.0,4.5
1548412,2026-05-24T11:30:00+00:00,1779622200,,,Singapore U19,19154,United Arab Emirates U19,22439,0,4,10,2026,2.0,2.0,1.2,1.2,4.5,4.0,12.0,12.0,0,1389.9835061508386,1390.5915051270067,3.0,3.0,0.0,0.0,4.5
1545261,2026-05-26T11:00:00+00:00,1779793200,,,Morocco,31,Burundi,1528,5,0,10,2026,2.0,2.0,1.2,1.2,4.5,4.0,12.0,12.0,0,1949.770017555305,1388.7826552281745,30.0,30.0,0.0,0.0,4.5
1546511,2026-05-26T15:00:00+00:00,1779807600,,,Tunisia U18,27791,Germany U18,23258,2,1,10,2026,2.0,2.0,1.2,1.2,4.5,4.0,12.0,12.0,0,1400.0,1419.772170043949,7.0,30.0,0.0,0.0,4.5
1546492,2026-05-26T15:00:00+00:00,1779807600,,Skopje,North Macedonia U19,10341,Slovenia U18,21480,1,3,10,2026,2.0,2.0,1.2,1.2,4.5,4.0,12.0,12.0,0,1426.7102684566935,1410.0,30.0,30.0,0.0,0.0,4.5
1540349,2026-05-26T18:30:00+00:00,1779820200,,London,Nigeria,19,Zimbabwe,1522,2,0,10,2026,2.0,2.0,1.2,1.2,4.5,4.0,12.0,12.0,0,1661.213929171797,1408.8767530588646,30.0,30.0,0.0,0.0,4.5
1546489,2026-05-26T22:00:00+00:00,1779832800,,,Colombia U20,10285,Costa Rica U20,10308,1,0,10,2026,2.0,2.0,1.2,1.2,4.5,4.0,12.0,12.0,0,1410.0550409648367,1362.2314128033377,30.0,30.0,0.0,0.0,4.5
1546490,2026-05-27T07:00:00+00:00,1779865200,,,Cyprus U19,10360,Greece U19,10364,0,2,10,2026,2.0,2.0,1.2,1.2,4.5,4.0,12.0,12.0,0,1399.0011373655,1389.346374243118,30.0,30.0,0.0,0.0,4.5
1548413,2026-05-27T13:00:00+00:00,1779886800,,,Slovakia U19,10347,Germany U19,10336,2,3,10,2026,2.0,2.0,1.2,1.2,4.5,4.0,12.0,12.0,0,1382.1562653091494,1400.0640521689588,30.0,30.0,0.0,0.0,4.5
1546491,2026-05-27T15:30:00+00:00,1779895800,,Nedelisce,Greece U21,8198,Qatar U23,10954,1,2,10,2026,2.0,2.0,1.2,1.2,4.5,4.0,12.0,12.0,0,1400.0,1401.8202249705396,7.0,14.041666666666666,0.0,0.0,4.5
1540350,2026-05-27T18:30:00+00:00,1779906600,,London,Jamaica,2385,India,1537,2,0,10,2026,2.0,2.0,1.2,1.2,4.5,4.0,12.0,12.0,0,1532.1256359375166,1431.9086546590536,30.0,30.0,0.0,0.0,4.5
1546488,2026-05-28T09:00:00+00:00,1779958800,,Skopje,North Macedonia U19,10341,Slovenia U18,21480,0,4,10,2026,2.0,2.0,1.2,1.2,4.5,4.0,12.0,12.0,0,1416.229678782462,1420.4805896742314,1.75,1.75,0.0,0.0,4.5
1536924,2026-05-28T09:30:00+00:00,1779960600,,Achna,Greece U19,10364,England U18,21466,1,2,10,2026,2.0,2.0,1.2,1.2,4.5,4.0,12.0,12.0,0,1399.6241891569662,1455.6730879329045,1.1041666666666667,30.0,0.0,0.0,4.5
1543816,2026-05-28T18:00:00+00:00,1779991200,"L Benbraham, Algeria",Cairo,Egypt,32,Russia,4,1,0,10,2026,2.0,2.0,1.2,1.2,4.5,4.0,12.0,12.0,0,1687.1492481140483,1555.5521627340272,30.0,30.0,0.0,0.0,4.5
1528282,2026-05-28T18:45:00+00:00,1779993900,"Jamie Robinson, Northern Ireland",Dublin,Rep. Of Ireland,776,Qatar,1569,1,0,10,2026,2.0,2.0,1.2,1.2,4.5,4.0,12.0,12.0,0,1488.1746422545714,1376.0010550810264,12.114583333333334,30.0,0.0,0.0,4.5
1546493,2026-05-28T22:00:00+00:00,1780005600,,,Colombia U20,10285,Costa Rica U20,10308,2,1,10,2026,2.0,2.0,1.2,1.2,4.5,4.0,12.0,12.0,0,1418.6871941909487,1353.5992595772257,2.0,2.0,0.0,0.0,4.5
1544803,2026-05-29T15:30:00+00:00,1780068600,,Antalya,Iran,22,Gambia,1492,3,1,10,2026,2.0,2.0,1.2,1.2,4.5,4.0,12.0,12.0,0,1842.645902748211,1406.7922114634218,30.0,30.0,0.0,0.0,4.5
1543817,2026-05-29T16:00:00+00:00,1780070400,L. Mokete,Johannesburg,South Africa,1531,Nicaragua,5164,0,0,10,2026,2.0,2.0,1.2,1.2,4.5,4.0,12.0,12.0,0,1444.3373280932392,1372.924606305835,30.0,30.0,0.0,0.0,4.5
1544356,2026-05-29T16:00:00+00:00,1780070400,R. De Burgos,Girona,Iraq,1567,Andorra,1110,1,0,10,2026,2.0,2.0,1.2,1.2,4.5,4.0,12.0,12.0,0,1388.0599358135435,1336.4510217807392,30.0,30.0,0.0,0.0,3.7
1540947,2026-05-29T18:30:00+00:00,1780079400,"Rade Obrenovič, Slovenia",Sarajevo,Bosnia & Herzegovina,1113,FYR Macedonia,1105,0,0,10,2026,2.0,2.0,1.2,1.2,4.5,4.0,12.0,12.0,0,1461.7549799197861,1435.2379545180675,30.0,30.0,0.0,0.0,4.5
1511779,2026-05-30T12:00:00+00:00,1780142400,"Goga Kikacheishvili, Georgia",Glasgow,Scotland,1108,Curaçao,5530,4,1,10,2026,2.0,2.0,1.2,1.2,4.5,4.0,12.0,12.0,0,1662.8631916724262,1398.1933335438703,30.0,30.0,0.0,0.0,4.5
1545262,2026-05-30T13:00:00+00:00,1780146000,,Koprivnica,Croatia U21,8186,Greece U21,8198,1,1,10,2026,2.0,2.0,1.2,1.2,4.5,4.0,12.0,12.0,0,1400.0,1390.0523898067174,7.0,2.8958333333333335,0.0,0.0,4.5
1548414,2026-05-30T13:30:00+00:00,1780147800,,London,India,1537,Zimbabwe,1522,0,1,10,2026,2.0,2.0,1.2,1.2,4.5,4.0,12.0,12.0,0,1424.715708790651,1405.084624564927,2.7916666666666665,3.7916666666666665,0.0,0.0,4.5
1548415,2026-05-30T14:00:00+00:00,1780149600,,Sofia,Bulgaria U21,8185,North Macedonia U21,8212,1,0,10,2026,2.0,2.0,1.2,1.2,4.5,4.0,12.0,12.0,0,1399.71225631668,1410.0,30.0,30.0,0.0,0.0,4.5
1548416,2026-05-30T18:30:00+00:00,1780165800,,London,Jamaica,2385,Nigeria,19,0,3,10,2026,2.0,2.0,1.2,1.2,4.5,4.0,12.0,12.0,0,1539.3185818059192,1665.0060576657345,3.0,4.0,0.0,0.0,4.5
1540948,2026-05-31T00:00:00+00:00,1780185600,"Pierre-Luc Lauziere, Canada",Harrison,Ecuador,2382,Saudi Arabia,23,2,1,10,2026,2.0,2.0,1.2,1.2,4.5,4.0,12.0,12.0,0,1839.947746264658,1438.910222009456,30.0,30.0,0.0,0.0,4.5
1545263,2026-05-31T01:00:00+00:00,1780189200,"Victor Rivas, USA",,South Korea,17,Trinidad and Tobago,5168,5,0,10,2026,2.0,2.0,1.2,1.2,4.5,4.0,12.0,12.0,0,1827.5082547237052,1411.8139471631323,30.0,30.0,0.0,0.0,4.5
1527865,2026-05-31T02:00:00+00:00,1780192800,"Rubiel Vazquez, USA",Pasadena,Mexico,16,Australia,20,1,0,10,2026,2.0,2.0,1.2,1.2,4.5,4.0,12.0,12.0,0,1863.680750393586,1822.636537591253,8.0,30.0,0.0,0.0,4.5
1540351,2026-05-31T10:25:00+00:00,1780223100,"Damian Kos, Poland",Tokyo,Japan,12,Iceland,18,1,0,10,2026,2.0,2.0,1.2,1.2,4.5,4.0,12.0,12.0,0,1936.8923912721282,1465.306922960431,30.0,30.0,0.0,0.0,4.5
1544804,2026-05-31T11:30:00+00:00,1780227000,,Singapore City,Singapore,1546,Mongolia,5534,4,0,10,2026,2.0,2.0,1.2,1.2,4.5,4.0,12.0,12.0,0,1389.08669141216,1354.6605859675913,30.0,30.0,0.0,0.0,4.5
1528283,2026-05-31T13:00:00+00:00,1780232400,"Rohit Saggi, Norway",St.Gallen,Switzerland,15,Jordan,1548,4,1,10,2026,2.0,2.0,1.2,1.2,4.5,4.0,12.0,12.0,0,1911.2616886760477,1411.3713799337474,30.0,30.0,0.0,0.0,4.5
1545035,2026-05-31T14:00:00+00:00,1780236000,"Michal Očenáš, Slovakia",Prague,Czechia,770,Kosovo,1111,2,1,10,2026,2.0,2.0,1.2,1.2,4.5,4.0,12.0,12.0,0,1483.410536786399,1486.022809006902,30.0,30.0,0.0,0.0,4.5
1536925,2026-05-31T14:30:00+00:00,1780237800,,Achna,Cyprus U19,10360,England U18,21466,1,6,10,2026,2.0,2.0,1.2,1.2,4.5,4.0,12.0,12.0,0,1388.7233224516517,1464.0737212764093,4.3125,3.2083333333333335,0.0,0.0,4.5
1543819,2026-05-31T15:00:00+00:00,1780239600,J. Goncalves,Lisbon,Cape Verde Islands,1533,Serbia,14,3,0,10,2026,2.0,2.0,1.2,1.2,4.5,4.0,12.0,12.0,0,1419.4338326186573,1751.6351273004038,30.0,30.0,0.0,0.0,4.5
1544805,2026-05-31T15:30:00+00:00,1780241400,"Filip Glova, Slovakia",Wroclaw,Poland,24,Ukraine,772,0,2,10,2026,2.0,2.0,1.2,1.2,4.5,4.0,12.0,12.0,0,1817.0661704638628,1797.1227135671922,30.0,30.0,0.0,0.0,4.5
1501818,2026-05-31T18:45:00+00:00,1780253100,"Matheus Delgado Candançan, Brazil",Mainz,Germany,25,Finland,1099,4,0,10,2026,2.0,2.0,1.2,1.2,4.5,4.0,12.0,12.0,0,1939.8937170341521,1432.3519263306707,30.0,30.0,0.0,0.0,4.5
1503008,2026-05-31T19:30:00+00:00,1780255800,"Nick Walsh, Scotland",Charlotte,USA,2384,Senegal,13,3,2,10,2026,2.0,2.0,1.2,1.2,4.5,4.0,12.0,12.0,0,1842.9970202835993,1837.3026557447954,30.0,30.0,0.0,0.0,4.5
1536926,2026-05-31T21:30:00+00:00,1780263000,"Daniel Schlager, Germany",Rio de Janeiro,Brazil,6,Panama,11,6,2,10,2026,2.0,2.0,1.2,1.2,4.5,4.0,12.0,12.0,0,1966.7875724096173,1588.5928400224461,30.0,30.0,0.0,0.0,4.5
1548417,2026-06-01T11:00:00+00:00,1780311600,,,Pakistan,5535,Bangladesh U23,10929,0,0,10,2026,2.0,2.0,1.2,1.2,4.5,4.0,12.0,12.0,0,1345.6630821792637,1400.0,30.0,7.0,0.0,0.0,4.5
1542176,2026-06-01T16:00:00+00:00,1780329600,"Ioannis Papadopoulos, Greece",Plovdiv,Bulgaria,1103,Montenegro,1109,0,1,10,2026,2.0,2.0,1.2,1.2,4.5,4.0,12.0,12.0,0,1390.6643267498669,1414.3815278820111,30.0,30.0,0.0,0.0,4.5
1542177,2026-06-01T16:00:00+00:00,1780329600,"Mihaly Kapraly, Hungary",Dunajska Streda,Slovakia,773,Malta,1112,2,1,10,2026,2.0,2.0,1.2,1.2,4.5,4.0,12.0,12.0,0,1634.2051484967744,1408.5700419938248,30.0,30.0,0.0,0.0,4.5
1548418,2026-06-01T16:00:00+00:00,1780329600,,Malé,Maldives,1549,Afghanistan,1553,0,1,10,2026,2.0,2.0,1.2,1.2,4.5,4.0,12.0,12.0,0,1399.1754275442936,1361.3807460108947,30.0,30.0,0.0,0.0,4.5
1536927,2026-06-01T17:00:00+00:00,1780333200,"Balazs Berke, Hungary",Oslo,Norway,1090,Sweden,5,3,1,10,2026,2.0,2.0,1.2,1.2,4.5,4.0,12.0,12.0,0,1748.9756604307863,1768.5088798767817,30.0,30.0,0.0,0.0,4.5
1543821,2026-06-01T17:30:00+00:00,1780335000,"José Luis Munuera Montero, Spain",Istanbul,Türkiye,777,FYR Macedonia,1105,4,0,10,2026,2.0,2.0,1.2,1.2,4.5,4.0,12.0,12.0,0,1553.5911084161123,1435.9996973666252,30.0,2.9583333333333335,0.0,0.0,4.5
1511733,2026-06-01T18:45:00+00:00,1780339500,"Jeremie Pignard, France",Vienna,Austria,775,Tunisia,28,1,0,10,2026,2.0,2.0,1.2,1.2,4.5,4.0,12.0,12.0,0,1849.1652869817651,1461.2957512183928,30.0,30.0,0.0,0.0,4.5
1537648,2026-06-01T23:00:00+00:00,1780354800,"Guillermo Enrique Guerrero Alcivar, Ecuador",Bogota,Colombia,8,Costa Rica,29,3,1,10,2026,2.0,2.0,1.2,1.2,4.5,4.0,12.0,12.0,0,1961.1664979001305,1576.6123266010711,30.0,30.0,0.0,0.0,4.5
1514472,2026-06-02T01:00:00+00:00,1780362000,"Marco Antonio Ortiz Nava, Mexico",Edmonton,Canada,5529,Uzbekistan,1568,2,0,10,2026,2.0,2.0,1.2,1.2,4.5,4.0,12.0,12.0,0,1680.0775026769636,1486.0067321498373,30.0,30.0,0.0,0.0,4.5
1550821,2026-06-02T15:00:00+00:00,1780412400,,,Serbia U17,17977,Romania U17,17973,1,0,10,2026,2.0,2.0,1.2,1.2,4.5,4.0,12.0,12.0,0,1400.0,1399.1537822632934,7.0,30.0,0.0,0.0,4.5
1512766,2026-06-02T16:00:00+00:00,1780416000,"Rade Obrenovič, Slovenia",Rijeka,Croatia,3,Belgium,1,0,2,10,2026,2.0,2.0,1.2,1.2,4.5,4.0,12.0,12.0,0,1962.3626865176266,1975.3048951614314,30.0,30.0,0.0,0.0,4.5
1536928,2026-06-02T17:00:00+00:00,1780419600,"Moatasem Ahmad Al-Mazyed, Qatar",Tbilisi,Georgia,1104,Romania,774,1,1,10,2026,2.0,2.0,1.2,1.2,4.5,4.0,12.0,12.0,0,1439.5086136167433,1590.134229544799,30.0,30.0,0.0,0.0,4.5
1545264,2026-06-02T17:00:00+00:00,1780419600,T. Boubou,Rabat,Morocco,31,Madagascar,1490,4,0,10,2026,2.0,2.0,1.2,1.2,4.5,4.0,12.0,12.0,0,1950.5315730384405,1408.853423405381,7.25,30.0,0.0,0.0,4.5
1536929,2026-06-02T18:45:00+00:00,1780425900,"Oscar Johnson, Sweden",Cardiff,Wales,767,Ghana,1504,1,1,10,2026,2.0,2.0,1.2,1.2,4.5,4.0,12.0,12.0,0,1732.8534821336723,1404.3408789213654,30.0,10.697916666666666,0.0,0.0,4.5
1544806,2026-06-03T00:00:00+00:00,1780444800,"Rubiel Vazquez, USA",Fort Lauderdale,Haiti,2386,New Zealand,4673,4,0,10,2026,2.0,2.0,1.2,1.2,4.5,4.0,12.0,12.0,0,1403.4199334643054,1430.8016675874571,30.0,30.0,0.0,0.0,4.5
1548405,2026-06-03T10:00:00+00:00,1780480800,,,Croatia U18,22340,Norway U18,21474,2,2,10,2026,2.0,2.0,1.2,1.2,4.5,4.0,12.0,12.0,0,1430.4216503038447,1356.6290419208447,30.0,30.0,0.0,0.0,4.5
1548406,2026-06-03T11:00:00+00:00,1780484400,,,Korea Republic U23,10177,UAE U23,10184,1,1,10,2026,2.0,2.0,1.2,1.2,4.5,4.0,12.0,12.0,0,1381.5048938341238,1385.097285541259,30.0,30.0,0.0,0.0,4.5
1545697,2026-06-03T11:30:00+00:00,1780486200,,Manila,Philippines,1555,Guam,8119,5,1,10,2026,2.0,2.0,1.2,1.2,4.5,4.0,12.0,12.0,0,1383.802893129437,1400.0,30.0,7.0,0.0,0.0,4.5
1548407,2026-06-03T13:00:00+00:00,1780491600,,,Czech Republic U18,21465,Romania U18,21477,3,0,10,2026,2.0,2.0,1.2,1.2,4.5,4.0,12.0,12.0,0,1392.9695132397617,1400.1999789617532,30.0,30.0,0.0,0.0,4.5
1548408,2026-06-03T14:00:00+00:00,1780495200,,,Kyrgyz Republic U20,21058,Bahrain U20,19624,4,0,10,2026,2.0,2.0,1.2,1.2,4.5,4.0,12.0,12.0,0,1400.9512656122308,1371.1482586527752,15.083333333333334,30.0,0.0,0.0,4.5
1548409,2026-06-03T15:00:00+00:00,1780498800,,,Norway U19,10342,Qatar U20,10300,6,2,10,2026,2.0,2.0,1.2,1.2,4.5,4.0,12.0,12.0,0,1398.7771542516823,1390.7225481442301,30.0,30.0,0.0,0.0,4.5
1545265,2026-06-03T15:30:00+00:00,1780500600,,Krizevci,Croatia U21,8186,Qatar U23,10954,2,0,10,2026,2.0,2.0,1.2,1.2,4.5,4.0,12.0,12.0,0,1399.7137629745682,1411.7678351638222,4.104166666666667,7.0,0.0,0.0,4.5
1545266,2026-06-03T17:00:00+00:00,1780506000,,Gibraltar,Gibraltar,1093,British Virgin Islands,8168,4,0,10,2026,2.0,2.0,1.2,1.2,4.5,4.0,12.0,12.0,0,1333.4390094489393,1381.2087588851243,30.0,30.0,0.0,0.0,4.5
1548410,2026-06-03T17:00:00+00:00,1780506000,,Istanbul,Turkey U21,8227,Kosovo U21,8203,1,0,10,2026,2.0,2.0,1.2,1.2,4.5,4.0,12.0,12.0,0,1438.8823062874067,1400.0,30.0,7.0,0.0,0.0,4.5
1544357,2026-06-03T18:00:00+00:00,1780509600,"Miloš Savović, Montenegro",Tirana,Albania,778,Israel,1116,0,1,10,2026,2.0,2.0,1.2,1.2,4.5,4.0,12.0,12.0,0,1491.1742835795594,1449.4431191273163,30.0,30.0,0.0,0.0,4.5
1543822,2026-06-03T18:00:00+00:00,1780509600,,,Congo DR,1508,Denmark,21,0,0,10,2026,2.0,2.0,1.2,1.2,4.5,4.0,12.0,12.0,0,1435.0566916158018,1853.7549661085645,30.0,30.0,0.0,0.0,4.5
1545267,2026-06-03T18:30:00+00:00,1780511400,,Estoril,Portugal U21,8216,Northern Ireland U21,8213,4,0,10,2026,2.0,2.0,1.2,1.2,4.5,4.0,12.0,12.0,0,1400.0,1390.0,7.0,30.0,0.0,0.0,4.5
1540589,2026-06-03T18:45:00+00:00,1780512300,"Joey Kooij, Netherlands",Luxembourg,Luxembourg,1102,Italy,768,0,1,10,2026,2.0,2.0,1.2,1.2,4.5,4.0,12.0,12.0,0,1382.9507946315962,1933.5190926240411,30.0,30.0,0.0,0.0,4.5
1536930,2026-06-03T18:45:00+00:00,1780512300,"Jakob Semler, Austria",Rotterdam,Netherlands,1118,Algeria,1532,0,1,10,2026,2.0,2.0,1.2,1.2,4.5,4.0,12.0,12.0,0,1978.000409312831,1640.800853956075,30.0,30.0,0.0,0.0,4.5
1539431,2026-06-03T18:45:00+00:00,1780512300,"Marian Barbu, Romania",Warsaw,Poland,24,Nigeria,19,2,2,10,2026,2.0,2.0,1.2,1.2,4.5,4.0,12.0,12.0,0,1806.492781261579,1671.538444996707,3.1354166666666665,4.010416666666667,0.0,0.0,4.5
1542891,2026-06-04T00:45:00+00:00,1780533900,N. Salgado,Panama City,Panama,11,Dominican Republic,5532,4,2,10,2026,2.0,2.0,1.2,1.2,4.5,4.0,12.0,12.0,0,1586.5562569953406,1403.2259965731437,3.1354166666666665,30.0,0.0,0.0,4.5
1544807,2026-06-04T01:00:00+00:00,1780534800,N. Simon,Sandy,South Korea,17,El Salvador,5159,1,0,10,2026,2.0,2.0,1.2,1.2,4.5,4.0,12.0,12.0,0,1829.1825247916754,1399.9415344193965,4.0,30.0,0.0,0.0,4.5
1548419,2026-06-04T09:00:00+00:00,1780563600,,,Croatia U18,22340,Turkey U18,19075,3,0,10,2026,2.0,2.0,1.2,1.2,4.5,4.0,12.0,12.0,0,1428.3290993827466,1393.8849104310932,0.9583333333333334,21.958333333333332,0.0,0.0,4.5
1548421,2026-06-04T11:00:00+00:00,1780570800,,,Ukraine U18,22343,Finland U18,21467,0,0,10,2026,2.0,2.0,1.2,1.2,4.5,4.0,12.0,12.0,0,1410.7018879895866,1409.71225631668,30.0,30.0,0.0,0.0,4.5
1548420,2026-06-04T11:00:00+00:00,1780570800,,Malé,Maldives,1549,Pakistan,5535,0,3,10,2026,2.0,2.0,1.2,1.2,4.5,4.0,12.0,12.0,0,1388.0918798472758,1347.2143970186703,2.7916666666666665,3.0,0.0,0.0,4.5
1544358,2026-06-04T12:00:00+00:00,1780574400,,Phnom Penh,Cambodia,1543,Bhutan,1540,4,0,10,2026,2.0,2.0,1.2,1.2,4.5,4.0,12.0,12.0,0,1343.7572639296977,1380.6716999720327,30.0,30.0,0.0,0.0,4.5
1548423,2026-06-04T13:00:00+00:00,1780578000,,Atteridgeville,Lesotho,1518,Kenya,1511,1,1,10,2026,2.0,2.0,1.2,1.2,4.5,4.0,12.0,12.0,0,1373.1477097048576,1429.080640596455,30.0,30.0,0.0,0.0,4.5
1548424,2026-06-04T14:00:00+00:00,1780581600,,Riga,Latvia U19,10339,Lithuania U19,10370,0,1,10,2026,2.0,2.0,1.2,1.2,4.5,4.0,12.0,12.0,0,1398.512628331737,1383.2586475276971,30.0,30.0,0.0,0.0,4.5
1548422,2026-06-04T14:00:00+00:00,1780581600,,,Saudi Arabia U20,10301,Jordan U20,19627,2,0,10,2026,2.0,2.0,1.2,1.2,4.5,4.0,12.0,12.0,0,1416.4492102142567,1409.9990755504507,30.0,30.0,0.0,0.0,4.5
1548425,2026-06-04T15:00:00+00:00,1780585200,,Sofia,Bulgaria U19,10328,Albania U19,10354,1,0,10,2026,2.0,2.0,1.2,1.2,4.5,4.0,12.0,12.0,0,1421.5176027766418,1406.3539846778322,30.0,30.0,0.0,0.0,4.5
1548426,2026-06-04T15:00:00+00:00,1780585200,,Kalmar,Sweden U21,8225,Finland U21,8193,1,3,10,2026,2.0,2.0,1.2,1.2,4.5,4.0,12.0,12.0,0,1409.71225631668,1390.0,30.0,30.0,0.0,0.0,4.5
1548427,2026-06-04T16:00:00+00:00,1780588800,,,Afghanistan,1553,Bangladesh U23,10929,0,0,10,2026,2.0,2.0,1.2,1.2,4.5,4.0,12.0,12.0,0,1372.4642937079125,1398.4486851605934,3.0,3.2083333333333335,0.0,0.0,4.5
1543823,2026-06-04T16:00:00+00:00,1780588800,S. Galia,Cadiz,Northern Ireland,771,Guinea,1509,1,0,10,2026,2.0,2.0,1.2,1.2,4.5,4.0,12.0,12.0,0,1475.4582691293324,1444.7496264158772,30.0,30.0,0.0,0.0,4.5
1540352,2026-06-04T16:00:00+00:00,1780588800,"Patrik Kolarić, Croatia",Ljubljana,Slovenia,1091,Cyprus,1106,1,1,10,2026,2.0,2.0,1.2,1.2,4.5,4.0,12.0,12.0,0,1510.0806016865654,1400.7462593004698,30.0,30.0,0.0,0.0,4.5
1545269,2026-06-04T16:00:00+00:00,1780588800,,Orhei,Moldova U21,8209,Malta U21,8208,3,0,10,2026,2.0,2.0,1.2,1.2,4.5,4.0,12.0,12.0,0,1380.0303935799477,1380.3120778681257,30.0,30.0,0.0,0.0,4.5
1548428,2026-06-04T16:30:00+00:00,1780590600,,,Iran,22,Mali,1500,2,0,10,2026,2.0,2.0,1.2,1.2,4.5,4.0,12.0,12.0,0,1844.150529796974,1648.7318455240163,6.041666666666667,30.0,0.0,0.0,4.5
1542552,2026-06-04T17:00:00+00:00,1780592400,"Aaron Wyn Jones, Wales",Solna,Sweden,5,Greece,1117,2,2,10,2026,2.0,2.0,1.2,1.2,4.5,4.0,12.0,12.0,0,1757.9472602284466,1616.875278568022,3.0,30.0,0.0,0.0,4.5
1542892,2026-06-04T17:00:00+00:00,1780592400,,Encamp,Andorra,1110,Liechtenstein,1107,2,0,10,2026,2.0,2.0,1.2,1.2,4.5,4.0,12.0,12.0,0,1327.925616088429,1332.391921929123,6.041666666666667,30.0,0.0,0.0,4.5
1544359,2026-06-04T19:00:00+00:00,1780599600,"Florian Badstubner, Germany",La Coruna,Spain,9,Iraq,1567,1,1,10,2026,2.0,2.0,1.2,1.2,4.5,4.0,12.0,12.0,0,2043.4379775794534,1396.5853415058536,30.0,6.125,0.0,0.0,4.5
1536931,2026-06-04T19:10:00+00:00,1780600200,"Sebastian Gishamer, Austria",Nantes,France,2,Ivory Coast,1501,1,2,10,2026,2.0,2.0,1.2,1.2,4.5,4.0,12.0,12.0,0,2084.0544219520775,1674.0687933770496,30.0,30.0,0.0,0.0,4.5
1542893,2026-06-05T00:00:00+00:00,1780617600,"Pierre-Luc Lauziere, Canada",Harrison,Czechia,770,Guatemala,5161,3,1,10,2026,2.0,2.0,1.2,1.2,4.5,4.0,12.0,12.0,0,1493.4857226080446,1398.2602648377285,4.416666666666667,30.0,0.0,0.0,4.5
1528284,2026-06-05T02:00:00+00:00,1780624800,"Tori Penso, USA",Toluca,Mexico,16,Serbia,14,5,1,10,2026,2.0,2.0,1.2,1.2,4.5,4.0,12.0,12.0,0,1872.5048680370692,1734.2095710835579,5.0,4.458333333333333,0.0,0.0,4.1
1550813,2026-06-05T09:00:00+00:00,1780650000,,,Serbia U17,17977,Romania U17,17973,2,1,10,2026,2.0,2.0,1.2,1.2,4.5,4.0,12.0,12.0,0,1409.975643943837,1389.1781383194564,2.75,2.75,0.0,0.0,4.5
1550814,2026-06-05T09:00:00+00:00,1780650000,,,Qatar U20,10300,Wales U19,10353,0,2,10,2026,2.0,2.0,1.2,1.2,4.5,4.0,12.0,12.0,0,1380.954336820002,1373.4888735229047,1.75,30.0,0.0,0.0,4.5
1544809,2026-06-05T11:30:00+00:00,1780659000,R. Lutfullin,Singapore,Singapore,1546,China,1566,1,2,10,2026,2.0,2.0,1.2,1.2,4.5,4.0,12.0,12.0,0,1398.0990585575555,1384.9474326289444,5.0,30.0,0.0,0.0,4.5
1545699,2026-06-05T12:00:00+00:00,1780660800,,Hong Kong,Hong Kong,4460,Mongolia,5534,2,0,10,2026,2.0,2.0,1.2,1.2,4.5,4.0,12.0,12.0,0,1411.4248436894898,1345.6482188221958,30.0,5.020833333333333,0.0,0.0,4.5
1544808,2026-06-05T12:30:00+00:00,1780662600,M. Nasaruddin,Pathum Thani,Thailand,1564,Kuwait,1570,2,2,10,2026,2.0,2.0,1.2,1.2,4.5,4.0,12.0,12.0,0,1420.3582078397246,1386.9032036050921,30.0,30.0,0.0,0.0,4.5
1543826,2026-06-05T13:00:00+00:00,1780664400,,Jakarta,Indonesia,1571,Oman,1552,3,0,10,2026,2.0,2.0,1.2,1.2,4.5,4.0,12.0,12.0,0,1407.517121918278,1458.7821247944087,30.0,30.0,0.0,0.0,4.5
1548430,2026-06-05T14:00:00+00:00,1780668000,,,Belarus U21,8182,Kazakhstan U21,8202,2,0,10,2026,2.0,2.0,1.2,1.2,4.5,4.0,12.0,12.0,0,1418.4342204010345,1380.5750112778453,30.0,30.0,0.0,0.0,4.5
1550815,2026-06-05T14:00:00+00:00,1780668000,,,Uzbekistan U23,10963,Japan U21,23539,0,1,10,2026,2.0,2.0,1.2,1.2,4.5,4.0,12.0,12.0,0,1416.1792440402642,1379.4624690045782,30.0,30.0,0.0,0.0,4.5
1548431,2026-06-05T14:30:00+00:00,1780669800,,Antalya,Russia U21,8219,Iraq U23,10192,5,1,10,2026,2.0,2.0,1.2,1.2,4.5,4.0,12.0,12.0,0,1415.457659848291,1419.885200556054,30.0,30.0,0.0,0.0,4.5
1550816,2026-06-05T14:30:00+00:00,1780669800,,Blagoevgrad,United States U20,10306,Georgia U21,8195,1,0,10,2026,2.0,2.0,1.2,1.2,4.5,4.0,12.0,12.0,0,1437.805686884007,1400.2794684162,30.0,30.0,0.0,0.0,4.5
1550817,2026-06-05T15:00:00+00:00,1780671600,,,USA U18,22342,Norway U19,10342,0,2,10,2026,2.0,2.0,1.2,1.2,4.5,4.0,12.0,12.0,0,1383.2923327066617,1408.5453655759104,30.0,2.0,0.0,0.0,4.5
1546838,2026-06-05T15:00:00+00:00,1780671600,A. Nadjafaliev,Hisor,Tajikistan,1536,India,1537,3,1,10,2026,2.0,2.0,1.2,1.2,4.5,4.0,12.0,12.0,0,1424.9763006018952,1414.1512812965984,30.0,6.0625,0.0,0.0,4.5
1550818,2026-06-05T15:00:00+00:00,1780671600,,,Albania U17,17936,Bulgaria U17,17944,1,4,10,2026,2.0,2.0,1.2,1.2,4.5,4.0,12.0,12.0,0,1400.0,1400.0,30.0,7.0,0.0,0.0,4.5
1548429,2026-06-05T15:00:00+00:00,1780671600,,Podgorica,Montenegro U21,8210,Cyprus U21,8187,1,1,10,2026,2.0,2.0,1.2,1.2,4.5,4.0,12.0,12.0,0,1380.28774368332,1380.28774368332,30.0,30.0,0.0,0.0,4.5
1550819,2026-06-05T15:30:00+00:00,1780673400,,,Tunisia U20,11049,Algeria U20,11017,1,0,10,2026,2.0,2.0,1.2,1.2,4.5,4.0,12.0,12.0,0,1436.1494938633482,1418.432003860658,30.0,30.0,0.0,0.0,4.5
1543825,2026-06-05T16:00:00+00:00,1780675200,A. Aghayev,Minsk,Belarus,1100,Syria,1565,4,1,10,2026,2.0,2.0,1.2,1.2,4.5,4.0,12.0,12.0,0,1419.3640342440433,1404.3160437576862,30.0,30.0,0.0,0.0,3.9166666666666665
1548432,2026-06-05T16:00:00+00:00,1780675200,A. Avdihodzic,Rogaska Slatina,USA U21,27072,Ukraine U21,8228,3,1,10,2026,2.0,2.0,1.2,1.2,4.5,4.0,12.0,12.0,0,1410.0657626504792,1399.7573410732332,30.0,30.0,0.0,0.0,4.5
1542179,2026-06-05T16:00:00+00:00,1780675200,D. Nicolson,Tbilisi,Georgia,1104,Bahrain,1547,2,0,10,2026,2.0,2.0,1.2,1.2,4.5,4.0,12.0,12.0,0,1443.5913299277001,1367.8208070836358,2.9583333333333335,30.0,0.0,0.0,4.5
1542178,2026-06-05T16:30:00+00:00,1780677000,"Wojciech Myc, Poland",Kosice,Slovakia,773,Montenegro,1109,2,2,10,2026,2.0,2.0,1.2,1.2,4.5,4.0,12.0,12.0,0,1638.4922870136777,1423.699950329587,4.020833333333333,4.020833333333333,0.0,0.0,4.5
1543827,2026-06-05T17:00:00+00:00,1780678800,N. Minakovic,Volgograd,Russia,4,Burkina Faso,1502,3,0,10,2026,2.0,2.0,1.2,1.2,4.5,4.0,12.0,12.0,0,1549.1685234915924,1442.6552708281256,7.958333333333333,30.0,0.0,0.0,3.625
1550820,2026-06-05T17:00:00+00:00,1780678800,,Annaba,Algeria U23,10186,Mauritania U23,20552,2,0,10,2026,2.0,2.0,1.2,1.2,4.5,4.0,12.0,12.0,0,1419.4249887221547,1400.0,30.0,7.0,0.0,0.0,4.5
1540353,2026-06-05T17:00:00+00:00,1780678800,W. Altmann,Serravalle,San Marino,1115,Bangladesh,1560,1,2,10,2026,2.0,2.0,1.2,1.2,4.5,4.0,12.0,12.0,0,1298.8654206865733,1406.3281838411297,30.0,30.0,0.0,0.0,4.5
1540354,2026-06-05T17:00:00+00:00,1780678800,T. Qurbanov,Chisinau,Moldova,1114,Bulgaria,1103,2,2,10,2026,2.0,2.0,1.2,1.2,4.5,4.0,12.0,12.0,0,1368.654517517265,1381.345904302291,30.0,4.041666666666667,0.0,0.0,4.5
1523007,2026-06-05T17:45:00+00:00,1780681500,"Ante Čulina, Croatia",Budapest,Hungary,769,Finland,1099,2,1,10,2026,2.0,2.0,1.2,1.2,4.5,4.0,12.0,12.0,0,1747.5187508089105,1431.330048982495,30.0,4.958333333333333,0.0,0.0,4.5
1544810,2026-06-05T18:00:00+00:00,1780682400,,Szombathely,Azerbaijan,1096,Malta,1112,0,2,10,2026,2.0,2.0,1.2,1.2,4.5,4.0,12.0,12.0,0,1383.9602558102044,1404.2829034769215,30.0,4.083333333333333,0.0,0.0,4.5
1546494,2026-06-05T18:00:00+00:00,1780682400,,Mohammedia,Central African Republic,1527,Togo,1534,1,1,10,2026,2.0,2.0,1.2,1.2,4.5,4.0,12.0,12.0,0,1410.3138428762466,1431.527535027784,30.0,30.0,0.0,0.0,4.5
1548433,2026-06-05T18:00:00+00:00,1780682400,,Casablanca,Benin,1516,Niger,1505,1,1,10,2026,2.0,2.0,1.2,1.2,4.5,4.0,12.0,12.0,0,1406.748616851921,1400.713209261626,30.0,30.0,0.0,0.0,4.5
1548434,2026-06-05T18:15:00+00:00,1780683300,,,Slovenia U21,8231,Albania U21,8177,1,1,10,2026,2.0,2.0,1.2,1.2,4.5,4.0,12.0,12.0,0,1410.0,1422.235735760406,30.0,30.0,0.0,0.0,4.5
1548435,2026-06-05T19:00:00+00:00,1780686000,,Casablanca,Angola,1529,Mauritania,1491,1,1,10,2026,2.0,2.0,1.2,1.2,4.5,4.0,12.0,12.0,0,1408.2508277419006,1406.3666329445994,30.0,30.0,0.0,0.0,4.5
1543828,2026-06-05T22:15:00+00:00,1780697700,,,Paraguay,2380,Nicaragua,5164,4,0,10,2026,2.0,2.0,1.2,1.2,4.5,4.0,12.0,12.0,0,1726.592201382673,1374.9515649900206,30.0,7.260416666666667,0.0,0.0,4.5
1546497,2026-06-05T23:00:00+00:00,1780700400,,,Puerto Rico,5539,Saudi Arabia,23,0,3,10,2026,2.0,2.0,1.2,1.2,4.5,4.0,12.0,12.0,0,1380.4740206946717,1437.1018879518936,30.0,5.958333333333333,0.0,0.0,4.5
1528285,2026-06-05T23:30:00+00:00,1780702200,,Montréal,Canada,5529,Rep. Of Ireland,776,1,1,10,2026,2.0,2.0,1.2,1.2,4.5,4.0,12.0,12.0,0,1685.0082674607793,1495.053721833967,3.9375,8.197916666666666,0.0,0.0,4.5
1544811,2026-06-06T00:00:00+00:00,1780704000,,Miami,Haiti,2386,Peru,30,1,2,10,2026,2.0,2.0,1.2,1.2,4.5,4.0,12.0,12.0,0,1414.2064154742536,1681.8876391694707,3.0,30.0,0.0,0.0,4.5
1550802,2026-06-06T02:00:00+00:00,1780711200,,,Mexico U20,10293,Japan U19,18982,1,3,10,2026,2.0,2.0,1.2,1.2,4.5,4.0,12.0,12.0,0,1409.937088129621,1391.9387006736142,30.0,30.0,0.0,0.0,4.5
1548437,2026-06-06T04:30:00+00:00,1780720200,,Port Vila,Vanuatu,5170,Fiji,5160,2,1,10,2026,2.0,2.0,1.2,1.2,4.5,4.0,12.0,12.0,0,1376.8992108721845,1392.7147802221643,30.0,30.0,0.0,0.0,4.5
1546839,2026-06-06T07:30:00+00:00,1780731000,,Zunui,China PR U23,10932,Tajikistan U23,10959,1,0,10,2026,2.0,2.0,1.2,1.2,4.5,4.0,12.0,12.0,0,1401.7171397641914,1419.4618687339325,30.0,30.0,0.0,0.0,4.5
1548436,2026-06-06T09:00:00+00:00,1780736400,,,Czech Republic U18,21465,Romania U18,21477,0,1,10,2026,2.0,2.0,1.2,1.2,4.5,4.0,12.0,12.0,0,1403.177592733515,1389.991899468,2.8333333333333335,2.8333333333333335,0.0,0.0,4.5
1550803,2026-06-06T10:00:00+00:00,1780740000,,,Ukraine U18,22343,Norway U18,21474,1,1,10,2026,2.0,2.0,1.2,1.2,4.5,4.0,12.0,12.0,0,1410.6734041773993,1358.7215928419428,1.9583333333333333,3.0,0.0,0.0,4.5
1546498,2026-06-06T11:00:00+00:00,1780743600,,Pathum Thani,Thailand U23,10960,Korea Republic U23,10177,2,3,10,2026,2.0,2.0,1.2,1.2,4.5,4.0,12.0,12.0,0,1399.0352782848963,1381.6082874944539,30.0,3.0,0.0,0.0,4.5
1550804,2026-06-06T11:00:00+00:00,1780743600,,,Kyrgyz Republic U23,10941,UAE U23,10184,1,1,10,2026,2.0,2.0,1.2,1.2,4.5,4.0,12.0,12.0,0,1391.4802761939613,1384.993891880929,30.0,3.0,0.0,0.0,4.5
1545700,2026-06-06T11:30:00+00:00,1780745400,,Manila,Myanmar,1556,Guam,8119,6,1,10,2026,2.0,2.0,1.2,1.2,4.5,4.0,12.0,12.0,0,1389.836000490746,1389.5341472251619,30.0,3.0,0.0,0.0,4.5
1512767,2026-06-06T13:00:00+00:00,1780750800,"Anastasios Sidiropoulos, Greece",Brussels,Belgium,1,Tunisia,28,5,0,10,2026,2.0,2.0,1.2,1.2,4.5,4.0,12.0,12.0,0,1984.9325606555005,1459.3588059126773,3.875,4.760416666666667,0.0,0.0,4.5
1548438,2026-06-06T14:00:00+00:00,1780754400,,,Azerbaijan U21,8181,Bahrain U20,19624,3,0,10,2026,2.0,2.0,1.2,1.2,4.5,4.0,12.0,12.0,0,1390.28774368332,1362.0039603679659,30.0,3.0,0.0,0.0,4.5
1537649,2026-06-06T14:00:00+00:00,1780754400,,Yerevan,Armenia,1094,Kazakhstan,1095,1,1,10,2026,2.0,2.0,1.2,1.2,4.5,4.0,12.0,12.0,0,1357.5176574944783,1378.5401742594022,30.0,30.0,0.0,0.0,4.5
1548439,2026-06-06T14:00:00+00:00,1780754400,,,Estonia U19,10361,Lithuania U19,10370,3,1,10,2026,2.0,2.0,1.2,1.2,4.5,4.0,12.0,12.0,0,1399.1850499048198,1393.697410503615,30.0,2.0,0.0,0.0,4.5
1548440,2026-06-06T14:30:00+00:00,1780756200,,Bishkek,Kyrgyzstan,1554,Palestine,1562,0,0,10,2026,2.0,2.0,1.2,1.2,4.5,4.0,12.0,12.0,0,1350.9245308805116,1342.8093824830542,30.0,30.0,0.0,0.0,4.5
1548442,2026-06-06T15:00:00+00:00,1780758000,,Hajvalia,Kosovo U21,8203,Luxembourg U21,8207,0,0,10,2026,2.0,2.0,1.2,1.2,4.5,4.0,12.0,12.0,0,1391.1144739258903,1400.0,2.9166666666666665,7.0,0.0,0.0,4.5
1545701,2026-06-06T15:00:00+00:00,1780758000,,Dire Dawa,Ethiopia,1506,Malawi,1495,1,0,10,2026,2.0,2.0,1.2,1.2,4.5,4.0,12.0,12.0,0,1418.1408851960705,1381.1920985626384,30.0,30.0,0.0,0.0,4.5
1548441,2026-06-06T15:00:00+00:00,1780758000,,,Jordan U20,19627,Panama U20,10297,1,2,10,2026,2.0,2.0,1.2,1.2,4.5,4.0,12.0,12.0,0,1400.1847040238567,1400.0,2.0416666666666665,7.0,0.0,0.0,4.5
1550806,2026-06-06T15:30:00+00:00,1780759800,,,Finland U18,21467,Turkey U18,19075,3,1,10,2026,2.0,2.0,1.2,1.2,4.5,4.0,12.0,12.0,0,1409.7407401288672,1384.8730586913114,2.1875,2.2708333333333335,0.0,0.0,4.5
1545270,2026-06-06T15:30:00+00:00,1780759800,,Vrbovec,Croatia U21,8186,Republic of Ireland U21,8217,2,2,10,2026,2.0,2.0,1.2,1.2,4.5,4.0,12.0,12.0,0,1410.0605679224584,1410.0,3.0,30.0,0.0,0.0,4.5
1548443,2026-06-06T16:00:00+00:00,1780761600,,Bo,Sierra Leone,1499,Liberia,1525,1,0,10,2026,2.0,2.0,1.2,1.2,4.5,4.0,12.0,12.0,0,1405.0675240297278,1365.29575866498,30.0,30.0,0.0,0.0,4.5
1550808,2026-06-06T17:00:00+00:00,1780765200,,,British Virgin Islands,8168,Bonaire,10982,2,0,10,2026,2.0,2.0,1.2,1.2,4.5,4.0,12.0,12.0,0,1369.842433883187,1399.764192856515,3.0,30.0,0.0,0.0,4.5
1550807,2026-06-06T17:00:00+00:00,1780765200,,,Egypt U19,27551,Russia U19,10344,3,1,10,2026,2.0,2.0,1.2,1.2,4.5,4.0,12.0,12.0,0,1428.8673697795948,1411.1135549747423,20.041666666666668,30.0,0.0,0.0,4.5
1545272,2026-06-06T17:00:00+00:00,1780765200,,Gibraltar,Gibraltar,1093,Cayman Islands,8169,4,1,10,2026,2.0,2.0,1.2,1.2,4.5,4.0,12.0,12.0,0,1344.8053344508767,1390.2058431414748,3.0,30.0,0.0,0.0,4.5
1528286,2026-06-06T17:45:00+00:00,1780767900,"Luca Zufferli, Italy",Lisbon,Portugal,27,Chile,2383,2,1,10,2026,2.0,2.0,1.2,1.2,4.5,4.0,12.0,12.0,0,1956.3794107954811,1733.4182236154386,30.0,30.0,0.0,0.0,4.5
1542180,2026-06-06T17:45:00+00:00,1780767900,"Rohit Saggi, Norway",Bucharest,Romania,774,Wales,767,2,1,10,2026,2.0,2.0,1.2,1.2,4.5,4.0,12.0,12.0,0,1586.0515132338421,1725.4759312003612,4.03125,3.9583333333333335,0.0,0.0,4.5
1542894,2026-06-06T18:00:00+00:00,1780768800,,Tirana,Albania,778,Luxembourg,1102,0,1,10,2026,2.0,2.0,1.2,1.2,4.5,4.0,12.0,12.0,0,1479.9789071110015,1382.1440645953198,3.0,2.96875,0.0,0.0,4.5
1502474,2026-06-06T18:30:00+00:00,1780770600,"Piero Maza, Chile",Chicago,USA,2384,Germany,25,1,2,10,2026,2.0,2.0,1.2,1.2,4.5,4.0,12.0,12.0,0,1852.833137971216,1940.9155943823278,5.958333333333333,5.989583333333333,0.0,0.0,4.5
1542181,2026-06-06T19:00:00+00:00,1780772400,"Katja Koroleva, USA",San Diego,Switzerland,15,Australia,20,1,1,10,2026,2.0,2.0,1.2,1.2,4.5,4.0,12.0,12.0,0,1912.3271297167123,1813.81241994777,6.25,6.708333333333333,0.0,0.0,4.5
1544360,2026-06-06T19:00:00+00:00,1780772400,,St. Louis,Panama,11,Bosnia & Herzegovina,1113,1,1,10,2026,2.0,2.0,1.2,1.2,4.5,4.0,12.0,12.0,0,1591.7203005683427,1460.9932370712284,2.7604166666666665,8.020833333333334,0.0,0.0,4.5
1583643,2026-06-06T19:00:00+00:00,1780772400,,,Morocco U23,10179,Comoros,1524,2,1,10,2026,2.0,2.0,1.2,1.2,4.5,4.0,12.0,12.0,0,1400.3482837124511,1427.6487185336844,30.0,30.0,0.0,0.0,4.5
1544361,2026-06-06T20:00:00+00:00,1780776000,"Rubiel Vazquez, USA",Los Angeles,Qatar,1569,El Salvador,5159,0,0,10,2026,2.0,2.0,1.2,1.2,4.5,4.0,12.0,12.0,0,1369.1219755016307,1398.3830775661565,9.052083333333334,2.7916666666666665,0.0,0.0,4.5
1546499,2026-06-06T20:00:00+00:00,1780776000,,,Cape Verde Islands,1533,Bermuda,5158,3,0,10,2026,2.0,2.0,1.2,1.2,4.5,4.0,12.0,12.0,0,1436.8593888355033,1391.126084177959,6.208333333333333,30.0,0.0,0.0,4.5
1525492,2026-06-06T20:00:00+00:00,1780776000,"Natalie Simon, USA",Tampa,England,10,New Zealand,4673,1,0,10,2026,2.0,2.0,1.2,1.2,4.5,4.0,12.0,12.0,0,1991.6582401471517,1420.0151855775089,30.0,3.8333333333333335,0.0,0.0,4.5
1540949,2026-06-06T20:00:00+00:00,1780776000,"Rosendo Mendoza, USA",Harrison,Bolivia,2381,Scotland,1108,0,4,10,2026,2.0,2.0,1.2,1.2,4.5,4.0,12.0,12.0,0,1494.9831114081924,1666.4419430700427,30.0,7.333333333333333,0.0,0.0,4.5
1550810,2026-06-06T21:00:00+00:00,1780779600,,Santiago de Chile,Chile U20,16201,Brazil U20,16200,0,1,10,2026,2.0,2.0,1.2,1.2,4.5,4.0,12.0,12.0,0,1409.9377567647045,1419.4690920548646,30.0,30.0,0.0,0.0,4.5
1550809,2026-06-06T21:00:00+00:00,1780779600,,Pachuca de Soto,Jamaica,2385,South Africa,1531,1,1,10,2026,2.0,2.0,1.2,1.2,4.5,4.0,12.0,12.0,0,1532.7861944749466,1442.3103694090535,7.104166666666667,8.208333333333334,0.0,0.0,4.5
1543829,2026-06-06T22:00:00+00:00,1780783200,D. Quintero,Fort Lauderdale,Venezuela,2379,Türkiye,777,1,2,10,2026,2.0,2.0,1.2,1.2,4.5,4.0,12.0,12.0,0,1739.4635717548174,1560.3301319880127,30.0,5.1875,0.0,0.0,4.5
1528287,2026-06-06T22:00:00+00:00,1780783200,"Adonai Escobedo Gonzalez, Mexico",Cleveland,Brazil,6,Egypt,32,2,1,10,2026,2.0,2.0,1.2,1.2,4.5,4.0,12.0,12.0,0,1968.8241554367228,1693.5328873564831,6.020833333333333,9.166666666666666,0.0,0.0,4.5
1537650,2026-06-07T00:00:00+00:00,1780790400,,Willemstad,Curaçao,5530,Aruba,8167,4,0,10,2026,2.0,2.0,1.2,1.2,4.5,4.0,12.0,12.0,0,1394.6145821462537,1399.045166085439,7.5,30.0,0.0,0.0,4.5
1540355,2026-06-07T00:00:00+00:00,1780790400,"Yoshito Nakagawa, Japan",College Station,Argentina,26,Honduras,4672,2,0,10,2026,2.0,2.0,1.2,1.2,4.5,4.0,12.0,12.0,0,2113.4715860473975,1392.1154651741158,30.0,30.0,0.0,0.0,4.5
1550805,2026-06-07T01:00:00+00:00,1780794000,,,Jamaica U20,11004,Haiti U20,11003,9,0,10,2026,2.0,2.0,1.2,1.2,4.5,4.0,12.0,12.0,0,1400.0,1400.0,7.0,7.0,0.0,0.0,4.5
1550811,2026-06-07T07:30:00+00:00,1780817400,,Sofia,Bulgaria U19,10328,Albania U19,10354,3,0,10,2026,2.0,2.0,1.2,1.2,4.5,4.0,12.0,12.0,0,1431.0814356710448,1396.790151783429,2.6875,2.6875,0.0,0.0,4.5
1548444,2026-06-07T11:00:00+00:00,1780830000,,,Afghanistan,1553,Pakistan,5535,0,2,10,2026,2.0,2.0,1.2,1.2,4.5,4.0,12.0,12.0,0,1373.2107933061347,1358.3855465880863,2.7916666666666665,3.0,0.0,0.0,4.5
1548445,2026-06-07T13:00:00+00:00,1780837200,,Pretoria,Kenya,1511,Lesotho,1518,4,0,10,2026,2.0,2.0,1.2,1.2,4.5,4.0,12.0,12.0,0,1427.4845265568379,1374.7438237444746,3.0,3.0,0.0,0.0,4.5
1548446,2026-06-07T13:00:00+00:00,1780837200,,Bekasi,Oman,1552,Mozambique,1512,4,1,10,2026,2.0,2.0,1.2,1.2,4.5,4.0,12.0,12.0,0,1447.3172152188868,1395.4709898108847,2.0,30.0,0.0,0.0,4.5
1544362,2026-06-07T13:00:00+00:00,1780837200,"Anojen Kanagasingam, Switzerland",Vaduz,Liechtenstein,1107,Cyprus,1106,0,2,10,2026,2.0,2.0,1.2,1.2,4.5,4.0,12.0,12.0,0,1322.263378394144,1403.7932323857942,2.8333333333333335,2.875,0.0,0.0,4.5
1548447,2026-06-07T16:00:00+00:00,1780848000,,,Maldives,1549,Bangladesh U23,10929,1,1,10,2026,2.0,2.0,1.2,1.2,4.5,4.0,12.0,12.0,0,1376.9207302778598,1397.7021855623711,3.2083333333333335,3.0,0.0,0.0,4.5
1543830,2026-06-07T16:30:00+00:00,1780849800,S. Kringstad,Odense,Denmark,21,Ukraine,772,2,1,10,2026,2.0,2.0,1.2,1.2,4.5,4.0,12.0,12.0,0,1845.4028982354714,1807.696102769476,3.9375,7.041666666666667,0.0,0.0,4.5
1545036,2026-06-07T18:00:00+00:00,1780855200,"Juxhin Xhaja, Albania",Prishtinë,Kosovo,1111,Andorra,1110,3,0,10,2026,2.0,2.0,1.2,1.2,4.5,4.0,12.0,12.0,0,1475.9476231852564,1338.0541596234082,7.166666666666667,3.0416666666666665,0.0,0.0,4.5
1512768,2026-06-07T18:45:00+00:00,1780857900,"Bence Csonka, Hungary",Varaždin,Croatia,3,Slovenia,1091,2,1,10,2026,2.0,2.0,1.2,1.2,4.5,4.0,12.0,12.0,0,1952.7350210235575,1507.033628601241,5.114583333333333,3.1145833333333335,0.0,0.0,4.5
1540950,2026-06-07T19:00:00+00:00,1780858800,"Pierre-Luc Lauziere, Canada",Harrison,Morocco,31,Norway,1090,1,1,10,2026,2.0,2.0,1.2,1.2,4.5,4.0,12.0,12.0,0,1951.378868228668,1759.5372800791215,5.083333333333333,6.083333333333333,0.0,0.0,4.5
1540590,2026-06-07T19:00:00+00:00,1780858800,"Yigal Frid, Israel",Heraklion,Greece,1117,Italy,768,0,1,10,2026,2.0,2.0,1.2,1.2,4.5,4.0,12.0,12.0,0,1620.7263111020045,1934.3258226603175,3.0833333333333335,4.010416666666667,0.0,0.0,4.5
1550812,2026-06-07T19:00:00+00:00,1780858800,,,Brazil U17,12502,United States U17,12522,4,0,10,2026,2.0,2.0,1.2,1.2,4.5,4.0,12.0,12.0,0,1410.0,1390.28774368332,30.0,30.0,0.0,0.0,4.5
1542182,2026-06-07T20:00:00+00:00,1780862400,"Marco Antonio Ortiz Nava, Mexico",Columbus,Ecuador,2382,Guatemala,5161,3,0,10,2026,2.0,2.0,1.2,1.2,4.5,4.0,12.0,12.0,0,1841.7560803222204,1390.9344450223325,7.833333333333333,2.8333333333333335,0.0,0.0,4.5
1528288,2026-06-07T23:00:00+00:00,1780873200,J. Valle,San Diego,Colombia,8,Jordan,1548,2,0,10,2026,2.0,2.0,1.2,1.2,4.5,4.0,12.0,12.0,0,1963.1370871317172,1410.3059388930828,6.0,7.416666666666667,0.0,0.0,4.5
1550822,2026-06-08T08:00:00+00:00,1780905600,,,Albania U17,17936,Bulgaria U17,17944,5,0,10,2026,2.0,2.0,1.2,1.2,4.5,4.0,12.0,12.0,0,1390.0,1410.0,2.7083333333333335,2.7083333333333335,0.0,0.0,4.5
1550823,2026-06-08T09:00:00+00:00,1780909200,,,Norway U19,10342,Wales U19,10353,3,1,10,2026,2.0,2.0,1.2,1.2,4.5,4.0,12.0,12.0,0,1417.8198021241624,1383.7037137658763,2.75,3.0,0.0,0.0,4.5
1550824,2026-06-08T11:30:00+00:00,1780918200,W. Jumpaoon,Bangkok,Sri Lanka,5166,Bhutan,1540,4,1,10,2026,2.0,2.0,1.2,1.2,4.5,4.0,12.0,12.0,0,1381.4662674813574,1369.6131971406767,30.0,3.9791666666666665,0.0,0.0,4.5
1550825,2026-06-08T12:00:00+00:00,1780920000,,Blagoevgrad,North Macedonia U21,8212,United States U20,10306,0,2,10,2026,2.0,2.0,1.2,1.2,4.5,4.0,12.0,12.0,0,1399.7039814439618,1446.729776092351,8.916666666666666,2.8958333333333335,0.0,0.0,4.5
1548448,2026-06-08T13:00:00+00:00,1780923600,,,Japan U21,23539,Ukraine U21,8228,3,0,10,2026,2.0,2.0,1.2,1.2,4.5,4.0,12.0,12.0,0,1390.5153460994122,1390.0539542643332,2.9583333333333335,2.875,0.0,0.0,4.5
1548449,2026-06-08T14:00:00+00:00,1780927200,,Riga,Latvia U19,10339,Estonia U19,10361,3,2,10,2026,2.0,2.0,1.2,1.2,4.5,4.0,12.0,12.0,0,1388.0738653558192,1409.0271160794673,4.0,2.0,0.0,0.0,4.5
1548450,2026-06-08T14:00:00+00:00,1780927200,,,Saudi Arabia U20,10301,Panama U20,10297,0,0,10,2026,2.0,2.0,1.2,1.2,4.5,4.0,12.0,12.0,0,1426.2635817408507,1410.0053162086485,4.0,1.9583333333333333,0.0,0.0,4.5
1550827,2026-06-08T15:00:00+00:00,1780930800,,,USA U18,22342,Qatar U20,10300,2,0,10,2026,2.0,2.0,1.2,1.2,4.5,4.0,12.0,12.0,0,1374.0178961584097,1370.7394965770304,3.0,3.25,0.0,0.0,4.5
1548451,2026-06-08T15:00:00+00:00,1780930800,,Minsk,Belarus U21,8182,Kazakhstan U21,8202,2,1,10,2026,2.0,2.0,1.2,1.2,4.5,4.0,12.0,12.0,0,1427.3488372932031,1371.6603943856767,3.0416666666666665,3.0416666666666665,0.0,0.0,4.5
1548452,2026-06-08T15:00:00+00:00,1780930800,,,Iraq U20,19626,Jordan U20,19627,0,0,10,2026,2.0,2.0,1.2,1.2,4.5,4.0,12.0,12.0,0,1400.8135932058722,1390.1793878152082,30.0,2.0,0.0,0.0,4.5
1550828,2026-06-08T15:30:00+00:00,1780932600,,Sousse,Tunisia U20,11049,Algeria U20,11017,1,1,10,2026,2.0,2.0,1.2,1.2,4.5,4.0,12.0,12.0,0,1445.6399850903383,1408.9415126336678,3.0,3.0,0.0,0.0,4.5
1548453,2026-06-08T16:00:00+00:00,1780934400,,Moss,Norway U21,8214,Finland U21,8193,0,2,10,2026,2.0,2.0,1.2,1.2,4.5,4.0,12.0,12.0,0,1408.8589757582665,1400.56675634087,30.0,4.041666666666667,0.0,0.0,4.5
1550826,2026-06-08T16:00:00+00:00,1780934400,,Rogaska Slatina,USA U21,27072,Uzbekistan U23,10963,0,1,10,2026,2.0,2.0,1.2,1.2,4.5,4.0,12.0,12.0,0,1419.7691494593792,1405.1263669454302,3.0,3.0833333333333335,0.0,0.0,4.5
1546501,2026-06-08T16:15:00+00:00,1780935300,D. Smajc,Fontanafredda,Italy U21,8201,Albania U21,8177,1,0,10,2026,2.0,2.0,1.2,1.2,4.5,4.0,12.0,12.0,0,1400.0,1421.883708498551,7.0,2.9166666666666665,0.0,0.0,4.5
1544812,2026-06-08T18:45:00+00:00,1780944300,"Ilgiz Tantashev, Uzbekistan",West New York,Netherlands,1118,Uzbekistan,1568,2,1,10,2026,2.0,2.0,1.2,1.2,4.5,4.0,12.0,12.0,0,1960.5110017185814,1481.0759673660216,5.0,6.739583333333333,0.0,0.0,3.7
1546495,2026-06-08T19:00:00+00:00,1780945200,,Casablanca,Niger,1505,Mauritania,1491,0,1,10,2026,2.0,2.0,1.2,1.2,4.5,4.0,12.0,12.0,0,1400.8869047847497,1406.4208638986036,3.0416666666666665,3.0,0.0,0.0,4.5
1542183,2026-06-08T19:10:00+00:00,1780945800,"Sascha Stegemann, Germany",Lille,France,2,Northern Ireland,771,3,1,10,2026,2.0,2.0,1.2,1.2,4.5,4.0,12.0,12.0,0,2065.779800224452,1484.5766978146232,4.0,4.131944444444445,0.0,0.0,4.5
1550852,2026-06-08T23:00:00+00:00,1780959600,,,Philadelphia Union II,3988,Ivory Coast,1501,0,2,10,2026,2.0,2.0,1.2,1.2,4.5,4.0,12.0,12.0,0,1400.0,1692.343415104675,7.0,4.159722222222222,0.0,0.0,4.5
1540356,2026-06-09T02:00:00+00:00,1780970400,H. Gomez,Puebla,Peru,30,Spain,9,1,3,10,2026,2.0,2.0,1.2,1.2,4.5,4.0,12.0,12.0,0,1685.415737507388,2033.9095365219018,3.0833333333333335,4.291666666666667,0.0,0.0,4.5
1548454,2026-06-09T04:30:00+00:00,1780979400,,Port Vila,Vanuatu,5170,Fiji,5160,2,2,10,2026,2.0,2.0,1.2,1.2,4.5,4.0,12.0,12.0,0,1387.3541053902272,1382.2598857041216,3.0,3.0,0.0,0.0,4.5
1545273,2026-06-09T09:30:00+00:00,1780997400,,Marrakech,Equatorial Guinea,1521,Comoros,1524,0,1,10,2026,2.0,2.0,1.2,1.2,4.5,4.0,12.0,12.0,0,1406.6369331862084,1416.8645620744492,30.0,2.6041666666666665,0.0,0.0,4.5
1550853,2026-06-09T10:00:00+00:00,1780999200,,,Finland U18,21467,Norway U18,21474,0,1,10,2026,2.0,2.0,1.2,1.2,4.5,4.0,12.0,12.0,0,1419.0262104769834,1360.2058405167818,2.7708333333333335,3.0,0.0,0.0,4.5
1546503,2026-06-09T10:00:00+00:00,1780999200,,,Thailand U23,10960,UAE U23,10184,2,5,10,2026,2.0,2.0,1.2,1.2,4.5,4.0,12.0,12.0,0,1388.5341093989684,1385.180563341569,2.9583333333333335,2.9583333333333335,0.0,0.0,4.5
1583644,2026-06-09T11:00:00+00:00,1781002800,,,Korea Republic U23,10177,Kyrgyz Republic U23,10941,0,1,10,2026,2.0,2.0,1.2,1.2,4.5,4.0,12.0,12.0,0,1392.1094563803817,1391.2936047333212,3.0,3.0,0.0,0.0,4.5
1545703,2026-06-09T11:30:00+00:00,1781004600,,Manila,Philippines,1555,Myanmar,1556,5,1,10,2026,2.0,2.0,1.2,1.2,4.5,4.0,12.0,12.0,0,1394.2687459042752,1399.827312457562,6.0,3.0,0.0,0.0,4.5
1546502,2026-06-09T11:35:00+00:00,1781004900,K. Hyung-Jin,Hangzhou,China,1566,Thailand,1564,0,0,10,2026,2.0,2.0,1.2,1.2,4.5,4.0,12.0,12.0,0,1395.3257861569195,1419.3982604604084,4.003472222222222,3.9618055555555554,0.0,0.0,4.5
1546840,2026-06-09T11:35:00+00:00,1781004900,,Guiyang,China PR U23,10932,Tajikistan U23,10959,3,0,10,2026,2.0,2.0,1.2,1.2,4.5,4.0,12.0,12.0,0,1412.2274304993107,1408.9515779988133,3.170138888888889,3.170138888888889,0.0,0.0,4.5
1544363,2026-06-09T12:00:00+00:00,1781006400,,Phnom Penh,Cambodia,1543,Hong Kong,4460,2,0,10,2026,2.0,2.0,1.2,1.2,4.5,4.0,12.0,12.0,0,1354.8157667610537,1419.553939448827,5.0,4.0,0.0,0.0,4.5
1546507,2026-06-09T13:00:00+00:00,1781010000,,Senayan,Indonesia,1571,Mozambique,1512,1,0,10,2026,2.0,2.0,1.2,1.2,4.5,4.0,12.0,12.0,0,1418.9820314938,1386.9522652935298,4.0,2.0,0.0,0.0,4.5
1546841,2026-06-09T14:00:00+00:00,1781013600,,,Azerbaijan U21,8181,Kyrgyz Republic U20,21058,1,3,10,2026,2.0,2.0,1.2,1.2,4.5,4.0,12.0,12.0,0,1399.475464531741,1410.0955638970402,3.0,6.0,0.0,0.0,4.5
1550829,2026-06-09T14:30:00+00:00,1781015400,,Antalya,Russia U21,8219,Iraq U23,10192,1,0,10,2026,2.0,2.0,1.2,1.2,4.5,4.0,12.0,12.0,0,1425.5850878158199,1409.7577725885253,4.0,4.0,0.0,0.0,4.5
1546508,2026-06-09T14:30:00+00:00,1781015400,,Bishkek,Kyrgyzstan,1554,Palestine,1562,0,0,10,2026,2.0,2.0,1.2,1.2,4.5,4.0,12.0,12.0,0,1350.6910006008115,1343.0429127627542,3.0,3.0,0.0,0.0,4.5
1548456,2026-06-09T14:45:00+00:00,1781016300,,Vrbovec,Republic of Ireland U21,8217,Qatar U23,10954,0,0,10,2026,2.0,2.0,1.2,1.2,4.5,4.0,12.0,12.0,0,1410.0017432849245,1401.421030215932,2.96875,5.96875,0.0,0.0,4.5
1550854,2026-06-09T15:00:00+00:00,1781017200,,,USA U19,25282,Japan U19,18982,5,2,10,2026,2.0,2.0,1.2,1.2,4.5,4.0,12.0,12.0,0,1437.2370946225865,1402.4562730030327,30.0,3.5416666666666665,0.0,0.0,4.5
1545704,2026-06-09T15:00:00+00:00,1781017200,,Dire Dawa,Ethiopia,1506,Malawi,1495,1,1,10,2026,2.0,2.0,1.2,1.2,4.5,4.0,12.0,12.0,0,1427.0814047630174,1372.2515789956915,3.0,3.0,0.0,0.0,4.5
1546842,2026-06-09T15:00:00+00:00,1781017200,,Hisor,Tajikistan,1536,India,1537,1,1,10,2026,2.0,2.0,1.2,1.2,4.5,4.0,12.0,12.0,0,1434.6648322806004,1404.4627496178932,4.0,4.0,0.0,0.0,4.5
1537651,2026-06-09T15:00:00+00:00,1781017200,A. Aptsiauri,Yerevan,Armenia,1094,Moldova,1114,1,1,10,2026,2.0,2.0,1.2,1.2,4.5,4.0,12.0,12.0,0,1358.1219968147016,1369.0196426054874,3.0416666666666665,3.9166666666666665,0.0,0.0,4.5
1545274,2026-06-09T16:00:00+00:00,1781020800,,,Moldova U21,8209,Georgia U21,8195,3,2,10,2026,2.0,2.0,1.2,1.2,4.5,4.0,12.0,12.0,0,1390.0385011037074,1391.355379207856,5.0,4.0625,0.0,0.0,4.5
1544367,2026-06-09T16:00:00+00:00,1781020800,M. Melki,Cadiz,Congo DR,1508,Chile,2383,1,2,10,2026,2.0,2.0,1.2,1.2,4.5,4.0,12.0,12.0,0,1443.408759488895,1729.0790133857392,5.916666666666667,2.9270833333333335,0.0,0.0,4.5
1544364,2026-06-09T16:30:00+00:00,1781022600,,Minsk,Belarus,1100,Burkina Faso,1502,2,2,10,2026,2.0,2.0,1.2,1.2,4.5,4.0,12.0,12.0,0,1428.9311888854484,1435.6284037730181,4.020833333333333,3.9791666666666665,0.0,0.0,4.5
1550857,2026-06-09T16:30:00+00:00,1781022600,,,Costa Rica U23,17868,Cuba U23,17869,0,0,10,2026,2.0,2.0,1.2,1.2,4.5,4.0,12.0,12.0,0,1400.0,1400.0,7.0,7.0,0.0,0.0,4.5
1550831,2026-06-09T17:00:00+00:00,1781024400,,,Egypt U19,27551,Russia U19,10344,2,5,10,2026,2.0,2.0,1.2,1.2,4.5,4.0,12.0,12.0,0,1438.3568182144345,1401.6241065399026,3.0,3.0,0.0,0.0,4.5
1525493,2026-06-09T17:00:00+00:00,1781024400,"Pavle Ilic, Serbia",Debrecen,Hungary,769,Kazakhstan,1095,3,1,10,2026,2.0,2.0,1.2,1.2,4.5,4.0,12.0,12.0,0,1750.3071199544163,1377.935834939179,3.96875,3.125,0.0,0.0,4.5
1543831,2026-06-09T17:00:00+00:00,1781024400,,Casablanca,Angola,1529,Central African Republic,1527,3,0,10,2026,2.0,2.0,1.2,1.2,4.5,4.0,12.0,12.0,0,1408.1965967878964,1410.9236643871045,3.9166666666666665,3.9583333333333335,0.0,0.0,4.5
1550830,2026-06-09T17:00:00+00:00,1781024400,,Annaba,Algeria U23,10186,Mauritania U23,20552,1,3,10,2026,2.0,2.0,1.2,1.2,4.5,4.0,12.0,12.0,0,1428.8664744330495,1390.5585142891052,4.0,4.0,0.0,0.0,4.5
1543832,2026-06-09T17:00:00+00:00,1781024400,N. Minakovic,Kaliningrad,Russia,4,Trinidad and Tobago,5168,3,0,10,2026,2.0,2.0,1.2,1.2,4.5,4.0,12.0,12.0,0,1556.1953905466999,1410.1396770951621,4.0,9.666666666666666,0.0,0.0,3.625
1546506,2026-06-09T18:00:00+00:00,1781028000,,Mohammedia,Togo,1534,Benin,1516,5,1,10,2026,2.0,2.0,1.2,1.2,4.5,4.0,12.0,12.0,0,1430.9177135169261,1406.5749213287972,4.0,4.0,0.0,0.0,4.5
1544813,2026-06-09T18:00:00+00:00,1781028000,M. Rusz,Szombathely,Azerbaijan,1096,San Marino,1115,2,1,10,2026,2.0,2.0,1.2,1.2,4.5,4.0,12.0,12.0,0,1374.5445224326636,1291.8634466899953,4.0,4.041666666666667,0.0,0.0,4.5
1548457,2026-06-09T18:30:00+00:00,1781029800,,Monrovia,Liberia,1525,Sierra Leone,1499,3,1,10,2026,2.0,2.0,1.2,1.2,4.5,4.0,12.0,12.0,0,1356.4355080404737,1413.927774654234,3.1041666666666665,3.1041666666666665,0.0,0.0,4.5
1544368,2026-06-09T23:00:00+00:00,1781046000,V. Rivas,,Saudi Arabia,23,Senegal,13,0,0,10,2026,2.0,2.0,1.2,1.2,4.5,4.0,12.0,12.0,0,1445.4862878466017,1827.4665380571787,4.0,9.145833333333334,0.0,0.0,4.5
1540357,2026-06-10T01:00:00+00:00,1781053200,"Rosendo Mendoza, USA",Auburn,Argentina,26,Iceland,18,3,0,10,2026,2.0,2.0,1.2,1.2,4.5,4.0,12.0,12.0,0,2113.781230466437,1464.0646513183065,3.0416666666666665,9.60763888888889,0.0,0.0,4.5
1546509,2026-06-10T01:00:00+00:00,1781053200,,Bridgeview,Iraq,1567,Venezuela,2379,0,2,10,2026,2.0,2.0,1.2,1.2,4.5,4.0,12.0,12.0,0,1406.1137825634053,1724.7206992570618,5.25,3.125,0.0,0.0,4.5
1550833,2026-06-10T16:00:00+00:00,1781107200,,,Pakistan,5535,Afghanistan,1553,2,0,10,2026,2.0,2.0,1.2,1.2,4.5,4.0,12.0,12.0,0,1368.81199270046,1362.784347193761,3.2083333333333335,3.2083333333333335,0.0,0.0,4.5
1540358,2026-06-10T19:45:00+00:00,1781120700,"Mateo Busquets Ferrer, Spain",Leiria,Portugal,27,Nigeria,19,2,1,10,2026,2.0,2.0,1.2,1.2,4.5,4.0,12.0,12.0,0,1960.7186210251805,1675.238502858181,4.083333333333333,7.041666666666667,0.0,0.0,4.5
1525494,2026-06-10T20:00:00+00:00,1781121600,"Facundo Raul Tello Figueroa, Argentina",Orlando,England,10,Costa Rica,29,3,0,10,2026,2.0,2.0,1.2,1.2,4.5,4.0,12.0,12.0,0,1992.3761126423035,1574.6417373694844,4.0,8.875,0.0,0.0,3.5833333333333335
1550832,2026-06-10T23:00:00+00:00,1781132400,,,Brazil U17,12502,United States U17,12522,1,0,10,2026,2.0,2.0,1.2,1.2,4.5,4.0,12.0,12.0,0,1419.43324365913,1380.85450002419,3.1666666666666665,3.1666666666666665,0.0,0.0,4.5
1548458,2026-06-11T00:00:00+00:00,1781136000,,,Bolivia,2381,Algeria,1532,0,4,10,2026,2.0,2.0,1.2,1.2,4.5,4.0,12.0,12.0,0,1489.5529962488936,1658.2902615503244,4.166666666666667,7.21875,0.0,0.0,4.5
1550855,2026-06-11T15:45:00+00:00,1781192700,,,Costa Rica U23,17868,Cuba U23,17869,1,0,10,2026,2.0,2.0,1.2,1.2,4.5,4.0,12.0,12.0,0,1400.0,1400.0,1.96875,1.96875,0.0,0.0,4.5
1489369,2026-06-11T19:00:00+00:00,1781204400,"Wilton Pereira Sampaio, Brazil",Mexico City,Mexico,16,South Africa,1531,2,0,1,2026,1.0,2.0,1.46,0.07,3.0,1.0,12.0,11.0,1,1878.7221111838246,1444.857162547797,6.708333333333333,4.916666666666667,0.0,0.0,4.1
1538999,2026-06-12T02:00:00+00:00,1781229600,"Amin Mohamed Omar, Egypt",Zapopan,South Korea,17,Czechia,770,2,1,1,2026,1.0,0.0,2.3,0.83,4.0,5.0,9.0,16.0,1,1830.7409816449153,1500.8115424234406,8.041666666666666,7.083333333333333,0.0,0.0,3.7
1539000,2026-06-12T19:00:00+00:00,1781290800,"Facundo Raul Tello Figueroa, Argentina",Toronto,Canada,5529,Bosnia & Herzegovina,1113,1,1,1,2026,2.0,3.0,1.23,0.96,9.0,4.0,10.0,20.0,1,1680.0275898736775,1464.5878118126197,6.8125,6.0,0.0,0.0,3.5833333333333335
1489370,2026-06-13T01:00:00+00:00,1781312400,"Danny Makkelie, Netherlands",Inglewood,USA,2384,Paraguay,2380,4,1,1,2026,1.0,5.0,1.42,0.54,3.0,1.0,13.0,17.0,1,1845.3154003279872,1728.9258965599086,6.270833333333333,7.114583333333333,0.0,0.0,4.416666666666667
1489373,2026-06-13T19:00:00+00:00,1781377200,"Said Martinez, Honduras",Santa Clara,Qatar,1569,Switzerland,15,1,1,1,2026,2.0,1.0,0.6,3.2,3.0,10.0,12.0,11.0,1,1369.962192093203,1909.5652720842925,6.958333333333333,7.0,0.0,0.0,3.4166666666666665
1489371,2026-06-13T22:00:00+00:00,1781388000,"Slavko Vinčić, Slovenia",East Rutherford,Brazil,6,Morocco,31,1,1,1,2026,2.0,0.0,1.26,1.37,6.0,2.0,16.0,14.0,1,1972.2267618918572,1946.3574613906835,7.0,6.125,0.0,0.0,3.5
1489372,2026-06-14T01:00:00+00:00,1781398800,"Mustapha Ghorbal, Algeria",Boston,Haiti,2386,Scotland,1108,0,1,1,2026,1.0,3.0,1.05,1.05,4.0,3.0,23.0,21.0,1,1410.6783171363363,1671.8720582293415,8.041666666666666,7.208333333333333,1969.3380108698932,0.0,3.7
1539001,2026-06-14T04:00:00+00:00,1781409600,"Jesús Valenzuela, Venezuela",Vancouver,Australia,20,Türkiye,777,2,0,1,2026,0.0,1.0,1.18,1.36,5.0,8.0,12.0,4.0,1,1816.5742775801898,1575.0730044857683,7.375,7.25,0.0,0.0,2.9166666666666665
1489374,2026-06-14T17:00:00+00:00,1781456400,"Jalal Jayed, Morocco",Houston,Germany,25,Curaçao,5530,7,1,1,2026,2.0,2.0,4.22,0.41,8.0,1.0,18.0,11.0,1,1948.4333320255566,1404.742097690791,7.9375,7.708333333333333,0.0,0.0,3.9166666666666665
1489376,2026-06-14T20:00:00+00:00,1781467200,"Ismail Elfath, USA",Arlington,Netherlands,1118,Japan,12,2,2,1,2026,3.0,0.0,0.78,0.59,5.0,4.0,7.0,7.0,1,1961.7016570959886,1938.1346629142527,6.052083333333333,14.399305555555555,0.0,0.0,3.5833333333333335
1489375,2026-06-14T23:00:00+00:00,1781478000,"François Letexier, France",Philadelphia,Ivory Coast,1501,Ecuador,2382,1,0,1,2026,3.0,1.0,1.52,1.01,3.0,5.0,10.0,13.0,1,1695.4777471813736,1843.1451201294176,6.0,7.125,0.0,0.0,4.25
1539002,2026-06-15T02:00:00+00:00,1781488800,"Yael Falcon Perez, Argentina",Monterrey,Sweden,5,Tunisia,28,5,1,1,2026,0.0,1.0,1.33,0.28,4.0,2.0,10.0,8.0,1,1754.096227694464,1458.4330165480283,10.375,8.541666666666666,0.0,0.0,3.1
1489380,2026-06-15T16:00:00+00:00,1781539200,"Adham Mohammad, Jordan",Atlanta,Spain,9,Cape Verde Islands,1533,0,0,1,2026,1.0,1.0,2.1,0.2,11.0,1.0,10.0,1.0,1,2036.280833096666,1445.550628643283,6.583333333333333,8.833333333333334,0.0,0.0,3.0714285714285716
1489377,2026-06-15T19:00:00+00:00,1781550000,"Ramon Abatti Abel, Brazil",Seattle,Belgium,1,Egypt,32,1,1,1,2026,2.0,2.0,1.35,1.08,2.0,7.0,15.0,15.0,1,1985.8583500201496,1690.1302809013487,9.25,8.875,0.0,0.0,4.1
1489379,2026-06-15T22:00:00+00:00,1781560800,"Maurizio Mariani, Italy",Miami Gardens,Saudi Arabia,23,Uruguay,7,1,1,1,2026,1.0,0.0,0.66,1.72,4.0,14.0,11.0,6.0,1,1453.4892208286474,1900.2727463653582,5.958333333333333,30.0,0.0,0.0,3.75
1489378,2026-06-16T01:00:00+00:00,1781571600,"César Ramos Palazuelos, Mexico",Inglewood,Iran,22,New Zealand,4673,2,2,1,2026,1.0,0.0,1.5,1.24,4.0,1.0,10.0,8.0,1,1849.0525247138048,1419.297313082357,11.354166666666666,9.208333333333334,0.0,0.0,3.5
1489383,2026-06-16T19:00:00+00:00,1781636400,"Alireza Faghani, Australia",East Rutherford,France,2,Senegal,13,3,1,1,2026,2.0,2.0,1.79,0.53,6.0,4.0,5.0,9.0,1,2066.460542436496,1819.463605075133,7.993055555555555,6.833333333333333,0.0,0.0,3.7
1539016,2026-06-16T22:00:00+00:00,1781647200,"Pierre Ghislain Atcho, Gabon",Boston,Iraq,1567,Norway,1090,1,4,1,2026,1.0,0.0,0.8,2.52,2.0,5.0,12.0,13.0,1,1403.3586496241778,1764.558686917106,6.875,9.125,0.0,0.0,3.3
1489381,2026-06-17T01:00:00+00:00,1781658000,"Szymon Marciniak, Poland",Kansas City,Argentina,26,Algeria,1532,3,0,1,2026,2.0,2.0,1.47,0.3,2.0,2.0,13.0,8.0,1,2114.2452578288435,1663.782572117372,7.0,6.041666666666667,0.0,0.0,4.9
1489382,2026-06-17T04:00:00+00:00,1781668800,"Dahane Beida, Mauritania",Santa Clara,Austria,775,Jordan,1548,3,1,1,2026,1.0,0.0,1.69,1.15,4.0,3.0,12.0,7.0,1,1851.1022322874805,1409.5092332937854,15.385416666666666,9.208333333333334,0.0,0.0,3.625
1539003,2026-06-17T17:00:00+00:00,1781715600,"Abdulrahman Al-Jassim, Qatar",Houston,Portugal,27,Congo DR,1508,1,1,1,2026,3.0,1.0,0.65,0.87,5.0,4.0,9.0,10.0,1,1963.9588005099065,1440.17155076162,6.885416666666667,8.041666666666666,0.0,0.0,4.1
1489384,2026-06-17T20:00:00+00:00,1781726400,"Clement Turpin, France",Arlington,England,10,Croatia,3,4,2,1,2026,2.0,2.0,3.2,0.7,8.0,2.0,10.0,12.0,1,1994.03245461491,1954.1626454693483,7.0,10.052083333333334,0.0,0.0,3.9
1489385,2026-06-17T23:00:00+00:00,1781737200,"Glenn Nyberg, Sweden",Toronto,Ghana,1504,Panama,11,1,0,1,2026,1.0,2.0,1.31,0.73,2.0,2.0,9.0,11.0,1,1411.7184298546765,1588.1257258269513,15.177083333333334,11.166666666666666,0.0,0.0,3.4166666666666665
1489386,2026-06-18T02:00:00+00:00,1781748000,"Anthony Taylor, England",Mexico City,Uzbekistan,1568,Colombia,8,1,3,1,2026,1.0,1.0,1.16,1.61,3.0,4.0,14.0,11.0,1,1479.8853119886144,1963.9337927310146,9.302083333333334,10.125,0.0,0.0,3.75
1539004,2026-06-18T16:00:00+00:00,1781798400,"Tori Penso, USA",Atlanta,Czechia,770,South Africa,1531,1,1,1,2026,1.0,2.0,1.02,1.38,5.0,5.0,12.0,10.0,1,1495.6037007458433,1441.8158945552332,6.583333333333333,6.875,0.0,2168.5989813485953,4.1
1539005,2026-06-18T19:00:00+00:00,1781809200,"Joao Pedro Pinheiro, Portugal",Inglewood,Switzerland,15,Bosnia & Herzegovina,1113,4,1,1,2026,1.0,2.0,2.06,0.23,7.0,3.0,7.0,18.0,1,1891.279353217541,1475.6115633007682,5.0,6.0,0.0,0.0,3.7
1489387,2026-06-18T22:00:00+00:00,1781820000,"Cristian Garay, Chile",Vancouver,Canada,5529,Qatar,1569,6,0,1,2026,1.0,1.0,4.6,0.22,19.0,1.0,9.0,10.0,1,1669.003838385529,1388.2481109599544,6.125,5.125,3366.0759169363323,0.0,3.875
1489388,2026-06-19T01:00:00+00:00,1781830800,"Gustavo Tejera, Uruguay",Zapopan,Mexico,16,South Korea,17,1,0,1,2026,0.0,2.0,0.53,0.91,0.0,2.0,9.0,7.0,1,1881.7633791763885,1835.9488233225127,7.25,6.958333333333333,0.0,0.0,3.5
1489391,2026-06-19T19:00:00+00:00,1781895600,"Felix Zwayer, Germany",Seattle,USA,2384,Australia,20,2,0,1,2026,3.0,4.0,1.08,0.35,7.0,4.0,12.0,16.0,1,1858.8553470383843,1824.5493549709272,6.75,5.625,0.0,195.6998652637936,5.1
1489390,2026-06-19T22:00:00+00:00,1781906400,"Ilgiz Tantashev, Uzbekistan",Boston,Scotland,1108,Morocco,31,0,1,1,2026,1.0,1.0,0.51,0.99,2.0,5.0,11.0,8.0,1,1679.1479121350214,1947.843872176235,5.875,6.0,0.0,0.0,3.7
1489389,2026-06-20T00:30:00+00:00,1781915400,"Alejandro Hernandez, Spain",Philadelphia,Brazil,6,Haiti,2386,3,0,1,2026,1.0,3.0,1.75,0.23,4.0,4.0,13.0,14.0,1,1970.7403511063058,1403.4024632306564,6.104166666666667,5.979166666666667,0.0,408.59801880664435,4.375
1539006,2026-06-20T03:00:00+00:00,1781924400,"Iván Barton, El Salvador",Santa Clara,Türkiye,777,Paraguay,2380,0,1,1,2026,1.0,1.0,2.17,0.32,12.0,0.0,14.0,15.0,1,1567.0979270950309,1715.3859498495115,5.958333333333333,7.083333333333333,0.0,0.0,3.9166666666666665
1539007,2026-06-20T17:00:00+00:00,1781974800,"Michael Oliver, England",Houston,Netherlands,1118,Sweden,5,5,1,1,2026,0.0,3.0,2.61,1.01,2.0,5.0,9.0,12.0,1,1960.3471086836996,1760.264531363363,5.875,5.625,0.0,652.0061678928656,4.357142857142857
1489393,2026-06-20T20:00:00+00:00,1781985600,"Juan Gabriel Benitez, Paraguay",Toronto,Germany,25,Ivory Coast,1501,2,1,1,2026,2.0,2.0,1.89,1.22,8.0,3.0,5.0,7.0,1,1950.109216415617,1723.5007830233099,6.125,5.875,2099.671530647704,544.6403260610525,4.375
1489392,2026-06-21T00:00:00+00:00,1782000000,"Ma Ning, China",Kansas City,Ecuador,2382,Curaçao,5530,0,0,1,2026,1.0,5.0,2.84,0.5,9.0,0.0,7.0,10.0,1,1815.1220842874814,1403.0662133007306,6.041666666666667,6.291666666666667,1661.514648425835,1042.2439762903448,4.875
1489394,2026-06-21T04:00:00+00:00,1782014400,"Istvan Kovacs, Romania",Monterrey,Tunisia,28,Japan,12,0,4,1,2026,2.0,2.0,0.05,2.13,3.0,5.0,8.0,15.0,1,1452.2647128791293,1939.4892113265416,6.083333333333333,6.333333333333333,0.0,0.0,4.375
1489397,2026-06-21T16:00:00+00:00,1782057600,"Raphael Claus, Brazil",Atlanta,Spain,9,Saudi Arabia,23,4,0,1,2026,0.0,2.0,2.3,0.14,6.0,1.0,10.0,2.0,1,2017.5720062809157,1470.6504443949418,6.0,5.75,0.0,0.0,3.875
1489395,2026-06-21T19:00:00+00:00,1782068400,"Dario Herrera, Argentina",Inglewood,Belgium,1,Iran,22,0,0,1,2026,1.0,1.0,1.79,0.62,4.0,2.0,7.0,9.0,1,1972.0247061215266,1832.160941624384,6.0,5.75,0.0,0.0,3.875
1489398,2026-06-21T22:00:00+00:00,1782079200,"Espen Eskas, Norway",Miami Gardens,Uruguay,7,Cape Verde Islands,1533,2,2,1,2026,2.0,2.0,2.32,0.88,11.0,4.0,11.0,4.0,1,1883.1115227990638,1464.2594554590332,6.0,6.25,0.0,0.0,4.1
1489396,2026-06-22T01:00:00+00:00,1782090000,"Omar Mohamed Al Ali, United Arab Emirates",Vancouver,New Zealand,4673,Egypt,32,1,3,1,2026,2.0,1.0,1.24,1.87,4.0,3.0,14.0,8.0,1,1436.188896171778,1703.9639247999717,6.0,6.25,0.0,195.6998652637936,4.125
1489399,2026-06-22T17:00:00+00:00,1782147600,"Amin Mohamed Omar, Egypt",Arlington,Argentina,26,Austria,775,2,0,1,2026,2.0,2.0,2.36,0.53,1.0,3.0,13.0,13.0,1,2117.0286838132124,1854.0208263494158,5.666666666666667,5.541666666666667,0.0,0.0,3.7
1539017,2026-06-22T21:00:00+00:00,1782162000,"Drew Fischer, Canada",Philadelphia,France,2,Iraq,1567,3,0,1,2026,0.0,1.0,2.67,0.63,4.0,2.0,8.0,4.0,1,2074.2355451036024,1398.9133873834153,6.083333333333333,5.958333333333333,0.0,408.59801880664435,3.0833333333333335
1489401,2026-06-23T00:00:00+00:00,1782172800,"Wilton Pereira Sampaio, Brazil",East Rutherford,Norway,1090,Senegal,13,3,2,1,2026,2.0,2.0,2.2,1.72,5.0,4.0,13.0,5.0,1,1769.0039491578684,1811.6886024080263,6.083333333333333,6.208333333333333,0.0,0.0,4.1
1489400,2026-06-23T03:00:00+00:00,1782183600,"Slavko Vinčić, Slovenia",Santa Clara,Jordan,1548,Algeria,1532,1,2,1,2026,1.0,1.0,0.63,1.89,1.0,10.0,11.0,6.0,1,1406.5906392318502,1660.999146133003,5.958333333333333,6.083333333333333,0.0,0.0,3.5
1489404,2026-06-23T17:00:00+00:00,1782234000,"Jalal Jayed, Morocco",Houston,Portugal,27,Uzbekistan,1568,5,0,1,2026,1.0,1.0,2.61,0.24,3.0,2.0,14.0,15.0,1,1945.828624327975,1477.562786026552,6.0,5.625,0.0,1210.563284575257,3.9166666666666665
1489402,2026-06-23T20:00:00+00:00,1782244800,"Said Martinez, Honduras",Boston,England,10,Ghana,1504,0,0,1,2026,1.0,1.0,1.36,0.17,9.0,2.0,14.0,24.0,1,2011.747385504801,1441.0820946129,6.0,5.875,0.0,687.7459083005771,3.4166666666666665
1489403,2026-06-23T23:00:00+00:00,1782255600,"Pierre Ghislain Atcho, Gabon",Toronto,Panama,11,Croatia,3,0,1,1,2026,1.0,1.0,0.55,1.65,7.0,2.0,19.0,12.0,1,1558.762061068728,1936.4477145794572,6.0,6.125,0.0,0.0,3.3
1539008,2026-06-24T02:00:00+00:00,1782266400,"Maurizio Mariani, Italy",Zapopan,Colombia,8,Congo DR,1508,1,0,1,2026,2.0,1.0,0.98,0.37,5.0,4.0,12.0,16.0,1,1966.256318693077,1458.3017269435516,6.0,6.375,0.0,0.0,3.75
1489408,2026-06-24T19:00:00+00:00,1782327600,"Ramon Abatti Abel, Brazil",Vancouver,Switzerland,15,Canada,5529,2,1,1,2026,1.0,2.0,1.11,1.66,2.0,7.0,19.0,13.0,1,1894.628361740686,1675.6332444062325,6.0,5.875,0.0,0.0,4.1
1539009,2026-06-24T19:00:00+00:00,1782327600,"Jesús Valenzuela, Venezuela",Seattle,Bosnia & Herzegovina,1113,Qatar,1569,3,1,1,2026,1.0,1.0,0.68,0.77,5.0,5.0,9.0,14.0,1,1472.2625547776233,1381.6187049392508,6.0,5.875,0.0,195.6998652637936,2.9166666666666665
1489405,2026-06-24T22:00:00+00:00,1782338400,"Danny Makkelie, Netherlands",Atlanta,Morocco,31,Haiti,2386,4,2,1,2026,0.0,3.0,3.76,0.67,9.0,1.0,10.0,18.0,1,1954.8661866233938,1401.9320166375314,5.0,4.895833333333333,1476.8712903614799,1068.3200614489347,4.416666666666667
1489406,2026-06-24T22:00:00+00:00,1782338400,"César Ramos Palazuelos, Mexico",Miami Gardens,Scotland,1108,Brazil,6,0,3,1,2026,1.0,2.0,1.04,4.33,7.0,6.0,10.0,11.0,1,1672.1255976878626,1972.2107976994307,5.0,4.895833333333333,0.0,0.0,3.5
1489407,2026-06-25T01:00:00+00:00,1782349200,"Facundo Raul Tello Figueroa, Argentina",Monterrey,South Africa,1531,South Korea,17,1,0,1,2026,1.0,1.0,1.16,0.9,4.0,6.0,7.0,9.0,1,1444.8876679929695,1818.570940647526,6.375,6.0,1772.6229770182367,0.0,3.5833333333333335
1539010,2026-06-25T01:00:00+00:00,1782349200,"Yael Falcon Perez, Argentina",Mexico City,Czechia,770,Mexico,16,0,3,1,2026,0.0,1.0,0.53,1.74,5.0,1.0,9.0,13.0,1,1492.531927308107,1899.1412618513752,6.375,6.0,2168.5989813485953,0.0,3.1
1489410,2026-06-25T20:00:00+00:00,1782417600,"Tori Penso, USA",East Rutherford,Ecuador,2382,Germany,25,2,1,1,2026,3.0,1.0,1.27,0.65,3.0,2.0,15.0,10.0,1,1798.535449713657,1958.6458107871842,4.833333333333333,5.0,0.0,0.0,4.1
1489409,2026-06-25T20:00:00+00:00,1782417600,"Glenn Nyberg, Sweden",Philadelphia,Curaçao,5530,Ivory Coast,1501,0,2,1,2026,2.0,1.0,0.5,1.31,4.0,6.0,11.0,6.0,1,1419.652847874555,1714.9641886517427,4.833333333333333,5.0,1661.514648425835,544.6403260610525,3.4166666666666665
1489412,2026-06-25T23:00:00+00:00,1782428400,"Katia García, Mexico",Kansas City,Tunisia,28,Netherlands,1118,1,3,1,2026,2.0,2.0,0.62,1.85,4.0,6.0,11.0,10.0,1,1449.9818616561627,1969.9537613678808,4.791666666666667,5.25,1578.6629907367808,1042.2439762903448,4.375
1539011,2026-06-25T23:00:00+00:00,1782428400,"Iván Barton, El Salvador",Arlington,Japan,12,Sweden,5,1,1,1,2026,1.0,2.0,1.21,0.64,2.0,8.0,20.0,11.0,1,1941.7720625495083,1750.6578786791817,4.791666666666667,5.25,0.0,0.0,3.9166666666666665
1489411,2026-06-26T02:00:00+00:00,1782439200,"Clement Turpin, France",Santa Clara,Paraguay,2380,Australia,20,0,0,1,2026,1.0,1.0,0.24,0.55,1.0,3.0,9.0,6.0,1,1727.3329573956169,1806.5177736080277,5.958333333333333,6.291666666666667,0.0,0.0,3.9
1539012,2026-06-26T02:00:00+00:00,1782439200,"Mustapha Ghorbal, Algeria",Inglewood,Türkiye,777,USA,2384,3,2,1,2026,0.0,1.0,3.05,2.13,2.0,9.0,13.0,13.0,1,1555.1509195489255,1876.8869284012837,5.958333333333333,6.291666666666667,0.0,0.0,3.7
1583645,2026-06-26T16:00:00+00:00,1782489600,,,El Salvador U20,10998,Guatemala U20,11001,0,0,10,2026,2.0,2.0,1.2,1.2,4.5,4.0,12.0,12.0,0,1400.0,1400.0,7.0,30.0,0.0,0.0,4.5
1489416,2026-06-26T19:00:00+00:00,1782500400,"Michael Oliver, England",Boston,Norway,1090,France,2,1,4,1,2026,1.0,1.0,1.7,1.5,4.0,5.0,9.0,11.0,1,1791.4487871464103,2075.03896536177,3.7916666666666665,3.9166666666666665,0.0,408.59801880664435,4.357142857142857
1539074,2026-06-26T19:00:00+00:00,1782500400,"Anthony Taylor, England",Toronto,Senegal,13,Iraq,1567,5,0,1,2026,2.0,2.0,3.01,0.14,12.0,3.0,10.0,11.0,1,1789.2437644194845,1398.109967125248,3.7916666666666665,3.9166666666666665,0.0,544.6403260610525,3.75
1489413,2026-06-27T00:00:00+00:00,1782518400,"François Letexier, France",Houston,Cape Verde Islands,1533,Saudi Arabia,23,0,0,1,2026,1.0,3.0,1.39,0.39,4.0,2.0,10.0,16.0,1,1480.9662676334513,1469.0041648074423,5.083333333333333,5.333333333333333,0.0,1136.1206863198443,4.25
1489417,2026-06-27T00:00:00+00:00,1782518400,"Ismail Elfath, USA",Zapopan,Uruguay,7,Spain,9,0,1,1,2026,3.0,1.0,0.2,0.86,1.0,6.0,14.0,14.0,1,1866.4047106246458,2019.2182858684153,5.083333333333333,5.333333333333333,0.0,0.0,3.5833333333333335
1489414,2026-06-27T03:00:00+00:00,1782529200,"Szymon Marciniak, Poland",Seattle,Egypt,32,Iran,22,1,1,1,2026,3.0,4.0,0.84,1.97,8.0,2.0,11.0,16.0,1,1711.0169839312182,1839.8036915892005,5.083333333333333,5.333333333333333,195.6998652637936,0.0,4.9
1489415,2026-06-27T03:00:00+00:00,1782529200,"Adham Mohammad, Jordan",Vancouver,New Zealand,4673,Belgium,1,1,5,1,2026,2.0,0.0,0.24,3.64,5.0,8.0,10.0,7.0,1,1429.1358370405314,1964.38195615671,5.083333333333333,5.333333333333333,0.0,0.0,3.0714285714285716
1489420,2026-06-27T21:00:00+00:00,1782594000,"Drew Fischer, Canada",Philadelphia,Croatia,3,Ghana,1504,2,1,1,2026,1.0,1.0,0.42,0.64,3.0,2.0,9.0,13.0,1,1940.53161406497,1459.6385382624385,3.9166666666666665,4.041666666666667,544.6403260610525,408.59801880664435,3.0833333333333335
1489422,2026-06-27T21:00:00+00:00,1782594000,"Abdulrahman Al-Jassim, Qatar",East Rutherford,Panama,11,England,10,0,2,1,2026,2.0,1.0,0.66,1.56,3.0,7.0,16.0,13.0,1,1554.6781615832151,1993.1909418552625,3.9166666666666665,4.041666666666667,0.0,0.0,4.1
1489419,2026-06-27T23:30:00+00:00,1782603000,"Alireza Faghani, Australia",Miami Gardens,Colombia,8,Portugal,27,0,0,1,2026,1.0,0.0,1.7,0.93,5.0,2.0,12.0,6.0,1,1968.295469919841,1948.3580709069613,3.8958333333333335,4.270833333333333,0.0,0.0,3.7
1539013,2026-06-27T23:30:00+00:00,1782603000,"Felix Zwayer, Germany",Atlanta,Congo DR,1508,Uzbekistan,1568,3,1,1,2026,3.0,2.0,2.18,0.2,2.0,4.0,6.0,16.0,1,1456.2625757167875,1475.0333394475656,3.8958333333333335,4.270833333333333,0.0,1136.1206863198443,5.1
1489418,2026-06-28T02:00:00+00:00,1782612000,I. Tantashev,Kansas City,Algeria,1532,Austria,775,3,3,1,2026,0.0,1.0,1.62,1.44,0.0,3.0,3.0,7.0,1,1668.51038936172,1846.8069263802176,4.958333333333333,5.375,0.0,0.0,3.625
1489421,2026-06-28T02:00:00+00:00,1782612000,I. Kovacs,Arlington,Jordan,1548,Argentina,26,1,3,1,2026,3.0,0.0,0.74,2.14,2.0,6.0,13.0,7.0,1,1399.0793960031333,2124.2425837824103,4.958333333333333,5.375,0.0,0.0,4.416666666666667
1583628,2026-06-28T10:00:00+00:00,1782640800,,,Finland U17,17952,Estonia U17,17950,0,0,10,2026,2.0,2.0,1.2,1.2,4.5,4.0,12.0,12.0,0,1404.899852906591,1354.3554886359307,30.0,30.0,0.0,0.0,4.5
1583629,2026-06-28T14:00:00+00:00,1782655200,,,Latvia U17,17960,Lithuania U17,17962,5,1,10,2026,2.0,2.0,1.2,1.2,4.5,4.0,12.0,12.0,0,1391.2737403466585,1381.883955043506,30.0,30.0,0.0,0.0,4.5
1583630,2026-06-28T16:00:00+00:00,1782662400,,,El Salvador U20,10998,Guatemala U20,11001,1,1,10,2026,2.0,2.0,1.2,1.2,4.5,4.0,12.0,12.0,0,1400.0,1400.0,2.0,2.0,0.0,0.0,4.5
1561329,2026-06-28T19:00:00+00:00,1782673200,"Joao Pedro Pinheiro, Portugal",Inglewood,South Africa,1531,Canada,5529,0,1,1,2026,0.0,2.0,0.13,1.32,1.0,4.0,10.0,16.0,1,1480.7185058805821,1666.7986757716237,3.75,4.0,0.0,0.0,3.7
1562344,2026-06-29T17:00:00+00:00,1782752400,"Maurizio Mariani, Italy",Houston,Brazil,6,Japan,12,2,1,1,2026,2.0,3.0,1.69,0.23,6.0,2.0,4.0,13.0,1,1978.247465686737,1931.760596522515,4.791666666666667,3.75,0.0,0.0,3.75
1565176,2026-06-29T20:30:00+00:00,1782765000,"Jalal Jayed, Morocco",Boston,Germany,25,Paraguay,2380,1,1,1,2026,2.0,2.0,1.49,0.42,16.0,6.0,18.0,12.0,1,1930.0305259725021,1731.8138834697577,4.020833333333333,3.7708333333333335,0.0,0.0,3.9166666666666665
1562345,2026-06-30T01:00:00+00:00,1782781200,W. Sampaio,Monterrey,Netherlands,1118,Morocco,31,1,1,1,2026,0.0,1.0,0.23,1.4,5.0,8.0,18.0,15.0,1,1971.863124300045,1956.4586907542853,4.083333333333333,5.125,1578.6629907367808,1772.6229770182367,3.625
1583631,2026-06-30T10:00:00+00:00,1782813600,,,Latvia U17,17960,Estonia U17,17950,3,0,10,2026,2.0,2.0,1.2,1.2,4.5,4.0,12.0,12.0,0,1401.003546381159,1355.8000955327407,1.8333333333333333,2.0,0.0,0.0,4.5
1583632,2026-06-30T14:00:00+00:00,1782828000,,,Finland U17,17952,Lithuania U17,17962,1,1,10,2026,2.0,2.0,1.2,1.2,4.5,4.0,12.0,12.0,0,1403.455246009781,1372.1541490090056,2.1666666666666665,2.0,0.0,0.0,4.5
1564789,2026-06-30T17:00:00+00:00,1782838800,"Jesús Valenzuela, Venezuela",Dallas,Ivory Coast,1501,Norway,1090,1,2,1,2026,0.0,1.0,1.36,2.02,14.0,3.0,6.0,7.0,1,1721.1430671182989,1784.9091304924395,4.875,3.9166666666666665,2115.820130964366,2497.6825888853596,2.9166666666666665
1565177,2026-06-30T21:00:00+00:00,1782853200,"Danny Makkelie, Netherlands",New-York,France,2,Sweden,5,3,0,1,2026,2.0,2.0,3.17,0.65,9.0,1.0,14.0,10.0,1,2081.5786220157406,1760.669344706175,4.083333333333333,4.916666666666667,0.0,0.0,4.416666666666667
1567306,2026-07-01T01:00:00+00:00,1782867600,S. Vincic,Mexico City,Mexico,16,Ecuador,2382,2,0,1,2026,0.0,3.0,1.02,0.73,3.0,8.0,10.0,14.0,1,1902.653794598727,1827.1507345283392,6.0,5.208333333333333,0.0,0.0,3.8125
1567307,2026-07-01T16:00:00+00:00,1782921600,"Adham Mohammad, Jordan",Atlanta,England,10,Congo DR,1508,2,1,1,2026,1.0,1.0,2.04,0.8,5.0,3.0,10.0,12.0,1,1996.1578747991073,1477.342057649432,3.7916666666666665,3.6875,0.0,0.0,3.0714285714285716
1567308,2026-07-01T20:00:00+00:00,1782936000,"Said Martinez, Honduras",Seattle,Belgium,1,Senegal,13,3,2,1,2026,1.0,1.0,1.8,3.54,4.0,2.0,22.0,12.0,1,1966.1376604445734,1793.0524082746515,4.708333333333333,5.041666666666667,195.6998652637936,3332.727910985507,3.4166666666666665
1562586,2026-07-02T00:00:00+00:00,1782950400,R. Claus,San-Francisco,USA,2384,Bosnia & Herzegovina,1113,2,0,1,2026,0.0,1.0,0.92,0.25,4.0,3.0,7.0,13.0,1,1842.3121705272683,1487.1599246906485,5.916666666666667,7.208333333333333,0.0,0.0,3.625
1583633,2026-07-02T08:00:00+00:00,1782979200,,,Estonia U17,17950,Lithuania U17,17962,1,4,10,2026,2.0,2.0,1.2,1.2,4.5,4.0,12.0,12.0,0,1347.0938635430316,1373.0526374450615,1.9166666666666667,1.75,0.0,0.0,4.5
1583634,2026-07-02T12:00:00+00:00,1782993600,,,Finland U17,17952,Latvia U17,17960,5,1,10,2026,2.0,2.0,1.2,1.2,4.5,4.0,12.0,12.0,0,1402.556757573725,1409.709778370868,1.9166666666666667,2.0833333333333335,0.0,0.0,4.5
1567311,2026-07-02T19:00:00+00:00,1783018800,"Glenn Nyberg, Sweden",Inglewood,Spain,9,Austria,775,3,0,1,2026,0.0,1.0,2.84,0.32,9.0,0.0,8.0,15.0,1,2030.9481686301583,1837.3585629014947,5.791666666666667,4.708333333333333,0.0,0.0,3.4166666666666665
1567309,2026-07-02T23:00:00+00:00,1783033200,"Espen Eskas, Norway",Toronto,Portugal,27,Croatia,3,2,1,1,2026,1.0,2.0,2.18,1.34,9.0,5.0,6.0,12.0,1,1949.504501737863,1942.894197303606,4.979166666666667,5.083333333333333,0.0,544.6403260610525,4.1
1567312,2026-07-03T03:00:00+00:00,1783047600,Y. Perez,Vancouver,Switzerland,15,Algeria,1532,2,0,1,2026,0.0,2.0,2.56,0.73,4.0,2.0,10.0,12.0,1,1903.4629303752947,1677.958752840443,8.333333333333334,5.041666666666667,0.0,2535.3831499923745,3.875
1583635,2026-07-03T13:00:00+00:00,1783083600,,,Lebanon U20,19628,Syria U20,21059,0,0,10,2026,2.0,2.0,1.2,1.2,4.5,4.0,12.0,12.0,0,1400.0,1390.0,7.0,30.0,0.0,0.0,4.5
1583636,2026-07-03T17:30:00+00:00,1783099800,,,Los Angeles Galaxy,1605,El Salvador,5159,0,3,10,2026,2.0,2.0,1.2,1.2,4.5,4.0,12.0,12.0,0,1400.0,1397.5428609745843,7.0,26.895833333333332,0.0,0.0,4.5
1565178,2026-07-03T18:00:00+00:00,1783101600,"Gustavo Tejera, Uruguay",Dallas,Australia,20,Egypt,32,1,1,1,2026,0.0,2.0,0.87,1.36,4.0,7.0,12.0,14.0,1,1802.0368475338869,1718.108675105302,7.666666666666667,6.625,0.0,2688.2013900794336,3.5
1565179,2026-07-03T22:00:00+00:00,1783116000,"Drew Fischer, Canada",Miami,Argentina,26,Cape Verde Islands,1533,3,2,1,2026,1.0,1.0,2.16,0.45,8.0,8.0,13.0,12.0,1,2124.8486517924716,1480.2779456007047,5.833333333333333,6.916666666666667,0.0,1549.3923281105576,3.0833333333333335
1567310,2026-07-04T01:30:00+00:00,1783128600,C. Turpin,Kansas City,Colombia,8,Ghana,1504,1,0,1,2026,2.0,3.0,2.18,0.26,3.0,2.0,14.0,10.0,1,1967.1490390889394,1457.2759550238025,6.083333333333333,6.1875,0.0,1661.514648425835,4.05
1583637,2026-07-04T09:30:00+00:00,1783157400,,Yangon,Myanmar U20,25104,"Hong Kong, China U20",25096,2,0,10,2026,2.0,2.0,1.2,1.2,4.5,4.0,12.0,12.0,0,1400.0,1400.0,7.0,7.0,0.0,0.0,4.5
1567824,2026-07-04T17:00:00+00:00,1783184400,"Michael Oliver, England",Houston,Canada,5529,Morocco,31,0,3,1,2026,4.0,4.0,0.84,0.82,11.0,1.0,24.0,14.0,1,1677.005950555752,1957.3448606242757,5.916666666666667,4.666666666666667,0.0,652.0061678928656,4.357142857142857
1569870,2026-07-04T21:00:00+00:00,1783198800,"Ilgiz Tantashev, Uzbekistan",Philadelphia,Paraguay,2380,France,2,0,1,1,2026,0.0,3.0,0.13,1.45,2.0,12.0,13.0,11.0,1,1742.1286072831458,2087.026220003076,5.020833333333333,4.0,408.59801880664435,0.0,3.7
1583638,2026-07-05T08:00:00+00:00,1783238400,,,Nigeria U17,12516,Tanzania U17,25822,2,3,10,2026,2.0,2.0,1.2,1.2,4.5,4.0,12.0,12.0,0,1400.0,1400.0,7.0,7.0,0.0,0.0,4.5
1583639,2026-07-05T11:35:00+00:00,1783251300,,,China PR U17,21449,Australia U17,12501,3,0,10,2026,2.0,2.0,1.2,1.2,4.5,4.0,12.0,12.0,0,1400.0,1428.3828143769913,7.0,30.0,0.0,0.0,4.5
1583640,2026-07-05T13:00:00+00:00,1783256400,,,Lebanon U20,19628,Syria U20,21059,2,1,10,2026,2.0,2.0,1.2,1.2,4.5,4.0,12.0,12.0,0,1399.71225631668,1390.28774368332,2.0,2.0,0.0,0.0,4.5
1568100,2026-07-05T20:00:00+00:00,1783281600,"Ismail Elfath, USA",East Rutherford,Brazil,6,Norway,1090,1,2,1,2026,1.0,0.0,2.61,1.05,5.0,5.0,7.0,6.0,1,1995.5873218210827,1801.279127904644,6.125,5.125,0.0,0.0,3.5833333333333335
1583641,2026-07-05T22:00:00+00:00,1783288800,,,Los Angeles FC,1616,El Salvador,5159,3,0,10,2026,2.0,2.0,1.2,1.2,4.5,4.0,12.0,12.0,0,1400.0,1407.6135819416647,7.0,2.1875,0.0,0.0,4.5
1570714,2026-07-06T01:00:00+00:00,1783299600,A. Faghani,Mexico City,Mexico,16,England,10,2,3,1,2026,2.0,4.0,1.87,1.55,12.0,2.0,14.0,7.0,1,1918.3746402958666,1998.0793743800793,5.0,4.375,0.0,2168.5989813485953,4.875
1576756,2026-07-06T19:00:00+00:00,1783364400,"Anthony Taylor, England",Dallas,Portugal,27,Spain,9,0,1,1,2026,2.0,1.0,0.63,1.69,3.0,7.0,9.0,13.0,1,1969.1240279344931,2040.8302931013886,3.8333333333333335,4.0,1957.0275095197876,0.0,3.75
1570715,2026-07-07T00:00:00+00:00,1783382400,"Adham Mohammad, Jordan",Seattle,USA,2384,Belgium,1,1,4,1,2026,2.0,0.0,0.63,2.01,3.0,5.0,11.0,9.0,1,1846.8968648030682,1976.92397748645,5.0,5.166666666666667,0.0,0.0,3.0714285714285716
1583642,2026-07-07T09:30:00+00:00,1783416600,,Yangon,Myanmar U20,25104,"Hong Kong, China U20",25096,2,0,10,2026,2.0,2.0,1.2,1.2,4.5,4.0,12.0,12.0,0,1410.0,1390.0,3.0,3.0,0.0,0.0,4.5
1576804,2026-07-07T16:00:00+00:00,1783440000,"François Letexier, France",Atlanta,Argentina,26,Egypt,32,3,2,1,2026,0.0,4.0,2.84,0.89,6.0,1.0,13.0,11.0,1,2125.8039422314737,1722.848137643556,3.75,3.9166666666666665,953.0410274262697,1187.421570426416,4.25
1576805,2026-07-07T20:00:00+00:00,1783454400,"Iván Barton, El Salvador",Vancouver,Switzerland,15,Colombia,8,0,0,1,2026,3.0,2.0,0.39,1.09,3.0,7.0,22.0,21.0,1,1912.0422855848485,1969.1669241869045,4.708333333333333,3.7708333333333335,0.0,2535.3831499923745,3.9166666666666665
1583646,2026-07-08T08:00:00+00:00,1783497600,,,Australia U17,12501,Nigeria U17,12516,4,2,10,2026,2.0,2.0,1.2,1.2,4.5,4.0,12.0,12.0,0,1417.567703754457,1390.0,2.8506944444444446,3.0,0.0,0.0,4.5
1583647,2026-07-08T08:00:00+00:00,1783497600,,,Vietnam,1542,Yongin City,9171,2,1,10,2026,2.0,2.0,1.2,1.2,4.5,4.0,12.0,12.0,0,1398.8735652293594,1400.0,30.0,7.0,0.0,0.0,4.5
1583648,2026-07-08T11:35:00+00:00,1783510500,,,China PR U17,21449,Tanzania U17,25822,0,2,10,2026,2.0,2.0,1.2,1.2,4.5,4.0,12.0,12.0,0,1410.8151106225343,1410.0,3.0,3.1493055555555554,0.0,0.0,4.5
1578539,2026-07-09T20:00:00+00:00,1783627200,"Facundo Raul Tello Figueroa, Argentina",Boston,France,2,Morocco,31,2,0,1,2026,0.0,1.0,3.69,0.14,5.0,5.0,10.0,13.0,1,2091.85603622542,1963.9875475694414,4.958333333333333,5.125,408.59801880664435,2564.3434329335264,3.5833333333333335
1581821,2026-07-10T19:00:00+00:00,1783710000,"Michael Oliver, England",Los Angeles,Spain,9,Belgium,1,2,1,1,2026,2.0,2.0,2.08,0.37,5.0,1.0,13.0,18.0,1,2056.760175049098,1989.769939621758,4.0,3.7916666666666665,1978.443360078525,1551.4084362226922,4.357142857142857
1583649,2026-07-11T08:00:00+00:00,1783756800,,,Tanzania U17,25822,Australia U17,12501,5,3,10,2026,2.0,2.0,1.2,1.2,4.5,4.0,12.0,12.0,0,1420.023460726564,1426.7759024416293,2.8506944444444446,3.0,0.0,0.0,4.5
1583650,2026-07-11T11:35:00+00:00,1783769700,,,China PR U17,21449,Nigeria U17,12516,1,1,10,2026,2.0,2.0,1.2,1.2,4.5,4.0,12.0,12.0,0,1400.7916498959703,1380.7918013128276,3.0,3.1493055555555554,0.0,0.0,4.5
